-- phpMyAdmin SQL Dump
-- version 5.0.4
-- https://www.phpmyadmin.net/
--
-- Host: 127.0.0.1
-- Generation Time: Mar 14, 2023 at 03:02 PM
-- Server version: 10.4.16-MariaDB
-- PHP Version: 7.4.12

SET SQL_MODE = "NO_AUTO_VALUE_ON_ZERO";
START TRANSACTION;
SET time_zone = "+00:00";


/*!40101 SET @OLD_CHARACTER_SET_CLIENT=@@CHARACTER_SET_CLIENT */;
/*!40101 SET @OLD_CHARACTER_SET_RESULTS=@@CHARACTER_SET_RESULTS */;
/*!40101 SET @OLD_COLLATION_CONNECTION=@@COLLATION_CONNECTION */;
/*!40101 SET NAMES utf8mb4 */;

--
-- Database: `monmatics`
--

-- --------------------------------------------------------

--
-- Table structure for table `coas_temp1678801541`
--

CREATE TABLE `coas_temp1678801541` (
  `id` bigint(20) UNSIGNED NOT NULL,
  `name` varchar(255) COLLATE utf8mb4_unicode_ci NOT NULL,
  `group_trans` tinyint(4) NOT NULL,
  `debit` decimal(12,2) NOT NULL DEFAULT 0.00,
  `credit` decimal(12,2) NOT NULL DEFAULT 0.00
) ENGINE=InnoDB DEFAULT CHARSET=utf8mb4 COLLATE=utf8mb4_unicode_ci;

--
-- Dumping data for table `coas_temp1678801541`
--

INSERT INTO `coas_temp1678801541` (`id`, `name`, `group_trans`, `debit`, `credit`) VALUES
(1, '&nbsp; &nbsp; Assets', 0, '0.00', '0.00'),
(2, '&nbsp; &nbsp; &nbsp; &nbsp; Current Assets', 0, '0.00', '0.00'),
(3, '&nbsp; &nbsp; &nbsp; &nbsp; &nbsp; &nbsp; Cash and Bank Balances', 0, '0.00', '0.00'),
(4, '&nbsp; &nbsp; &nbsp; &nbsp; &nbsp; &nbsp; &nbsp; &nbsp; Bank', 0, '0.00', '0.00');

-- --------------------------------------------------------

--
-- Table structure for table `coas_temp1678801555`
--

CREATE TABLE `coas_temp1678801555` (
  `id` bigint(20) UNSIGNED NOT NULL,
  `name` varchar(255) COLLATE utf8mb4_unicode_ci NOT NULL,
  `group_trans` tinyint(4) NOT NULL,
  `debit` decimal(12,2) NOT NULL DEFAULT 0.00,
  `credit` decimal(12,2) NOT NULL DEFAULT 0.00
) ENGINE=InnoDB DEFAULT CHARSET=utf8mb4 COLLATE=utf8mb4_unicode_ci;

--
-- Dumping data for table `coas_temp1678801555`
--

INSERT INTO `coas_temp1678801555` (`id`, `name`, `group_trans`, `debit`, `credit`) VALUES
(1, '&nbsp; &nbsp; Assets', 0, '0.00', '0.00'),
(2, '&nbsp; &nbsp; &nbsp; &nbsp; Current Assets', 0, '0.00', '0.00'),
(3, '&nbsp; &nbsp; &nbsp; &nbsp; &nbsp; &nbsp; Cash and Bank Balances', 0, '0.00', '0.00'),
(4, '&nbsp; &nbsp; &nbsp; &nbsp; &nbsp; &nbsp; &nbsp; &nbsp; Bank', 0, '0.00', '0.00');

-- --------------------------------------------------------

--
-- Table structure for table `coas_temp1678801562`
--

CREATE TABLE `coas_temp1678801562` (
  `id` bigint(20) UNSIGNED NOT NULL,
  `name` varchar(255) COLLATE utf8mb4_unicode_ci NOT NULL,
  `group_trans` tinyint(4) NOT NULL,
  `debit` decimal(12,2) NOT NULL DEFAULT 0.00,
  `credit` decimal(12,2) NOT NULL DEFAULT 0.00
) ENGINE=InnoDB DEFAULT CHARSET=utf8mb4 COLLATE=utf8mb4_unicode_ci;

--
-- Dumping data for table `coas_temp1678801562`
--

INSERT INTO `coas_temp1678801562` (`id`, `name`, `group_trans`, `debit`, `credit`) VALUES
(1, '&nbsp; &nbsp; Assets', 0, '2872318.28', '0.00'),
(2, '&nbsp; &nbsp; &nbsp; &nbsp; Current Assets', 0, '2872318.28', '0.00'),
(3, '&nbsp; &nbsp; &nbsp; &nbsp; &nbsp; &nbsp; Cash and Bank Balances', 0, '5878483.34', '0.00'),
(4, '&nbsp; &nbsp; &nbsp; &nbsp; &nbsp; &nbsp; &nbsp; &nbsp; Bank', 0, '668955.12', '0.00'),
(5, '&nbsp; &nbsp; &nbsp; &nbsp; &nbsp; &nbsp; &nbsp; &nbsp; MEEZAN BANK 16020104870774', 1, '649026.45', '0.00'),
(6, '&nbsp; &nbsp; &nbsp; &nbsp; &nbsp; &nbsp; &nbsp; &nbsp; Bank Al Habeeb', 1, '19928.67', '0.00'),
(7, '&nbsp; &nbsp; &nbsp; &nbsp; &nbsp; &nbsp; &nbsp; &nbsp; &nbsp; &nbsp; Cash', 0, '5209528.22', '0.00'),
(8, '&nbsp; &nbsp; &nbsp; &nbsp; &nbsp; &nbsp; &nbsp; &nbsp; &nbsp; &nbsp; Cash in Hand', 1, '693422.15', '0.00'),
(9, '&nbsp; &nbsp; &nbsp; &nbsp; &nbsp; &nbsp; &nbsp; &nbsp; &nbsp; &nbsp; Petty Cash', 1, '13394.36', '0.00'),
(10, '&nbsp; &nbsp; &nbsp; &nbsp; &nbsp; &nbsp; &nbsp; &nbsp; &nbsp; &nbsp; CASH FOR VENDOR', 1, '4502711.71', '0.00'),
(22, '&nbsp; &nbsp; &nbsp; &nbsp; &nbsp; &nbsp; &nbsp; &nbsp; &nbsp; &nbsp; &nbsp; &nbsp; &nbsp; &nbsp; &nbsp; &nbsp; &nbsp; &nbsp; &nbsp; &nbsp; &nbsp; &nbsp; Customers', 0, '0.00', '3006165.06'),
(23, '&nbsp; &nbsp; &nbsp; &nbsp; &nbsp; &nbsp; &nbsp; &nbsp; &nbsp; &nbsp; &nbsp; &nbsp; &nbsp; &nbsp; &nbsp; &nbsp; &nbsp; &nbsp; &nbsp; &nbsp; &nbsp; &nbsp; &nbsp; &nbsp; Current Customers', 0, '0.00', '3006165.06'),
(24, '&nbsp; &nbsp; &nbsp; &nbsp; &nbsp; &nbsp; &nbsp; &nbsp; &nbsp; &nbsp; &nbsp; &nbsp; &nbsp; &nbsp; &nbsp; &nbsp; &nbsp; &nbsp; &nbsp; &nbsp; &nbsp; &nbsp; &nbsp; &nbsp; Arslan', 1, '0.00', '2300.23'),
(25, '&nbsp; &nbsp; &nbsp; &nbsp; &nbsp; &nbsp; &nbsp; &nbsp; &nbsp; &nbsp; &nbsp; &nbsp; &nbsp; &nbsp; &nbsp; &nbsp; &nbsp; &nbsp; &nbsp; &nbsp; &nbsp; &nbsp; &nbsp; &nbsp; Hayat Trading', 1, '3652.24', '0.00'),
(26, '&nbsp; &nbsp; &nbsp; &nbsp; &nbsp; &nbsp; &nbsp; &nbsp; &nbsp; &nbsp; &nbsp; &nbsp; &nbsp; &nbsp; &nbsp; &nbsp; &nbsp; &nbsp; &nbsp; &nbsp; &nbsp; &nbsp; &nbsp; &nbsp; Haider Traders', 1, '0.00', '370563.00'),
(27, '&nbsp; &nbsp; &nbsp; &nbsp; &nbsp; &nbsp; &nbsp; &nbsp; &nbsp; &nbsp; &nbsp; &nbsp; &nbsp; &nbsp; &nbsp; &nbsp; &nbsp; &nbsp; &nbsp; &nbsp; &nbsp; &nbsp; &nbsp; &nbsp; Burraque Traders', 1, '0.00', '165315.20'),
(28, '&nbsp; &nbsp; &nbsp; &nbsp; &nbsp; &nbsp; &nbsp; &nbsp; &nbsp; &nbsp; &nbsp; &nbsp; &nbsp; &nbsp; &nbsp; &nbsp; &nbsp; &nbsp; &nbsp; &nbsp; &nbsp; &nbsp; &nbsp; &nbsp; Al - Faizan Foods', 1, '84101.65', '0.00'),
(29, '&nbsp; &nbsp; &nbsp; &nbsp; &nbsp; &nbsp; &nbsp; &nbsp; &nbsp; &nbsp; &nbsp; &nbsp; &nbsp; &nbsp; &nbsp; &nbsp; &nbsp; &nbsp; &nbsp; &nbsp; &nbsp; &nbsp; &nbsp; &nbsp; Muhammad Ghadhi Traders', 1, '0.00', '71574.50'),
(30, '&nbsp; &nbsp; &nbsp; &nbsp; &nbsp; &nbsp; &nbsp; &nbsp; &nbsp; &nbsp; &nbsp; &nbsp; &nbsp; &nbsp; &nbsp; &nbsp; &nbsp; &nbsp; &nbsp; &nbsp; &nbsp; &nbsp; &nbsp; &nbsp; Arham Enterprises', 1, '0.00', '750374.72'),
(31, '&nbsp; &nbsp; &nbsp; &nbsp; &nbsp; &nbsp; &nbsp; &nbsp; &nbsp; &nbsp; &nbsp; &nbsp; &nbsp; &nbsp; &nbsp; &nbsp; &nbsp; &nbsp; &nbsp; &nbsp; &nbsp; &nbsp; &nbsp; &nbsp; Evergreen Traders', 1, '0.00', '190294.80'),
(32, '&nbsp; &nbsp; &nbsp; &nbsp; &nbsp; &nbsp; &nbsp; &nbsp; &nbsp; &nbsp; &nbsp; &nbsp; &nbsp; &nbsp; &nbsp; &nbsp; &nbsp; &nbsp; &nbsp; &nbsp; &nbsp; &nbsp; &nbsp; &nbsp; Yousif & Sons', 1, '10275.50', '0.00'),
(33, '&nbsp; &nbsp; &nbsp; &nbsp; &nbsp; &nbsp; &nbsp; &nbsp; &nbsp; &nbsp; &nbsp; &nbsp; &nbsp; &nbsp; &nbsp; &nbsp; &nbsp; &nbsp; &nbsp; &nbsp; &nbsp; &nbsp; &nbsp; &nbsp; Al- Fahad Traders', 1, '0.00', '85672.00'),
(34, '&nbsp; &nbsp; &nbsp; &nbsp; &nbsp; &nbsp; &nbsp; &nbsp; &nbsp; &nbsp; &nbsp; &nbsp; &nbsp; &nbsp; &nbsp; &nbsp; &nbsp; &nbsp; &nbsp; &nbsp; &nbsp; &nbsp; &nbsp; &nbsp; Vijay Saagar', 1, '2850.00', '0.00'),
(35, '&nbsp; &nbsp; &nbsp; &nbsp; &nbsp; &nbsp; &nbsp; &nbsp; &nbsp; &nbsp; &nbsp; &nbsp; &nbsp; &nbsp; &nbsp; &nbsp; &nbsp; &nbsp; &nbsp; &nbsp; &nbsp; &nbsp; &nbsp; &nbsp; K.K. Enterprises', 1, '0.00', '1200000.00'),
(36, '&nbsp; &nbsp; &nbsp; &nbsp; &nbsp; &nbsp; &nbsp; &nbsp; &nbsp; &nbsp; &nbsp; &nbsp; &nbsp; &nbsp; &nbsp; &nbsp; &nbsp; &nbsp; &nbsp; &nbsp; &nbsp; &nbsp; &nbsp; &nbsp; Haresh Kumar', 1, '0.00', '350000.00'),
(37, '&nbsp; &nbsp; &nbsp; &nbsp; &nbsp; &nbsp; &nbsp; &nbsp; &nbsp; &nbsp; &nbsp; &nbsp; &nbsp; &nbsp; &nbsp; &nbsp; &nbsp; &nbsp; &nbsp; &nbsp; &nbsp; &nbsp; &nbsp; &nbsp; K.K. Enterprises', 1, '1050.00', '0.00'),
(38, '&nbsp; &nbsp; &nbsp; &nbsp; &nbsp; &nbsp; &nbsp; &nbsp; &nbsp; &nbsp; &nbsp; &nbsp; &nbsp; &nbsp; &nbsp; &nbsp; &nbsp; &nbsp; &nbsp; &nbsp; &nbsp; &nbsp; &nbsp; &nbsp; Evergreen Traders 001', 1, '58500.00', '0.00'),
(39, '&nbsp; &nbsp; &nbsp; &nbsp; &nbsp; &nbsp; &nbsp; &nbsp; &nbsp; &nbsp; &nbsp; &nbsp; &nbsp; &nbsp; &nbsp; &nbsp; &nbsp; &nbsp; &nbsp; &nbsp; &nbsp; &nbsp; &nbsp; &nbsp; Excellence Home Tuition', 1, '19500.00', '0.00'),
(63, '&nbsp; &nbsp; Liabilities', 0, '0.00', '99153.86'),
(64, '&nbsp; &nbsp; &nbsp; &nbsp; Haider', 0, '0.00', '99153.86'),
(67, '&nbsp; &nbsp; &nbsp; &nbsp; &nbsp; &nbsp; &nbsp; &nbsp; &nbsp; &nbsp; Provision', 0, '3874.50', '0.00'),
(68, '&nbsp; &nbsp; &nbsp; &nbsp; &nbsp; &nbsp; &nbsp; &nbsp; &nbsp; &nbsp; &nbsp; &nbsp; Taxation', 0, '3874.50', '0.00'),
(69, '&nbsp; &nbsp; &nbsp; &nbsp; &nbsp; &nbsp; &nbsp; &nbsp; &nbsp; &nbsp; &nbsp; &nbsp; Excise', 1, '3874.50', '0.00'),
(79, '&nbsp; &nbsp; &nbsp; &nbsp; &nbsp; &nbsp; &nbsp; &nbsp; &nbsp; &nbsp; &nbsp; &nbsp; &nbsp; &nbsp; Aiman Foods Pvt Ltd', 1, '0.00', '77711.00'),
(80, '&nbsp; &nbsp; &nbsp; &nbsp; &nbsp; &nbsp; &nbsp; &nbsp; &nbsp; &nbsp; &nbsp; &nbsp; &nbsp; &nbsp; Aiman Foods Pvt Ltd', 1, '0.00', '25472.36'),
(81, '&nbsp; &nbsp; &nbsp; &nbsp; &nbsp; &nbsp; &nbsp; &nbsp; &nbsp; &nbsp; &nbsp; &nbsp; &nbsp; &nbsp; Aimen Foods (Raw Material)', 1, '155.00', '0.00');

-- --------------------------------------------------------

--
-- Table structure for table `coas_temp1678802069`
--

CREATE TABLE `coas_temp1678802069` (
  `id` bigint(20) UNSIGNED NOT NULL,
  `name` varchar(255) COLLATE utf8mb4_unicode_ci NOT NULL,
  `group_trans` tinyint(4) NOT NULL,
  `debit` decimal(12,2) NOT NULL DEFAULT 0.00,
  `credit` decimal(12,2) NOT NULL DEFAULT 0.00
) ENGINE=InnoDB DEFAULT CHARSET=utf8mb4 COLLATE=utf8mb4_unicode_ci;

--
-- Dumping data for table `coas_temp1678802069`
--

INSERT INTO `coas_temp1678802069` (`id`, `name`, `group_trans`, `debit`, `credit`) VALUES
(1, '&nbsp; &nbsp; Assets', 0, '0.00', '0.00'),
(2, '&nbsp; &nbsp; &nbsp; &nbsp; Current Assets', 0, '0.00', '0.00'),
(3, '&nbsp; &nbsp; &nbsp; &nbsp; &nbsp; &nbsp; Cash and Bank Balances', 0, '0.00', '0.00'),
(4, '&nbsp; &nbsp; &nbsp; &nbsp; &nbsp; &nbsp; &nbsp; &nbsp; Bank', 0, '0.00', '0.00');

-- --------------------------------------------------------

--
-- Table structure for table `coas_temp1678802074`
--

CREATE TABLE `coas_temp1678802074` (
  `id` bigint(20) UNSIGNED NOT NULL,
  `name` varchar(255) COLLATE utf8mb4_unicode_ci NOT NULL,
  `group_trans` tinyint(4) NOT NULL,
  `debit` decimal(12,2) NOT NULL DEFAULT 0.00,
  `credit` decimal(12,2) NOT NULL DEFAULT 0.00
) ENGINE=InnoDB DEFAULT CHARSET=utf8mb4 COLLATE=utf8mb4_unicode_ci;

--
-- Dumping data for table `coas_temp1678802074`
--

INSERT INTO `coas_temp1678802074` (`id`, `name`, `group_trans`, `debit`, `credit`) VALUES
(1, '&nbsp; &nbsp; Assets', 0, '2872318.28', '0.00'),
(2, '&nbsp; &nbsp; &nbsp; &nbsp; Current Assets', 0, '2872318.28', '0.00'),
(3, '&nbsp; &nbsp; &nbsp; &nbsp; &nbsp; &nbsp; Cash and Bank Balances', 0, '5878483.34', '0.00'),
(4, '&nbsp; &nbsp; &nbsp; &nbsp; &nbsp; &nbsp; &nbsp; &nbsp; Bank', 0, '668955.12', '0.00'),
(5, '&nbsp; &nbsp; &nbsp; &nbsp; &nbsp; &nbsp; &nbsp; &nbsp; MEEZAN BANK 16020104870774', 1, '649026.45', '0.00'),
(6, '&nbsp; &nbsp; &nbsp; &nbsp; &nbsp; &nbsp; &nbsp; &nbsp; Bank Al Habeeb', 1, '19928.67', '0.00'),
(7, '&nbsp; &nbsp; &nbsp; &nbsp; &nbsp; &nbsp; &nbsp; &nbsp; &nbsp; &nbsp; Cash', 0, '5209528.22', '0.00'),
(8, '&nbsp; &nbsp; &nbsp; &nbsp; &nbsp; &nbsp; &nbsp; &nbsp; &nbsp; &nbsp; Cash in Hand', 1, '693422.15', '0.00'),
(9, '&nbsp; &nbsp; &nbsp; &nbsp; &nbsp; &nbsp; &nbsp; &nbsp; &nbsp; &nbsp; Petty Cash', 1, '13394.36', '0.00'),
(10, '&nbsp; &nbsp; &nbsp; &nbsp; &nbsp; &nbsp; &nbsp; &nbsp; &nbsp; &nbsp; CASH FOR VENDOR', 1, '4502711.71', '0.00'),
(22, '&nbsp; &nbsp; &nbsp; &nbsp; &nbsp; &nbsp; &nbsp; &nbsp; &nbsp; &nbsp; &nbsp; &nbsp; &nbsp; &nbsp; &nbsp; &nbsp; &nbsp; &nbsp; &nbsp; &nbsp; &nbsp; &nbsp; Customers', 0, '0.00', '3006165.06'),
(23, '&nbsp; &nbsp; &nbsp; &nbsp; &nbsp; &nbsp; &nbsp; &nbsp; &nbsp; &nbsp; &nbsp; &nbsp; &nbsp; &nbsp; &nbsp; &nbsp; &nbsp; &nbsp; &nbsp; &nbsp; &nbsp; &nbsp; &nbsp; &nbsp; Current Customers', 0, '0.00', '3006165.06'),
(24, '&nbsp; &nbsp; &nbsp; &nbsp; &nbsp; &nbsp; &nbsp; &nbsp; &nbsp; &nbsp; &nbsp; &nbsp; &nbsp; &nbsp; &nbsp; &nbsp; &nbsp; &nbsp; &nbsp; &nbsp; &nbsp; &nbsp; &nbsp; &nbsp; Arslan', 1, '0.00', '2300.23'),
(25, '&nbsp; &nbsp; &nbsp; &nbsp; &nbsp; &nbsp; &nbsp; &nbsp; &nbsp; &nbsp; &nbsp; &nbsp; &nbsp; &nbsp; &nbsp; &nbsp; &nbsp; &nbsp; &nbsp; &nbsp; &nbsp; &nbsp; &nbsp; &nbsp; Hayat Trading', 1, '3652.24', '0.00'),
(26, '&nbsp; &nbsp; &nbsp; &nbsp; &nbsp; &nbsp; &nbsp; &nbsp; &nbsp; &nbsp; &nbsp; &nbsp; &nbsp; &nbsp; &nbsp; &nbsp; &nbsp; &nbsp; &nbsp; &nbsp; &nbsp; &nbsp; &nbsp; &nbsp; Haider Traders', 1, '0.00', '370563.00'),
(27, '&nbsp; &nbsp; &nbsp; &nbsp; &nbsp; &nbsp; &nbsp; &nbsp; &nbsp; &nbsp; &nbsp; &nbsp; &nbsp; &nbsp; &nbsp; &nbsp; &nbsp; &nbsp; &nbsp; &nbsp; &nbsp; &nbsp; &nbsp; &nbsp; Burraque Traders', 1, '0.00', '165315.20'),
(28, '&nbsp; &nbsp; &nbsp; &nbsp; &nbsp; &nbsp; &nbsp; &nbsp; &nbsp; &nbsp; &nbsp; &nbsp; &nbsp; &nbsp; &nbsp; &nbsp; &nbsp; &nbsp; &nbsp; &nbsp; &nbsp; &nbsp; &nbsp; &nbsp; Al - Faizan Foods', 1, '84101.65', '0.00'),
(29, '&nbsp; &nbsp; &nbsp; &nbsp; &nbsp; &nbsp; &nbsp; &nbsp; &nbsp; &nbsp; &nbsp; &nbsp; &nbsp; &nbsp; &nbsp; &nbsp; &nbsp; &nbsp; &nbsp; &nbsp; &nbsp; &nbsp; &nbsp; &nbsp; Muhammad Ghadhi Traders', 1, '0.00', '71574.50'),
(30, '&nbsp; &nbsp; &nbsp; &nbsp; &nbsp; &nbsp; &nbsp; &nbsp; &nbsp; &nbsp; &nbsp; &nbsp; &nbsp; &nbsp; &nbsp; &nbsp; &nbsp; &nbsp; &nbsp; &nbsp; &nbsp; &nbsp; &nbsp; &nbsp; Arham Enterprises', 1, '0.00', '750374.72'),
(31, '&nbsp; &nbsp; &nbsp; &nbsp; &nbsp; &nbsp; &nbsp; &nbsp; &nbsp; &nbsp; &nbsp; &nbsp; &nbsp; &nbsp; &nbsp; &nbsp; &nbsp; &nbsp; &nbsp; &nbsp; &nbsp; &nbsp; &nbsp; &nbsp; Evergreen Traders', 1, '0.00', '190294.80'),
(32, '&nbsp; &nbsp; &nbsp; &nbsp; &nbsp; &nbsp; &nbsp; &nbsp; &nbsp; &nbsp; &nbsp; &nbsp; &nbsp; &nbsp; &nbsp; &nbsp; &nbsp; &nbsp; &nbsp; &nbsp; &nbsp; &nbsp; &nbsp; &nbsp; Yousif & Sons', 1, '10275.50', '0.00'),
(33, '&nbsp; &nbsp; &nbsp; &nbsp; &nbsp; &nbsp; &nbsp; &nbsp; &nbsp; &nbsp; &nbsp; &nbsp; &nbsp; &nbsp; &nbsp; &nbsp; &nbsp; &nbsp; &nbsp; &nbsp; &nbsp; &nbsp; &nbsp; &nbsp; Al- Fahad Traders', 1, '0.00', '85672.00'),
(34, '&nbsp; &nbsp; &nbsp; &nbsp; &nbsp; &nbsp; &nbsp; &nbsp; &nbsp; &nbsp; &nbsp; &nbsp; &nbsp; &nbsp; &nbsp; &nbsp; &nbsp; &nbsp; &nbsp; &nbsp; &nbsp; &nbsp; &nbsp; &nbsp; Vijay Saagar', 1, '2850.00', '0.00'),
(35, '&nbsp; &nbsp; &nbsp; &nbsp; &nbsp; &nbsp; &nbsp; &nbsp; &nbsp; &nbsp; &nbsp; &nbsp; &nbsp; &nbsp; &nbsp; &nbsp; &nbsp; &nbsp; &nbsp; &nbsp; &nbsp; &nbsp; &nbsp; &nbsp; K.K. Enterprises', 1, '0.00', '1200000.00'),
(36, '&nbsp; &nbsp; &nbsp; &nbsp; &nbsp; &nbsp; &nbsp; &nbsp; &nbsp; &nbsp; &nbsp; &nbsp; &nbsp; &nbsp; &nbsp; &nbsp; &nbsp; &nbsp; &nbsp; &nbsp; &nbsp; &nbsp; &nbsp; &nbsp; Haresh Kumar', 1, '0.00', '350000.00'),
(37, '&nbsp; &nbsp; &nbsp; &nbsp; &nbsp; &nbsp; &nbsp; &nbsp; &nbsp; &nbsp; &nbsp; &nbsp; &nbsp; &nbsp; &nbsp; &nbsp; &nbsp; &nbsp; &nbsp; &nbsp; &nbsp; &nbsp; &nbsp; &nbsp; K.K. Enterprises', 1, '1050.00', '0.00'),
(38, '&nbsp; &nbsp; &nbsp; &nbsp; &nbsp; &nbsp; &nbsp; &nbsp; &nbsp; &nbsp; &nbsp; &nbsp; &nbsp; &nbsp; &nbsp; &nbsp; &nbsp; &nbsp; &nbsp; &nbsp; &nbsp; &nbsp; &nbsp; &nbsp; Evergreen Traders 001', 1, '58500.00', '0.00'),
(39, '&nbsp; &nbsp; &nbsp; &nbsp; &nbsp; &nbsp; &nbsp; &nbsp; &nbsp; &nbsp; &nbsp; &nbsp; &nbsp; &nbsp; &nbsp; &nbsp; &nbsp; &nbsp; &nbsp; &nbsp; &nbsp; &nbsp; &nbsp; &nbsp; Excellence Home Tuition', 1, '19500.00', '0.00'),
(63, '&nbsp; &nbsp; Liabilities', 0, '0.00', '99153.86'),
(64, '&nbsp; &nbsp; &nbsp; &nbsp; Haider', 0, '0.00', '99153.86'),
(67, '&nbsp; &nbsp; &nbsp; &nbsp; &nbsp; &nbsp; &nbsp; &nbsp; &nbsp; &nbsp; Provision', 0, '3874.50', '0.00'),
(68, '&nbsp; &nbsp; &nbsp; &nbsp; &nbsp; &nbsp; &nbsp; &nbsp; &nbsp; &nbsp; &nbsp; &nbsp; Taxation', 0, '3874.50', '0.00'),
(69, '&nbsp; &nbsp; &nbsp; &nbsp; &nbsp; &nbsp; &nbsp; &nbsp; &nbsp; &nbsp; &nbsp; &nbsp; Excise', 1, '3874.50', '0.00'),
(79, '&nbsp; &nbsp; &nbsp; &nbsp; &nbsp; &nbsp; &nbsp; &nbsp; &nbsp; &nbsp; &nbsp; &nbsp; &nbsp; &nbsp; Aiman Foods Pvt Ltd', 1, '0.00', '77711.00'),
(80, '&nbsp; &nbsp; &nbsp; &nbsp; &nbsp; &nbsp; &nbsp; &nbsp; &nbsp; &nbsp; &nbsp; &nbsp; &nbsp; &nbsp; Aiman Foods Pvt Ltd', 1, '0.00', '25472.36'),
(81, '&nbsp; &nbsp; &nbsp; &nbsp; &nbsp; &nbsp; &nbsp; &nbsp; &nbsp; &nbsp; &nbsp; &nbsp; &nbsp; &nbsp; Aimen Foods (Raw Material)', 1, '155.00', '0.00');

-- --------------------------------------------------------

--
-- Table structure for table `counter_sales_fmcg`
--

CREATE TABLE `counter_sales_fmcg` (
  `id` varchar(36) COLLATE utf8mb4_unicode_ci NOT NULL,
  `number` int(11) DEFAULT NULL,
  `inv_id` varchar(36) COLLATE utf8mb4_unicode_ci DEFAULT NULL,
  `inv_trm_id` varchar(36) COLLATE utf8mb4_unicode_ci DEFAULT NULL,
  `inv_sal_trm_id` varchar(36) COLLATE utf8mb4_unicode_ci DEFAULT NULL,
  `cash_rcvd_trm_id` varchar(36) COLLATE utf8mb4_unicode_ci DEFAULT NULL,
  `month` int(11) DEFAULT NULL,
  `date` date DEFAULT NULL,
  `cust_id` varchar(36) COLLATE utf8mb4_unicode_ci DEFAULT NULL,
  `cust_balance` decimal(12,2) DEFAULT NULL,
  `warehouse` varchar(36) COLLATE utf8mb4_unicode_ci DEFAULT NULL,
  `remarks` varchar(500) COLLATE utf8mb4_unicode_ci DEFAULT NULL,
  `company_id` varchar(36) COLLATE utf8mb4_unicode_ci DEFAULT NULL,
  `user_id` int(11) DEFAULT NULL,
  `created_by` int(11) DEFAULT NULL,
  `updated_by` int(11) DEFAULT NULL,
  `editable` int(11) NOT NULL DEFAULT 1,
  `created_at` timestamp NULL DEFAULT NULL,
  `updated_at` timestamp NULL DEFAULT NULL
) ENGINE=InnoDB DEFAULT CHARSET=utf8mb4 COLLATE=utf8mb4_unicode_ci;

--
-- Dumping data for table `counter_sales_fmcg`
--

INSERT INTO `counter_sales_fmcg` (`id`, `number`, `inv_id`, `inv_trm_id`, `inv_sal_trm_id`, `cash_rcvd_trm_id`, `month`, `date`, `cust_id`, `cust_balance`, `warehouse`, `remarks`, `company_id`, `user_id`, `created_by`, `updated_by`, `editable`, `created_at`, `updated_at`) VALUES
('14caa986-afa6-4e80-9f3e-5979a778e2df', 10, 'e0dbe54f-1a5b-4430-a489-1193508daebf', '1bda0fb3-cdf3-4d85-9009-309cb305da84', NULL, '14caa986-afa6-4e80-9f3e-5979a778e2df', 2021, '2021-07-05', '137', '132027.90', 'ae3b0fe8-5f4c-4327-8624-748d572e9c27', NULL, 'f9d0b90d-631a-4f45-982c-d8223bd65c0d', NULL, 8, NULL, 1, '2021-07-05 09:56:46', NULL),
('1bd42608-dead-48f4-83c3-e3f58e5808e2', 5, 'c36e4e9f-2b25-41e1-8b5c-16afbc5418af', NULL, NULL, NULL, 2021, '2021-07-05', '137', '132027.90', 'ae3b0fe8-5f4c-4327-8624-748d572e9c27', 'counbter sale', 'f9d0b90d-631a-4f45-982c-d8223bd65c0d', NULL, 8, NULL, 1, '2021-07-05 09:52:08', NULL),
('4dc1c3b7-d209-41fa-a90d-4f1a526f41a7', 4, '912f5972-69ba-4040-822c-d54a5b3a8c72', NULL, NULL, NULL, 2021, '2021-07-05', '137', '132027.90', 'ae3b0fe8-5f4c-4327-8624-748d572e9c27', 'counbter sale', 'f9d0b90d-631a-4f45-982c-d8223bd65c0d', NULL, 8, NULL, 1, '2021-07-05 09:51:45', NULL),
('5292b960-65fa-4283-99f3-e13d8a471495', 7, '3ef31a1d-2e76-442a-8a88-558c0d53c7ad', 'dd9c1fd2-9736-4e0a-9011-b73558cb5918', NULL, '5292b960-65fa-4283-99f3-e13d8a471495', 2021, '2021-07-05', '137', '132027.90', 'ae3b0fe8-5f4c-4327-8624-748d572e9c27', 'counbter sale', 'f9d0b90d-631a-4f45-982c-d8223bd65c0d', NULL, 8, NULL, 1, '2021-07-05 09:54:19', NULL),
('57b4f046-57b3-492a-8b6e-177c3c819521', 9, '8d36af65-a449-4ed6-af6b-76583911afd5', '2f633bb1-0717-49eb-9c96-7c0840c5108f', NULL, '57b4f046-57b3-492a-8b6e-177c3c819521', 2021, '2021-07-05', '137', '132027.90', 'ae3b0fe8-5f4c-4327-8624-748d572e9c27', NULL, 'f9d0b90d-631a-4f45-982c-d8223bd65c0d', NULL, 8, NULL, 1, '2021-07-05 09:55:38', NULL),
('9dd015de-5911-49d2-a6e0-2f873c07fc2a', 1, '46bf7ff6-ac73-45ee-ba53-1075fed07813', NULL, NULL, NULL, 2021, '2021-07-05', '137', '132027.90', 'ae3b0fe8-5f4c-4327-8624-748d572e9c27', 'counbter sale', 'f9d0b90d-631a-4f45-982c-d8223bd65c0d', NULL, 8, NULL, 1, '2021-07-05 09:49:31', NULL),
('9fb51d89-fbcd-486b-9bfc-442d360f0aff', 6, '76eb71c8-96d4-4bc8-b6be-976836e2a227', '69c1a1b8-458a-4fb3-8798-766e4a74f742', NULL, '9fb51d89-fbcd-486b-9bfc-442d360f0aff', 2021, '2021-07-05', '137', '132027.90', 'ae3b0fe8-5f4c-4327-8624-748d572e9c27', 'counbter sale', 'f9d0b90d-631a-4f45-982c-d8223bd65c0d', NULL, 8, NULL, 1, '2021-07-05 09:53:05', NULL),
('bec1f0cc-32d2-4721-91f6-0af46cc76bcf', 12, 'cf5fdecd-c6f5-4528-9354-bd397229bf8b', '2be2a002-1214-4e74-a0b6-e716aa2c78b9', '6c25aaa8-c582-412b-aa5b-0c2ec79c774d', 'bec1f0cc-32d2-4721-91f6-0af46cc76bcf', 2021, '2021-07-05', '137', '132027.90', 'ae3b0fe8-5f4c-4327-8624-748d572e9c27', NULL, 'f9d0b90d-631a-4f45-982c-d8223bd65c0d', NULL, 8, NULL, 1, '2021-07-05 09:59:15', NULL),
('c09ad4a9-c0ca-408c-b0e2-ed7cff29f178', 2, 'e7745226-cbb5-4a66-aecb-ab40d1d190ab', NULL, NULL, NULL, 2021, '2021-07-05', '137', '132027.90', 'ae3b0fe8-5f4c-4327-8624-748d572e9c27', 'counbter sale', 'f9d0b90d-631a-4f45-982c-d8223bd65c0d', NULL, 8, NULL, 1, '2021-07-05 09:49:55', NULL),
('c405eaf2-d158-4314-8f51-d4918a937655', 11, '35d79ede-377f-4694-9174-9a9dc2af1bfc', '43d2fba7-eea7-488b-96ce-11896e768150', NULL, 'c405eaf2-d158-4314-8f51-d4918a937655', 2021, '2021-07-05', '137', '132027.90', 'ae3b0fe8-5f4c-4327-8624-748d572e9c27', NULL, 'f9d0b90d-631a-4f45-982c-d8223bd65c0d', NULL, 8, NULL, 1, '2021-07-05 09:58:42', NULL),
('ce3da1f7-24a2-42fd-a210-46c6193fa58a', 8, '3e0b3f77-dc69-476f-84c5-5a3111f1504d', '30eca1eb-1c5b-4549-9d6f-1224394a452e', NULL, 'ce3da1f7-24a2-42fd-a210-46c6193fa58a', 2021, '2021-07-05', '137', '132027.90', 'ae3b0fe8-5f4c-4327-8624-748d572e9c27', 'counbter sale', 'f9d0b90d-631a-4f45-982c-d8223bd65c0d', NULL, 8, NULL, 1, '2021-07-05 09:55:11', NULL),
('e6bbafd4-1c95-47a5-9b15-6e92cb9ec2f2', 3, 'b250ff77-090e-4e47-9da0-e0e1f0fc2658', NULL, NULL, NULL, 2021, '2021-07-05', '137', '132027.90', 'ae3b0fe8-5f4c-4327-8624-748d572e9c27', 'counbter sale', 'f9d0b90d-631a-4f45-982c-d8223bd65c0d', NULL, 8, NULL, 1, '2021-07-05 09:51:41', NULL);

-- --------------------------------------------------------

--
-- Table structure for table `counter_sale_details_fmcg`
--

CREATE TABLE `counter_sale_details_fmcg` (
  `id` varchar(255) COLLATE utf8mb4_unicode_ci NOT NULL,
  `so_id` varchar(36) COLLATE utf8mb4_unicode_ci DEFAULT NULL,
  `prod_id` varchar(36) COLLATE utf8mb4_unicode_ci DEFAULT NULL,
  `unit` varchar(10) COLLATE utf8mb4_unicode_ci DEFAULT NULL,
  `qty_ordered` decimal(12,5) DEFAULT NULL,
  `trade_discount_id` decimal(12,5) DEFAULT NULL,
  `trade_discount` decimal(12,5) DEFAULT NULL,
  `rate_code_id` decimal(12,5) DEFAULT NULL,
  `base_rate` decimal(12,5) DEFAULT NULL,
  `sales_tax` decimal(12,5) DEFAULT NULL,
  `fed` decimal(12,5) DEFAULT NULL,
  `further_tax` decimal(12,5) DEFAULT NULL,
  `inclusive_value` decimal(12,5) DEFAULT NULL,
  `lu` decimal(12,5) DEFAULT NULL,
  `freight` decimal(12,5) DEFAULT NULL,
  `other_discount` decimal(12,5) DEFAULT NULL,
  `rate` decimal(12,5) DEFAULT NULL,
  `fixed_margin` decimal(12,5) DEFAULT NULL,
  `amount_before_discount` decimal(12,5) DEFAULT NULL,
  `trade_offer` decimal(12,5) DEFAULT NULL,
  `discount` decimal(12,5) DEFAULT NULL,
  `amount_after_discount` decimal(12,5) DEFAULT NULL,
  `adv_payment` decimal(12,5) DEFAULT NULL,
  `display` int(11) DEFAULT NULL
) ENGINE=InnoDB DEFAULT CHARSET=utf8mb4 COLLATE=utf8mb4_unicode_ci;

--
-- Dumping data for table `counter_sale_details_fmcg`
--

INSERT INTO `counter_sale_details_fmcg` (`id`, `so_id`, `prod_id`, `unit`, `qty_ordered`, `trade_discount_id`, `trade_discount`, `rate_code_id`, `base_rate`, `sales_tax`, `fed`, `further_tax`, `inclusive_value`, `lu`, `freight`, `other_discount`, `rate`, `fixed_margin`, `amount_before_discount`, `trade_offer`, `discount`, `amount_after_discount`, `adv_payment`, `display`) VALUES
('2aee79d6-608f-4356-9bc9-a750a65b6af6', '57b4f046-57b3-492a-8b6e-177c3c819521', '332a9e3d-a1fb-4250-ae29-a8cd1fd2cdc6', 'TRAY', '50.00000', NULL, NULL, '5.00000', '10250.00000', '0.00000', '0.00000', '0.00000', '10250.00000', '102.50000', '256.25000', '51.25000', '9840.00000', '307.50000', '9532.50000', '0.00000', '0.00000', '9532.50000', '0.00000', 1),
('3a42413d-9305-4d83-b8c3-5c125561f7e0', '14caa986-afa6-4e80-9f3e-5979a778e2df', '332a9e3d-a1fb-4250-ae29-a8cd1fd2cdc6', 'TRAY', '50.00000', NULL, NULL, '5.00000', '10250.00000', '0.00000', '0.00000', '0.00000', '10250.00000', '102.50000', '256.25000', '51.25000', '9840.00000', '307.50000', '9532.50000', '0.00000', '0.00000', '9532.50000', '0.00000', 1),
('620f355c-ce6d-4ded-8477-876cb518af5b', 'ce3da1f7-24a2-42fd-a210-46c6193fa58a', '332a9e3d-a1fb-4250-ae29-a8cd1fd2cdc6', 'TRAY', '50.00000', NULL, NULL, '5.00000', '10250.00000', '0.00000', '0.00000', '0.00000', '10250.00000', '102.50000', '256.25000', '51.25000', '9840.00000', '307.50000', '9532.50000', '0.00000', '0.00000', '9532.50000', '0.00000', 1),
('6e128140-0309-4560-9bb1-723dbca0f38a', 'c405eaf2-d158-4314-8f51-d4918a937655', '332a9e3d-a1fb-4250-ae29-a8cd1fd2cdc6', 'TRAY', '50.00000', NULL, NULL, '5.00000', '10250.00000', '0.00000', '0.00000', '0.00000', '10250.00000', '102.50000', '256.25000', '51.25000', '9840.00000', '307.50000', '9532.50000', '0.00000', '0.00000', '9532.50000', '0.00000', 1),
('709abdc1-5ef8-4dc7-8861-079c781c1e85', 'bec1f0cc-32d2-4721-91f6-0af46cc76bcf', '332a9e3d-a1fb-4250-ae29-a8cd1fd2cdc6', 'TRAY', '50.00000', NULL, NULL, '5.00000', '10250.00000', '0.00000', '0.00000', '0.00000', '10250.00000', '102.50000', '256.25000', '51.25000', '9840.00000', '307.50000', '9532.50000', '0.00000', '0.00000', '9532.50000', '0.00000', 1);

-- --------------------------------------------------------

--
-- Table structure for table `crm_calls`
--

CREATE TABLE `crm_calls` (
  `id` varchar(36) COLLATE utf8mb4_unicode_ci NOT NULL,
  `subject` varchar(100) COLLATE utf8mb4_unicode_ci DEFAULT NULL,
  `status` varchar(20) COLLATE utf8mb4_unicode_ci DEFAULT NULL,
  `start_date` datetime DEFAULT NULL,
  `end_date` datetime DEFAULT NULL,
  `related_to_type` varchar(16) COLLATE utf8mb4_unicode_ci DEFAULT NULL,
  `related_id` varchar(36) COLLATE utf8mb4_unicode_ci DEFAULT NULL,
  `contact_id` varchar(36) COLLATE utf8mb4_unicode_ci DEFAULT NULL,
  `communication_type` varchar(16) COLLATE utf8mb4_unicode_ci DEFAULT NULL,
  `assigned_to` int(11) DEFAULT NULL,
  `description` varchar(512) COLLATE utf8mb4_unicode_ci DEFAULT NULL,
  `created_at` timestamp NULL DEFAULT NULL,
  `updated_at` timestamp NULL DEFAULT NULL
) ENGINE=InnoDB DEFAULT CHARSET=utf8mb4 COLLATE=utf8mb4_unicode_ci;

-- --------------------------------------------------------

--
-- Table structure for table `crm_categories`
--

CREATE TABLE `crm_categories` (
  `id` varchar(36) COLLATE utf8mb4_unicode_ci DEFAULT NULL,
  `category` varchar(50) COLLATE utf8mb4_unicode_ci DEFAULT NULL
) ENGINE=InnoDB DEFAULT CHARSET=utf8mb4 COLLATE=utf8mb4_unicode_ci;

--
-- Dumping data for table `crm_categories`
--

INSERT INTO `crm_categories` (`id`, `category`) VALUES
('7841be71-7437-4f51-94b5-3208be02fcd2', 'Distributor - Sole'),
('a2bddbb0-476a-4961-8823-7af6f46eb3e9', 'Distributor - Direct'),
('4088f1d9-c751-43c1-b74c-61c0453c09a4', 'Distributor - Indirect'),
('b9441d79-9c14-4a55-8a6a-7ab3c06274c2', 'LMT');

-- --------------------------------------------------------

--
-- Table structure for table `crm_contacts`
--

CREATE TABLE `crm_contacts` (
  `id` varchar(36) CHARACTER SET utf8mb4 COLLATE utf8mb4_unicode_ci NOT NULL,
  `mr` varchar(10) CHARACTER SET utf8mb4 COLLATE utf8mb4_unicode_ci DEFAULT NULL,
  `first_name` varchar(36) CHARACTER SET utf8mb4 COLLATE utf8mb4_unicode_ci DEFAULT NULL,
  `last_name` varchar(36) CHARACTER SET utf8mb4 COLLATE utf8mb4_unicode_ci DEFAULT NULL,
  `title` varchar(36) CHARACTER SET utf8mb4 COLLATE utf8mb4_unicode_ci DEFAULT NULL,
  `related_to_type` varchar(16) CHARACTER SET utf8mb4 COLLATE utf8mb4_unicode_ci DEFAULT NULL,
  `related_id` varchar(36) CHARACTER SET utf8mb4 COLLATE utf8mb4_unicode_ci DEFAULT NULL,
  `assigned_to` varchar(36) CHARACTER SET utf8mb4 COLLATE utf8mb4_unicode_ci DEFAULT NULL,
  `mobile` varchar(36) CHARACTER SET utf8mb4 COLLATE utf8mb4_unicode_ci DEFAULT NULL,
  `email` varchar(36) CHARACTER SET utf8mb4 COLLATE utf8mb4_unicode_ci DEFAULT NULL,
  `phone_office` varchar(36) CHARACTER SET utf8mb4 COLLATE utf8mb4_unicode_ci DEFAULT NULL,
  `company_id` varchar(36) CHARACTER SET utf8mb4 COLLATE utf8mb4_unicode_ci DEFAULT NULL,
  `user_id` varchar(36) CHARACTER SET utf8mb4 COLLATE utf8mb4_unicode_ci DEFAULT NULL,
  `primary_address` varchar(126) CHARACTER SET utf8mb4 COLLATE utf8mb4_unicode_ci DEFAULT NULL,
  `primary_city` varchar(36) CHARACTER SET utf8mb4 COLLATE utf8mb4_unicode_ci DEFAULT NULL,
  `primary_state` varchar(36) CHARACTER SET utf8mb4 COLLATE utf8mb4_unicode_ci DEFAULT NULL,
  `primary_postal_code` varchar(36) CHARACTER SET utf8mb4 COLLATE utf8mb4_unicode_ci DEFAULT NULL,
  `primary_country` varchar(36) CHARACTER SET utf8mb4 COLLATE utf8mb4_unicode_ci DEFAULT NULL,
  `other_address` varchar(126) CHARACTER SET utf8mb4 COLLATE utf8mb4_unicode_ci DEFAULT NULL,
  `other_city` varchar(36) CHARACTER SET utf8mb4 COLLATE utf8mb4_unicode_ci DEFAULT NULL,
  `other_state` varchar(36) CHARACTER SET utf8mb4 COLLATE utf8mb4_unicode_ci DEFAULT NULL,
  `other_postal_code` varchar(36) CHARACTER SET utf8mb4 COLLATE utf8mb4_unicode_ci DEFAULT NULL,
  `other_country` varchar(36) CHARACTER SET utf8mb4 COLLATE utf8mb4_unicode_ci DEFAULT NULL,
  `description` varchar(500) CHARACTER SET utf8mb4 COLLATE utf8mb4_unicode_ci DEFAULT NULL,
  `profile` varchar(100) CHARACTER SET utf8mb4 COLLATE utf8mb4_unicode_ci DEFAULT NULL,
  `created_at` timestamp NULL DEFAULT NULL,
  `updated_at` timestamp NULL DEFAULT NULL
) ENGINE=InnoDB DEFAULT CHARSET=latin1;

--
-- Dumping data for table `crm_contacts`
--

INSERT INTO `crm_contacts` (`id`, `mr`, `first_name`, `last_name`, `title`, `related_to_type`, `related_id`, `assigned_to`, `mobile`, `email`, `phone_office`, `company_id`, `user_id`, `primary_address`, `primary_city`, `primary_state`, `primary_postal_code`, `primary_country`, `other_address`, `other_city`, `other_state`, `other_postal_code`, `other_country`, `description`, `profile`, `created_at`, `updated_at`) VALUES
('50eda2ec-0e6a-41f2-8867-ddb62e569844', 'Mr.', 'Saira', 'Masood', 'CEO', 'customer', '170', '8', NULL, 'info@ali.com', NULL, 'f9d0b90d-631a-4f45-982c-d8223bd65c0d', '8', NULL, NULL, NULL, NULL, NULL, NULL, NULL, NULL, NULL, NULL, NULL, NULL, '2021-10-19 09:56:01', NULL),
('e6ab0bd1-baaa-4013-ae67-64d1c9fdb2f3', 'Mr.', 'Cindy', 'Bucci', 'Office Manager', 'lead', 'c3fd35dc-7e27-4e4d-a908-24edda0bf479', '8', '0300-8497241', 'info@mail.com', NULL, 'f9d0b90d-631a-4f45-982c-d8223bd65c0d', '8', NULL, NULL, NULL, NULL, NULL, NULL, NULL, NULL, NULL, NULL, 'demo description', NULL, '2021-10-19 13:36:06', NULL);

-- --------------------------------------------------------

--
-- Table structure for table `crm_customers`
--

CREATE TABLE `crm_customers` (
  `id` char(36) COLLATE utf8mb4_unicode_ci NOT NULL,
  `coa_coa_id` varchar(36) COLLATE utf8mb4_unicode_ci DEFAULT NULL,
  `coa_id` varchar(36) COLLATE utf8mb4_unicode_ci DEFAULT NULL,
  `name` varchar(64) COLLATE utf8mb4_unicode_ci DEFAULT NULL,
  `category` varchar(64) COLLATE utf8mb4_unicode_ci DEFAULT NULL,
  `tax_number` varchar(32) COLLATE utf8mb4_unicode_ci DEFAULT NULL,
  `note` varchar(200) COLLATE utf8mb4_unicode_ci DEFAULT NULL,
  `status` varchar(15) COLLATE utf8mb4_unicode_ci DEFAULT NULL,
  `type` varchar(25) COLLATE utf8mb4_unicode_ci DEFAULT NULL,
  `credit_limit` varchar(25) COLLATE utf8mb4_unicode_ci DEFAULT NULL,
  `credit_amount` decimal(12,5) DEFAULT NULL,
  `margin` decimal(12,5) DEFAULT NULL,
  `lead` tinyint(3) UNSIGNED DEFAULT NULL,
  `lead_source` varchar(64) COLLATE utf8mb4_unicode_ci DEFAULT NULL,
  `company_id` varchar(36) COLLATE utf8mb4_unicode_ci DEFAULT NULL,
  `created_by` bigint(20) UNSIGNED DEFAULT NULL,
  `created_at` datetime DEFAULT NULL,
  `deleted_at` datetime DEFAULT NULL,
  `display` int(11) NOT NULL
) ENGINE=InnoDB DEFAULT CHARSET=utf8mb4 COLLATE=utf8mb4_unicode_ci;

--
-- Dumping data for table `crm_customers`
--

INSERT INTO `crm_customers` (`id`, `coa_coa_id`, `coa_id`, `name`, `category`, `tax_number`, `note`, `status`, `type`, `credit_limit`, `credit_amount`, `margin`, `lead`, `lead_source`, `company_id`, `created_by`, `created_at`, `deleted_at`, `display`) VALUES
('+', '74', '155', 'Muhammad Ghadhi Traders', 'Distributor - Indirect', '111', 'cccv', 'Active', 'Whole Sale', 'PDC', '22000.00000', '20.00000', 1, NULL, 'f9d0b90d-631a-4f45-982c-d8223bd65c0d', 8, NULL, NULL, 31),
('1fdc07b1-2aa7-4712-8e5f-687e30a17dfb', NULL, NULL, 'Evergreen Traders', 'Distributor - Direct', '3333', 'eeee', 'Active', 'Vendor', 'PDC', '3333.00000', '12.00000', NULL, NULL, 'f9d0b90d-631a-4f45-982c-d8223bd65c0d', 8, NULL, NULL, 38),
('21b0bb86-423b-4adf-aa0d-6c8677a8b053', NULL, NULL, 'Muhammad Ghadhi Traders', 'LMT', '345', 'mmmm', 'Active', 'Whole Sale', '15 Days Credit', '300000.00000', '2.00000', NULL, NULL, 'f9d0b90d-631a-4f45-982c-d8223bd65c0d', 8, NULL, NULL, 40),
('275c429a-7f1d-4bc9-a525-4deaf18067d1', NULL, NULL, 'Muhammad Ghadhi Traders', 'Distributor - Indirect', '112', 'ccc', 'Active', 'Vendor', 'Cash', '111.00000', '10.00000', NULL, NULL, 'f9d0b90d-631a-4f45-982c-d8223bd65c0d', 8, NULL, NULL, 37),
('350ecdbc-679c-4069-bcd0-295d6bdafb6a', '74', '154', 'K.K. Enterprises', 'Distributor - Direct', '11', 'aaaa', 'Active', 'Whole Sale', 'Cash', '15000.00000', '22.00000', 1, NULL, 'f9d0b90d-631a-4f45-982c-d8223bd65c0d', 8, NULL, NULL, 30),
('35f5ad28-17cc-4e72-9a9d-310974b21698', '74', '146', 'Al- Fahad Traders', 'Distributor - Direct', NULL, NULL, 'Active', 'Distribuor', '15 Days Credit', NULL, '1.00000', NULL, NULL, 'f9d0b90d-631a-4f45-982c-d8223bd65c0d', 8, NULL, NULL, 26),
('366de8be-a123-4e43-8ad2-ac6e5b58409c', '74', '136', 'Burraque Traders', 'Distributor - Sole', '0', NULL, 'Active', 'Distribuor', 'Cash', NULL, '1.50000', 1, NULL, 'e20d769f-5c5c-4a47-95e7-d6721a0179b8', 31, NULL, NULL, 20),
('39665382-f7d1-4020-8462-852e6edbc8e7', '74', '139', 'Muhammad Ghadhi Traders', 'Distributor - Direct', NULL, 'C/O CEO', 'Active', 'Distribuor', '15 Days Credit', NULL, NULL, 1, NULL, 'e20d769f-5c5c-4a47-95e7-d6721a0179b8', 8, NULL, NULL, 22),
('42075ccd-a89b-421d-a35f-ec0f3e15c383', '74', '172', 'Evergreen Traders 001', 'Distributor - Direct', NULL, NULL, 'Suspended', 'Packaging Material', 'Cash', NULL, NULL, 0, NULL, 'f9d0b90d-631a-4f45-982c-d8223bd65c0d', 8, NULL, NULL, 43),
('479bb28c-a67b-493c-9579-8fa9253ace54', NULL, NULL, 'Haider Traders', 'LMT', '111', 'bbbb', 'Active', 'Vendor', 'Cash', '17000.00000', '5.00000', NULL, NULL, 'f9d0b90d-631a-4f45-982c-d8223bd65c0d', 8, NULL, NULL, 36),
('48595322-8e27-4cc2-92df-4f1adb6d7dea', '74', '140', 'Arham Enterprises', 'Distributor - Sole', NULL, NULL, 'Active', 'Distribuor', '15 Days Credit', NULL, NULL, 1, NULL, 'e20d769f-5c5c-4a47-95e7-d6721a0179b8', 45, NULL, NULL, 23),
('592aae7a-0dc1-40af-8cfa-c3f1791c3c9c', '74', '144', 'Evergreen Traders', 'Distributor - Sole', '0', NULL, 'Active', 'Distribuor', '15 Days Credit', '0.00000', '0.00000', 1, NULL, 'f9d0b90d-631a-4f45-982c-d8223bd65c0d', 45, NULL, NULL, 24),
('714dc21f-ae15-4ac5-9381-e0ce9d80e1ca', '74', '149', 'Haresh Kumar', 'Distributor - Sole', NULL, NULL, 'Active', 'Distribuor', '15 Days Credit', NULL, NULL, 1, NULL, 'f9d0b90d-631a-4f45-982c-d8223bd65c0d', 45, NULL, NULL, 29),
('806012fe-41a2-415f-9945-3477df9bbc33', NULL, NULL, 'Burraque Traders', 'Distributor - Direct', '122', 'gggggg', 'Suspended', 'Raw Material', '30 Days Credit', '111.00000', '12.00000', NULL, NULL, 'f9d0b90d-631a-4f45-982c-d8223bd65c0d', 8, NULL, NULL, 34),
('829ccc65-5a74-44e5-9865-02f865f4fa36', '74', '170', 'Deom', 'Distributor - Direct', NULL, NULL, 'Active', NULL, NULL, NULL, NULL, 0, NULL, 'f9d0b90d-631a-4f45-982c-d8223bd65c0d', 8, NULL, NULL, 41),
('83b4b558-1cc6-4be3-8711-99182159b992', '74', '174', 'adsfasdf', 'Distributor - Indirect', NULL, NULL, 'Suspended', 'Raw Material', NULL, NULL, NULL, 0, NULL, 'f9d0b90d-631a-4f45-982c-d8223bd65c0d', 8, NULL, NULL, 45),
('845bc3ad-d4ee-4ffa-b672-058870ff852b', NULL, NULL, 'Burraque Traders', 'Distributor - Direct', '122', 'gggggg', 'Suspended', 'Raw Material', '30 Days Credit', '111.00000', '12.00000', NULL, NULL, 'f9d0b90d-631a-4f45-982c-d8223bd65c0d', 8, NULL, NULL, 35),
('86dfd467-7dae-4d64-88a7-a953851b5bdd', '74', '145', 'Yousif & Sons', 'LMT', NULL, 'yyyyy', 'Active', 'Finished Goods', 'Cash', '45000.00000', '2.00000', 0, NULL, 'f9d0b90d-631a-4f45-982c-d8223bd65c0d', 8, NULL, NULL, 25),
('997f9e0d-68fc-445c-99d4-32a67a45fdc3', NULL, NULL, 'Burraque Traders', 'Distributor - Direct', '122', 'gggggg', 'Suspended', 'Raw Material', '30 Days Credit', '111.00000', '12.00000', NULL, NULL, 'f9d0b90d-631a-4f45-982c-d8223bd65c0d', 8, NULL, NULL, 33),
('a488451c-4c8a-433d-8ef4-0be0b2e5f599', NULL, NULL, 'Haresh Kumar', 'Distributor - Indirect', '12', 'wwww', 'Suspended', 'Packaging Material', '30 Days Credit', '20000.00000', '12.00000', NULL, NULL, 'f9d0b90d-631a-4f45-982c-d8223bd65c0d', 8, NULL, NULL, 39),
('a60d7db5-79d1-4089-bdf8-f8b747a249f7', '74', '175', 'Excellence Home Tuition', 'Distributor - Direct', NULL, NULL, 'Active', 'Whole Sale', 'Cash', NULL, NULL, 0, NULL, 'f9d0b90d-631a-4f45-982c-d8223bd65c0d', 8, NULL, NULL, 46),
('ade2fefe-13dc-45fd-b1cb-ab3aab322640', '74', '173', 'adfa', 'Distributor - Indirect', NULL, NULL, 'Suspended', 'Vendor', NULL, NULL, NULL, 0, NULL, 'f9d0b90d-631a-4f45-982c-d8223bd65c0d', 8, NULL, NULL, 44),
('bce84813-02f9-4905-b2a5-64962fb02068', NULL, NULL, 'Burraque Traders', 'Distributor - Direct', '122', 'gggggg', 'Suspended', 'Raw Material', '30 Days Credit', '111.00000', '12.00000', NULL, NULL, 'f9d0b90d-631a-4f45-982c-d8223bd65c0d', 8, NULL, NULL, 32),
('be015832-5098-4fb9-965e-b486b41aa860', '74', '171', 'Deom', 'Distributor - Direct', NULL, NULL, 'Active', NULL, NULL, NULL, NULL, 0, NULL, 'f9d0b90d-631a-4f45-982c-d8223bd65c0d', 8, NULL, NULL, 42),
('c3fd35dc-7e27-4e4d-a908-24edda0bf479', NULL, NULL, 'Detroit Spectrum', 'Distributor - Direct', NULL, 'Edited Note-2', 'Active', 'Vendor', NULL, NULL, NULL, 1, 'Lead1', 'f9d0b90d-631a-4f45-982c-d8223bd65c0d', 8, NULL, NULL, 47),
('e6a711b1-b1d2-460a-8d57-f402975fc288', '74', '148', 'K.K. Enterprises', 'Distributor - Sole', NULL, NULL, 'Active', 'Distribuor', 'Cash', NULL, '5.00000', 1, NULL, 'f9d0b90d-631a-4f45-982c-d8223bd65c0d', 8, NULL, NULL, 28),
('e9199bad-c1be-40d0-b43c-deafcbf5eba3', '74', '137', 'Al - Faizan Foods', 'Distributor - Sole', '111', 'fffff', 'Active', 'Distribuor', 'Cash', '45000.00000', '3.00000', NULL, NULL, 'e20d769f-5c5c-4a47-95e7-d6721a0179b8', 8, NULL, NULL, 21),
('ef62b86d-08ee-49d5-a2a9-d35a89a3bb66', '74', '135', 'Haider Traders', 'Distributor - Sole', '0', NULL, 'Active', 'Distribuor', 'Cash', NULL, NULL, 1, NULL, 'e20d769f-5c5c-4a47-95e7-d6721a0179b8', 8, NULL, NULL, 19),
('f1d0c7df-9dfc-4669-a657-2dcb7832c146', '74', '147', 'Vijay Saagar', 'Distributor - Sole', NULL, NULL, 'Active', 'Distribuor', '15 Days Credit', NULL, NULL, 1, NULL, 'f9d0b90d-631a-4f45-982c-d8223bd65c0d', 45, NULL, NULL, 27);

-- --------------------------------------------------------

--
-- Table structure for table `crm_customers_address`
--

CREATE TABLE `crm_customers_address` (
  `id` char(36) COLLATE utf8mb4_unicode_ci NOT NULL,
  `cust_id` varchar(36) COLLATE utf8mb4_unicode_ci DEFAULT NULL,
  `location` varchar(64) COLLATE utf8mb4_unicode_ci DEFAULT NULL,
  `address` varchar(100) COLLATE utf8mb4_unicode_ci DEFAULT NULL,
  `phone` varchar(64) COLLATE utf8mb4_unicode_ci DEFAULT NULL,
  `email` varchar(64) COLLATE utf8mb4_unicode_ci DEFAULT NULL,
  `fax` varchar(32) COLLATE utf8mb4_unicode_ci DEFAULT NULL,
  `status` tinyint(3) UNSIGNED DEFAULT NULL,
  `created_at` datetime DEFAULT NULL,
  `deleted_at` datetime DEFAULT NULL
) ENGINE=InnoDB DEFAULT CHARSET=utf8mb4 COLLATE=utf8mb4_unicode_ci;

--
-- Dumping data for table `crm_customers_address`
--

INSERT INTO `crm_customers_address` (`id`, `cust_id`, `location`, `address`, `phone`, `email`, `fax`, `status`, `created_at`, `deleted_at`) VALUES
('002ad7f5-9154-46c6-9328-95ac8e2a1c1d', 'a60d7db5-79d1-4089-bdf8-f8b747a249f7', NULL, NULL, NULL, NULL, NULL, 1, NULL, NULL),
('061478cd-464b-4997-88bc-cf65e0a84c2b', '829ccc65-5a74-44e5-9865-02f865f4fa36', NULL, NULL, NULL, NULL, NULL, 1, NULL, NULL),
('0ce861b6-854d-4a0b-904e-12329d6c7cc6', '592aae7a-0dc1-40af-8cfa-c3f1791c3c9c', 'Hyderabad', NULL, '0321-9273883', NULL, NULL, 1, NULL, NULL),
('0e3b05b5-6074-48fb-9d1a-d0d0527618ba', '479bb28c-a67b-493c-9579-8fa9253ace54', 'Sadiqabad', 'Libert Market Lahore', '03088498769', 'asdfff@gmail.com', '33333', 1, NULL, NULL),
('162dc74e-7c78-42a2-8a2a-26961f8a7dbc', '83b4b558-1cc6-4be3-8711-99182159b992', NULL, NULL, NULL, NULL, NULL, 1, NULL, NULL),
('34283e8e-451d-4e77-906a-95bb52d9e559', '1fdc07b1-2aa7-4712-8e5f-687e30a17dfb', 'Sahiwal', 'Dha Phase 1 lahore', '0308389087', 'eee@gmail.com', '22222', 1, NULL, NULL),
('35f600cf-e69f-4965-8455-abac4f73a721', '1c32dcfa-5532-4a78-a79d-b169f0838802', 'Pindi', 'Libert Market Lahore', '03082152654', 'muhammadzohaib@gmAIL.COM', '222', 1, NULL, NULL),
('360a2436-85c2-4c42-8ff0-9d2cdd7214ab', '997f9e0d-68fc-445c-99d4-32a67a45fdc3', 'Lahore', 'Libert Market', '030368825', 'ahmada659@gmail.com', 'fdgg', 1, NULL, NULL),
('36d6dd12-e452-43d1-9527-77ed2dcbabb1', '88c3c10c-d9fc-4bfe-bb7a-ec1a284af665', 'Lahore', 'Gulberg Town phase 3', '0231-45678912', 'tasneem@gmail.com', '043-900', 1, NULL, NULL),
('373cc17c-0432-403f-973b-535f32f3c970', '714dc21f-ae15-4ac5-9381-e0ce9d80e1ca', 'Ghaarho', 'Main Bazar Ghaarho', '0311-1317935', NULL, NULL, 1, NULL, NULL),
('380f2daf-fe41-4701-b75a-4acb98710728', '2edc36f4-b3e5-4c9b-9fb9-a33b187d7602', NULL, NULL, NULL, NULL, NULL, 1, NULL, NULL),
('38b68316-2229-4023-a69d-afff2336133c', '5da7bf72-faf9-4fd5-94e9-ab5311ec56ba', 'Location', '3rd floor diamon tower, Liberty Marky, Gulberg II lahore.', '+923578521', 'info@mail.com', '+923008497241', 1, NULL, NULL),
('38ca8b11-e10f-4313-a5be-8187befef50f', '35f5ad28-17cc-4e72-9a9d-310974b21698', 'Khuzdar', NULL, NULL, NULL, NULL, 1, NULL, NULL),
('3a3d6eff-323d-46b0-b5a7-8b8a2c5c8013', '3a00ccb5-ee4e-4bdd-89ca-46bf3a260489', 'fdsf', NULL, '8777', 'jk@gmail.com', 'asdsad', 1, NULL, NULL),
('3a843251-dd1d-4490-bd9a-ea1489a1055b', '366de8be-a123-4e43-8ad2-ac6e5b58409c', 'Quetta', 'Airport road near Al-Hamd University, Quetta', '0336-3880444', NULL, NULL, 1, NULL, NULL),
('3ec580df-6fb6-40be-997d-8a193a4d8e8f', '1a2b8dec-4d1c-4143-993b-6a95148615c2', 'Sukkur', 'Sukkur', '0909090', 'Hayat@gmail.com', '02102910', 1, NULL, NULL),
('3f9f716b-5b7f-435f-9c35-57214af432f2', '62c121cb-5302-458e-8515-6d103a487d94', 'Islamabad', 'Islamabad', '12345567', 'Ali@gmail.com', '+635255', 1, NULL, NULL),
('49bb0e35-2745-4d47-a30f-794da6e0e7a9', '6b96831d-b8fe-46b8-a06a-411febf94918', 'Pakistan', 'Firdos market Lahore.', '0321-5678980', 'mohsin@gmail.com', '#1245-00', 1, NULL, NULL),
('4d558690-2e03-408d-9e90-682b5ede2e1d', '10bc9c32-82f3-439f-93cc-976c3221cdfe', 'sargodha', 'Sargodha', '42500252', 'int12@gmail.com', '+635255', 1, NULL, NULL),
('4eae7b3e-bd0c-4f24-bf7d-e3e953f96451', 'c3fd35dc-7e27-4e4d-a908-24edda0bf479', NULL, 'abc descr thenot eh cation.', '234234', 'a@b.com', '+1 234 567 9658', 1, NULL, NULL),
('4edbd0b1-7152-472d-b1c4-dc31faa295cf', '09f24370-5083-41a7-9d67-4b594519fa52', 'Islamabad', 'G11,Phase 3', '0231-456789', 'khawar@gmail.com', '+78990', 1, NULL, NULL),
('5225eca9-9c36-4c74-a696-5dc5dbc9ebd6', 'db435698-96cb-400d-a5cc-183371e337af', 'Lahore', 'Johr Town,c-block', '12345567', 'demo@demo.com', '+6352333', 1, NULL, NULL),
('6523442b-5cb3-42d9-9d81-62cfba93258f', '5d288858-3c12-44cd-adb4-68c1c91433f6', 'lhr', 'lhr', '12345567', 'lead123@demo.com', '+635252', 1, NULL, NULL),
('6f23e88f-dd89-4617-b99f-05918e4ffbb7', '86dfd467-7dae-4d64-88a7-a953851b5bdd', NULL, 'KhanPur, Zila Ghaziabad', '0300-3938060', 'yusif@gmail.com', '001110022', 1, NULL, NULL),
('72a04a24-db97-4868-86e8-708bd533c861', 'ef62b86d-08ee-49d5-a2a9-d35a89a3bb66', 'Larkana', 'Naodero road near bus terminal, Larkana', '0345-3727765', NULL, NULL, 1, NULL, NULL),
('7540570c-b536-4796-b830-9eea8a2014eb', '275c429a-7f1d-4bc9-a525-4deaf18067d1', 'Lahore', 'Libert Market', '03088398658', 'bilal@gmail.com', '1234', 1, NULL, NULL),
('7c37b502-5349-4d29-bc1d-91f58a0863fc', '350ecdbc-679c-4069-bcd0-295d6bdafb6a', 'Lahore', 'Johr Town Lahore', '03088487658', 'ahmadsheri659@gmail.com', '1133', 1, NULL, NULL),
('7e15bb32-b552-4a94-a4f2-d63cc36ee909', '5eeff4b6-f13a-415e-ab1b-b0a7c8ded459', 'Sargodha', 'Satelite town', '0231-456789', 'kashif@gmail.com', '+6352333', 1, NULL, NULL),
('86e0a7ba-838c-4f29-8c6c-d3b79e512202', '845bc3ad-d4ee-4ffa-b672-058870ff852b', 'Lahore', 'Libert Market', '030368825', 'ahmada659@gmail.com', 'fdgg', 1, NULL, NULL),
('93d1b791-3d4e-4639-bac1-064083654d64', '8b2eb8fd-275a-4354-9450-0352a68f45f3', 'bhalwal', 'bhalwal,sargodha', '+1205050', 'raza@gmail.com', '+635252', 1, NULL, NULL),
('93e51ded-8e58-4c68-959c-03875681b16a', '09318888-9995-4059-a011-9b857a9d25cb', NULL, NULL, NULL, NULL, NULL, 1, NULL, NULL),
('96002767-b45e-4239-a0c6-7faaa4bd13cc', 'ade2fefe-13dc-45fd-b1cb-ab3aab322640', NULL, NULL, NULL, NULL, NULL, 1, NULL, NULL),
('9ca7ec70-4a5d-4e08-950d-287f496ccdb8', 'a488451c-4c8a-433d-8ef4-0be0b2e5f599', 'Multan', 'Bahriya Town, Lahore', '0456789', 'solutionwave@gmail.com', '112', 1, NULL, NULL),
('9fa538d3-fcea-465d-ae04-fcaf1e76b7d3', 'e6a711b1-b1d2-460a-8d57-f402975fc288', 'Quetta', 'Airport Road Quetta', NULL, NULL, NULL, 1, NULL, NULL),
('a3c414fb-6684-4805-9de5-83dd98b82821', 'f1d0c7df-9dfc-4669-a657-2dcb7832c146', 'Khairpur Mirus', NULL, NULL, NULL, NULL, 1, NULL, NULL),
('a7e27a9b-5eb9-458e-8dc5-4d71457e0ee2', '86dfd467-7dae-4d64-88a7-a953851b5bdd', NULL, 'KhanPur, Zila Ghaziabad', '0300-3938060', 'yusif@gmail.coma', '001110022', 1, NULL, NULL),
('a846cf4a-089f-4289-a7f6-659f7d53e389', 'be015832-5098-4fb9-965e-b486b41aa860', NULL, NULL, NULL, NULL, NULL, 1, NULL, NULL),
('ab94f3b6-f738-4f76-94d0-f73fecb789fb', '42075ccd-a89b-421d-a35f-ec0f3e15c383', NULL, NULL, NULL, NULL, NULL, 1, NULL, NULL),
('bb57c069-042c-4363-ad7b-7a3122e457bd', '39665382-f7d1-4020-8462-852e6edbc8e7', NULL, NULL, NULL, NULL, NULL, 1, NULL, NULL),
('c1a03e74-5583-4826-aaf4-25aed5d80b69', 'e9199bad-c1be-40d0-b43c-deafcbf5eba3', 'Multan', 'lalamusa', '0318-6868467', 'ssss@gmail.com', '1234', 1, NULL, NULL),
('c5e04e99-3b89-4ef2-b7f0-ea93a414563b', '48595322-8e27-4cc2-92df-4f1adb6d7dea', 'Nawabshhah', NULL, '0303-9296666', NULL, NULL, 1, NULL, NULL),
('c8c7a820-6fa5-4a05-96c2-92ce56b53656', 'ed056541-f2e9-4f18-abe0-668351ef30c2', 'USA', 'Washington', '032130044', 'peter@gmail.com', '32323-98', 1, NULL, NULL),
('ce489e85-0062-42d6-889a-db5bf2ade947', 'ce9d45cf-46ca-436d-958a-e97d2d817d26', 'Sargodha', 'makkah colony', '0231-456789', 'arslan@gmail.com', '043-900', 1, NULL, NULL),
('ce6cf51b-07eb-402e-ae0b-b898b8ae2154', '21b0bb86-423b-4adf-aa0d-6c8677a8b053', 'Rohare', 'bahriya town lahore', '03099398657', 'grownfpsc@gmail.com', NULL, 1, NULL, NULL),
('d047f431-0ba6-4ef6-96ae-c1c3d97851a7', '2dab5bf1-3e15-41ab-866a-7b0ce9170a87', 'Michigan', 'USA', '+1205050', 'cmc@solutionwave.com', NULL, 1, NULL, NULL),
('f0aaf48b-ac48-42d5-a471-b0c865fb0e86', '991d5366-1dfa-4998-9147-1b241646a2c8', 'Lahore', 'Lahore', '42500252', 'demo@demo.com', '+635252', 1, NULL, NULL),
('f375fe67-4eca-40a7-acc2-73d1cbb1499e', 'bce84813-02f9-4905-b2a5-64962fb02068', 'Lahore', 'Libert Market', '030368825', 'ahmada659@gmail.com', 'fdgg', 1, NULL, NULL),
('f8e589f2-ee7f-45c8-bcf1-44b3efe09676', '3eff412e-cb59-4aaa-a9c6-8fbd10f41344', 'Sargodha', 'Milat abad colony', '0231-456789', 'yawar@gmail.com', '+78990', 1, NULL, NULL),
('f92b8c0c-08b7-4d28-9022-43291dc0f7a3', '806012fe-41a2-415f-9945-3477df9bbc33', 'Lahore', 'Libert Market', '030368825', 'ahmada659@gmail.com', 'fdgg', 1, NULL, NULL);

-- --------------------------------------------------------

--
-- Table structure for table `crm_customers_shares`
--

CREATE TABLE `crm_customers_shares` (
  `id` bigint(20) UNSIGNED NOT NULL,
  `cust_id` varchar(36) COLLATE utf8mb4_unicode_ci DEFAULT NULL,
  `user_id` bigint(20) UNSIGNED DEFAULT NULL,
  `created_at` datetime DEFAULT NULL
) ENGINE=InnoDB DEFAULT CHARSET=utf8mb4 COLLATE=utf8mb4_unicode_ci;

-- --------------------------------------------------------

--
-- Table structure for table `crm_customer_extends`
--

CREATE TABLE `crm_customer_extends` (
  `id` bigint(20) UNSIGNED NOT NULL,
  `cust_id` varchar(36) COLLATE utf8mb4_unicode_ci DEFAULT NULL,
  `cnic` varchar(16) COLLATE utf8mb4_unicode_ci DEFAULT NULL,
  `chanell` varchar(25) COLLATE utf8mb4_unicode_ci DEFAULT NULL,
  `stn` varchar(25) COLLATE utf8mb4_unicode_ci DEFAULT NULL,
  `discount` decimal(12,5) DEFAULT NULL,
  `special_discount` decimal(12,5) DEFAULT NULL,
  `adv_payment` decimal(12,5) DEFAULT NULL,
  `cod` decimal(12,5) DEFAULT NULL
) ENGINE=InnoDB DEFAULT CHARSET=utf8mb4 COLLATE=utf8mb4_unicode_ci;

--
-- Dumping data for table `crm_customer_extends`
--

INSERT INTO `crm_customer_extends` (`id`, `cust_id`, `cnic`, `chanell`, `stn`, `discount`, `special_discount`, `adv_payment`, `cod`) VALUES
(1, '366de8be-a123-4e43-8ad2-ac6e5b58409c', NULL, NULL, NULL, '10.00000', '5.00000', '2.00000', '1.00000'),
(2, 'e6a711b1-b1d2-460a-8d57-f402975fc288', NULL, NULL, NULL, '10.00000', '20.00000', '3.00000', '4.00000'),
(3, '48595322-8e27-4cc2-92df-4f1adb6d7dea', NULL, NULL, NULL, NULL, NULL, NULL, NULL),
(4, '714dc21f-ae15-4ac5-9381-e0ce9d80e1ca', NULL, NULL, NULL, NULL, NULL, NULL, NULL),
(5, 'ef62b86d-08ee-49d5-a2a9-d35a89a3bb66', NULL, NULL, NULL, NULL, NULL, NULL, NULL),
(6, '39665382-f7d1-4020-8462-852e6edbc8e7', NULL, NULL, NULL, NULL, NULL, NULL, NULL),
(7, '350ecdbc-679c-4069-bcd0-295d6bdafb6a', NULL, NULL, NULL, NULL, NULL, NULL, NULL),
(8, '1c32dcfa-5532-4a78-a79d-b169f0838802', NULL, NULL, NULL, NULL, NULL, NULL, NULL),
(9, 'bce84813-02f9-4905-b2a5-64962fb02068', NULL, NULL, NULL, NULL, NULL, NULL, NULL),
(10, '997f9e0d-68fc-445c-99d4-32a67a45fdc3', NULL, NULL, NULL, NULL, NULL, NULL, NULL),
(11, '806012fe-41a2-415f-9945-3477df9bbc33', NULL, NULL, NULL, NULL, NULL, NULL, NULL),
(12, '845bc3ad-d4ee-4ffa-b672-058870ff852b', NULL, NULL, NULL, NULL, NULL, NULL, NULL),
(13, '479bb28c-a67b-493c-9579-8fa9253ace54', NULL, NULL, NULL, NULL, NULL, NULL, NULL),
(14, '275c429a-7f1d-4bc9-a525-4deaf18067d1', NULL, NULL, NULL, NULL, NULL, NULL, NULL),
(15, 'a488451c-4c8a-433d-8ef4-0be0b2e5f599', NULL, NULL, NULL, NULL, NULL, NULL, NULL),
(16, '21b0bb86-423b-4adf-aa0d-6c8677a8b053', NULL, NULL, NULL, NULL, NULL, NULL, NULL),
(18, '1fdc07b1-2aa7-4712-8e5f-687e30a17dfb', NULL, NULL, NULL, NULL, NULL, NULL, NULL),
(19, '35f5ad28-17cc-4e72-9a9d-310974b21698', NULL, NULL, NULL, NULL, NULL, NULL, NULL),
(20, 'e9199bad-c1be-40d0-b43c-deafcbf5eba3', NULL, NULL, NULL, NULL, NULL, NULL, NULL),
(21, 'be015832-5098-4fb9-965e-b486b41aa860', NULL, NULL, NULL, NULL, NULL, NULL, NULL),
(22, '42075ccd-a89b-421d-a35f-ec0f3e15c383', NULL, NULL, NULL, NULL, NULL, NULL, NULL),
(23, 'ade2fefe-13dc-45fd-b1cb-ab3aab322640', NULL, NULL, NULL, NULL, NULL, NULL, NULL),
(24, '83b4b558-1cc6-4be3-8711-99182159b992', NULL, NULL, NULL, NULL, NULL, NULL, NULL),
(26, '86dfd467-7dae-4d64-88a7-a953851b5bdd', NULL, NULL, NULL, NULL, NULL, NULL, NULL),
(27, 'a60d7db5-79d1-4089-bdf8-f8b747a249f7', NULL, NULL, NULL, NULL, NULL, NULL, NULL),
(28, 'c3fd35dc-7e27-4e4d-a908-24edda0bf479', NULL, NULL, NULL, NULL, NULL, NULL, NULL);

-- --------------------------------------------------------

--
-- Table structure for table `crm_notes`
--

CREATE TABLE `crm_notes` (
  `id` varchar(36) COLLATE utf8mb4_unicode_ci NOT NULL,
  `subject` varchar(100) COLLATE utf8mb4_unicode_ci DEFAULT NULL,
  `related_to_type` varchar(16) COLLATE utf8mb4_unicode_ci DEFAULT NULL,
  `related_id` varchar(36) COLLATE utf8mb4_unicode_ci DEFAULT NULL,
  `assigned_to` varchar(100) COLLATE utf8mb4_unicode_ci DEFAULT NULL,
  `description` varchar(512) COLLATE utf8mb4_unicode_ci DEFAULT NULL,
  `created_at` timestamp NULL DEFAULT NULL,
  `updated_at` timestamp NULL DEFAULT NULL
) ENGINE=InnoDB DEFAULT CHARSET=utf8mb4 COLLATE=utf8mb4_unicode_ci;

--
-- Dumping data for table `crm_notes`
--

INSERT INTO `crm_notes` (`id`, `subject`, `related_to_type`, `related_id`, `assigned_to`, `description`, `created_at`, `updated_at`) VALUES
('5670b85a-e68c-46d0-8cba-bfaa0495aa6e', 'demo subject', 'customer', '172', '41', 'Demo description here.', '2022-08-02 18:54:02', '2022-08-02 18:54:02');

-- --------------------------------------------------------

--
-- Table structure for table `crm_opportunities`
--

CREATE TABLE `crm_opportunities` (
  `id` varchar(36) COLLATE utf8mb4_unicode_ci NOT NULL,
  `name` varchar(100) COLLATE utf8mb4_unicode_ci DEFAULT NULL,
  `cust_id` varchar(36) COLLATE utf8mb4_unicode_ci DEFAULT NULL,
  `cur_name` varchar(36) COLLATE utf8mb4_unicode_ci DEFAULT NULL,
  `close_date` date DEFAULT NULL,
  `amount` decimal(10,2) DEFAULT NULL,
  `lead_type` varchar(100) COLLATE utf8mb4_unicode_ci DEFAULT NULL,
  `sale_stage` varchar(100) COLLATE utf8mb4_unicode_ci DEFAULT NULL,
  `lead_source` varchar(100) COLLATE utf8mb4_unicode_ci DEFAULT NULL,
  `compaign_id` varchar(36) COLLATE utf8mb4_unicode_ci DEFAULT NULL,
  `next_step` varchar(150) COLLATE utf8mb4_unicode_ci DEFAULT NULL,
  `assigned_to` int(11) DEFAULT NULL,
  `description` varchar(600) COLLATE utf8mb4_unicode_ci DEFAULT NULL,
  `company_id` varchar(36) COLLATE utf8mb4_unicode_ci DEFAULT NULL,
  `created_by` varchar(36) COLLATE utf8mb4_unicode_ci DEFAULT NULL,
  `created_at` date DEFAULT NULL,
  `updated_at` date DEFAULT NULL
) ENGINE=InnoDB DEFAULT CHARSET=utf8mb4 COLLATE=utf8mb4_unicode_ci;

--
-- Dumping data for table `crm_opportunities`
--

INSERT INTO `crm_opportunities` (`id`, `name`, `cust_id`, `cur_name`, `close_date`, `amount`, `lead_type`, `sale_stage`, `lead_source`, `compaign_id`, `next_step`, `assigned_to`, `description`, `company_id`, `created_by`, `created_at`, `updated_at`) VALUES
('04c85da6-1dd3-4427-a3b5-3d863a6c7e5a', 'cost1', '35f5ad28-17cc-4e72-9a9d-310974b21698', 'USD', '2021-06-29', '5000.00', 'Type1', 'Won', 'Lead1', NULL, 'aa', 68, 'cost2', NULL, '8', '2021-06-29', '2021-07-14'),
('23682af5-ca8c-4b62-b477-2688dee33607', 'Laravel job', NULL, 'USD', '2021-07-14', '60000.00', 'Type1', 'Won', 'Lead1', NULL, 'afff', 33, 'dfdf', NULL, '8', '2021-07-14', NULL),
('f1e05c58-d0c7-4b21-8d5f-afc2328d3ef6', 'sads', 'e9199bad-c1be-40d0-b43c-deafcbf5eba3', 'USD', '2022-10-20', '7.00', 'Type1', 'Lose', 'Lead1', NULL, NULL, 8, 'asdfasdf', NULL, '8', '2022-10-20', NULL);

-- --------------------------------------------------------

--
-- Table structure for table `crm_tasks`
--

CREATE TABLE `crm_tasks` (
  `id` varchar(36) COLLATE utf8mb4_unicode_ci NOT NULL,
  `subject` varchar(100) COLLATE utf8mb4_unicode_ci DEFAULT NULL,
  `status` varchar(36) COLLATE utf8mb4_unicode_ci DEFAULT NULL,
  `start_date` date DEFAULT NULL,
  `due_date` date DEFAULT NULL,
  `related_to_type` varchar(16) COLLATE utf8mb4_unicode_ci DEFAULT NULL,
  `related_id` varchar(36) COLLATE utf8mb4_unicode_ci DEFAULT NULL,
  `company_id` varchar(36) COLLATE utf8mb4_unicode_ci DEFAULT NULL,
  `contact_id` varchar(36) COLLATE utf8mb4_unicode_ci DEFAULT NULL,
  `priority` varchar(16) COLLATE utf8mb4_unicode_ci DEFAULT NULL,
  `assigned_to` varchar(36) COLLATE utf8mb4_unicode_ci DEFAULT NULL,
  `description` varchar(512) COLLATE utf8mb4_unicode_ci DEFAULT NULL,
  `created_date` datetime DEFAULT NULL,
  `last_updated` datetime DEFAULT NULL
) ENGINE=InnoDB DEFAULT CHARSET=utf8mb4 COLLATE=utf8mb4_unicode_ci;

--
-- Dumping data for table `crm_tasks`
--

INSERT INTO `crm_tasks` (`id`, `subject`, `status`, `start_date`, `due_date`, `related_to_type`, `related_id`, `company_id`, `contact_id`, `priority`, `assigned_to`, `description`, `created_date`, `last_updated`) VALUES
('', NULL, NULL, NULL, NULL, NULL, NULL, NULL, NULL, NULL, NULL, NULL, NULL, NULL),
('7ebeea32-ff99-4ce1-a1ab-98006d99f487', 'every day calender task', 'New', '2021-07-14', '2021-07-14', 'project', 'c8f9e0df-653b-4958-ac01-0b2cbc1c2cdf', NULL, 'e6ab0bd1-baaa-4013-ae67-64d1c9fdb2f3', 'New', '55', 'Complete 14-07-2021', '2021-07-14 09:43:10', '2022-12-13 13:22:52'),
('80998708-7011-4761-8c5d-9eeae2b673f4', 'nEW DEMO', 'New', '2021-10-19', '2021-10-19', 'lead', 'c3fd35dc-7e27-4e4d-a908-24edda0bf479', NULL, 'e6ab0bd1-baaa-4013-ae67-64d1c9fdb2f3', 'New', '8', 'ADFADSFASDF', '2021-10-19 19:46:21', NULL),
('b3324583-a0f4-465b-b0e0-cffd0dba19a4', 'demo one', 'New', '2021-10-19', '2021-10-19', 'customer', '170', NULL, '50eda2ec-0e6a-41f2-8867-ddb62e569844', 'New', '8', 'this is demo tasks', '2021-10-19 16:51:19', NULL),
('ec82cb4d-7c3e-4e2c-9e70-4e1ab10e05b7', 'ofdesk calender', 'New', '2021-07-14', '2021-07-14', 'project', '50ac961d-924c-4ece-902c-6bc79df91ca2', NULL, NULL, 'New', NULL, 'calender controll', '2021-07-14 09:35:22', NULL);

-- --------------------------------------------------------

--
-- Table structure for table `do_batch_data`
--

CREATE TABLE `do_batch_data` (
  `id` varchar(36) COLLATE utf8mb4_unicode_ci NOT NULL,
  `do_detail_id` varchar(36) COLLATE utf8mb4_unicode_ci DEFAULT NULL,
  `prod_id` varchar(36) COLLATE utf8mb4_unicode_ci DEFAULT NULL,
  `qty` decimal(12,5) DEFAULT NULL,
  `batch` varchar(36) COLLATE utf8mb4_unicode_ci DEFAULT NULL,
  `expire_date` date DEFAULT NULL
) ENGINE=InnoDB DEFAULT CHARSET=utf8mb4 COLLATE=utf8mb4_unicode_ci;

--
-- Dumping data for table `do_batch_data`
--

INSERT INTO `do_batch_data` (`id`, `do_detail_id`, `prod_id`, `qty`, `batch`, `expire_date`) VALUES
('492b45ae-9084-4e05-b5cf-52019a6cdbaa', '4a78ab60-6b45-4b09-b2ce-5038151d4254', '332a9e3d-a1fb-4250-ae29-a8cd1fd2cdc6', '3500.00000', 'CS-125ML-21-00001', '2022-02-10'),
('ac541915-6499-45ef-9cbe-b0e2effc7492', 'd79727e3-63d8-4973-8880-607ab6dfcd55', '2964bb13-9fa9-448f-8282-69dbf8bd2a20', '3500.00000', 'CS-125ML-21-00002', '2022-02-11'),
('1db06e17-5b81-4bb5-a065-9ebc82e8dfdb', '9878f35a-352c-4f4d-8f55-388a428dd456', '332a9e3d-a1fb-4250-ae29-a8cd1fd2cdc6', '3581.00000', 'CS-125ML-21-00001', '2022-02-10'),
('cad2a23f-7466-49a6-9389-2f85648d77c5', '0d5cf2b2-4932-4ddc-b153-aa900b148b80', '2964bb13-9fa9-448f-8282-69dbf8bd2a20', '2779.00000', 'CS-125ML-21-00002', '2022-02-11'),
('f249f9e7-9b2b-43e7-b547-4e6091c7cbfa', '69a3c93e-7b01-454d-a7e9-749543df6a74', '332a9e3d-a1fb-4250-ae29-a8cd1fd2cdc6', '1.00000', 'CS-125ML-21-00001', '2022-02-10'),
('0567ab2e-3188-46ba-9c54-f97d73371208', '69a3c93e-7b01-454d-a7e9-749543df6a74', '332a9e3d-a1fb-4250-ae29-a8cd1fd2cdc6', '999.00000', 'CS-125ML-21-00005', '2022-02-22'),
('0972caf5-2744-4774-8287-b19a50f169f6', '3683f1b2-7cb7-4c2c-8e9c-9d456bf48523', '2964bb13-9fa9-448f-8282-69dbf8bd2a20', '24.00000', 'CS-125ML-21-00002', '2022-02-11'),
('34fffe6e-e960-4808-95d6-3d6c397d1de5', '3683f1b2-7cb7-4c2c-8e9c-9d456bf48523', '2964bb13-9fa9-448f-8282-69dbf8bd2a20', '476.00000', 'CS-125ML-21-00003', '2022-02-18'),
('76d91aa4-fd20-4834-87f2-19e60042546d', '9476e3a7-ad62-4768-8fb7-fcf1b83efb49', '71b6bcc8-0436-41e2-8ceb-ade9a3065845', '30.00000', 'MR-200ML-21-00004', '2022-02-19'),
('8d7b51ad-a350-4a46-8cde-7e55cddbb7ff', '57009808-2c51-4ee8-955b-abc70a6c580d', '332a9e3d-a1fb-4250-ae29-a8cd1fd2cdc6', '5000.00000', 'CS-125ML-21-00005', '2022-02-22'),
('9848f0a3-d855-4edc-9e98-e655c0fe618b', '62de8842-c2a4-4839-8388-02ae6a342e4a', '2964bb13-9fa9-448f-8282-69dbf8bd2a20', '500.00000', 'CS-125ML-21-00003', '2022-02-18'),
('f42b4aac-05f0-4fca-b465-9c355cdac29f', 'bb2043fc-49b9-4c00-a57b-6b57295eb2d4', '71b6bcc8-0436-41e2-8ceb-ade9a3065845', '483.00000', 'MR-200ML-21-00004', '2022-02-19'),
('e5ee8f91-c146-48ef-8c74-0004a62afc61', '4ccb3310-32d9-4c0d-9b22-93b57da72688', '70377159-1d37-41d7-86fd-ec24afbb19e2', '1300.00000', 'MR-250ML-21-00006', '2022-02-28'),
('6e1e23a2-f089-46a2-885d-94dc085aab3d', 'c3a0e6e2-8abf-4688-94e7-9087b01c3bb6', '964c865f-ebb6-48d2-95cb-6d460e30c297', '500.00000', 'MR-250ML-21-00007', '2022-02-28'),
('a53a98e7-422e-47cd-bcec-719ffc12fe13', '76c54e4a-0c5c-42f8-a399-923628bea056', '2964bb13-9fa9-448f-8282-69dbf8bd2a20', '20.00000', 'CS-125ML-21-00003', '2022-02-18'),
('a7897ad9-c437-4c9f-8418-8d202212c2a9', '572e5644-57c2-4a53-9315-4c7aded8c150', '70377159-1d37-41d7-86fd-ec24afbb19e2', '1300.00000', 'MR-250ML-21-00006', '2022-02-18'),
('f94c52e9-51d1-4aff-815b-27ef98d1188d', 'd5a52176-859d-446b-96c3-d622689d23f2', '964c865f-ebb6-48d2-95cb-6d460e30c297', '500.00000', 'MR-250ML-21-00007', '2022-02-28'),
('0b57f19a-4498-4537-91e9-073cba974ead', '4e3cae3c-f183-401d-b9d7-2d88a36e0fa4', '70377159-1d37-41d7-86fd-ec24afbb19e2', '232.00000', 'MR-250ML-21-00006', '2022-02-18'),
('16e36668-cd5f-4a67-b468-05b4047d0bca', '2fc6349d-d8db-4e08-a796-eb2e683f310b', '964c865f-ebb6-48d2-95cb-6d460e30c297', '119.00000', 'MR-250ML-21-00007', '2022-02-28'),
('c3cc0b05-c8d0-41e5-a6a7-ea746fafa854', '67e1fc31-4bd0-4b98-8d34-f4a28d464be5', '71b6bcc8-0436-41e2-8ceb-ade9a3065845', '1000.00000', 'MR-200ML-21-00004', '2022-02-19'),
('00676877-f907-452e-beaa-4e9b1ef62932', 'cce073e0-69c7-4628-a92a-2bab5bf6c3aa', '71b6bcc8-0436-41e2-8ceb-ade9a3065845', '1000.00000', 'MR-200ML-21-00004', '2022-02-19'),
('8feec30b-3213-4dd8-a673-092fceda71c9', '157ce5ba-a302-4a97-9426-c28cd938f46e', '71b6bcc8-0436-41e2-8ceb-ade9a3065845', '517.00000', 'MR-200ML-21-00004', '2022-02-19'),
('fcb51eaa-9171-46c0-ac39-e70f7c791662', 'bf3c6792-6582-4e0f-a4bf-35c3afc8811a', '2964bb13-9fa9-448f-8282-69dbf8bd2a20', '2799.00000', 'CS-125ML-21-00003', '2022-02-18'),
('25971c93-6e05-4161-9136-bb26b0642c0b', 'c803a433-4696-448d-880f-9d669cdf0fd1', '70377159-1d37-41d7-86fd-ec24afbb19e2', '866.00000', 'MR-250ML-21-00006', '2022-02-18'),
('8ec9083b-30cb-46e4-8bb2-3409bf21e8e6', '6f5dcbc4-d292-4803-801b-f91c6ac09577', '71b6bcc8-0436-41e2-8ceb-ade9a3065845', '153.00000', 'MR-200ML-21-00004', '2022-02-19'),
('2fa7788a-9b0e-4172-b17b-332f1dad1dcf', 'ee7a0d64-2c5e-4708-93d9-96abb82c9bf4', '71b6bcc8-0436-41e2-8ceb-ade9a3065845', '517.00000', 'MR-200ML-21-00004', '2022-02-19'),
('77ae35a3-69c3-4a5f-9015-a76dd9e455bd', 'b24fdea5-436c-4e69-a407-aaaaf47c1438', '2964bb13-9fa9-448f-8282-69dbf8bd2a20', '156.00000', 'CS-125ML-21-00003', '2022-02-18'),
('bf2fff58-afa7-48db-a672-c2e98bdf5ac2', 'b6c6f5ad-8daa-4236-be15-1b1278bccb19', '71b6bcc8-0436-41e2-8ceb-ade9a3065845', '1066.00000', 'MR-200ML-21-00004', '2022-02-19'),
('0a96ff53-4136-46db-b2b2-41126755b803', 'eea85f8b-175d-47e0-9f73-5a661cc45bce', '71b6bcc8-0436-41e2-8ceb-ade9a3065845', '970.00000', 'MR-200ML-21-00004', '2022-02-19'),
('5c32ab1a-10d4-414a-9326-47e1e45fa52d', 'f1981c94-9e88-41f4-82c6-04e1eec62504', '70377159-1d37-41d7-86fd-ec24afbb19e2', '615.00000', 'MR-250ML-21-00014', '2022-03-30'),
('1db4e3dc-17ec-4bfb-99a2-4fe3d1e8eb5d', 'f1981c94-9e88-41f4-82c6-04e1eec62504', '70377159-1d37-41d7-86fd-ec24afbb19e2', '485.00000', 'MR-250ML-21-00009', '2022-03-16'),
('ea11a926-101a-4d34-9a40-b0c4d762f7ad', '761b7f2d-b84d-450a-8e45-4f459d8a503c', '964c865f-ebb6-48d2-95cb-6d460e30c297', '1100.00000', 'MR-250ML-21-00008', '2022-03-11'),
('e3cc51cd-ca8b-4773-81ba-ac7e1dc16064', 'ff61b919-7293-4c2d-a30d-bc0cf8834b80', '70377159-1d37-41d7-86fd-ec24afbb19e2', '254.00000', 'MR-250ML-21-00009', '2022-03-16'),
('305ca0eb-352f-4560-86f0-0ed643d44574', '5306d9c9-08b6-44c4-8daf-9c27e3776dce', '964c865f-ebb6-48d2-95cb-6d460e30c297', '246.00000', 'MR-250ML-21-00008', '2022-03-11'),
('62c5cb40-9a11-429b-ab2d-34d0439eaf54', '454b2f51-778f-4208-b31d-4e7ed3e7c3ed', '70377159-1d37-41d7-86fd-ec24afbb19e2', '900.00000', 'MR-250ML-21-00009', '2022-03-16'),
('2f672f99-c54b-446d-93e6-178373b4c44f', 'd030c96f-dfb4-47a2-b91c-9c7cb9ee0131', '964c865f-ebb6-48d2-95cb-6d460e30c297', '300.00000', 'MR-250ML-21-00008', '2022-03-11'),
('1a516f74-5960-4cea-89c6-9fcb96d95615', '620f355c-ce6d-4ded-8477-876cb518af5b', '332a9e3d-a1fb-4250-ae29-a8cd1fd2cdc6', '50.00000', 'CS-125ML-21-00012', '2022-03-28'),
('687fb3c0-4ce7-4fc4-8bd4-0608a74b26f4', '2aee79d6-608f-4356-9bc9-a750a65b6af6', '332a9e3d-a1fb-4250-ae29-a8cd1fd2cdc6', '50.00000', 'CS-125ML-21-00012', '2022-03-28'),
('e068649d-3758-4db5-ae43-cf1093dc25e4', '3a42413d-9305-4d83-b8c3-5c125561f7e0', '332a9e3d-a1fb-4250-ae29-a8cd1fd2cdc6', '50.00000', 'CS-125ML-21-00012', '2022-03-28'),
('d50b9cd7-0e02-4b35-b441-e1817d75cc6f', '6e128140-0309-4560-9bb1-723dbca0f38a', '332a9e3d-a1fb-4250-ae29-a8cd1fd2cdc6', '50.00000', 'CS-125ML-21-00012', '2022-03-28'),
('c16ff08c-4de6-4e02-a610-c9a9d6efad52', '709abdc1-5ef8-4dc7-8861-079c781c1e85', '332a9e3d-a1fb-4250-ae29-a8cd1fd2cdc6', '50.00000', 'CS-125ML-21-00012', '2022-03-28');

-- --------------------------------------------------------

--
-- Table structure for table `fs_coas`
--

CREATE TABLE `fs_coas` (
  `id` bigint(20) UNSIGNED NOT NULL,
  `coa_id` varchar(34) COLLATE utf8mb4_unicode_ci DEFAULT NULL,
  `code` bigint(20) UNSIGNED DEFAULT NULL,
  `trans_group` tinyint(3) UNSIGNED DEFAULT NULL,
  `name` varchar(64) COLLATE utf8mb4_unicode_ci DEFAULT NULL,
  `level` tinyint(3) UNSIGNED DEFAULT NULL,
  `order` smallint(5) UNSIGNED DEFAULT NULL,
  `coa_display` tinyint(3) UNSIGNED DEFAULT NULL,
  `status` tinyint(3) UNSIGNED DEFAULT NULL,
  `category` tinyint(3) UNSIGNED DEFAULT NULL,
  `company_id` varchar(64) COLLATE utf8mb4_unicode_ci DEFAULT NULL,
  `branch_id` varchar(64) COLLATE utf8mb4_unicode_ci DEFAULT NULL,
  `editable` tinyint(3) UNSIGNED DEFAULT NULL,
  `created_at` timestamp NULL DEFAULT NULL,
  `updated_at` timestamp NULL DEFAULT NULL
) ENGINE=InnoDB DEFAULT CHARSET=utf8mb4 COLLATE=utf8mb4_unicode_ci;

--
-- Dumping data for table `fs_coas`
--

INSERT INTO `fs_coas` (`id`, `coa_id`, `code`, `trans_group`, `name`, `level`, `order`, `coa_display`, `status`, `category`, `company_id`, `branch_id`, `editable`, `created_at`, `updated_at`) VALUES
(1, '-1', 1, 0, 'Assets', 1, 1, 1, 1, 1, '-1', '-1', 0, '2020-04-06 19:00:00', '2020-04-06 19:00:00'),
(2, '-1', 2, 0, 'Liabilities', 1, 2, 1, 1, 2, '-1', '-1', 0, '2020-04-06 19:00:00', '2020-04-06 19:00:00'),
(3, '-1', 3, 0, 'income', 1, 3, 1, 1, 3, '-1', '-1', 0, '2020-04-06 19:00:00', '2020-04-06 19:00:00'),
(4, '-1', 4, 0, 'Expense', 1, 4, 1, 1, 4, '-1', '-1', 0, '2020-04-06 19:00:00', '2020-04-06 19:00:00'),
(5, '3', 301, 0, 'Other Income', 2, NULL, 1, 1, 3, '-1', '-1', 1, '2020-04-06 19:00:00', '2020-04-06 19:00:00'),
(6, '3', 302, 0, 'Turn Over', 2, NULL, 1, 1, 3, '-1', '-1', 1, '2020-04-06 19:00:00', '2020-04-06 19:00:00'),
(7, '1', 101, 0, 'Current Assets', 2, 1, 1, 1, 1, '-1', '-1', 1, '2020-04-06 19:00:00', '2020-04-06 19:00:00'),
(8, '7', 10101, 0, 'Cash and Bank Balances', 3, NULL, 1, 1, 1, '-1', '-1', 1, '2020-04-06 19:00:00', '2020-04-06 19:00:00'),
(9, '8', 101011, 0, 'Bank', 4, NULL, 1, 1, 1, '-1', '-1', 1, '2020-04-06 19:00:00', '2020-04-06 19:00:00'),
(10, '8', 101012, 0, 'Cash', 4, NULL, 1, 1, 1, '-1', '-1', 1, '2020-04-06 19:00:00', '2020-04-06 19:00:00'),
(11, '7', 10102, 0, 'Deposits & Prepayments', 3, NULL, 1, 1, 1, '-1', '-1', 1, '2020-04-06 19:00:00', '2020-04-06 19:00:00'),
(12, '1', 102, 0, 'Fixed Assets', 2, 2, 1, 1, 1, '-1', '-1', 1, '2020-04-06 19:00:00', '2020-04-06 19:00:00'),
(13, '13', 0, 0, 'Wazeer Ali Buriro CEO (Investment)', 2, NULL, 1, 1, 1, '-1', '-1', 1, '2020-04-06 19:00:00', '2020-04-06 19:00:00'),
(14, '14', 0, 1, 'Asif Ali Abro (Investment)', 2, NULL, 1, 1, 1, '-1', '-1', 1, '2020-04-06 19:00:00', '2020-04-06 19:00:00'),
(15, '1', 105, 0, 'Long Terms Loan and Advances', 2, 3, 1, 1, 1, '-1', '-1', 1, '2020-04-06 19:00:00', '2020-04-06 19:00:00'),
(16, '7', 10103, 0, 'Loan and Advances', 3, NULL, 1, 1, 1, '-1', '-1', 1, '2020-04-06 19:00:00', '2020-04-06 19:00:00'),
(17, '7', 10104, 0, 'Other Receivables', 3, NULL, 1, 1, 1, '-1', '-1', 1, '2020-04-06 19:00:00', '2020-04-06 19:00:00'),
(18, '7', 10105, 0, 'Refunds', 3, NULL, 1, 1, 1, '-1', '-1', 1, '2020-04-06 19:00:00', '2020-04-06 19:00:00'),
(19, '7', 10106, 0, 'Stock in Trade', 3, NULL, 1, 1, 1, '-1', '-1', 1, '2020-04-06 19:00:00', '2020-04-06 19:00:00'),
(20, '19', 101061, 0, 'Inventory Items', 4, NULL, 1, 1, 1, '-1', '-1', 1, '2020-04-06 19:00:00', '2020-04-06 19:00:00'),
(21, '19', 101062, 0, 'Raw Materials', 4, NULL, 1, 1, 1, '-1', '-1', 1, '2020-04-06 19:00:00', '2020-04-06 19:00:00'),
(23, '19', 101063, 0, 'Stock in Process', 4, NULL, 1, 1, 1, '-1', '-1', 1, '2020-04-06 19:00:00', '2020-04-06 19:00:00'),
(24, '7', 10107, 0, 'Stores, Spares and loose Tools', 3, NULL, 1, 1, 1, '-1', '-1', 1, '2020-04-06 19:00:00', '2020-04-06 19:00:00'),
(25, '7', 10108, 0, 'Trade Debts', 3, NULL, 1, 1, 1, '-1', '-1', 1, '2020-04-06 19:00:00', '2020-04-06 19:00:00'),
(26, '12', 10201, 0, 'Capital Work in Progress', 3, NULL, 1, 1, 1, '-1', '-1', 1, '2020-04-06 19:00:00', '2020-04-06 19:00:00'),
(27, '12', 10202, 0, 'Deferred Cost', 3, NULL, 1, 1, 1, '-1', '-1', 1, '2020-04-06 19:00:00', '2020-04-06 19:00:00'),
(28, '12', 10203, 0, 'Intangible Assets', 3, NULL, 1, 1, 1, '-1', '-1', 1, '2020-04-06 19:00:00', '2020-04-06 19:00:00'),
(29, '12', 10204, 0, 'Property Plant And Equipments', 3, NULL, 1, 1, 1, '-1', '-1', 1, '2020-04-06 19:00:00', '2020-04-06 19:00:00'),
(30, '28', 102031, 0, 'Brand Names', 4, NULL, 1, 1, 1, '-1', '-1', 1, '2020-04-06 19:00:00', '2020-04-06 19:00:00'),
(31, '28', 102032, 0, 'Computer Software', 4, NULL, 1, 1, 1, '-1', '-1', 1, '2020-04-06 19:00:00', '2020-04-06 19:00:00'),
(32, '28', 102033, 0, 'Goodwill', 4, NULL, 1, 1, 1, '-1', '-1', 1, '2020-04-06 19:00:00', '2020-04-06 19:00:00'),
(33, '28', 102034, 0, 'Licenses and Franchises', 4, NULL, 1, 1, 1, '-1', '-1', 1, '2020-04-06 19:00:00', '2020-04-06 19:00:00'),
(34, '28', 102035, 0, 'Patents, Copyright, Trade Marks andd Designs', 4, NULL, 1, 1, 1, '-1', '-1', 1, '2020-04-06 19:00:00', '2020-04-06 19:00:00'),
(35, '29', 102041, 0, 'Land', 4, NULL, 1, 1, 1, '-1', '-1', 1, '2020-04-06 19:00:00', '2020-04-06 19:00:00'),
(36, '29', 102042, 0, 'Building', 4, NULL, 1, 1, 1, '-1', '-1', 1, '2020-04-06 19:00:00', '2020-04-06 19:00:00'),
(37, '29', 102043, 0, 'Furniture & Fixture', 4, NULL, 1, 1, 1, '-1', '-1', 1, '2020-04-06 19:00:00', '2020-04-06 19:00:00'),
(38, '29', 102044, 0, 'Office Equipment', 4, NULL, 1, 1, 1, '-1', '-1', 1, '2020-04-06 19:00:00', '2020-04-06 19:00:00'),
(39, '29', 102045, 1, 'Vehicals', 4, NULL, 1, 1, 1, '-1', '-1', 1, '2020-04-06 19:00:00', '2020-04-06 19:00:00'),
(40, '2', 201, 0, 'Haider', 2, NULL, 1, 1, 2, '-1', '-1', 1, '2020-04-06 19:00:00', '2020-04-06 19:00:00'),
(41, '2', 202, 0, 'Long Term Liabilities', 2, NULL, 1, 1, 2, '-1', '-1', 1, '2020-04-06 19:00:00', '2020-04-06 19:00:00'),
(42, '2', 203, 0, 'SHARE CAPITAL AND RESERVES', 2, NULL, 1, 1, 2, '-1', '-1', 1, '2020-04-06 19:00:00', '2020-04-06 19:00:00'),
(43, '2', 204, 0, 'Surplus on Revalueation of Fexed Assets', 2, NULL, 1, 1, 2, '-1', '-1', 1, '2020-04-06 19:00:00', '2020-04-06 19:00:00'),
(44, '40', 20101, 0, 'Accrued Markup', 3, NULL, 1, 1, 2, '-1', '-1', 1, '2020-04-06 19:00:00', '2020-04-06 19:00:00'),
(45, '40', 20102, 0, 'Current Portion of Long Terms', 3, NULL, 1, 1, 2, '-1', '-1', 1, '2020-04-06 19:00:00', '2020-04-06 19:00:00'),
(46, '40', 20103, 0, 'Provision', 3, NULL, 1, 1, 2, '-1', '-1', 1, '2020-04-06 19:00:00', '2020-04-06 19:00:00'),
(47, '40', 20104, 0, 'Short Term Borowings', 3, NULL, 1, 1, 2, '-1', '-1', 1, '2020-04-06 19:00:00', '2020-04-06 19:00:00'),
(48, '40', 20105, 0, 'Trade and Other Payables', 3, NULL, 1, 1, 2, '-1', '-1', 1, '2020-04-06 19:00:00', '2020-04-06 19:00:00'),
(49, '46', 201011, 0, 'Taxation', 4, NULL, 1, 1, 2, '-1', '-1', 1, '2020-04-06 19:00:00', '2020-04-06 19:00:00'),
(50, '47', 201041, 0, 'Banks', 4, NULL, 1, 1, 2, '-1', '-1', 1, '2020-04-06 19:00:00', '2020-04-06 19:00:00'),
(51, '47', 201042, 0, 'Related Parties', 4, NULL, 1, 1, 2, '-1', '-1', 1, '2020-04-06 19:00:00', '2020-04-06 19:00:00'),
(52, '48', 201051, 0, 'Accrued Liabilities', 4, NULL, 1, 1, 2, '-1', '-1', 1, '2020-04-06 19:00:00', '2020-04-06 19:00:00'),
(53, '48', 201052, 0, 'Advances from Customers', 4, NULL, 1, 1, 2, '-1', '-1', 1, '2020-04-06 19:00:00', '2020-04-06 19:00:00'),
(54, '48', 201053, 0, 'Creditors', 4, NULL, 1, 1, 2, '-1', '-1', 1, '2020-04-06 19:00:00', '2020-04-06 19:00:00'),
(55, '48', 201054, 0, 'Dividends', 4, NULL, 1, 1, 2, '-1', '-1', 1, '2020-04-06 19:00:00', '2020-04-06 19:00:00'),
(56, '41', 20201, 0, 'Debentures', 3, NULL, 1, 1, 2, '-1', '-1', 1, '2020-04-06 19:00:00', '2020-04-06 19:00:00'),
(57, '41', 20202, 0, 'Deferred Liabilities', 3, NULL, 1, 1, 2, '-1', '-1', 1, '2020-04-06 19:00:00', '2020-04-06 19:00:00'),
(58, '41', 20203, 0, 'Liabilities against Finance LEase', 3, NULL, 1, 1, 2, '-1', '-1', 1, '2020-04-06 19:00:00', '2020-04-06 19:00:00'),
(59, '41', 20204, 0, 'Long Terms Deposits', 3, NULL, 1, 1, 2, '-1', '-1', 1, '2020-04-06 19:00:00', '2020-04-06 19:00:00'),
(60, '41', 20205, 0, 'Long Term Financing', 3, NULL, 1, 1, 2, '-1', '-1', 1, '2020-04-06 19:00:00', '2020-04-06 19:00:00'),
(61, '42', 20301, 0, 'Accumilated Profit', 3, NULL, 1, 1, 2, '-1', '-1', 1, '2020-04-06 19:00:00', '2020-04-06 19:00:00'),
(62, '42', 20302, 0, 'Capital Reserves', 3, NULL, 1, 1, 2, '-1', '-1', 1, '2020-04-06 19:00:00', '2020-04-06 19:00:00'),
(63, '42', 20303, 0, 'Issued, Subscribed and paid-up Capital', 3, NULL, 1, 1, 2, '-1', '-1', 1, '2020-04-06 19:00:00', '2020-04-06 19:00:00'),
(64, '42', 20304, 0, 'Revenue Reserves', 3, NULL, 1, 1, 2, '-1', '-1', 1, '2020-04-06 19:00:00', '2020-04-06 19:00:00'),
(65, '5', 30101, 0, 'Income from Lease', 3, NULL, 1, 1, 3, '-1', '-1', 1, '2020-04-06 19:00:00', '2020-04-06 19:00:00'),
(66, '5', 30102, 0, 'Investments, debts or Loans', 3, NULL, 1, 1, 3, '-1', '-1', 1, '2020-04-06 19:00:00', '2020-04-06 19:00:00'),
(67, '6', 30201, 0, 'Sales', 3, NULL, 1, 1, 3, '-1', '-1', 1, '2020-04-06 19:00:00', '2020-04-06 19:00:00'),
(68, '4', 401, 0, 'Cost of Sales', 2, NULL, 1, 1, 4, '-1', '-1', 1, '2020-04-06 19:00:00', '2020-04-06 19:00:00'),
(69, '4', 402, 0, 'Marketing / Distribution Cost', 2, NULL, 1, 1, 4, '-1', '-1', 1, '2020-04-06 19:00:00', '2020-04-06 19:00:00'),
(70, '49', 20101101, 1, 'Sales Tax', 5, NULL, 1, 1, 2, '-1', '-1', 1, '2020-04-06 19:00:00', '2020-04-06 19:00:00'),
(71, '49', 20101102, 1, 'Excise', 5, NULL, 1, 1, 1, '-1', '-1', 1, '2020-04-06 19:00:00', '2020-04-06 19:00:00'),
(72, '19', 101064, 0, 'Finished Goods ', 4, NULL, 1, 1, 1, '-1', '-1', 1, '2020-04-08 01:09:58', '2020-04-08 01:09:58'),
(73, '7', 1011, 0, 'Customers', 3, NULL, 1, 1, 1, '-1', '-1', 1, '2020-04-06 19:00:00', '2020-04-06 19:00:00'),
(74, '73', 10111, 0, 'Current Customers', 4, NULL, 1, 1, 1, '-1', '-1', 1, '2020-04-06 19:00:00', '2020-04-06 19:00:00'),
(75, '54', 1220320, 0, 'Trade creditdor', 5, 3, 1, 1, 2, '-1', '-1', NULL, '2021-02-16 04:30:07', '2021-02-16 04:30:07'),
(84, '7', 10109, 0, 'Associates & Clients', 3, NULL, 1, 1, 1, '-1', '-1', 1, '2020-04-06 19:00:00', '2020-04-06 19:00:00'),
(85, '84', 101091, 0, 'Associates', 4, NULL, 1, 1, 1, '-1', '-1', 1, '2020-04-06 19:00:00', '2020-04-06 19:00:00'),
(86, '84', 101092, 0, 'Clients', 4, NULL, 1, 1, 1, '-1', '-1', 1, '2020-04-06 19:00:00', '2020-04-06 19:00:00'),
(90, '7', 10110, 0, 'Jobs', 3, NULL, 1, 1, 1, '-1', '-1', 1, '2020-04-06 19:00:00', '2020-04-06 19:00:00'),
(93, '90', NULL, 0, 'Export Jobs', 4, NULL, 1, 1, 1, '-1', '-1', 1, '2020-04-06 19:00:00', '2020-04-06 19:00:00'),
(94, '10', 1, 1, 'Cash in Hand', 5, 3, 1, 1, 1, '-1', '-1', 1, '2020-04-07 06:20:41', '2020-04-07 06:20:41'),
(95, '9', 16020104870774, 1, 'MEEZAN BANK 16020104870774', 5, 3, 1, 1, 1, '-1', '-1', 1, '2020-04-08 01:09:58', '2020-04-08 01:09:58'),
(98, '74', 1, 1, 'Cusotmer 001', NULL, NULL, 1, 1, 1, '81e802a0-af94-46da-9c89-ba9716dc5bc1', NULL, 0, NULL, NULL),
(99, '3', 301, 0, 'Other Income', 2, 3, 1, 1, 3, '-1', '-1', 1, '2020-04-30 12:22:39', '2020-04-30 12:22:39'),
(100, '49', 1, 1, 'Tax Liability', 5, 3, 1, 1, 2, '-1', '-1', 1, '2020-04-30 12:30:03', '2020-04-30 12:30:03'),
(103, '74', 2, 1, 'Demo lead 001', NULL, NULL, 1, 1, 1, '81e802a0-af94-46da-9c89-ba9716dc5bc1', NULL, 0, NULL, NULL),
(104, '74', 3, 1, 'The Global Movers', NULL, NULL, 1, 1, 1, '81e802a0-af94-46da-9c89-ba9716dc5bc1', NULL, 0, NULL, NULL),
(105, '74', 4, 1, 'Logistics Mode', NULL, NULL, 1, 1, 1, '81e802a0-af94-46da-9c89-ba9716dc5bc1', NULL, 0, NULL, NULL),
(106, '10', 2, 1, 'Petty Cash', 5, 3, 1, 1, 1, '-1', '-1', 1, '2020-07-02 09:17:29', '2020-07-02 09:17:29'),
(107, '74', 5, 1, 'Demo Customer', NULL, NULL, 1, 1, 1, '81e802a0-af94-46da-9c89-ba9716dc5bc1', NULL, 0, NULL, NULL),
(108, '74', 6, 1, 'CMC', NULL, NULL, 1, 1, 1, '81e802a0-af94-46da-9c89-ba9716dc5bc1', NULL, 0, NULL, NULL),
(109, '74', 7, 1, 'Demo Customer', NULL, NULL, 1, 1, 1, '81e802a0-af94-46da-9c89-ba9716dc5bc1', NULL, 0, NULL, NULL),
(110, '3', 301, 1, 'Other Income', 2, 3, 1, 1, 3, '-1', '-1', NULL, '2020-12-24 00:58:35', '2020-12-24 00:58:35'),
(111, '2', 301, 0, 'Other Income', 2, 3, 1, 1, 2, '-1', '-1', NULL, '2020-12-24 00:58:58', '2020-12-24 00:58:58'),
(112, '4', 555, 0, 'Intezar hussain', 2, 3, 1, 1, 4, '-1', '-1', NULL, '2020-12-24 01:00:36', '2020-12-24 01:00:36'),
(113, '2', 1, 1, 'Intezar hussain', 2, 3, 1, 1, 2, '-1', '-1', NULL, '2020-12-24 05:51:11', '2020-12-24 05:51:11'),
(117, '40', 20106, 1, 'Haider Ali', NULL, NULL, 1, 1, 1, '81e802a0-af94-46da-9c89-ba9716dc5bc1', NULL, 0, NULL, NULL),
(118, '40', 20107, 1, 'kumail', NULL, NULL, 1, 1, 1, '81e802a0-af94-46da-9c89-ba9716dc5bc1', NULL, 0, NULL, NULL),
(119, '74', 8, 1, 'raza', NULL, NULL, 1, 1, 1, '81e802a0-af94-46da-9c89-ba9716dc5bc1', NULL, 0, NULL, NULL),
(120, '74', 9, 1, 'zain khan', NULL, NULL, 1, 1, 1, '81e802a0-af94-46da-9c89-ba9716dc5bc1', NULL, 0, NULL, NULL),
(121, '74', 10, 1, 'new customer', NULL, NULL, 1, 1, 1, '81e802a0-af94-46da-9c89-ba9716dc5bc1', NULL, 0, NULL, NULL),
(122, '74', 11, 1, 'Arslan', NULL, NULL, 1, 1, 1, '81e802a0-af94-46da-9c89-ba9716dc5bc1', NULL, 0, NULL, NULL),
(123, '74', 12, 1, 'khawar', NULL, NULL, 1, 1, 1, '81e802a0-af94-46da-9c89-ba9716dc5bc1', NULL, 0, NULL, NULL),
(124, '74', 13, 1, 'Mohsin', NULL, NULL, 1, 1, 1, NULL, NULL, 0, NULL, NULL),
(125, '74', 14, 1, 'Peter', NULL, NULL, 1, 1, 1, 'e20d769f-5c5c-4a47-95e7-d6721a0179b8', NULL, 0, NULL, NULL),
(127, '40', 20108, 1, 'Demo Vendor', NULL, NULL, 1, 1, 1, NULL, NULL, 0, NULL, NULL),
(128, '40', 20109, 1, 'Mandiwala Chemicals', NULL, NULL, 1, 1, 1, NULL, NULL, 0, NULL, NULL),
(129, '40', 20110, 1, 'Usama Printing', NULL, NULL, 1, 1, 1, NULL, NULL, 0, NULL, NULL),
(130, '74', 15, 1, 'Hayat Trading', NULL, NULL, 1, 1, 1, 'e20d769f-5c5c-4a47-95e7-d6721a0179b8', NULL, 0, NULL, NULL),
(131, '40', 20111, 1, 'Trust Pack (Abdul Basit)', NULL, NULL, 1, 1, 1, NULL, NULL, 0, NULL, NULL),
(132, '40', 20112, 1, 'Publico Printers (Kamran Afzal)', NULL, NULL, 1, 1, 1, NULL, NULL, 0, NULL, NULL),
(133, '40', 20113, 1, 'Aiman Foods Pvt Ltd', NULL, NULL, 1, 1, 1, NULL, NULL, 0, NULL, NULL),
(134, '40', 20114, 1, 'Aiman Foods Pvt Ltd', NULL, NULL, 1, 1, 1, NULL, NULL, 0, NULL, NULL),
(135, '74', 16, 1, 'Haider Traders', NULL, NULL, 1, 1, 1, 'e20d769f-5c5c-4a47-95e7-d6721a0179b8', NULL, 0, NULL, NULL),
(136, '74', 17, 1, 'Burraque Traders', NULL, NULL, 1, 1, 1, 'e20d769f-5c5c-4a47-95e7-d6721a0179b8', NULL, 0, NULL, NULL),
(137, '74', 18, 1, 'Al - Faizan Foods', NULL, NULL, 1, 1, 1, 'e20d769f-5c5c-4a47-95e7-d6721a0179b8', NULL, 0, NULL, NULL),
(138, '19', 123, 1, 'Packing Material', 4, 3, 1, 1, 1, '-1', '-1', NULL, '2021-03-12 10:30:13', '2021-03-12 10:30:13'),
(139, '74', 19, 1, 'Muhammad Ghadhi Traders', NULL, NULL, 1, 1, 1, 'e20d769f-5c5c-4a47-95e7-d6721a0179b8', NULL, 0, NULL, NULL),
(140, '74', 20, 1, 'Arham Enterprises', NULL, NULL, 1, 1, 1, 'e20d769f-5c5c-4a47-95e7-d6721a0179b8', NULL, 0, NULL, NULL),
(141, '40', 20115, 1, 'Trustpack Abdul Basit', NULL, NULL, 1, 1, 1, NULL, NULL, 0, NULL, NULL),
(142, '40', 20116, 1, 'Pulico Printers', NULL, NULL, 1, 1, 1, NULL, NULL, 0, NULL, NULL),
(143, '40', 20117, 1, 'Aimen Foods (Raw Material)', NULL, NULL, 1, 1, 1, NULL, NULL, 0, NULL, NULL),
(144, '74', 21, 1, 'Evergreen Traders', NULL, NULL, 1, 1, 1, 'f9d0b90d-631a-4f45-982c-d8223bd65c0d', NULL, 0, NULL, NULL),
(145, '74', 22, 1, 'Yousif & Sons', NULL, NULL, 1, 1, 1, 'f9d0b90d-631a-4f45-982c-d8223bd65c0d', NULL, 0, NULL, NULL),
(146, '74', 23, 1, 'Al- Fahad Traders', NULL, NULL, 1, 1, 1, 'f9d0b90d-631a-4f45-982c-d8223bd65c0d', NULL, 0, NULL, NULL),
(147, '74', 24, 1, 'Vijay Saagar', NULL, NULL, 1, 1, 1, 'f9d0b90d-631a-4f45-982c-d8223bd65c0d', NULL, 0, NULL, NULL),
(148, '74', 25, 1, 'K.K. Enterprises', NULL, NULL, 1, 1, 1, 'f9d0b90d-631a-4f45-982c-d8223bd65c0d', NULL, 0, NULL, NULL),
(149, '74', 26, 1, 'Haresh Kumar', NULL, NULL, 1, 1, 1, 'f9d0b90d-631a-4f45-982c-d8223bd65c0d', NULL, 0, NULL, NULL),
(150, '40', 20118, 1, 'Cider Food', NULL, NULL, 1, 1, 1, NULL, NULL, 0, NULL, NULL),
(151, '40', 20119, 1, 'Cider Food', NULL, NULL, 1, 1, 1, NULL, NULL, 0, NULL, NULL),
(152, '10', 0, 1, 'CASH FOR VENDOR', 5, 3, 1, 1, 1, '-1', '-1', NULL, '2021-06-20 05:13:57', '2021-06-20 05:13:57'),
(153, '13', 0, 1, 'Asif Ali Abro (Investment)', 3, 3, 1, 1, 1, '-1', '-1', NULL, '2021-06-28 10:51:52', '2021-06-28 10:51:52'),
(154, '74', 27, 1, 'K.K. Enterprises', NULL, NULL, 1, 1, 1, 'f9d0b90d-631a-4f45-982c-d8223bd65c0d', NULL, 0, NULL, NULL),
(155, '74', 28, 1, 'Muhammad Ghadhi Traders', NULL, NULL, 1, 1, 1, 'f9d0b90d-631a-4f45-982c-d8223bd65c0d', NULL, 0, NULL, NULL),
(156, '9', 2510, 1, 'Bank Al Habeeb', 5, 3, 1, 1, 1, '-1', '-1', NULL, '2021-08-25 02:38:40', '2021-08-25 02:38:40'),
(157, '1', 109, 0, 'Assets 2', 2, 3, 1, 1, 1, '-1', '-1', 1, '2021-08-25 13:40:21', '2021-08-25 13:40:21'),
(158, '157', 10901, 1, 'Assets 31', 3, 3, 1, 1, 1, 'f9d0b90d-631a-4f45-982c-d8223bd65c0d', '-1', 1, '2021-08-25 13:40:51', '2021-08-25 13:40:51'),
(159, '68', 401, 0, 'Director Travelling', 3, 3, 1, 1, 4, '-1', '-1', 1, '2021-08-30 17:27:36', '2021-08-30 17:27:36'),
(160, '159', 40101, 1, 'RHN Travelling', 4, 3, 1, 1, 4, 'f9d0b90d-631a-4f45-982c-d8223bd65c0d', '-1', 1, '2021-08-30 17:27:58', '2021-08-30 17:27:58'),
(161, '159', 40102, 1, 'Sams Travelling', 4, 3, 1, 1, 4, 'f9d0b90d-631a-4f45-982c-d8223bd65c0d', '-1', 1, '2021-08-30 17:34:11', '2021-08-30 17:34:11'),
(162, '74', 29, 1, 'Deom', NULL, NULL, 1, 1, 1, 'f9d0b90d-631a-4f45-982c-d8223bd65c0d', NULL, 0, NULL, NULL),
(163, '74', 30, 1, 'Deom', NULL, NULL, 1, 1, 1, 'f9d0b90d-631a-4f45-982c-d8223bd65c0d', NULL, 0, NULL, NULL),
(164, '74', 31, 1, 'Deom', NULL, NULL, 1, 1, 1, 'f9d0b90d-631a-4f45-982c-d8223bd65c0d', NULL, 0, NULL, NULL),
(165, '74', 32, 1, 'Deom', NULL, NULL, 1, 1, 1, 'f9d0b90d-631a-4f45-982c-d8223bd65c0d', NULL, 0, NULL, NULL),
(166, '74', 33, 1, 'Deom', NULL, NULL, 1, 1, 1, 'f9d0b90d-631a-4f45-982c-d8223bd65c0d', NULL, 0, NULL, NULL),
(167, '74', 34, 1, 'Deom', NULL, NULL, 1, 1, 1, 'f9d0b90d-631a-4f45-982c-d8223bd65c0d', NULL, 0, NULL, NULL),
(168, '74', 35, 1, 'Deom', NULL, NULL, 1, 1, 1, 'f9d0b90d-631a-4f45-982c-d8223bd65c0d', NULL, 0, NULL, NULL),
(169, '74', 36, 1, 'Deom', NULL, NULL, 1, 1, 1, 'f9d0b90d-631a-4f45-982c-d8223bd65c0d', NULL, 0, NULL, NULL),
(170, '74', 37, 1, 'Deom', NULL, NULL, 1, 1, 1, 'f9d0b90d-631a-4f45-982c-d8223bd65c0d', NULL, 0, NULL, NULL),
(171, '74', 38, 1, 'Deom', NULL, NULL, 1, 1, 1, 'f9d0b90d-631a-4f45-982c-d8223bd65c0d', NULL, 0, NULL, NULL),
(172, '74', 39, 1, 'Evergreen Traders 001', NULL, NULL, 1, 1, 1, 'f9d0b90d-631a-4f45-982c-d8223bd65c0d', NULL, 0, NULL, NULL),
(173, '74', 40, 1, 'adfa', NULL, NULL, 1, 1, 1, 'f9d0b90d-631a-4f45-982c-d8223bd65c0d', NULL, 0, NULL, NULL),
(174, '74', 41, 1, 'adsfasdf', NULL, NULL, 1, 1, 1, 'f9d0b90d-631a-4f45-982c-d8223bd65c0d', NULL, 0, NULL, NULL),
(175, '74', 42, 1, 'Excellence Home Tuition', NULL, NULL, 1, 1, 1, 'f9d0b90d-631a-4f45-982c-d8223bd65c0d', NULL, 0, NULL, NULL),
(176, '1', 2342134, 0, 'Rizwan Haider', 2, 3, 1, 1, 1, '-1', '-1', 1, '2022-07-28 07:59:54', '2022-07-28 07:59:54'),
(177, '9', 2500, 1, 'Bank Al Habeeb', 5, 3, 1, 1, 1, 'f9d0b90d-631a-4f45-982c-d8223bd65c0d', '-1', 1, '2022-07-28 08:06:14', '2022-07-28 08:06:14'),
(178, '7', 744, 0, 'Panama Assets', 3, 3, 1, 1, 1, '-1', '-1', 1, '2022-07-28 08:13:12', '2022-07-28 08:13:12'),
(179, '9', 2542, 1, 'HBL', 5, 3, 1, 1, 1, 'f9d0b90d-631a-4f45-982c-d8223bd65c0d', '-1', 1, '2022-07-28 08:31:18', '2022-07-28 08:31:18'),
(180, '9', 123456, 1, 'Summit Bank', 5, 3, 1, 1, 1, 'f9d0b90d-631a-4f45-982c-d8223bd65c0d', '-1', 1, '2022-07-28 08:31:43', '2022-07-28 08:31:43'),
(181, '9', 123456, 1, 'Summit Bank', 5, 3, 1, 1, 1, 'f9d0b90d-631a-4f45-982c-d8223bd65c0d', '-1', 1, '2022-07-28 08:32:20', '2022-07-28 08:32:20'),
(182, '9', 32423, 1, 'Bank 011', 5, 3, 1, 1, 1, 'f9d0b90d-631a-4f45-982c-d8223bd65c0d', '-1', 1, '2022-07-28 08:32:54', '2022-07-28 08:32:54'),
(183, '176', 2, 1, 'Hussain Abbas', 3, 3, 1, 1, 1, 'f9d0b90d-631a-4f45-982c-d8223bd65c0d', '-1', 1, '2022-07-28 08:42:55', '2022-07-28 08:42:55'),
(184, '176', 2331, 1, 'Baqar 01aaa1', 3, 3, 1, 1, 1, 'f9d0b90d-631a-4f45-982c-d8223bd65c0d', '-1', 1, '2022-07-28 08:44:16', '2022-07-28 08:44:16'),
(185, '176', 21, 1, 'Baqar33aaa22', 3, 3, 1, 1, 1, 'f9d0b90d-631a-4f45-982c-d8223bd65c0d', '-1', 1, '2022-07-28 08:45:35', '2022-07-28 08:45:35'),
(186, '176', 233, 1, 'Baqar Baba g', 3, 3, 1, 1, 1, 'f9d0b90d-631a-4f45-982c-d8223bd65c0d', '-1', 1, '2022-07-28 08:45:45', '2022-07-28 08:45:45'),
(187, '176', 23232, 1, 'qewr25a', 3, 3, 1, 1, 1, 'f9d0b90d-631a-4f45-982c-d8223bd65c0d', '-1', 1, '2022-07-28 10:05:17', '2022-07-28 10:05:17'),
(188, '176', 23232, 1, 'one-on-one', 3, 3, 1, 1, 1, 'f9d0b90d-631a-4f45-982c-d8223bd65c0d', '-1', 1, '2022-07-28 10:05:36', '2022-07-28 10:05:36'),
(189, '176', 23232, 1, 'two2two', 3, 3, 1, 1, 1, 'f9d0b90d-631a-4f45-982c-d8223bd65c0d', '-1', 1, '2022-07-28 10:05:44', '2022-07-28 10:05:44'),
(190, '4', 234, 1, 'sadfasdf', 2, 3, 1, 1, 4, 'f9d0b90d-631a-4f45-982c-d8223bd65c0d', '-1', 1, '2022-08-22 15:05:38', '2022-08-22 15:05:38'),
(191, '4', 234, 1, 'sadfasdf', 2, 3, 1, 1, 4, 'f9d0b90d-631a-4f45-982c-d8223bd65c0d', '-1', 1, '2022-08-22 15:05:38', '2022-08-22 15:05:38'),
(192, '4', 234, 1, 'sdfsdf', 2, 3, 1, 1, 4, 'f9d0b90d-631a-4f45-982c-d8223bd65c0d', '-1', 1, '2022-08-22 15:05:47', '2022-08-22 15:05:47'),
(193, '4', 343, 1, 'ewrwer', 2, 3, 1, 1, 4, 'f9d0b90d-631a-4f45-982c-d8223bd65c0d', '-1', 1, '2022-08-22 15:06:24', '2022-08-22 15:06:24'),
(194, '16', 103, 1, 'riz 02101', 4, 3, 1, 1, 1, 'f9d0b90d-631a-4f45-982c-d8223bd65c0d', '-1', 1, '2022-08-23 10:57:02', '2022-08-23 10:57:02'),
(195, '16', 410, 1, 'four ten eleven', 4, 3, 1, 1, 1, 'f9d0b90d-631a-4f45-982c-d8223bd65c0d', '-1', 1, '2022-08-23 11:05:47', '2022-08-23 11:05:47'),
(196, '16', 204, 1, 'vin a vin', 4, 3, 1, 1, 1, 'f9d0b90d-631a-4f45-982c-d8223bd65c0d', '-1', 1, '2022-08-23 11:06:56', '2022-08-23 11:06:56'),
(197, '9', 9522, 1, 'Standered Charted bank', 5, 3, 1, 1, 1, 'f9d0b90d-631a-4f45-982c-d8223bd65c0d', '-1', 1, '2022-11-25 14:03:08', '2022-11-25 14:03:08'),
(198, '112', 33, 1, 'frfrr', 3, 3, 1, 1, 4, 'f9d0b90d-631a-4f45-982c-d8223bd65c0d', '-1', 1, '2022-11-26 15:59:17', '2022-11-26 15:59:17');

-- --------------------------------------------------------

--
-- Table structure for table `fs_daily_recovery`
--

CREATE TABLE `fs_daily_recovery` (
  `id` varchar(36) COLLATE utf8mb4_unicode_ci NOT NULL,
  `month` int(11) DEFAULT NULL,
  `number` int(11) DEFAULT NULL,
  `date` date DEFAULT NULL,
  `type` int(11) DEFAULT NULL,
  `status` varchar(15) COLLATE utf8mb4_unicode_ci DEFAULT NULL,
  `trm_id` varchar(36) COLLATE utf8mb4_unicode_ci DEFAULT NULL,
  `received_coa_id` varchar(36) COLLATE utf8mb4_unicode_ci DEFAULT NULL,
  `cheque_no` varchar(25) COLLATE utf8mb4_unicode_ci DEFAULT NULL,
  `cst_coa_id` varchar(36) COLLATE utf8mb4_unicode_ci DEFAULT NULL,
  `ref_no` varchar(36) COLLATE utf8mb4_unicode_ci DEFAULT NULL,
  `amount` decimal(12,5) DEFAULT NULL,
  `description` varchar(100) COLLATE utf8mb4_unicode_ci DEFAULT NULL,
  `user_id` int(11) DEFAULT NULL,
  `company_id` varchar(36) COLLATE utf8mb4_unicode_ci DEFAULT NULL,
  `created_at` timestamp NULL DEFAULT NULL,
  `updated_at` timestamp NULL DEFAULT NULL
) ENGINE=InnoDB DEFAULT CHARSET=utf8mb4 COLLATE=utf8mb4_unicode_ci;

--
-- Dumping data for table `fs_daily_recovery`
--

INSERT INTO `fs_daily_recovery` (`id`, `month`, `number`, `date`, `type`, `status`, `trm_id`, `received_coa_id`, `cheque_no`, `cst_coa_id`, `ref_no`, `amount`, `description`, `user_id`, `company_id`, `created_at`, `updated_at`) VALUES
('1d60fffd-8ad1-4b09-9ebe-fac0cfb05ffe', 2021, 19, '2021-04-12', 1, 'cleared', '860422cd-d3b8-4191-abc3-c2214584df3f', '152', NULL, '149', '3917625734', '300000.00000', 'Aiman Foods	Prime Corporation	00027900371055\r\nGhaarho', NULL, 'f9d0b90d-631a-4f45-982c-d8223bd65c0d', '2021-06-28 11:45:35', '2021-06-28 11:53:31'),
('58a806a1-aea6-49da-bcfe-a2badbeb810e', 2021, 15, '2021-04-07', 1, 'cleared', '6dba7610-c317-4376-afff-28dc8c4dfc80', '152', NULL, '147', NULL, '75000.00000', 'Publico Printers	Kamran Afzal	02370101381386\r\nSlip # NA Khairpur', NULL, 'f9d0b90d-631a-4f45-982c-d8223bd65c0d', '2021-06-28 11:16:38', '2021-06-28 11:52:58'),
('5ec628f8-eed2-4c42-b7f7-353c58de1c47', 2021, 17, '2021-04-12', 3, 'cleared', '1f3ecc5e-bf2c-4c2a-8298-0307f9cb7667', '95', 'NA', '135', NULL, '100000.00000', 'Everyday Food	Everyday Food Industries	16020104870774\r\nSlip # 2312316	Larkana', NULL, 'f9d0b90d-631a-4f45-982c-d8223bd65c0d', '2021-06-28 11:43:08', '2021-06-28 11:53:14'),
('6010e08b-00a7-4dde-9366-4d4c33e6759b', 2021, 7, '2021-03-24', 1, 'cleared', 'd7063b24-fa5a-4008-ad72-7a6a2878c0b8', '152', NULL, '147', NULL, '100000.00000', 'Trust Pack Pvt Ltd	WS Traders	04427901635203\r\nSlip # 3822005128	Mobile', NULL, 'f9d0b90d-631a-4f45-982c-d8223bd65c0d', '2021-06-21 08:24:42', NULL),
('64e5f5c3-b215-43eb-ad51-0ecdb6e6009a', 2021, 12, '2021-04-02', 1, 'cleared', '9265566d-238f-466b-895f-694162ca3f51', '152', NULL, '146', NULL, '650000.00000', 'Aiman Foods	Prime Corporation	1163777341003928\r\nSlip # 1256214	Chaagi', NULL, 'f9d0b90d-631a-4f45-982c-d8223bd65c0d', '2021-06-28 11:12:58', '2021-06-28 11:52:35'),
('7e74271e-7530-49fd-a7f7-5c06154583c3', 2021, 11, '2021-04-01', 1, 'cleared', '6c171419-93e6-4815-b3d6-af5cebab93f6', '152', NULL, '135', NULL, '200000.00000', 'Aiman Foods	Prime Corporation	00027900371055\r\nSlip # 1372228', NULL, 'f9d0b90d-631a-4f45-982c-d8223bd65c0d', '2021-06-28 11:11:32', NULL),
('7ea8c0ff-3c91-4e14-a21c-b47dd6951f53', 2021, 25, '2021-04-30', 1, 'cleared', 'e660e043-876a-433a-8184-bc500b33084b', '152', NULL, '147', '5206041', '119700.00000', 'Everyday Food	Everyday Food Industries	16020104870774\r\nLarkana', NULL, 'f9d0b90d-631a-4f45-982c-d8223bd65c0d', '2021-06-28 11:49:55', '2021-06-28 11:54:07'),
('88c55c05-069f-465b-abbd-fef9cbc68748', 2021, 3, '2021-03-16', 1, 'cleared', '8f5a3295-bdb7-4cb3-8e08-7ff94664c8ad', '152', NULL, '144', NULL, '91000.00000', 'Trust Pack Pvt Ltd	WS Traders	0477001006975016\r\nSlip # 3076299	Hyderabad', NULL, 'f9d0b90d-631a-4f45-982c-d8223bd65c0d', '2021-06-21 08:10:43', NULL),
('8cf5a2fb-0677-4167-8838-1e8b1e7b0eba', 2021, 1, '2021-03-11', 1, 'cleared', 'a31bfeb3-bcde-4400-b463-71d91ab9f369', '152', NULL, '144', NULL, '100000.00000', 'Trust Pack Pvt Ltd	WS Traders	0477001006975016\r\nSlip # 3967664	Hyderabad', NULL, 'f9d0b90d-631a-4f45-982c-d8223bd65c0d', '2021-06-21 08:04:24', NULL),
('8f05d0b2-2ff4-47de-8deb-093179dac967', 2021, 16, '2021-04-12', 1, 'cleared', '1d596879-2427-475f-8c82-909f0d6ff0a2', '152', NULL, '135', NULL, '100000.00000', 'Aiman Foods	Prime Corporation	00027900371055\r\nSlip # 3157267	Nasirabad', NULL, 'f9d0b90d-631a-4f45-982c-d8223bd65c0d', '2021-06-28 11:17:18', '2021-06-28 11:53:04'),
('8f298fea-d76a-417c-a428-d2d6a1145145', 2021, 5, '2021-03-22', 1, 'cleared', '730f9cba-87ce-4824-8cdf-a648a018939d', '152', NULL, '144', NULL, '70000.00000', 'Trust Pack Pvt Ltd	WS Traders	0477001006975016\r\nSlip # Trx 210810120573014	Hyderabad', NULL, 'f9d0b90d-631a-4f45-982c-d8223bd65c0d', '2021-06-21 08:20:00', NULL),
('968099eb-7fbd-4457-8b28-0d5239627307', 2021, 8, '2021-03-25', 1, 'cleared', '864681ad-cc52-4e3f-95ef-84ddb9962f18', '152', NULL, '146', NULL, '100000.00000', 'Aiman Foods	Prime Corporation	00027900371055\r\nSlip # 7552350	Khuzdar', NULL, 'f9d0b90d-631a-4f45-982c-d8223bd65c0d', '2021-06-21 08:25:30', NULL),
('9a17f6b6-57be-4096-8e68-92e9cdf7714f', 2021, 13, '2021-04-05', 1, 'cleared', '86ac0cf8-bdbe-45e2-943c-3bbfed1a45ea', '152', NULL, '135', NULL, '93000.00000', 'Aiman Foods	Prime Corporation	1163777341003928\r\nSlip # 1972833	D.M.Jamali', NULL, 'f9d0b90d-631a-4f45-982c-d8223bd65c0d', '2021-06-28 11:13:55', '2021-06-28 11:52:43'),
('9f38d549-e30b-49bb-a4ab-4ab6747f475b', 2021, 21, '2021-04-16', 1, 'cleared', '988602a0-4538-4327-ac0a-d9a1b944621e', '152', NULL, '149', '3936369742', '190000.00000', 'Aiman Foods	Prime Corporation	00027900371055\r\nMobile Banking', NULL, 'f9d0b90d-631a-4f45-982c-d8223bd65c0d', '2021-06-28 11:47:14', '2021-06-28 11:53:44'),
('b44a2ab8-8af0-42b1-830c-48306ac8d7cb', 2021, 2, '2021-03-16', 1, 'cleared', '4f797c36-9c2f-46dd-bbd7-73b42ab070e1', '152', NULL, '144', NULL, '200000.00000', 'Trust Pack Pvt Ltd	WS Traders	0477001006975016\r\nSlip # 3448487	Hyderabad', NULL, 'f9d0b90d-631a-4f45-982c-d8223bd65c0d', '2021-06-21 08:09:48', NULL),
('b828d6d5-a30b-4aec-b0ea-d06ff2396f79', 2021, 23, '2021-04-28', 1, 'cleared', 'feb79084-e773-40c3-8b8b-3d0566473b9c', '152', NULL, '135', '3539949', '299550.00000', 'Trust Pack Pvt Ltd	WS Traders	04427901635203', NULL, 'f9d0b90d-631a-4f45-982c-d8223bd65c0d', '2021-06-28 11:48:43', '2021-06-28 11:53:56'),
('babb0891-575a-4e1e-8ed2-9ddba6404133', 2021, 14, '2021-04-07', 1, 'cleared', 'a8d7a34e-5c89-476f-a722-510a59232d66', '152', NULL, '144', NULL, '100000.00000', 'Publico Printers	Kamran Afzal	02370101381386\r\nSlip # 1399584	Hyderabad', NULL, 'f9d0b90d-631a-4f45-982c-d8223bd65c0d', '2021-06-28 11:15:54', '2021-06-28 11:52:50'),
('bc0a5493-fede-4a49-ad94-31bb7039678e', 2021, 6, '2021-03-24', 1, 'cleared', 'c726f55b-6190-4571-bf76-467d36ae16de', '152', NULL, '148', NULL, '1200000.00000', 'Trust Pack Pvt Ltd	WS Traders	02160104450949\r\nSlip # 0045248	Quetta', NULL, 'f9d0b90d-631a-4f45-982c-d8223bd65c0d', '2021-06-21 08:23:38', NULL),
('bca6acec-6c09-4602-9c5f-8e9f3973caba', 2021, 9, '2021-03-31', 1, 'cleared', '122164d9-161e-4752-92ca-930e64fd826c', '152', NULL, '144', NULL, '100000.00000', 'Aiman Foods	Prime Corporation	01140104366919\r\nSlip # 0286592	Hyderabad', NULL, 'f9d0b90d-631a-4f45-982c-d8223bd65c0d', '2021-06-21 08:32:13', NULL),
('bec5ffa2-2d7d-4e57-adc6-1bcd9f3b3d9d', 2021, 18, '2021-04-12', 3, 'cleared', '7c85b4d6-efae-46d6-9060-dcf48f4aa01b', '95', NULL, '140', NULL, '200000.00000', 'Everyday Food Industries	16020104870774\r\nSlip # NA Nawabshah', NULL, 'f9d0b90d-631a-4f45-982c-d8223bd65c0d', '2021-06-28 11:44:10', '2021-06-28 11:53:21'),
('c12f968e-dab2-412f-aa12-4c348d4d5aa9', 2021, 22, '2021-04-16', 1, 'cleared', '366fb663-529b-4db4-88e7-828733744317', '152', NULL, '149', '1116247705', '50000.00000', 'Aiman Foods	Prime Corporation	00027900371055\r\nMobile Banking', NULL, 'f9d0b90d-631a-4f45-982c-d8223bd65c0d', '2021-06-28 11:47:54', '2021-06-28 11:53:51'),
('c24f97af-1711-457c-9153-968bb28a5c36', 2021, 20, '2021-04-15', 1, 'cleared', 'f6124af4-c0aa-433e-8b90-f9324fb6c33a', '152', NULL, '144', NULL, '50000.00000', 'Aiman Foods	Prime Corporation	01140104366919\r\nMobile Banking', NULL, 'f9d0b90d-631a-4f45-982c-d8223bd65c0d', '2021-06-28 11:46:26', '2021-06-28 11:53:38'),
('d0e9544d-2666-45df-b095-442eac789387', 2021, 10, '2021-03-31', 1, 'cleared', 'f84cfc69-1746-439e-b46a-4d77879d5e2d', '152', NULL, '144', NULL, '300000.00000', 'Aiman Foods	Prime Corporation	01140104366919\r\nSlip # 1399584	Hyderabad', NULL, 'f9d0b90d-631a-4f45-982c-d8223bd65c0d', '2021-06-21 08:33:05', NULL),
('ec94f064-3abf-4787-b902-33d9f23453cc', 2021, 4, '2021-03-17', 1, 'cleared', 'ea772e49-e1bc-4388-a694-7b7ff45cfc5f', '152', NULL, '144', NULL, '30000.00000', 'Trust Pack Pvt Ltd	WS Traders	0477001006975016\r\nSlip # 3076360	Hyderabad', NULL, 'f9d0b90d-631a-4f45-982c-d8223bd65c0d', '2021-06-21 08:11:26', NULL),
('f058c18c-7fae-4ad2-a2d6-ff7969e55e7f', 2021, 24, '2021-04-28', 1, 'cleared', 'e14c0cc3-a1ae-47b8-b1a4-398f13aef999', '152', NULL, '135', '4124279', '100000.00000', 'Trust Pack Pvt Ltd	WS Traders	04427901635203\r\nNasirabad', NULL, 'f9d0b90d-631a-4f45-982c-d8223bd65c0d', '2021-06-28 11:49:18', '2021-06-28 11:54:02');

-- --------------------------------------------------------

--
-- Table structure for table `fs_invoice_payments`
--

CREATE TABLE `fs_invoice_payments` (
  `id` varchar(255) COLLATE utf8mb4_unicode_ci NOT NULL,
  `date` date DEFAULT NULL,
  `month` int(11) DEFAULT NULL,
  `number` int(11) DEFAULT NULL,
  `type` int(11) DEFAULT NULL,
  `coa_id` int(11) DEFAULT NULL,
  `cheque_no` int(11) DEFAULT NULL,
  `ven_coa_id` int(11) DEFAULT NULL,
  `note` varchar(200) COLLATE utf8mb4_unicode_ci DEFAULT NULL,
  `trm_id` varchar(36) COLLATE utf8mb4_unicode_ci DEFAULT NULL,
  `cur_id` varchar(255) COLLATE utf8mb4_unicode_ci DEFAULT NULL,
  `rate` varchar(255) COLLATE utf8mb4_unicode_ci DEFAULT NULL,
  `company_id` varchar(36) COLLATE utf8mb4_unicode_ci DEFAULT NULL,
  `lock_status` varchar(10) COLLATE utf8mb4_unicode_ci DEFAULT NULL,
  `status` varchar(10) COLLATE utf8mb4_unicode_ci DEFAULT NULL,
  `amount` decimal(12,5) DEFAULT NULL,
  `advance_amount` decimal(12,5) DEFAULT NULL,
  `created_at` timestamp NULL DEFAULT NULL,
  `updated_at` timestamp NULL DEFAULT NULL
) ENGINE=InnoDB DEFAULT CHARSET=utf8mb4 COLLATE=utf8mb4_unicode_ci;

--
-- Dumping data for table `fs_invoice_payments`
--

INSERT INTO `fs_invoice_payments` (`id`, `date`, `month`, `number`, `type`, `coa_id`, `cheque_no`, `ven_coa_id`, `note`, `trm_id`, `cur_id`, `rate`, `company_id`, `lock_status`, `status`, `amount`, `advance_amount`, `created_at`, `updated_at`) VALUES
('dbb6335b-8e63-46dc-bc52-cf072d00e068', '2021-08-05', 2021, 1, 4, 95, NULL, NULL, 'ddd', '072b06c1-05a0-4596-b8cc-a07998af5a77', NULL, NULL, 'f9d0b90d-631a-4f45-982c-d8223bd65c0d', NULL, NULL, '122.00000', '122.00000', '2021-08-07 04:45:29', '2021-08-07 04:45:29'),
('9b97ccbe-5bb6-45ce-beed-c4839573bfc8', '2021-08-07', 2021, 2, 2, 94, NULL, 151, 'payment pulico printers', 'b22609af-bae8-4866-9602-247cf79d87a4', NULL, NULL, 'f9d0b90d-631a-4f45-982c-d8223bd65c0d', NULL, NULL, '12000.00000', '0.00000', '2021-08-07 04:39:45', '2021-08-07 04:39:45'),
('bc36ffcc-7df0-4c94-8208-591852803a6d', '2021-08-07', 2021, 3, 2, 106, NULL, NULL, NULL, '032d6f6e-b3d3-4b00-a483-73800c027a08', NULL, NULL, 'f9d0b90d-631a-4f45-982c-d8223bd65c0d', NULL, NULL, '2300.00000', '120.00000', '2021-08-07 04:33:10', '2021-08-07 04:33:10');

-- --------------------------------------------------------

--
-- Table structure for table `fs_invoice_payment_details`
--

CREATE TABLE `fs_invoice_payment_details` (
  `id` varchar(36) COLLATE utf8mb4_unicode_ci NOT NULL,
  `inp_id` varchar(36) COLLATE utf8mb4_unicode_ci DEFAULT NULL,
  `inv_id` varchar(36) COLLATE utf8mb4_unicode_ci DEFAULT NULL,
  `inv_date` date DEFAULT NULL,
  `amount` decimal(12,5) DEFAULT NULL,
  `cur_id` varchar(255) COLLATE utf8mb4_unicode_ci DEFAULT NULL,
  `rate` varchar(255) COLLATE utf8mb4_unicode_ci DEFAULT NULL,
  `received` decimal(12,5) DEFAULT NULL,
  `balance` decimal(12,5) DEFAULT NULL
) ENGINE=InnoDB DEFAULT CHARSET=utf8mb4 COLLATE=utf8mb4_unicode_ci;

--
-- Dumping data for table `fs_invoice_payment_details`
--

INSERT INTO `fs_invoice_payment_details` (`id`, `inp_id`, `inv_id`, `inv_date`, `amount`, `cur_id`, `rate`, `received`, `balance`) VALUES
('fdf2488e-da73-4708-810b-b358a95de87e', 'bc36ffcc-7df0-4c94-8208-591852803a6d', '3f77247a-cbac-4107-906f-ca74f1251a62', '2021-08-07', '3432.50000', NULL, NULL, '2300.00000', '1132.50000'),
('07d3972b-8470-4f88-b4ac-18136e6a41ed', 'dbb6335b-8e63-46dc-bc52-cf072d00e068', '3f77247a-cbac-4107-906f-ca74f1251a62', '2021-08-07', '1132.50000', NULL, NULL, '120.00000', '1012.50000');

-- --------------------------------------------------------

--
-- Table structure for table `fs_invoice_received`
--

CREATE TABLE `fs_invoice_received` (
  `id` varchar(255) COLLATE utf8mb4_unicode_ci NOT NULL,
  `date` date DEFAULT NULL,
  `month` int(11) DEFAULT NULL,
  `number` int(11) DEFAULT NULL,
  `type` int(11) DEFAULT NULL,
  `coa_id` int(11) DEFAULT NULL,
  `cur_id` varchar(255) COLLATE utf8mb4_unicode_ci DEFAULT NULL,
  `rate` varchar(255) COLLATE utf8mb4_unicode_ci DEFAULT NULL,
  `cheque_no` varchar(50) COLLATE utf8mb4_unicode_ci DEFAULT NULL,
  `cst_coa_id` int(11) DEFAULT NULL,
  `note` varchar(200) COLLATE utf8mb4_unicode_ci DEFAULT NULL,
  `trm_id` varchar(36) COLLATE utf8mb4_unicode_ci DEFAULT NULL,
  `company_id` varchar(36) COLLATE utf8mb4_unicode_ci DEFAULT NULL,
  `lock_status` varchar(10) COLLATE utf8mb4_unicode_ci DEFAULT NULL,
  `status` varchar(10) COLLATE utf8mb4_unicode_ci DEFAULT NULL,
  `amount` decimal(12,5) DEFAULT NULL,
  `advance_amount` decimal(12,5) DEFAULT NULL,
  `created_at` timestamp NULL DEFAULT NULL,
  `updated_at` timestamp NULL DEFAULT NULL
) ENGINE=InnoDB DEFAULT CHARSET=utf8mb4 COLLATE=utf8mb4_unicode_ci;

--
-- Dumping data for table `fs_invoice_received`
--

INSERT INTO `fs_invoice_received` (`id`, `date`, `month`, `number`, `type`, `coa_id`, `cur_id`, `rate`, `cheque_no`, `cst_coa_id`, `note`, `trm_id`, `company_id`, `lock_status`, `status`, `amount`, `advance_amount`, `created_at`, `updated_at`) VALUES
('8d67f9db-e076-44a7-836f-809db8187878', '2021-01-15', 2021, 1, 1, 152, NULL, NULL, NULL, 135, 'Pay To WS Traders Paper HBL', 'b94c0147-ed5c-45b2-a96f-91eeb01599b9', 'f9d0b90d-631a-4f45-982c-d8223bd65c0d', '', '', '500000.00000', '0.00000', '2021-06-20 06:04:55', NULL),
('f4da976c-afca-4c0e-880d-58bab356d736', '2021-02-09', 2021, 2, 1, 152, NULL, NULL, NULL, 135, 'Pay To: W.S Traders (Paper Payment( HBL)', 'ac305c19-dc68-4057-b221-85bb644ea264', 'f9d0b90d-631a-4f45-982c-d8223bd65c0d', '', '', '250000.00000', NULL, '2021-06-20 06:20:52', NULL),
('83645736-0aca-4ac7-a5a9-bc730d6d7ee0', '2021-02-17', 2021, 3, 1, 152, NULL, NULL, NULL, 136, 'Pay To: Prime Corporation HBL ( Aiman Foods) Slip # 759463 From Panjgoor', 'f09b472f-bdfb-4976-b295-97c6251c93e2', 'f9d0b90d-631a-4f45-982c-d8223bd65c0d', '', '', '500000.00000', NULL, '2021-06-20 06:33:44', NULL),
('f54db1a0-e281-410c-91e3-02ea366ecbe3', '2021-02-18', 2021, 4, 3, 95, NULL, NULL, NULL, 137, 'MZN Slip # 6962737', 'a5192442-4782-4366-b899-ae9876cb5fbe', 'f9d0b90d-631a-4f45-982c-d8223bd65c0d', '', '', '100000.00000', NULL, '2021-06-20 06:37:25', NULL),
('bc05eb12-a6e2-44cd-9d87-adea9dd13a35', '2021-02-18', 2021, 5, 1, 152, NULL, NULL, NULL, 135, 'Pay To: Prime Corporation (Aiman Foods) Slip # 2981056 ( Acc #00027900371055)', '3a6852d5-a378-4712-91b5-a0ed5d5b1eb5', 'f9d0b90d-631a-4f45-982c-d8223bd65c0d', '', '', '200000.00000', NULL, '2021-06-20 06:39:58', NULL),
('15a7987d-2452-4432-ac7f-e6790cbf9195', '2021-02-18', 2021, 6, 1, 152, NULL, NULL, NULL, 136, 'Trust Pack Pvt Ltd	Nature Harvest Pvt Ltd	02160104360203	MBL', '843923e0-2534-4997-89d1-26a83379a11f', 'f9d0b90d-631a-4f45-982c-d8223bd65c0d', '', '', '300000.00000', NULL, '2021-06-20 06:42:15', NULL),
('a4e0dfd3-adb9-4c95-9d5c-875e274293a5', '2021-02-19', 2021, 7, 1, 152, NULL, NULL, NULL, 135, 'Paper	Trust Pack Pvt Ltd	SW Enterprise	1589790997403	HBL\r\nSlip # 1230273 From Qamber', 'dd107831-21ce-4ce7-9be3-f1ea94be5a98', 'f9d0b90d-631a-4f45-982c-d8223bd65c0d', '', '', '600000.00000', NULL, '2021-06-20 06:44:20', NULL),
('bff03b48-74d3-4fe6-8b9d-426d65159ccf', '2021-02-22', 2021, 8, 1, 152, NULL, NULL, NULL, 136, 'Trust Pack Pvt Ltd	Nature Harvest Pvt Ltd	0104360203	MBL\r\nSlip # 9138311 Dukki', 'abe404da-ce82-4f9f-87bf-e31422bdf4f5', 'f9d0b90d-631a-4f45-982c-d8223bd65c0d', '', '', '150000.00000', NULL, '2021-06-20 06:46:20', NULL),
('d0534bb8-a755-4691-ab00-bd2e09866106', '2021-02-22', 2021, 9, 1, 152, NULL, NULL, NULL, 136, 'Trust Pack Pvt Ltd	Nature Harvest Pvt Ltd	0104360203	MBL\r\n1504470	Chaman', 'c20ab7fa-376d-40ce-99eb-0d6a740906cc', 'f9d0b90d-631a-4f45-982c-d8223bd65c0d', '', '', '122500.00000', NULL, '2021-06-20 06:47:10', NULL),
('7775751a-4827-4631-8004-1635102de978', '2021-02-23', 2021, 10, 1, 152, NULL, NULL, NULL, 135, 'Trust Pack Pvt Ltd	SW Enterprise	1589790997403	HBL\r\nSlip # 2961358	Nasirabad', '8ab5773f-03e6-4650-9917-21c836a538fa', 'f9d0b90d-631a-4f45-982c-d8223bd65c0d', '', '', '200000.00000', NULL, '2021-06-20 06:48:21', NULL),
('52d8d819-78cb-4365-8b39-5351e6297d03', '2021-03-01', 2021, 11, 1, 152, NULL, NULL, NULL, 135, 'Trust Pack Pvt Ltd	SW Enterprise	1589790997403\r\n3155362	Nasirabad', 'c9b2c161-db23-4e84-acd7-f26d5239eb75', 'f9d0b90d-631a-4f45-982c-d8223bd65c0d', '', '', '400000.00000', NULL, '2021-06-21 06:03:46', NULL),
('55b9ca63-251a-4e24-aea8-38c32a9d7d3a', '2021-03-02', 2021, 12, 1, 152, NULL, NULL, NULL, 135, 'Trust Pack Pvt Ltd	WS Traders	04427901635203\r\n5847675	Mehar', 'f32a08ec-699f-4aed-b1f4-f9df8ce53c1a', 'f9d0b90d-631a-4f45-982c-d8223bd65c0d', '', '', '150000.00000', NULL, '2021-06-21 06:04:43', NULL),
('e2ce051b-8037-4d82-bd62-a319d17398a1', '2021-03-02', 2021, 13, 1, 152, NULL, NULL, NULL, 135, 'Trust Pack Pvt Ltd	WS Traders	04427901635203\r\nSLip # 741565	Kakar', 'c77e67f1-550f-4cf5-8229-bd9d0e2920fe', 'f9d0b90d-631a-4f45-982c-d8223bd65c0d', '', '', '200000.00000', '200000.00000', '2021-06-21 06:05:01', '2021-06-21 06:06:35'),
('287d1eba-61e0-4d3c-a3ca-695edcf53948', '2021-03-04', 2021, 14, 1, 152, NULL, NULL, NULL, 135, 'Aiman Foods	Prime Corporation	00027900371055\r\nSlip # Mobile Acct', 'f9d4f55d-25b3-410f-8cf7-3621760002a2', 'f9d0b90d-631a-4f45-982c-d8223bd65c0d', '', '', '200000.00000', NULL, '2021-06-21 06:09:02', NULL),
('f5bf9e44-31a6-4953-91ab-e89fd552846d', '2021-03-04', 2021, 15, 1, 152, NULL, NULL, NULL, 135, 'Aiman Foods	Prime Corporation	00027900371055\r\nSlip # 727618	Larkana', 'cbca026f-edb3-4bc4-ada5-16debcd056f2', 'f9d0b90d-631a-4f45-982c-d8223bd65c0d', '', '', '200000.00000', NULL, '2021-06-21 06:09:43', NULL),
('8eb875ea-3ff9-46dd-9a03-48a040a00c1d', '2021-03-04', 2021, 16, 1, 152, NULL, NULL, NULL, 137, 'Publico Printers	Kamran Afzal	02370101381386\r\nSlip # NA Multan', 'bc2e3a89-db69-432b-987e-fd3048b02fb5', 'f9d0b90d-631a-4f45-982c-d8223bd65c0d', '', '', '50000.00000', NULL, '2021-06-21 06:10:40', NULL),
('2156d1dd-c2b2-4940-9a0d-314603871e71', '2021-03-05', 2021, 17, 1, 152, NULL, NULL, NULL, 135, 'Publico Printers	Kamran Afzal	55150115000013010\r\nSlip # 256894	Ratodero', 'c9a06366-22ed-4d01-8ba6-1c9debd9ef9c', 'f9d0b90d-631a-4f45-982c-d8223bd65c0d', '', '', '50000.00000', NULL, '2021-06-21 06:11:24', NULL),
('9320bb8f-c054-4aab-9823-a05bee92cc9b', '2021-03-05', 2021, 18, 1, 152, NULL, NULL, NULL, 146, 'Aiman Foods	Prime Corporation	00027900371055\r\nSlip # NA Khuzdar', '20d6f147-8ceb-4d1d-8ffc-79dea774900f', 'f9d0b90d-631a-4f45-982c-d8223bd65c0d', '', '', '400000.00000', '400000.00000', '2021-06-21 06:12:11', NULL),
('300612c1-61d6-474f-98c8-9955ef79a126', '2021-03-09', 2021, 19, 1, 152, NULL, NULL, NULL, 144, 'Trust Pack Pvt Ltd	WS Traders	0477001006975016\r\nSlip # 3967664	Hyderabad', '2800296e-b323-4140-a7a7-058a2993f1b1', 'f9d0b90d-631a-4f45-982c-d8223bd65c0d', '', '', '200000.00000', '200000.00000', '2021-06-21 06:13:04', '2021-06-21 08:03:19'),
('f6d93187-79e6-4da9-8d57-2de7ac881779', '2021-03-05', 2021, 20, 1, 152, NULL, NULL, NULL, 144, 'Trust Pack Pvt Ltd	WS Traders	0477001006975016\r\nSLIP #3470227', '38df611e-da64-46c8-95cc-d1b45bb119fc', 'f9d0b90d-631a-4f45-982c-d8223bd65c0d', '', '', '450000.00000', '450000.00000', '2021-06-21 06:14:20', NULL),
('03d8c01a-0e9d-4c2a-ae68-7484a1ff72c3', '2021-03-12', 2021, 21, 1, 152, NULL, NULL, NULL, 145, 'Everyday Food	Everyday Food Industries	16020104870774\r\nSLIP # 7818314	Hyderabad', '26cea9d8-fad7-427c-ba11-730c421b468d', 'f9d0b90d-631a-4f45-982c-d8223bd65c0d', '', '', '289600.00000', '289600.00000', '2021-06-21 06:17:11', NULL),
('daf683e7-b6d1-456d-ac68-72332792d337', '2021-03-15', 2021, 22, 1, 152, NULL, NULL, NULL, 135, 'Publico Printers	Kamran Afzal	55150115000013010\r\nSLIP # 448243	Gambat', 'ea714be7-24dc-4dea-bbdb-02ec0a717cc4', 'f9d0b90d-631a-4f45-982c-d8223bd65c0d', '', '', '94450.00000', NULL, '2021-06-21 06:22:02', NULL),
('dc21be13-c08a-4a6e-91be-7e77f026eb0c', '2021-03-15', 2021, 23, 1, 152, NULL, NULL, NULL, 139, 'Publico Printers	Kamran Afzal	55150115000013010\r\nSlip # 7781775', '6e3dff28-d518-44da-b936-e5ace5e3ca84', 'f9d0b90d-631a-4f45-982c-d8223bd65c0d', '', '', '100000.00000', NULL, '2021-06-21 08:07:05', NULL),
('7028b0d0-b2de-4129-a91b-d6ebc7f40361', '2021-03-15', 2021, 24, 1, 152, NULL, NULL, NULL, 135, 'Aiman Foods	Prime Corporation	00027900371055\r\nSlip # 4260491	Nasirabad', '024c07ce-b71f-4790-adf0-a02443ae849c', 'f9d0b90d-631a-4f45-982c-d8223bd65c0d', '', '', '200000.00000', NULL, '2021-06-21 08:08:10', NULL),
('0609e87b-2b4c-4a0d-806f-474955ea4516', '2021-03-22', 2021, 25, 1, 152, NULL, NULL, NULL, 135, 'Trust Pack Pvt Ltd	WS Traders	04427901635203\r\nSlip # 3156116	Nasirabad', '3b3353c1-ca4e-4e1f-9688-b9e24066f51e', 'f9d0b90d-631a-4f45-982c-d8223bd65c0d', '', '', '249548.00000', NULL, '2021-06-21 08:12:52', NULL),
('ca5af595-8c8f-4d0b-a33b-b1833665dafe', '2021-03-22', 2021, 26, 1, 152, NULL, NULL, NULL, 135, 'Trust Pack Pvt Ltd	WS Traders	04427901635203\r\nSlip # 296737', 'a8727da8-c138-4916-be1c-c97dc71f3006', 'f9d0b90d-631a-4f45-982c-d8223bd65c0d', '', '', '180000.00000', NULL, '2021-06-21 08:14:10', NULL),
('9010e499-8ce6-4016-a4c4-922638c40867', '2021-03-22', 2021, 27, 1, 152, NULL, NULL, NULL, 135, 'Trust Pack Pvt Ltd	WS Traders	04427901635203\r\nSlip # 3556727	Mehar', '53715c2b-c829-4684-832c-6e53e7dd1159', 'f9d0b90d-631a-4f45-982c-d8223bd65c0d', '', '', '200000.00000', NULL, '2021-06-21 08:18:18', NULL),
('be248933-237c-427a-9727-9fcfd964ccca', '2021-03-22', 2021, 28, 1, 152, NULL, NULL, NULL, 139, 'Publico Printers	Kamran Afzal	55150115000013010\r\nSlip # 8834886	Qamber', '52e7358f-4faa-493d-8dc9-69459c3aed39', 'f9d0b90d-631a-4f45-982c-d8223bd65c0d', '', '', '100000.00000', NULL, '2021-06-21 08:20:46', NULL),
('475a701f-c977-487a-804a-d331ba265711', '2021-03-25', 2021, 29, 1, 152, NULL, NULL, NULL, 135, 'Aiman Foods	Aiman Foods & Beverages	Cash\r\nSlip # NA', '69075844-0875-483e-8194-631a61871ba1', 'f9d0b90d-631a-4f45-982c-d8223bd65c0d', '', '', '9000.00000', '9000.00000', '2021-06-21 08:26:20', NULL),
('4e3cc476-664e-49ce-a2e6-8c530f6ebdd8', '2021-03-30', 2021, 30, 1, 152, NULL, NULL, NULL, 135, 'Aiman Foods	Prime Corporation	1163777341003928\r\nSlip # 1971588', '0662bb8e-b45e-43ac-ae98-cb0404be6faf', 'f9d0b90d-631a-4f45-982c-d8223bd65c0d', '', '', '100000.00000', NULL, '2021-06-21 08:29:29', NULL),
('09cbb787-eabb-4af7-8cbd-be52e9691fd2', '2021-03-30', 2021, 31, 1, 152, NULL, NULL, NULL, 135, 'Aiman Foods	Prime Corporation	00027900371055\r\nSlip # 1327211	Radhan', '98b17ca5-4346-43fb-83f9-1ff5a45d4326', 'f9d0b90d-631a-4f45-982c-d8223bd65c0d', '', '', '220000.00000', NULL, '2021-06-21 08:30:37', NULL),
('5391300a-986f-41e8-b444-9f0c8b768489', '2021-03-31', 2021, 32, 1, 152, NULL, NULL, NULL, 135, 'Aiman Foods	Prime Corporation	00027900371055\r\nSlip # 3157046	Nasirabad', 'ff6000f4-8bbc-4b9e-a37f-1ea19adb865c', 'f9d0b90d-631a-4f45-982c-d8223bd65c0d', '', '', '200000.00000', NULL, '2021-06-21 08:31:39', NULL),
('7f29dfb7-5dc8-49ad-9e5c-37f31a6f4522', '2021-08-02', 2021, 33, 1, 94, NULL, NULL, NULL, 135, 'dddd', 'a928a504-0e56-46c6-b566-7364b29629ca', 'f9d0b90d-631a-4f45-982c-d8223bd65c0d', '', '', '35000.00000', '0.00000', '2021-08-02 08:12:50', '2021-08-02 08:13:32'),
('e8520d52-d94a-496e-816f-56705da3c6ac', '2021-08-05', 2021, 34, 1, 94, NULL, NULL, NULL, 135, 'ddddd', 'd76d7fcd-6167-4cd3-a63a-be60345d6917', 'f9d0b90d-631a-4f45-982c-d8223bd65c0d', '', '', '12220.00000', '0.00000', '2021-08-05 03:16:08', NULL),
('27d4bb20-c4c6-4e30-a8cd-3c21b7b8b7bc', '2021-08-05', 2021, 35, 1, 94, NULL, NULL, NULL, 147, 'today1', '310b7fab-8e60-4524-b9e7-ce765fb23159', 'f9d0b90d-631a-4f45-982c-d8223bd65c0d', '', '', '22110.00000', '0.00000', '2021-08-05 03:17:29', '2021-08-05 03:19:11'),
('6dac2247-dd89-4e1c-b919-ae78d072782d', '2021-08-05', 2021, 36, 6, 136, NULL, NULL, NULL, 136, 'burraque', '89d0c3db-6677-43a5-8c15-6d55eaa82707', 'f9d0b90d-631a-4f45-982c-d8223bd65c0d', '', '', '13000.00000', '0.00000', '2021-08-05 03:20:39', NULL),
('798418ed-8858-4f38-8b55-45d574014038', '2021-08-27', 2021, 37, 6, 144, NULL, NULL, NULL, 149, '-', '18903dc8-7cb3-4679-8170-0b57651dc88e', 'f9d0b90d-631a-4f45-982c-d8223bd65c0d', '', '', '21000.00000', '0.00000', '2021-08-27 13:18:47', NULL);

-- --------------------------------------------------------

--
-- Table structure for table `fs_invoice_received_details`
--

CREATE TABLE `fs_invoice_received_details` (
  `id` varchar(255) COLLATE utf8mb4_unicode_ci NOT NULL,
  `inr_id` varchar(36) COLLATE utf8mb4_unicode_ci DEFAULT NULL,
  `cur_id` varchar(255) COLLATE utf8mb4_unicode_ci DEFAULT NULL,
  `rate` varchar(255) COLLATE utf8mb4_unicode_ci DEFAULT NULL,
  `inv_id` varchar(36) COLLATE utf8mb4_unicode_ci DEFAULT NULL,
  `due_date` date DEFAULT NULL,
  `amount` decimal(12,5) DEFAULT NULL,
  `received` decimal(12,5) DEFAULT NULL,
  `balance` decimal(12,5) DEFAULT NULL
) ENGINE=InnoDB DEFAULT CHARSET=utf8mb4 COLLATE=utf8mb4_unicode_ci;

--
-- Dumping data for table `fs_invoice_received_details`
--

INSERT INTO `fs_invoice_received_details` (`id`, `inr_id`, `cur_id`, `rate`, `inv_id`, `due_date`, `amount`, `received`, `balance`) VALUES
('0c45934e-0827-4de9-9802-0f2cb6ebf96e', '8d67f9db-e076-44a7-836f-809db8187878', NULL, NULL, 'b46ee21e-c3e6-4e5d-8394-196784a48523', '2021-02-14', '1274000.00000', '500000.00000', '774000.00000'),
('350a2640-8e27-41be-8120-a68f5ee2229d', '8d67f9db-e076-44a7-836f-809db8187878', NULL, NULL, '85cf0b6d-ed82-4259-80ec-0354a2ca0e76', '2021-02-22', '1146349.19000', '0.00000', '1146349.19000'),
('e973de82-c7a2-4d8f-bd95-b426efd8cf67', '8d67f9db-e076-44a7-836f-809db8187878', NULL, NULL, '2397d815-cd77-40cd-a3b9-e7c378c66669', '2021-02-27', '846000.00000', '0.00000', '846000.00000'),
('df5b47ef-8eb1-4582-8388-0252655c95bf', '8d67f9db-e076-44a7-836f-809db8187878', NULL, NULL, '3088f468-07f3-4edb-b892-4259b2b73011', '2021-02-28', '300930.00000', '0.00000', '300930.00000'),
('c5019007-33d2-4de7-97df-bff9deb6946c', '8d67f9db-e076-44a7-836f-809db8187878', NULL, NULL, '5c241c11-127f-4830-9026-7d9ffad87d6a', '2021-06-15', '846000.00000', '0.00000', '846000.00000'),
('f31e4dc4-bb57-4afe-af94-94c7061f8b22', '8d67f9db-e076-44a7-836f-809db8187878', NULL, NULL, '2a2e6821-8afa-47be-bff4-a7f28be96200', '2021-02-23', '300930.00000', '0.00000', '300930.00000'),
('c3be3343-f085-4b55-a242-867cdfafcc25', '8d67f9db-e076-44a7-836f-809db8187878', NULL, NULL, 'bcf3131f-ca4a-407f-b440-d26c35edc1b8', '2021-02-23', '155580.81000', '0.00000', '155580.81000'),
('d6c3fc36-79a3-4a50-a47f-e328dd22a1dc', 'f4da976c-afca-4c0e-880d-58bab356d736', NULL, NULL, 'b46ee21e-c3e6-4e5d-8394-196784a48523', '2021-02-14', '774000.00000', '250000.00000', '524000.00000'),
('2eec0fcd-fd3a-4481-b48f-870782c281db', 'f4da976c-afca-4c0e-880d-58bab356d736', NULL, NULL, '85cf0b6d-ed82-4259-80ec-0354a2ca0e76', '2021-02-22', '1146349.19000', '0.00000', '1146349.19000'),
('ef5e8d53-476d-474f-9d39-7bc3c1c0562a', 'f4da976c-afca-4c0e-880d-58bab356d736', NULL, NULL, '2397d815-cd77-40cd-a3b9-e7c378c66669', '2021-02-27', '846000.00000', '0.00000', '846000.00000'),
('9fd14c9f-472f-4533-8ff3-99d2a73c8151', 'f4da976c-afca-4c0e-880d-58bab356d736', NULL, NULL, '3088f468-07f3-4edb-b892-4259b2b73011', '2021-02-28', '300930.00000', '0.00000', '300930.00000'),
('92381bab-b580-4202-a4ee-1668e6db5e1b', 'f4da976c-afca-4c0e-880d-58bab356d736', NULL, NULL, '5c241c11-127f-4830-9026-7d9ffad87d6a', '2021-06-15', '846000.00000', '0.00000', '846000.00000'),
('71c2066d-cfc5-42a6-915d-ad113ced5297', 'f4da976c-afca-4c0e-880d-58bab356d736', NULL, NULL, '2a2e6821-8afa-47be-bff4-a7f28be96200', '2021-02-23', '300930.00000', '0.00000', '300930.00000'),
('f3cfc644-0c8d-4435-89e6-1e1e72656c15', 'f4da976c-afca-4c0e-880d-58bab356d736', NULL, NULL, 'bcf3131f-ca4a-407f-b440-d26c35edc1b8', '2021-02-23', '155580.81000', '0.00000', '155580.81000'),
('1a2e3719-2a01-46ef-b10e-e67058c9f139', '83645736-0aca-4ac7-a5a9-bc730d6d7ee0', NULL, NULL, 'b9536f86-bf8b-44b4-829a-b3be2d66aadd', '2021-02-14', '1161160.00000', '500000.00000', '661160.00000'),
('cab785e7-303a-4696-8c62-fb5d34066af0', 'f54db1a0-e281-410c-91e3-02ea366ecbe3', NULL, NULL, '69f284c5-2ba3-4df1-b352-74c1d1b87267', '2021-02-21', '282027.90000', '100000.00000', '182027.90000'),
('8f4d8f40-3987-4987-bee5-3671c700d1a4', 'bc05eb12-a6e2-44cd-9d87-adea9dd13a35', NULL, NULL, 'b46ee21e-c3e6-4e5d-8394-196784a48523', '2021-02-14', '524000.00000', '200000.00000', '324000.00000'),
('3cdf77f3-938a-4fa2-8028-38146db47382', 'bc05eb12-a6e2-44cd-9d87-adea9dd13a35', NULL, NULL, '85cf0b6d-ed82-4259-80ec-0354a2ca0e76', '2021-02-22', '1146349.19000', '0.00000', '1146349.19000'),
('2bc24999-826a-4d4a-b895-231297df1c35', 'bc05eb12-a6e2-44cd-9d87-adea9dd13a35', NULL, NULL, '2397d815-cd77-40cd-a3b9-e7c378c66669', '2021-02-27', '846000.00000', '0.00000', '846000.00000'),
('e461735d-54f2-4d9e-968a-e5a9922d503a', 'bc05eb12-a6e2-44cd-9d87-adea9dd13a35', NULL, NULL, '3088f468-07f3-4edb-b892-4259b2b73011', '2021-02-28', '300930.00000', '0.00000', '300930.00000'),
('327d069b-3277-433c-a0c4-eab192198f75', 'bc05eb12-a6e2-44cd-9d87-adea9dd13a35', NULL, NULL, '5c241c11-127f-4830-9026-7d9ffad87d6a', '2021-06-15', '846000.00000', '0.00000', '846000.00000'),
('5553a197-6bdd-48b4-b50d-90fd7e7f6e8d', 'bc05eb12-a6e2-44cd-9d87-adea9dd13a35', NULL, NULL, '2a2e6821-8afa-47be-bff4-a7f28be96200', '2021-02-23', '300930.00000', '0.00000', '300930.00000'),
('5841009f-976c-4a52-944f-54cde94b38d8', 'bc05eb12-a6e2-44cd-9d87-adea9dd13a35', NULL, NULL, 'bcf3131f-ca4a-407f-b440-d26c35edc1b8', '2021-02-23', '155580.81000', '0.00000', '155580.81000'),
('7ae34ec8-5782-409c-8fbc-adbd7447d154', '15a7987d-2452-4432-ac7f-e6790cbf9195', NULL, NULL, 'b9536f86-bf8b-44b4-829a-b3be2d66aadd', '2021-02-14', '661160.00000', '300000.00000', '361160.00000'),
('ffc9a18c-cc04-434c-9e6f-686f5a9c4d71', 'a4e0dfd3-adb9-4c95-9d5c-875e274293a5', NULL, NULL, 'b46ee21e-c3e6-4e5d-8394-196784a48523', '2021-02-14', '324000.00000', '324000.00000', '324000.00000'),
('e6ea58bf-e6a2-428d-a806-09313ba34848', 'a4e0dfd3-adb9-4c95-9d5c-875e274293a5', NULL, NULL, '85cf0b6d-ed82-4259-80ec-0354a2ca0e76', '2021-02-22', '1146349.19000', '276000.00000', '870349.19000'),
('fc142599-d21b-407e-a252-88c24bd1a09f', 'a4e0dfd3-adb9-4c95-9d5c-875e274293a5', NULL, NULL, '2397d815-cd77-40cd-a3b9-e7c378c66669', '2021-02-27', '846000.00000', '0.00000', '846000.00000'),
('6a61356f-9175-49b8-bc54-c2261d805db9', 'a4e0dfd3-adb9-4c95-9d5c-875e274293a5', NULL, NULL, '3088f468-07f3-4edb-b892-4259b2b73011', '2021-02-28', '300930.00000', '0.00000', '300930.00000'),
('672edecf-19bf-4b40-aa6d-2dfbb5b3c977', 'a4e0dfd3-adb9-4c95-9d5c-875e274293a5', NULL, NULL, '5c241c11-127f-4830-9026-7d9ffad87d6a', '2021-06-15', '846000.00000', '0.00000', '846000.00000'),
('119b9798-409a-416d-b30e-126764f95242', 'a4e0dfd3-adb9-4c95-9d5c-875e274293a5', NULL, NULL, '2a2e6821-8afa-47be-bff4-a7f28be96200', '2021-02-23', '300930.00000', '0.00000', '300930.00000'),
('af7d7ed0-1801-41da-9efb-f7cac06bf6df', 'a4e0dfd3-adb9-4c95-9d5c-875e274293a5', NULL, NULL, 'bcf3131f-ca4a-407f-b440-d26c35edc1b8', '2021-02-23', '155580.81000', '0.00000', '155580.81000'),
('a2ab1f45-3cdd-4e69-b926-1bf1b56771f4', 'bff03b48-74d3-4fe6-8b9d-426d65159ccf', NULL, NULL, 'b9536f86-bf8b-44b4-829a-b3be2d66aadd', '2021-02-14', '361160.00000', '150000.00000', '211160.00000'),
('1ae0f314-a504-4ad3-b6f8-29eadb8aafdc', 'd0534bb8-a755-4691-ab00-bd2e09866106', NULL, NULL, 'b9536f86-bf8b-44b4-829a-b3be2d66aadd', '2021-02-14', '211160.00000', '122500.00000', '88660.00000'),
('479ee2d7-964d-4061-9447-3721e0789f1b', '7775751a-4827-4631-8004-1635102de978', NULL, NULL, 'b46ee21e-c3e6-4e5d-8394-196784a48523', '2021-02-14', '0.00000', '0.00000', '0.00000'),
('b01db193-7fbf-4967-9058-d602269f1f7e', '7775751a-4827-4631-8004-1635102de978', NULL, NULL, '85cf0b6d-ed82-4259-80ec-0354a2ca0e76', '2021-02-22', '870349.19000', '200000.00000', '670349.19000'),
('a99df5d7-8b39-429d-b2ad-75ba76562f40', '7775751a-4827-4631-8004-1635102de978', NULL, NULL, '2397d815-cd77-40cd-a3b9-e7c378c66669', '2021-02-27', '846000.00000', '0.00000', '846000.00000'),
('9e7c2449-f3d3-4176-91ff-46142011c2a5', '7775751a-4827-4631-8004-1635102de978', NULL, NULL, '3088f468-07f3-4edb-b892-4259b2b73011', '2021-02-28', '300930.00000', '0.00000', '300930.00000'),
('a8efcda0-cfe9-4d4d-bcf1-fdbc5f84ba20', '7775751a-4827-4631-8004-1635102de978', NULL, NULL, '5c241c11-127f-4830-9026-7d9ffad87d6a', '2021-06-15', '846000.00000', '0.00000', '846000.00000'),
('ac907833-2538-4aea-a140-f99ce200e092', '7775751a-4827-4631-8004-1635102de978', NULL, NULL, '2a2e6821-8afa-47be-bff4-a7f28be96200', '2021-02-23', '300930.00000', '0.00000', '300930.00000'),
('29c356e1-7e23-4531-949e-9436015c1a78', '7775751a-4827-4631-8004-1635102de978', NULL, NULL, 'bcf3131f-ca4a-407f-b440-d26c35edc1b8', '2021-02-23', '155580.81000', '0.00000', '155580.81000'),
('3935af1f-4378-41e5-9057-2cf4bafbd051', '52d8d819-78cb-4365-8b39-5351e6297d03', NULL, NULL, '85cf0b6d-ed82-4259-80ec-0354a2ca0e76', '2021-02-22', '670349.19000', '400000.00000', '270349.19000'),
('591d42fc-f595-46cd-a56b-8d9e94c1239d', '52d8d819-78cb-4365-8b39-5351e6297d03', NULL, NULL, '2397d815-cd77-40cd-a3b9-e7c378c66669', '2021-02-27', '846000.00000', '0.00000', '846000.00000'),
('9de09ae0-87b3-4845-8f16-93e44bbb8a9a', '52d8d819-78cb-4365-8b39-5351e6297d03', NULL, NULL, '3088f468-07f3-4edb-b892-4259b2b73011', '2021-02-28', '300930.00000', '0.00000', '300930.00000'),
('281bbe08-6d20-4501-9a6f-c85ac62fd385', '52d8d819-78cb-4365-8b39-5351e6297d03', NULL, NULL, '5c241c11-127f-4830-9026-7d9ffad87d6a', '2021-06-15', '846000.00000', '0.00000', '846000.00000'),
('d3d5fba6-d65a-498a-b0ac-384ea7d9b877', '52d8d819-78cb-4365-8b39-5351e6297d03', NULL, NULL, '2a2e6821-8afa-47be-bff4-a7f28be96200', '2021-02-23', '300930.00000', '0.00000', '300930.00000'),
('f806a9c5-b5fc-44ae-adc0-83be727d31bd', '52d8d819-78cb-4365-8b39-5351e6297d03', NULL, NULL, 'bcf3131f-ca4a-407f-b440-d26c35edc1b8', '2021-02-23', '155580.81000', '0.00000', '155580.81000'),
('8ff17e5d-5fd3-4f93-816c-bdb90820addc', '55b9ca63-251a-4e24-aea8-38c32a9d7d3a', NULL, NULL, '85cf0b6d-ed82-4259-80ec-0354a2ca0e76', '2021-02-22', '270349.19000', '150000.00000', '120349.19000'),
('5e4618bb-062b-4e54-8457-e81e150010e1', '55b9ca63-251a-4e24-aea8-38c32a9d7d3a', NULL, NULL, '2397d815-cd77-40cd-a3b9-e7c378c66669', '2021-02-27', '846000.00000', '0.00000', '846000.00000'),
('1efe27dc-597b-4b8b-b4c9-94b9b07a7913', '55b9ca63-251a-4e24-aea8-38c32a9d7d3a', NULL, NULL, '3088f468-07f3-4edb-b892-4259b2b73011', '2021-02-28', '300930.00000', '0.00000', '300930.00000'),
('f810db21-648d-48a3-a336-01834bb17ba5', '55b9ca63-251a-4e24-aea8-38c32a9d7d3a', NULL, NULL, '5c241c11-127f-4830-9026-7d9ffad87d6a', '2021-06-15', '846000.00000', '0.00000', '846000.00000'),
('90c38d16-c8d3-4c64-87b6-5e5b373c880f', '55b9ca63-251a-4e24-aea8-38c32a9d7d3a', NULL, NULL, '2a2e6821-8afa-47be-bff4-a7f28be96200', '2021-02-23', '300930.00000', '0.00000', '300930.00000'),
('96b088d5-f2f9-4430-9d35-52fdbad7eaa5', '55b9ca63-251a-4e24-aea8-38c32a9d7d3a', NULL, NULL, 'bcf3131f-ca4a-407f-b440-d26c35edc1b8', '2021-02-23', '155580.81000', '0.00000', '155580.81000'),
('04a0aea0-d9d4-47e7-8856-d4ee3697c849', 'e2ce051b-8037-4d82-bd62-a319d17398a1', NULL, NULL, '85cf0b6d-ed82-4259-80ec-0354a2ca0e76', '2021-02-22', '120349.19000', '120349.19000', '120349.19000'),
('2ed6a1ae-7871-485f-b4aa-487a72d9fff4', 'e2ce051b-8037-4d82-bd62-a319d17398a1', NULL, NULL, '2397d815-cd77-40cd-a3b9-e7c378c66669', '2021-02-27', '846000.00000', '79650.81000', '766349.19000'),
('4eabbee2-1d11-4762-a38b-866d935f7726', 'e2ce051b-8037-4d82-bd62-a319d17398a1', NULL, NULL, '3088f468-07f3-4edb-b892-4259b2b73011', '2021-02-28', '300930.00000', '0.00000', '300930.00000'),
('a4df7c31-2366-430b-b0de-feccb30a4911', 'e2ce051b-8037-4d82-bd62-a319d17398a1', NULL, NULL, '5c241c11-127f-4830-9026-7d9ffad87d6a', '2021-06-15', '846000.00000', '0.00000', '846000.00000'),
('71b6eeaa-cf92-48c0-9f10-7a3917a4c96d', 'e2ce051b-8037-4d82-bd62-a319d17398a1', NULL, NULL, '2a2e6821-8afa-47be-bff4-a7f28be96200', '2021-02-23', '300930.00000', '0.00000', '300930.00000'),
('a7834f23-6cc6-4c36-bd83-eb113428dda0', 'e2ce051b-8037-4d82-bd62-a319d17398a1', NULL, NULL, 'bcf3131f-ca4a-407f-b440-d26c35edc1b8', '2021-02-23', '155580.81000', '0.00000', '155580.81000'),
('e3562318-0239-42d5-a018-2aec9bd95842', '287d1eba-61e0-4d3c-a3ca-695edcf53948', NULL, NULL, '85cf0b6d-ed82-4259-80ec-0354a2ca0e76', '2021-02-22', '0.00000', '0.00000', '0.00000'),
('46611f44-43d8-45a9-a3f4-ae7fd1453d6a', '287d1eba-61e0-4d3c-a3ca-695edcf53948', NULL, NULL, '2397d815-cd77-40cd-a3b9-e7c378c66669', '2021-02-27', '766349.19000', '200000.00000', '566349.19000'),
('dd437935-53e0-4df5-bb20-a2a9ed17ec0c', '287d1eba-61e0-4d3c-a3ca-695edcf53948', NULL, NULL, '3088f468-07f3-4edb-b892-4259b2b73011', '2021-02-28', '300930.00000', '0.00000', '300930.00000'),
('004b4088-4b63-41c2-8150-70bbbc5d4d92', '287d1eba-61e0-4d3c-a3ca-695edcf53948', NULL, NULL, '5c241c11-127f-4830-9026-7d9ffad87d6a', '2021-06-15', '846000.00000', '0.00000', '846000.00000'),
('a398a814-a586-47c0-8add-9e3a0f375fd6', '287d1eba-61e0-4d3c-a3ca-695edcf53948', NULL, NULL, '2a2e6821-8afa-47be-bff4-a7f28be96200', '2021-02-23', '300930.00000', '0.00000', '300930.00000'),
('53255706-1419-4fcd-a933-dbcb2fa35b89', '287d1eba-61e0-4d3c-a3ca-695edcf53948', NULL, NULL, 'bcf3131f-ca4a-407f-b440-d26c35edc1b8', '2021-02-23', '155580.81000', '0.00000', '155580.81000'),
('9c822ad0-d9d6-47f0-90ed-4d218c9f3a1c', 'f5bf9e44-31a6-4953-91ab-e89fd552846d', NULL, NULL, '2397d815-cd77-40cd-a3b9-e7c378c66669', '2021-02-27', '566349.19000', '200000.00000', '366349.19000'),
('9364861d-e08e-4ec1-b9c5-f809d75020ca', 'f5bf9e44-31a6-4953-91ab-e89fd552846d', NULL, NULL, '3088f468-07f3-4edb-b892-4259b2b73011', '2021-02-28', '300930.00000', '0.00000', '300930.00000'),
('327e716d-5181-4356-929f-01b05ed70234', 'f5bf9e44-31a6-4953-91ab-e89fd552846d', NULL, NULL, '5c241c11-127f-4830-9026-7d9ffad87d6a', '2021-06-15', '846000.00000', '0.00000', '846000.00000'),
('bc1ebe3c-347f-4884-8d5a-7be68497f832', 'f5bf9e44-31a6-4953-91ab-e89fd552846d', NULL, NULL, '2a2e6821-8afa-47be-bff4-a7f28be96200', '2021-02-23', '300930.00000', '0.00000', '300930.00000'),
('44fe06b9-a2b9-4134-b7b9-20a6fb778747', 'f5bf9e44-31a6-4953-91ab-e89fd552846d', NULL, NULL, 'bcf3131f-ca4a-407f-b440-d26c35edc1b8', '2021-02-23', '155580.81000', '0.00000', '155580.81000'),
('7b858098-ecba-4f87-8a82-995a54141f77', '8eb875ea-3ff9-46dd-9a03-48a040a00c1d', NULL, NULL, '69f284c5-2ba3-4df1-b352-74c1d1b87267', '2021-02-21', '182027.90000', '50000.00000', '132027.90000'),
('067c1de5-7518-4022-9b24-912d89152cf4', '2156d1dd-c2b2-4940-9a0d-314603871e71', NULL, NULL, '2397d815-cd77-40cd-a3b9-e7c378c66669', '2021-02-27', '366349.19000', '50000.00000', '316349.19000'),
('fb13f90d-ed48-4553-b63b-403672edfbf8', '2156d1dd-c2b2-4940-9a0d-314603871e71', NULL, NULL, '3088f468-07f3-4edb-b892-4259b2b73011', '2021-02-28', '300930.00000', '0.00000', '300930.00000'),
('7fb3f8e0-ab22-4843-a477-74e83e744f24', '2156d1dd-c2b2-4940-9a0d-314603871e71', NULL, NULL, '5c241c11-127f-4830-9026-7d9ffad87d6a', '2021-06-15', '846000.00000', '0.00000', '846000.00000'),
('540d670f-3ec3-431a-97d7-dc21c725127c', '2156d1dd-c2b2-4940-9a0d-314603871e71', NULL, NULL, '2a2e6821-8afa-47be-bff4-a7f28be96200', '2021-02-23', '300930.00000', '0.00000', '300930.00000'),
('466ff3e9-1cf4-4429-9ba8-04339c02daba', '2156d1dd-c2b2-4940-9a0d-314603871e71', NULL, NULL, 'bcf3131f-ca4a-407f-b440-d26c35edc1b8', '2021-02-23', '155580.81000', '0.00000', '155580.81000'),
('2cba74d2-797f-48c7-b2f5-ad37d4ea34b7', 'daf683e7-b6d1-456d-ac68-72332792d337', NULL, NULL, '2397d815-cd77-40cd-a3b9-e7c378c66669', '2021-02-27', '316349.19000', '94450.00000', '221899.19000'),
('652a0faa-215b-4c5f-87f7-a4a5406e800a', 'daf683e7-b6d1-456d-ac68-72332792d337', NULL, NULL, '3088f468-07f3-4edb-b892-4259b2b73011', '2021-02-28', '300930.00000', '0.00000', '300930.00000'),
('09b399ae-7e87-4003-818d-700c3a76277b', 'daf683e7-b6d1-456d-ac68-72332792d337', NULL, NULL, '5c241c11-127f-4830-9026-7d9ffad87d6a', '2021-06-15', '846000.00000', '0.00000', '846000.00000'),
('7898f105-88be-433d-837b-b36bd605fe8d', 'daf683e7-b6d1-456d-ac68-72332792d337', NULL, NULL, '2a2e6821-8afa-47be-bff4-a7f28be96200', '2021-02-23', '300930.00000', '0.00000', '300930.00000'),
('38c54c9f-a901-45ed-8298-be3878a015d8', 'daf683e7-b6d1-456d-ac68-72332792d337', NULL, NULL, 'bcf3131f-ca4a-407f-b440-d26c35edc1b8', '2021-02-23', '155580.81000', '0.00000', '155580.81000'),
('91fdfca6-a338-40e7-a0da-2693e3d2d7b7', 'dc21be13-c08a-4a6e-91be-7e77f026eb0c', NULL, NULL, '57442ecf-0131-4e2b-863c-65b32d4ceb00', '2021-02-28', '211815.18000', '100000.00000', '111815.18000'),
('6e02f923-c4c7-497a-a3f7-abcb33907946', 'dc21be13-c08a-4a6e-91be-7e77f026eb0c', NULL, NULL, '072c4829-ad03-4ed5-91d9-5a3912a50fa6', '2021-02-28', '169541.78000', '0.00000', '169541.78000'),
('95f5db66-0f3a-4535-bb6d-b64a93f30d58', '7028b0d0-b2de-4129-a91b-d6ebc7f40361', NULL, NULL, '2397d815-cd77-40cd-a3b9-e7c378c66669', '2021-02-27', '221899.19000', '200000.00000', '21899.19000'),
('4ae15c63-92e4-40fc-a5c7-ff6cea652a29', '7028b0d0-b2de-4129-a91b-d6ebc7f40361', NULL, NULL, '3088f468-07f3-4edb-b892-4259b2b73011', '2021-02-28', '300930.00000', '0.00000', '300930.00000'),
('acc8a27f-d8b5-4c6a-9874-97f25df765eb', '7028b0d0-b2de-4129-a91b-d6ebc7f40361', NULL, NULL, '5c241c11-127f-4830-9026-7d9ffad87d6a', '2021-06-15', '846000.00000', '0.00000', '846000.00000'),
('95a16be9-fc9e-4ef5-b543-38551e5aceaa', '7028b0d0-b2de-4129-a91b-d6ebc7f40361', NULL, NULL, '2a2e6821-8afa-47be-bff4-a7f28be96200', '2021-02-23', '300930.00000', '0.00000', '300930.00000'),
('e14d92e6-1a51-4674-87b1-9eb6ef77687f', '7028b0d0-b2de-4129-a91b-d6ebc7f40361', NULL, NULL, 'bcf3131f-ca4a-407f-b440-d26c35edc1b8', '2021-02-23', '155580.81000', '0.00000', '155580.81000'),
('4179481d-668b-47fa-bb1b-bdc618fe6e33', '0609e87b-2b4c-4a0d-806f-474955ea4516', NULL, NULL, '2397d815-cd77-40cd-a3b9-e7c378c66669', '2021-02-27', '21899.19000', '21899.19000', '21899.19000'),
('cfaf5070-171c-4fac-bf80-c3fe64a26185', '0609e87b-2b4c-4a0d-806f-474955ea4516', NULL, NULL, '3088f468-07f3-4edb-b892-4259b2b73011', '2021-02-28', '300930.00000', '227648.81000', '73281.19000'),
('df72c39f-df56-4e58-b164-23497a2ffb44', '0609e87b-2b4c-4a0d-806f-474955ea4516', NULL, NULL, '5c241c11-127f-4830-9026-7d9ffad87d6a', '2021-06-15', '846000.00000', '0.00000', '846000.00000'),
('760ba62e-5e89-47c6-bf25-ce5537e82938', '0609e87b-2b4c-4a0d-806f-474955ea4516', NULL, NULL, '2a2e6821-8afa-47be-bff4-a7f28be96200', '2021-02-23', '300930.00000', '0.00000', '300930.00000'),
('94e4368d-2fb6-40e0-b8d0-17f6317fe272', '0609e87b-2b4c-4a0d-806f-474955ea4516', NULL, NULL, 'bcf3131f-ca4a-407f-b440-d26c35edc1b8', '2021-02-23', '155580.81000', '0.00000', '155580.81000'),
('6d2eb294-5b61-490e-8b23-fea27f3f24ca', 'ca5af595-8c8f-4d0b-a33b-b1833665dafe', NULL, NULL, '2397d815-cd77-40cd-a3b9-e7c378c66669', '2021-02-27', '0.00000', '0.00000', '0.00000'),
('3eb15600-e95f-413f-89ff-205ede4806e6', 'ca5af595-8c8f-4d0b-a33b-b1833665dafe', NULL, NULL, '3088f468-07f3-4edb-b892-4259b2b73011', '2021-02-28', '73281.19000', '73281.19000', '73281.19000'),
('407fa60d-8e67-44cc-8ae3-e8101cb46ac7', 'ca5af595-8c8f-4d0b-a33b-b1833665dafe', NULL, NULL, '5c241c11-127f-4830-9026-7d9ffad87d6a', '2021-06-15', '846000.00000', '106718.81000', '739281.19000'),
('4e1cca11-90c9-4657-b0c0-12471a801743', 'ca5af595-8c8f-4d0b-a33b-b1833665dafe', NULL, NULL, '2a2e6821-8afa-47be-bff4-a7f28be96200', '2021-02-23', '300930.00000', '0.00000', '300930.00000'),
('f9ff96a3-46d6-4391-bc82-764b1252b63d', 'ca5af595-8c8f-4d0b-a33b-b1833665dafe', NULL, NULL, 'bcf3131f-ca4a-407f-b440-d26c35edc1b8', '2021-02-23', '155580.81000', '0.00000', '155580.81000'),
('8f914664-d610-4b20-9b42-f4fad9f0a3a3', '9010e499-8ce6-4016-a4c4-922638c40867', NULL, NULL, '3088f468-07f3-4edb-b892-4259b2b73011', '2021-02-28', '0.00000', '0.00000', '0.00000'),
('0848e81f-9a16-4601-aa95-46eb2618f04e', '9010e499-8ce6-4016-a4c4-922638c40867', NULL, NULL, '5c241c11-127f-4830-9026-7d9ffad87d6a', '2021-06-15', '739281.19000', '200000.00000', '539281.19000'),
('2844178b-ea62-4920-a257-d71cde56f88a', '9010e499-8ce6-4016-a4c4-922638c40867', NULL, NULL, '2a2e6821-8afa-47be-bff4-a7f28be96200', '2021-02-23', '300930.00000', '0.00000', '300930.00000'),
('a9e6b0e4-a756-4458-ab2e-67da7302669b', '9010e499-8ce6-4016-a4c4-922638c40867', NULL, NULL, 'bcf3131f-ca4a-407f-b440-d26c35edc1b8', '2021-02-23', '155580.81000', '0.00000', '155580.81000'),
('3a61c9d1-60a9-4a3d-a09d-df01cbb71458', 'be248933-237c-427a-9727-9fcfd964ccca', NULL, NULL, '57442ecf-0131-4e2b-863c-65b32d4ceb00', '2021-02-28', '111815.18000', '100000.00000', '11815.18000'),
('f2fa06a3-1110-43b0-8735-c868f6911aad', 'be248933-237c-427a-9727-9fcfd964ccca', NULL, NULL, '072c4829-ad03-4ed5-91d9-5a3912a50fa6', '2021-02-28', '169541.78000', '0.00000', '169541.78000'),
('a69b7002-388c-4cc6-9b02-641becf43da0', '475a701f-c977-487a-804a-d331ba265711', NULL, NULL, '5c241c11-127f-4830-9026-7d9ffad87d6a', '2021-06-15', '539281.19000', '9000.00000', '530281.19000'),
('649c45c8-18e0-46bf-bfca-2c4b65b0ca60', '475a701f-c977-487a-804a-d331ba265711', NULL, NULL, '2a2e6821-8afa-47be-bff4-a7f28be96200', '2021-02-23', '300930.00000', '0.00000', '300930.00000'),
('fca01303-2eaf-47b0-aa0f-697505f7f1a8', '475a701f-c977-487a-804a-d331ba265711', NULL, NULL, 'bcf3131f-ca4a-407f-b440-d26c35edc1b8', '2021-02-23', '155580.81000', '0.00000', '155580.81000'),
('500ae872-87bf-4ddf-8d58-c6432843d15f', '4e3cc476-664e-49ce-a2e6-8c530f6ebdd8', NULL, NULL, '5c241c11-127f-4830-9026-7d9ffad87d6a', '2021-06-15', '530281.19000', '100000.00000', '430281.19000'),
('62e95721-7bd2-45f4-98de-4dee31beeb75', '4e3cc476-664e-49ce-a2e6-8c530f6ebdd8', NULL, NULL, '2a2e6821-8afa-47be-bff4-a7f28be96200', '2021-02-23', '300930.00000', '0.00000', '300930.00000'),
('0eea2c46-f1ef-4950-a0d6-e585c5c2b7f3', '4e3cc476-664e-49ce-a2e6-8c530f6ebdd8', NULL, NULL, 'bcf3131f-ca4a-407f-b440-d26c35edc1b8', '2021-02-23', '155580.81000', '0.00000', '155580.81000'),
('fdfbbcc7-b385-4aa5-9077-836da8fd8139', '09cbb787-eabb-4af7-8cbd-be52e9691fd2', NULL, NULL, '5c241c11-127f-4830-9026-7d9ffad87d6a', '2021-06-15', '430281.19000', '220000.00000', '210281.19000'),
('08bbce0b-e720-43dd-a1dc-2c9e6c683cc6', '09cbb787-eabb-4af7-8cbd-be52e9691fd2', NULL, NULL, '2a2e6821-8afa-47be-bff4-a7f28be96200', '2021-02-23', '300930.00000', '0.00000', '300930.00000'),
('7ca32444-9378-40fd-803d-84ce4ecc5f41', '09cbb787-eabb-4af7-8cbd-be52e9691fd2', NULL, NULL, 'bcf3131f-ca4a-407f-b440-d26c35edc1b8', '2021-02-23', '155580.81000', '0.00000', '155580.81000'),
('2b4e8aeb-6fc4-4c0f-a8af-f66be46c40bb', '5391300a-986f-41e8-b444-9f0c8b768489', NULL, NULL, '5c241c11-127f-4830-9026-7d9ffad87d6a', '2021-06-15', '210281.19000', '200000.00000', '10281.19000'),
('c075d9a1-6dcd-4465-91db-bb8420d5bdd1', '5391300a-986f-41e8-b444-9f0c8b768489', NULL, NULL, '2a2e6821-8afa-47be-bff4-a7f28be96200', '2021-02-23', '300930.00000', '0.00000', '300930.00000'),
('94b1d68e-f87a-4514-8d08-2c0bca353fd9', '5391300a-986f-41e8-b444-9f0c8b768489', NULL, NULL, 'bcf3131f-ca4a-407f-b440-d26c35edc1b8', '2021-02-23', '155580.81000', '0.00000', '155580.81000'),
('5cfbfbf4-86ed-46d3-a030-a3ad000d0d34', '7f29dfb7-5dc8-49ad-9e5c-37f31a6f4522', NULL, NULL, '2a2e6821-8afa-47be-bff4-a7f28be96200', '2021-02-23', '300930.00000', '35000.00000', '265930.00000'),
('d006de18-4517-4663-a0c8-bac147f5e762', '7f29dfb7-5dc8-49ad-9e5c-37f31a6f4522', NULL, NULL, 'bcf3131f-ca4a-407f-b440-d26c35edc1b8', '2021-02-23', '155580.81000', '0.00000', '155580.81000'),
('6aa5f1a3-618c-4775-b099-8b97aa85e29d', 'e8520d52-d94a-496e-816f-56705da3c6ac', NULL, NULL, '2a2e6821-8afa-47be-bff4-a7f28be96200', '2021-02-23', '265930.00000', '12220.00000', '253710.00000'),
('e0d7c6ad-819e-4f1d-8bcf-34435d82bd71', 'e8520d52-d94a-496e-816f-56705da3c6ac', NULL, NULL, 'bcf3131f-ca4a-407f-b440-d26c35edc1b8', '2021-02-23', '155580.81000', '0.00000', '155580.81000'),
('b19cd0c5-a9fc-4118-94ac-12ef7bc501a6', '27d4bb20-c4c6-4e30-a8cd-3c21b7b8b7bc', NULL, NULL, '23cbf475-47ef-44c2-8b83-b5c82b89c0ba', '2021-03-14', '235000.00000', '22110.00000', '212890.00000'),
('e2583a8c-f72e-4326-8459-c850b4ace552', '6dac2247-dd89-4e1c-b919-ae78d072782d', NULL, NULL, 'b9536f86-bf8b-44b4-829a-b3be2d66aadd', '2021-02-14', '88660.00000', '13000.00000', '75660.00000'),
('584e0105-8418-4e88-b309-40eb3779bee5', '798418ed-8858-4f38-8b55-45d574014038', NULL, NULL, 'dbc0b589-8241-4f13-bb1d-d9290fb4d579', '2021-08-10', '21000.00000', '21000.00000', '0.00000');

-- --------------------------------------------------------

--
-- Table structure for table `fs_purchase_invoices`
--

CREATE TABLE `fs_purchase_invoices` (
  `id` varchar(255) COLLATE utf8mb4_unicode_ci NOT NULL,
  `grn_id` varchar(36) COLLATE utf8mb4_unicode_ci NOT NULL,
  `trm_id` varchar(36) COLLATE utf8mb4_unicode_ci DEFAULT NULL,
  `month` int(11) DEFAULT NULL,
  `date` date DEFAULT NULL,
  `number` int(11) DEFAULT NULL,
  `ven_coa_id` varchar(36) COLLATE utf8mb4_unicode_ci NOT NULL,
  `warehouse_id` varchar(36) COLLATE utf8mb4_unicode_ci DEFAULT NULL,
  `approve_by` int(11) DEFAULT NULL,
  `approved_date` date DEFAULT NULL,
  `company_id` varchar(36) COLLATE utf8mb4_unicode_ci DEFAULT NULL,
  `total_inv_amount` decimal(15,5) DEFAULT 0.00000,
  `amount_received` decimal(15,5) DEFAULT 0.00000,
  `payment_status` varchar(10) COLLATE utf8mb4_unicode_ci DEFAULT NULL,
  `lock_status` varchar(10) COLLATE utf8mb4_unicode_ci DEFAULT NULL,
  `created_at` timestamp NULL DEFAULT NULL,
  `updated_at` timestamp NULL DEFAULT NULL,
  `note` varchar(150) COLLATE utf8mb4_unicode_ci DEFAULT NULL
) ENGINE=InnoDB DEFAULT CHARSET=utf8mb4 COLLATE=utf8mb4_unicode_ci;

--
-- Dumping data for table `fs_purchase_invoices`
--

INSERT INTO `fs_purchase_invoices` (`id`, `grn_id`, `trm_id`, `month`, `date`, `number`, `ven_coa_id`, `warehouse_id`, `approve_by`, `approved_date`, `company_id`, `total_inv_amount`, `amount_received`, `payment_status`, `lock_status`, `created_at`, `updated_at`, `note`) VALUES
('2edadd5e-dafc-454c-9159-16c3a5d27901', '0d2a5275-0828-4f9d-8ecc-e917449c589d', 'e5bab705-295a-449a-9ef0-4f109b6abe17', 2021, '2021-08-06', 1, '141', 'ae3b0fe8-5f4c-4327-8624-748d572e9c27', 8, '2021-08-06', 'f9d0b90d-631a-4f45-982c-d8223bd65c0d', '1220.00000', '0.00000', NULL, NULL, '2021-08-06 07:11:27', NULL, 'note one'),
('98b9d8c6-7b01-49b0-b32b-8eed43a4f9ed', '38748091-72d4-4ef7-bdd0-c338bc343080', 'fb419226-5475-415d-b162-2f9c241b474e', 2021, '2021-08-06', 2, '141', 'ae3b0fe8-5f4c-4327-8624-748d572e9c27', 8, '2021-08-06', 'f9d0b90d-631a-4f45-982c-d8223bd65c0d', '37.43000', '0.00000', NULL, NULL, '2021-08-06 07:16:49', NULL, 'jV Invoice'),
('7eed36df-bb58-4b55-927b-801152b648e1', '77e04074-72c9-47e2-8840-b1ad063af866', '2e9cf1c8-8fd9-47c3-b83d-f54008c02d4d', 2021, '2021-08-07', 3, '141', 'ae3b0fe8-5f4c-4327-8624-748d572e9c27', 8, '2021-08-07', 'f9d0b90d-631a-4f45-982c-d8223bd65c0d', '27110.00000', '0.00000', NULL, NULL, '2021-08-07 01:44:38', NULL, 'This purchase invoice.'),
('e551f6f5-986d-4ad2-9d2b-bcf09cdb4332', '524d032a-f5af-4411-bfe2-5cd9d9b002c8', 'f4556247-1c87-4e4a-a50b-1318dd85d519', 2021, '2021-08-07', 4, '141', 'ae3b0fe8-5f4c-4327-8624-748d572e9c27', 8, '2021-08-07', 'f9d0b90d-631a-4f45-982c-d8223bd65c0d', '1300.00000', '0.00000', NULL, NULL, '2021-08-07 01:45:51', NULL, 'First purchase invoice today'),
('fe1fcb09-5eaa-42af-ab1f-e0979b0016f2', '524d032a-f5af-4411-bfe2-5cd9d9b002c8', '39ff3781-a3f0-46cd-9af4-a58535215002', 2021, '2021-08-07', 5, '141', 'ae3b0fe8-5f4c-4327-8624-748d572e9c27', 8, '2021-08-07', 'f9d0b90d-631a-4f45-982c-d8223bd65c0d', '1550.00000', '0.00000', NULL, NULL, '2021-08-07 01:53:10', '2021-08-07 03:06:42', 'First purchase invoice 1'),
('3f77247a-cbac-4107-906f-ca74f1251a62', '2caa0a06-781e-45f8-83a3-3e35ad70bcc6', 'ad4427a1-9319-4547-ac3c-88c7c65bb94c', 2021, '2021-08-07', 6, '150', 'ae3b0fe8-5f4c-4327-8624-748d572e9c27', 8, '2021-08-07', 'f9d0b90d-631a-4f45-982c-d8223bd65c0d', '3432.50000', '2420.00000', 'paid', NULL, '2021-08-07 03:11:54', '2021-08-07 04:07:29', 'Second Purchase Invoice'),
('f2269191-e3db-4d33-a21e-9270c337d5a6', 'f44e550b-b392-4edd-b714-e2b816806d7c', 'b376b442-6dec-4571-92e7-9dc1d1f82033', 2021, '2021-08-09', 7, '141', 'ae3b0fe8-5f4c-4327-8624-748d572e9c27', 8, '2021-08-09', 'f9d0b90d-631a-4f45-982c-d8223bd65c0d', '1100.00000', '0.00000', NULL, NULL, '2021-08-08 23:47:04', '2021-08-08 23:50:12', 'check stock in table or not'),
('c8b5ef69-d230-4062-8c9c-349f9e6ff75d', '55e33ec2-dd8f-4e55-8166-91adbb01b1c3', 'f72ae474-f868-4e10-b492-298763ae0794', 2023, '2023-03-11', 1, '142', 'ae3b0fe8-5f4c-4327-8624-748d572e9c27', 8, '2023-03-11', 'f9d0b90d-631a-4f45-982c-d8223bd65c0d', '6270.00000', '0.00000', NULL, NULL, '2023-03-11 06:45:05', NULL, 'fsdfsdf');

-- --------------------------------------------------------

--
-- Table structure for table `fs_purchase_invoice_details`
--

CREATE TABLE `fs_purchase_invoice_details` (
  `id` varchar(36) COLLATE utf8mb4_unicode_ci NOT NULL,
  `pur_inv_id` varchar(36) COLLATE utf8mb4_unicode_ci DEFAULT NULL,
  `grn_detail_id` varchar(36) COLLATE utf8mb4_unicode_ci DEFAULT NULL,
  `prod_id` varchar(36) COLLATE utf8mb4_unicode_ci DEFAULT NULL,
  `unit` varchar(12) COLLATE utf8mb4_unicode_ci DEFAULT NULL,
  `qty` decimal(15,5) DEFAULT NULL,
  `rate` decimal(15,5) DEFAULT NULL,
  `gross_amount` decimal(15,5) DEFAULT NULL,
  `tax_percent` decimal(8,5) DEFAULT NULL,
  `tax_amount` decimal(15,5) DEFAULT NULL,
  `disc_percent` decimal(8,5) DEFAULT NULL,
  `disc_amount` decimal(15,5) DEFAULT NULL,
  `delivery_charges` varchar(200) COLLATE utf8mb4_unicode_ci NOT NULL,
  `net_amount` decimal(15,5) DEFAULT NULL,
  `display` int(11) DEFAULT NULL
) ENGINE=InnoDB DEFAULT CHARSET=utf8mb4 COLLATE=utf8mb4_unicode_ci;

--
-- Dumping data for table `fs_purchase_invoice_details`
--

INSERT INTO `fs_purchase_invoice_details` (`id`, `pur_inv_id`, `grn_detail_id`, `prod_id`, `unit`, `qty`, `rate`, `gross_amount`, `tax_percent`, `tax_amount`, `disc_percent`, `disc_amount`, `delivery_charges`, `net_amount`, `display`) VALUES
('da29e829-9770-4e28-beac-9c67bc79a71c', '2edadd5e-dafc-454c-9159-16c3a5d27901', '36bf74d7-c6ac-4a1b-9c5c-62a2a5185d3b', '26ac4b22-28ea-49eb-97fc-18eb3cf10907', 'KG', '20.00000', '100.00000', '1.00000', NULL, NULL, NULL, NULL, '', NULL, 1),
('fd9fdb6a-3234-4ccb-882e-b48fa45afa0d', '98b9d8c6-7b01-49b0-b32b-8eed43a4f9ed', '5f6ee1e0-14ae-4560-a39d-221b5385c5ac', '8df7c58f-9091-4a4c-b9d0-1c65fb5992c7', 'Pcs', '10.00000', '3.67000', '3.00000', '5.00000', '1.83500', '3.00000', '1.10100', '', '37.43000', 1),
('86b52b39-7766-423c-abe6-592a050e68e6', 'fe1fcb09-5eaa-42af-ab1f-e0979b0016f2', 'a727fe71-801d-417b-a9c1-d51d0f04ab2a', 'cb5a1a7d-9dc6-49b7-9711-c007985762a5', 'Pcs', '10.00000', '100.00000', '1.00000', '30.00000', '300.00000', '15.00000', '150.00000', '400.00', '1550.00000', 1),
('605ed34f-6a04-4098-bd3d-060d026ec3cc', '3f77247a-cbac-4107-906f-ca74f1251a62', '09d3dc94-e4ba-4ff7-be57-fb3d0a8aafdb', 'a3157a27-0e5c-41c1-a5c8-61b78fcacf62', 'Pcs', '25.00000', '50.00000', '3.00000', '15.00000', '187.50000', '10.00000', '125.00000', '200.00', '1512.50000', 1),
('76444f42-e086-4a97-a468-7291968508ae', '3f77247a-cbac-4107-906f-ca74f1251a62', '9c12c247-3450-4f8c-863d-417a1a37c395', 'c1fd2b49-0aec-457e-aef6-f8af33604d34', 'Pcs', '30.00000', '60.00000', '0.00000', '10.00000', '180.00000', '20.00000', '360.00000', '300.00', '1920.00000', 2),
('2353eb23-3229-4d04-b614-54b9e58ff058', 'f2269191-e3db-4d33-a21e-9270c337d5a6', 'b7aabc19-2a96-40cf-9bca-d7a709f435c8', 'cb5a1a7d-9dc6-49b7-9711-c007985762a5', 'Pcs', '10.00000', '100.00000', '1.00000', '10.00000', '100.00000', '10.00000', '100.00000', '100.00', '1100.00000', 1),
('437785e6-b3d6-48b3-9c13-7fe4be1de962', 'c8b5ef69-d230-4062-8c9c-349f9e6ff75d', '6f11382d-bc17-4390-8571-5e21005471a3', 'a3157a27-0e5c-41c1-a5c8-61b78fcacf62', 'Pcs', '5700.00000', '1.00000', '5.00000', '10.00000', '570.00000', NULL, '0.00000', '0', '6270.00000', 1);

-- --------------------------------------------------------

--
-- Table structure for table `fs_purchase_inv_returns`
--

CREATE TABLE `fs_purchase_inv_returns` (
  `id` varchar(36) COLLATE utf8mb4_unicode_ci NOT NULL,
  `trm_id` varchar(36) COLLATE utf8mb4_unicode_ci DEFAULT NULL,
  `date` date DEFAULT NULL,
  `month` smallint(6) DEFAULT NULL,
  `number` int(11) DEFAULT NULL,
  `pur_inv_id` varchar(36) COLLATE utf8mb4_unicode_ci DEFAULT NULL,
  `ven_coa_id` varchar(36) COLLATE utf8mb4_unicode_ci DEFAULT NULL,
  `warehouse_id` varchar(64) COLLATE utf8mb4_unicode_ci DEFAULT NULL,
  `company_id` varchar(64) COLLATE utf8mb4_unicode_ci DEFAULT NULL,
  `note` varchar(512) COLLATE utf8mb4_unicode_ci DEFAULT NULL,
  `user_id` varchar(36) COLLATE utf8mb4_unicode_ci DEFAULT NULL,
  `update_user_id` varchar(36) COLLATE utf8mb4_unicode_ci DEFAULT NULL,
  `created_at` timestamp NULL DEFAULT NULL,
  `updated_at` timestamp NULL DEFAULT NULL
) ENGINE=InnoDB DEFAULT CHARSET=utf8mb4 COLLATE=utf8mb4_unicode_ci;

--
-- Dumping data for table `fs_purchase_inv_returns`
--

INSERT INTO `fs_purchase_inv_returns` (`id`, `trm_id`, `date`, `month`, `number`, `pur_inv_id`, `ven_coa_id`, `warehouse_id`, `company_id`, `note`, `user_id`, `update_user_id`, `created_at`, `updated_at`) VALUES
('a5cd9374-4398-46d2-a931-4e39eda31afe', '11e28d98-5a88-460d-ae13-5ff349fb745b', '2021-08-07', 2021, 1, '98b9d8c6-7b01-49b0-b32b-8eed43a4f9ed', '141', 'ae3b0fe8-5f4c-4327-8624-748d572e9c27', 'f9d0b90d-631a-4f45-982c-d8223bd65c0d', NULL, '8', NULL, NULL, NULL);

-- --------------------------------------------------------

--
-- Table structure for table `fs_transattachments`
--

CREATE TABLE `fs_transattachments` (
  `id` char(36) COLLATE utf8mb4_unicode_ci NOT NULL,
  `trm_id` varchar(36) COLLATE utf8mb4_unicode_ci DEFAULT NULL,
  `file` varchar(100) COLLATE utf8mb4_unicode_ci DEFAULT NULL,
  `created_at` timestamp NULL DEFAULT NULL,
  `updated_at` timestamp NULL DEFAULT NULL
) ENGINE=InnoDB DEFAULT CHARSET=utf8mb4 COLLATE=utf8mb4_unicode_ci;

-- --------------------------------------------------------

--
-- Table structure for table `fs_transdetails`
--

CREATE TABLE `fs_transdetails` (
  `id` char(36) COLLATE utf8mb4_unicode_ci NOT NULL,
  `trm_id` varchar(36) COLLATE utf8mb4_unicode_ci NOT NULL,
  `number` bigint(20) UNSIGNED NOT NULL DEFAULT 0,
  `coa_id` int(10) UNSIGNED DEFAULT NULL,
  `company_id` varchar(36) COLLATE utf8mb4_unicode_ci DEFAULT NULL,
  `branch_id` int(10) UNSIGNED DEFAULT NULL,
  `description` varchar(150) COLLATE utf8mb4_unicode_ci DEFAULT NULL,
  `cur_id` char(3) COLLATE utf8mb4_unicode_ci DEFAULT NULL,
  `cur_rate` decimal(12,2) DEFAULT NULL,
  `debit` decimal(12,2) DEFAULT NULL,
  `credit` decimal(12,2) DEFAULT NULL,
  `recv_invoice_id` varchar(36) COLLATE utf8mb4_unicode_ci DEFAULT NULL,
  `pay_invoice_id` varchar(36) COLLATE utf8mb4_unicode_ci DEFAULT NULL,
  `cost_center_id` varchar(36) COLLATE utf8mb4_unicode_ci DEFAULT NULL,
  `bank_status` smallint(5) UNSIGNED DEFAULT NULL,
  `bank_reconcile` tinyint(3) UNSIGNED DEFAULT NULL,
  `status` varchar(40) COLLATE utf8mb4_unicode_ci DEFAULT NULL,
  `lock_status` varchar(40) COLLATE utf8mb4_unicode_ci DEFAULT NULL,
  `delete` tinyint(4) DEFAULT NULL
) ENGINE=InnoDB DEFAULT CHARSET=utf8mb4 COLLATE=utf8mb4_unicode_ci;

--
-- Dumping data for table `fs_transdetails`
--

INSERT INTO `fs_transdetails` (`id`, `trm_id`, `number`, `coa_id`, `company_id`, `branch_id`, `description`, `cur_id`, `cur_rate`, `debit`, `credit`, `recv_invoice_id`, `pay_invoice_id`, `cost_center_id`, `bank_status`, `bank_reconcile`, `status`, `lock_status`, `delete`) VALUES
('000a7e76-064b-4d8a-b522-f1356feccc2f', 'df8d3abf-57ad-4651-a2cb-a89f8c8715e9', 0, 136, 'f9d0b90d-631a-4f45-982c-d8223bd65c0d', NULL, 'Recv. in V8- amount', '1', '1.00', '0.00', '253625.20', 'NULL', 'NULL', 'NULL', NULL, NULL, '', '', NULL),
('00a659cc-ff17-4b14-b8ae-7caef5c7748b', 'df87cd47-6321-4445-bb1a-b04b88352c9e', 325, 133, 'f9d0b90d-631a-4f45-982c-d8223bd65c0d', NULL, 'Transaction against grn No: 2021-0021', '1', '1.00', '0.00', '333808.42', 'NULL', 'NULL', 'NULL', NULL, NULL, 'posted', 'locked', NULL),
('00b4508d-52c9-4b95-a79c-ac85b3263d61', '1d596879-2427-475f-8c82-909f0d6ff0a2', 0, 135, 'f9d0b90d-631a-4f45-982c-d8223bd65c0d', NULL, 'Aiman Foods	Prime Corporation	00027900371055\r\nSlip # 3157267	Nasirabad', '1', '1.00', '0.00', '100000.00', 'NULL', 'NULL', 'NULL', NULL, NULL, '', '', NULL),
('01c322d7-334c-4beb-a6fa-7f54c688d80f', '5cf6b96e-b101-45db-85c2-1590f33decf1', 194, 72, 'f9d0b90d-631a-4f45-982c-d8223bd65c0d', NULL, 'Transaction against grn No: 2021-0017', '1', '1.00', '911485.22', '0.00', 'NULL', 'NULL', 'NULL', NULL, NULL, 'posted', 'locked', NULL),
('01e7acd4-a9fd-479c-ad08-66d6390d35d0', '2800296e-b323-4140-a7a7-058a2993f1b1', 222, 144, 'f9d0b90d-631a-4f45-982c-d8223bd65c0d', NULL, 'Trust Pack Pvt Ltd	WS Traders	0477001006975016\r\nSlip # 3967664	Hyderabad', '1', '1.00', '0.00', '200000.00', 'NULL', 'NULL', 'NULL', NULL, NULL, 'posted', 'locked', NULL),
('01ef5259-f3e2-471c-9a1c-b1b337aa03ed', 'fe1a0f8e-afde-4fee-adfa-9394f9a38dc9', 48, NULL, 'f9d0b90d-631a-4f45-982c-d8223bd65c0d', NULL, 'Transaction against grn No: 2021-0007', '1', '1.00', '0.00', '1356574.48', 'NULL', 'NULL', 'NULL', NULL, NULL, 'posted', 'locked', NULL),
('02a000e8-b369-4def-88c8-98884912e651', '310b7fab-8e60-4524-b9e7-ce765fb23159', 0, 94, 'f9d0b90d-631a-4f45-982c-d8223bd65c0d', NULL, 'today1', '1', '1.00', '22110.00', '0.00', 'NULL', 'NULL', 'NULL', NULL, NULL, '', '', NULL),
('0300e56a-0b73-40f7-beab-27e34792d282', 'b8e3dc9b-7cca-46b5-93a5-f4af945c4216', 108, 71, 'f9d0b90d-631a-4f45-982c-d8223bd65c0d', NULL, 'Sale Invoice Against invoice: 2021-0009 & D.O: 2021-0006', '1', '1.00', '4689.00', '0.00', 'NULL', 'NULL', 'NULL', NULL, NULL, 'posted', 'locked', NULL),
('030f4a75-25d8-436b-8f56-f92017659b84', '05a11520-2e3c-4a50-9d72-6696cf3ae4ec', 0, 146, 'f9d0b90d-631a-4f45-982c-d8223bd65c0d', NULL, 'Al- Fahad Traders', '1', NULL, '0.00', '111.00', 'NULL', 'NULL', 'NULL', NULL, NULL, '', '', NULL),
('035c22f9-dbb1-4645-b724-49a953d1caa7', '03d9adbc-f417-49fb-94af-103f37a0c85f', 193, 133, 'f9d0b90d-631a-4f45-982c-d8223bd65c0d', NULL, 'Transaction against grn No: 2021-0017', '1', '1.00', '0.00', '911417.72', 'NULL', 'NULL', 'NULL', NULL, NULL, 'posted', 'locked', NULL),
('037195d7-f1aa-4e40-95ba-cf75be051129', '843923e0-2534-4997-89d1-26a83379a11f', 144, 136, 'f9d0b90d-631a-4f45-982c-d8223bd65c0d', NULL, 'Trust Pack Pvt Ltd	Nature Harvest Pvt Ltd	02160104360203	MBL', '1', '1.00', '0.00', '300000.00', 'NULL', 'NULL', 'NULL', NULL, NULL, 'posted', 'locked', NULL),
('039787c2-368f-4361-b0ec-16c655f80915', '032d6f6e-b3d3-4b00-a483-73800c027a08', 0, 106, 'f9d0b90d-631a-4f45-982c-d8223bd65c0d', NULL, NULL, '1', '1.00', '0.00', '2300.00', 'NULL', 'NULL', 'NULL', NULL, NULL, '', '', NULL),
('0412125b-31cb-4b4e-aa28-070ea6aec8ec', '8ab1b3a0-57f1-4d6e-abd2-bf60386ffff8', 41, 71, 'f9d0b90d-631a-4f45-982c-d8223bd65c0d', NULL, 'Sale Invoice Against invoice: 2021-0001 & D.O: 2021-0001', '1', '1.00', '7175.00', '0.00', 'NULL', 'NULL', 'NULL', NULL, NULL, 'posted', 'locked', NULL),
('046fd477-7f94-4ac6-82c7-893bfcf3cc83', '2b212531-e45f-42bd-b182-c8dc0cfb6172', 0, 94, 'f9d0b90d-631a-4f45-982c-d8223bd65c0d', NULL, '', '1', '1.00', '500000.00', '0.00', 'NULL', 'NULL', 'NULL', NULL, NULL, '', '', NULL),
('04e9b008-fdfc-46f3-afa2-9cbde8a0119e', 'd10aa476-25c2-44f4-a69c-51bc4da396bd', 0, 133, 'f9d0b90d-631a-4f45-982c-d8223bd65c0d', NULL, 'Aiman Foods Pvt Ltd', '1', '1.00', '0.00', '3424.00', 'NULL', 'NULL', 'NULL', NULL, NULL, '', '', NULL),
('0592ee2c-2fc8-4d07-b62f-631f72d6917f', 'bc26c8e2-5e9c-442b-9a51-df6b57102d20', 0, 55, 'f9d0b90d-631a-4f45-982c-d8223bd65c0d', NULL, '', '1', '1.00', '19065.00', '0.00', 'NULL', 'NULL', 'NULL', NULL, NULL, '', '', NULL),
('05dcd90e-acd7-4105-9ed7-de3f2caaabc9', '3a6852d5-a378-4712-91b5-a0ed5d5b1eb5', 143, 200000, 'f9d0b90d-631a-4f45-982c-d8223bd65c0d', NULL, 'Pay To: Prime Corporation (Aiman Foods) Slip # 2981056 ( Acc #00027900371055)', '1', '1.00', '200000.00', '0.00', 'NULL', 'NULL', 'NULL', NULL, NULL, 'posted', 'locked', NULL),
('070c927f-5c0d-4c89-8e38-403e78a3780d', '8d08882e-8991-4e91-94b3-0a1ffbe1f215', 178, 72, 'f9d0b90d-631a-4f45-982c-d8223bd65c0d', NULL, 'Transaction against grn No: 2021-0015', '1', '1.00', '1282247.11', '0.00', 'NULL', 'NULL', 'NULL', NULL, NULL, 'posted', 'locked', NULL),
('07497adf-3abb-4ddd-8052-2c6ee8a69e69', 'ed3e0ce6-2bb8-4341-ab3f-367d484b1970', 0, 67, 'f9d0b90d-631a-4f45-982c-d8223bd65c0d', NULL, 'Sale Invoice Against invoice: 2021-0008 & D.O: 2021-0007', '1', NULL, '0.00', '169541.78', 'NULL', 'NULL', 'NULL', NULL, NULL, '', '', NULL),
('080ccdff-7f03-4038-9765-161927dd4669', '30eca1eb-1c5b-4549-9d6f-1224394a452e', 0, 67, 'f9d0b90d-631a-4f45-982c-d8223bd65c0d', NULL, '', '1', '1.00', '0.00', '19065.00', '3e0b3f77-dc69-476f-84c5-5a3111f1504d', 'NULL', 'NULL', NULL, NULL, '', '', NULL),
('081ade11-5159-4b24-a811-92dd565b5473', '70093938-7605-474d-bd34-496c09f2b69f', 314, 72, 'f9d0b90d-631a-4f45-982c-d8223bd65c0d', NULL, 'Transaction against grn No: 2021-0021', '1', '1.00', '386113.65', '0.00', 'NULL', 'NULL', 'NULL', NULL, NULL, 'posted', 'locked', NULL),
('08ad8336-aeeb-443a-9da8-1a03b6fd9d53', '496b080a-32bd-46ea-9b5c-3ec15fe22012', 159, NULL, 'f9d0b90d-631a-4f45-982c-d8223bd65c0d', NULL, 'Transaction against grn No: 2021-0009', '1', '1.00', '0.00', '732965.78', 'NULL', 'NULL', 'NULL', NULL, NULL, 'posted', 'locked', NULL),
('095a59bc-3920-40bf-985e-a9fe7641ed79', '35840e59-7249-4618-8c83-a6571a2ff3ec', 80, 71, 'f9d0b90d-631a-4f45-982c-d8223bd65c0d', NULL, 'Sale Invoice Against invoice: 2021-0005 & D.O: 2021-0005', '1', '1.00', '28134.00', '0.00', 'NULL', 'NULL', 'NULL', NULL, NULL, 'posted', 'locked', NULL),
('09dca81a-d801-47f6-a02b-9871488dde08', '27da4e8a-2b66-4d49-8d85-e542257a2ced', 166, 72, 'f9d0b90d-631a-4f45-982c-d8223bd65c0d', NULL, 'Transaction against grn No: 2021-0012', '1', '1.00', '262573.92', '0.00', 'NULL', 'NULL', 'NULL', NULL, NULL, 'posted', 'locked', NULL),
('09ebbbb2-c83a-4b0b-a71b-760493f71f22', '0b63186f-ca44-4a24-855f-1590cec474d3', 0, 133, 'f9d0b90d-631a-4f45-982c-d8223bd65c0d', NULL, NULL, '1', '1.00', '0.00', '50.00', 'NULL', 'NULL', 'NULL', NULL, NULL, '', '', NULL),
('0a4f307e-e38f-472a-a9e6-f5c45753ebff', '1d235a4f-aa8c-4c6a-ac5a-cec7f8a29417', 64, 71, 'f9d0b90d-631a-4f45-982c-d8223bd65c0d', NULL, 'Sale Invoice Against invoice: 2021-0003 & D.O: 2021-0003', '1', '1.00', '9554.40', '0.00', 'NULL', 'NULL', 'NULL', NULL, NULL, 'posted', 'locked', NULL),
('0a9067bb-614f-4201-ad60-ec754ecfcc09', 'f32a08ec-699f-4aed-b1f4-f9df8ce53c1a', 198, 135, 'f9d0b90d-631a-4f45-982c-d8223bd65c0d', NULL, 'Trust Pack Pvt Ltd	WS Traders	04427901635203\r\n5847675	Mehar', '1', '1.00', '0.00', '150000.00', 'NULL', 'NULL', 'NULL', NULL, NULL, 'posted', 'locked', NULL),
('0b5898ea-8899-4f1b-a387-f0185d4085c4', 'ed958f11-362f-4884-b1e4-ba1a7532ce68', 0, 136, 'f9d0b90d-631a-4f45-982c-d8223bd65c0d', NULL, 'HHHHhh', '1', '1.00', '78.00', '0.00', 'NULL', 'NULL', 'NULL', NULL, NULL, '', '', NULL),
('0cc01f7b-4fe7-4d74-b8e2-43a5c4b07ffc', 'f09b472f-bdfb-4976-b295-97c6251c93e2', 138, 136, 'f9d0b90d-631a-4f45-982c-d8223bd65c0d', NULL, 'Pay To: Prime Corporation HBL ( Aiman Foods) Slip # 759463 From Panjgoor', '1', '1.00', '0.00', '500000.00', 'NULL', 'NULL', 'NULL', NULL, NULL, 'posted', 'locked', NULL),
('0d29007b-6408-45e8-a7c3-80553ade5505', '30eca1eb-1c5b-4549-9d6f-1224394a452e', 0, 137, 'f9d0b90d-631a-4f45-982c-d8223bd65c0d', NULL, '', '1', '1.00', '19065.00', '0.00', '3e0b3f77-dc69-476f-84c5-5a3111f1504d', 'NULL', 'NULL', NULL, NULL, '', '', NULL),
('0deccff2-b09d-4692-919b-c6a36da1ead6', '072b06c1-05a0-4596-b8cc-a07998af5a77', 0, 95, 'f9d0b90d-631a-4f45-982c-d8223bd65c0d', NULL, 'ddd', '1', '1.00', '0.00', '122.00', 'NULL', 'NULL', 'NULL', NULL, NULL, '', '', NULL),
('0e1aff6d-9bf0-4cca-912c-ff4782aa9fa2', 'b8e3dc9b-7cca-46b5-93a5-f4af945c4216', 110, 71, 'f9d0b90d-631a-4f45-982c-d8223bd65c0d', NULL, 'Sale Invoice Against invoice: 2021-0009 & D.O: 2021-0006', '1', '1.00', '26154.00', '0.00', 'NULL', 'NULL', 'NULL', NULL, NULL, 'posted', 'locked', NULL),
('0e70f3af-1268-4c1f-b91b-56bb225d66fc', 'f510bfa2-328b-4d91-b036-5414ce553ed5', 0, 147, 'f9d0b90d-631a-4f45-982c-d8223bd65c0d', NULL, 'invoice generated invoice number=2021-0042', '1', '1.00', '15000.00', '0.00', '4f50cce9-38de-423e-a62e-af1f252c2b21', 'NULL', NULL, NULL, NULL, '', '', NULL),
('0f5defe8-67c4-479f-995c-75c432a48150', '69075844-0875-483e-8194-631a61871ba1', 252, 135, 'f9d0b90d-631a-4f45-982c-d8223bd65c0d', NULL, 'Aiman Foods	Aiman Foods & Beverages	Cash\r\nSlip # NA', '1', '1.00', '0.00', '9000.00', 'NULL', 'NULL', 'NULL', NULL, NULL, 'posted', 'locked', NULL),
('0f8ddaf1-1b3b-4064-8865-3aac6bd48638', 'da96ca84-6802-4bbe-8d2a-4660c17d75f0', 0, 67, 'f9d0b90d-631a-4f45-982c-d8223bd65c0d', NULL, 'invoice generated invoice number=2021-0035', '1', '1.00', '0.00', '2100.00', '6181c1cc-3f3b-4a03-86be-49a9d2d76583', 'NULL', NULL, NULL, NULL, '', '', NULL),
('0fa8f528-d58d-414c-a83a-9a0e66b52f81', 'c726f55b-6190-4571-bf76-467d36ae16de', 246, 148, 'f9d0b90d-631a-4f45-982c-d8223bd65c0d', NULL, 'Trust Pack Pvt Ltd	WS Traders	02160104450949\r\nSlip # 0045248	Quetta', '1', '1.00', '0.00', '1200000.00', 'NULL', 'NULL', 'NULL', NULL, NULL, 'posted', 'locked', NULL),
('10036b2a-d44d-42cc-a57d-d7e25d0d1945', '54a2f8b5-bae1-4356-a1b6-3681238f6da4', 0, 144, 'f9d0b90d-631a-4f45-982c-d8223bd65c0d', NULL, 'invoice generated invoice number=2021-0056', '1', '1.00', '20212.50', '0.00', 'a715f7f0-8c18-464b-9867-8b76fae94458', 'NULL', NULL, NULL, NULL, '', '', NULL),
('11efe5a5-c139-442a-9aae-5281982f5398', 'ac305c19-dc68-4057-b221-85bb644ea264', 136, 135, 'f9d0b90d-631a-4f45-982c-d8223bd65c0d', NULL, 'Pay To: W.S Traders (Paper Payment( HBL)', '1', '1.00', '0.00', '250000.00', 'NULL', 'NULL', 'NULL', NULL, NULL, 'posted', 'locked', NULL),
('12d0e7cb-0462-4051-bf4f-08b5e5edb284', 'c20ab7fa-376d-40ce-99eb-0d6a740906cc', 151, 122500, 'f9d0b90d-631a-4f45-982c-d8223bd65c0d', NULL, 'Trust Pack Pvt Ltd	Nature Harvest Pvt Ltd	0104360203	MBL\r\n1504470	Chaman', '1', '1.00', '122500.00', '0.00', 'NULL', 'NULL', 'NULL', NULL, NULL, 'posted', 'locked', NULL),
('12fc3c67-4430-473a-a035-6c51241d8a56', '73eacb09-e56e-4bab-a7f7-5d7db02778ea', 0, 67, 'f9d0b90d-631a-4f45-982c-d8223bd65c0d', NULL, 'Sale Invoice Against invoice: 2021-0008 & D.O: 2021-0007', '1', NULL, '0.00', '169541.78', 'NULL', 'NULL', 'NULL', NULL, NULL, '', '', NULL),
('13199a2f-5566-41ea-bed6-ace243b690e8', '9d8b9346-8c0a-47e4-ab75-2413ad440cad', 70, 71, 'f9d0b90d-631a-4f45-982c-d8223bd65c0d', NULL, 'Sale Invoice Against invoice: 2021-0004 & D.O: 2021-0004', '1', '1.00', '32606.95', '0.00', 'NULL', 'NULL', 'NULL', NULL, NULL, 'posted', 'locked', NULL),
('1328d2e4-a4df-49b5-934c-8c586700e2c7', 'aafb7a9a-20b8-4de7-aa0d-a2d1059d7bee', 0, 94, 'f9d0b90d-631a-4f45-982c-d8223bd65c0d', NULL, '', '1', '1.00', '7000.00', '0.00', 'NULL', 'NULL', 'NULL', NULL, NULL, '', '', NULL),
('14aaea78-8771-43ab-9aaa-cde0007aa07f', '6a8529bc-9f14-4b70-8cec-c601ab4fffe4', 0, 134, 'f9d0b90d-631a-4f45-982c-d8223bd65c0d', NULL, NULL, '1', NULL, '221.00', '1230.00', 'NULL', 'NULL', 'NULL', NULL, NULL, '', '', NULL),
('14b52a3a-7aac-4456-a97a-5da6a89711ba', '56fca32e-618d-41eb-b1ec-9678e9d2ed23', 0, 94, 'f9d0b90d-631a-4f45-982c-d8223bd65c0d', NULL, '', 'USD', '1.00', '113.00', '0.00', 'NULL', 'NULL', 'NULL', NULL, NULL, '', '', NULL),
('14fffb34-b920-4e83-8bfa-7b9e86438b86', '8ee2de82-8f63-453a-a2c1-5403528f4c58', 0, 94, 'f9d0b90d-631a-4f45-982c-d8223bd65c0d', NULL, '', 'USD', '1.00', '0.00', '1300.00', 'NULL', 'NULL', 'NULL', NULL, NULL, '', '', NULL),
('1591196a-2f11-4643-a522-b3dd78b76511', 'bc26c8e2-5e9c-442b-9a51-df6b57102d20', 0, NULL, 'f9d0b90d-631a-4f45-982c-d8223bd65c0d', NULL, '', '1', '1.00', '0.00', '19065.00', 'NULL', 'NULL', 'NULL', NULL, NULL, '', '', NULL),
('15cacefe-1646-4f44-b9ec-c9b9d74e026e', '10799864-e05b-422e-9c1c-a60e7e8c1427', 0, 134, 'f9d0b90d-631a-4f45-982c-d8223bd65c0d', NULL, 'dfs', 'USD', '1.00', '118.00', '115.00', 'NULL', 'NULL', 'NULL', NULL, NULL, '', '', NULL),
('15f50ec4-ed3c-4027-8424-c412eb52c2fe', '5246c099-c034-4a79-a0ea-f2d4469bfba0', 0, 147, 'f9d0b90d-631a-4f45-982c-d8223bd65c0d', NULL, 'invoice generated invoice number=2021-0036', '1', '1.00', '15000.00', '0.00', 'ea9ae0ef-c2c9-4017-8adb-de9b010260c6', 'NULL', NULL, NULL, NULL, '', '', NULL),
('1649f680-b09c-49f8-9148-8bc12cf3e098', 'db631c4b-faa4-4487-be17-2bf3bc9f6532', 0, 67, 'f9d0b90d-631a-4f45-982c-d8223bd65c0d', NULL, 'invoice generated invoice number=2021-0032', '1', '1.00', '0.00', '2100.00', 'ba068877-023b-4b43-8e9d-d1b829eb5b55', 'NULL', NULL, NULL, NULL, '', '', NULL),
('165ea47f-35bc-452d-af37-8175dd2481a2', '54a2f8b5-bae1-4356-a1b6-3681238f6da4', 0, 67, 'f9d0b90d-631a-4f45-982c-d8223bd65c0d', NULL, 'invoice generated invoice number=2021-0056', '1', '1.00', '0.00', '20212.50', 'a715f7f0-8c18-464b-9867-8b76fae94458', 'NULL', NULL, NULL, NULL, '', '', NULL),
('16c97258-424d-4660-8198-3fa4356b0613', 'fcc1a26b-db8e-44a0-ba5f-4e9621ed2007', 172, 72, 'f9d0b90d-631a-4f45-982c-d8223bd65c0d', NULL, 'Transaction against grn No: 2021-0014', '1', '1.00', '698411.84', '0.00', 'NULL', 'NULL', 'NULL', NULL, NULL, 'posted', 'locked', NULL),
('1811fda1-7dfa-4178-9640-f0ad880ea403', 'b3949c51-a515-4e1b-b275-9d7f25072191', 0, 134, 'f9d0b90d-631a-4f45-982c-d8223bd65c0d', NULL, NULL, '1', NULL, '1200.00', '1200.00', 'NULL', 'NULL', 'NULL', NULL, NULL, '', '', NULL),
('181d81a8-1f54-4788-ba9e-12f6c9cb9947', '88cce9aa-02bc-4793-9f32-8653fd2f5495', 0, 139, 'f9d0b90d-631a-4f45-982c-d8223bd65c0d', NULL, 'Sale Invoice Against invoice: 2021-0008 & D.O: 2021-0007', '1', NULL, '16.78', '0.00', 'NULL', 'NULL', 'NULL', NULL, NULL, '', '', NULL),
('1878145a-18fa-4d85-80d7-a3fbd29b76bc', 'b9bcc406-db3a-4b6e-bce7-5ff2b91594c2', 0, 67, 'f9d0b90d-631a-4f45-982c-d8223bd65c0d', NULL, 'invoice generated invoice number=2021-0031', '1', '1.00', '0.00', '1260.00', '868d0d59-d4e1-41d0-8de0-cef9fd2497fc', 'NULL', NULL, NULL, NULL, '', '', NULL),
('192611f1-6361-4754-9627-f8b0d0269bd8', '8ab5773f-03e6-4650-9917-21c836a538fa', 152, 135, 'f9d0b90d-631a-4f45-982c-d8223bd65c0d', NULL, 'Trust Pack Pvt Ltd	SW Enterprise	1589790997403	HBL\r\nSlip # 2961358	Nasirabad', '1', '1.00', '0.00', '200000.00', 'NULL', 'NULL', 'NULL', NULL, NULL, 'posted', 'locked', NULL),
('193b1e6b-ebbd-4ed0-9872-06c19f47d609', 'cf39f4f0-0196-445d-a472-c06d020aa821', 0, 133, 'f9d0b90d-631a-4f45-982c-d8223bd65c0d', NULL, 'Aiman Foods Pvt Ltd', '1', '1.00', '0.00', '1200.00', 'NULL', 'NULL', 'NULL', NULL, NULL, '', '', NULL),
('199687fd-3a5d-4198-976d-d77366329ed3', 'c5337494-fd52-45e8-b39d-0352ea406bd2', 156, 72, 'f9d0b90d-631a-4f45-982c-d8223bd65c0d', NULL, 'Transaction against grn No: 2021-0009', '1', '1.00', '732965.78', '0.00', 'NULL', 'NULL', 'NULL', NULL, NULL, 'posted', 'locked', NULL),
('1a4e91b3-0c69-45f5-9736-f530e558ffcc', '68f1f0c9-61ba-4f06-9b71-e56fd684e277', 155, 21, 'f9d0b90d-631a-4f45-982c-d8223bd65c0d', NULL, 'GIN-WIP Against: 2021-0002', '1', '1.00', '0.00', '3093026.34', 'NULL', 'NULL', 'NULL', NULL, NULL, 'posted', 'locked', NULL),
('1b2df22f-ac63-44c2-b1e7-0227416c81d2', '11e28d98-5a88-460d-ae13-5ff349fb745b', 0, 21, 'f9d0b90d-631a-4f45-982c-d8223bd65c0d', NULL, 'Purchase invoice', '1', '1.00', '0.00', '7.34', 'NULL', 'NULL', 'NULL', NULL, NULL, '', '', NULL),
('1bb62098-a761-451d-886d-3921ce1f0dfc', 'a8727da8-c138-4916-be1c-c97dc71f3006', 238, 135, 'f9d0b90d-631a-4f45-982c-d8223bd65c0d', NULL, 'Trust Pack Pvt Ltd	WS Traders	04427901635203\r\nSlip # 296737', '1', '1.00', '0.00', '180000.00', 'NULL', 'NULL', 'NULL', NULL, NULL, 'posted', 'locked', NULL),
('1bbedf5b-858b-49bc-96de-0e908fc6a328', 'd02a2f5d-337e-4d4e-9b33-1b798d9d326b', 0, 139, 'f9d0b90d-631a-4f45-982c-d8223bd65c0d', NULL, 'invoice generated invoice number=2021-0044', '1', '1.00', '4200.00', '0.00', '64122d3d-4aa7-43b2-9f44-63a08151b0ba', 'NULL', NULL, NULL, NULL, '', '', NULL),
('1c20d81e-6376-4d03-b0b2-b0788411066e', 'a14ddf91-e1bf-4754-99e3-3fac94b9bcee', 0, 150, 'f9d0b90d-631a-4f45-982c-d8223bd65c0d', NULL, 'Cider Food', '1', NULL, '1300.00', '0.00', 'NULL', 'NULL', 'NULL', NULL, NULL, '', '', NULL),
('1d6dce3f-56ea-4e37-bc3f-cfa413dcf6db', '35840e59-7249-4618-8c83-a6571a2ff3ec', 79, 71, 'f9d0b90d-631a-4f45-982c-d8223bd65c0d', NULL, 'Sale Invoice Against invoice: 2021-0005 & D.O: 2021-0005', '1', '1.00', '4689.00', '0.00', 'NULL', 'NULL', 'NULL', NULL, NULL, 'posted', 'locked', NULL),
('1dcd6155-4a78-4e6b-a0da-df280aa2b47a', 'dd9c1fd2-9736-4e0a-9011-b73558cb5918', 0, 137, 'f9d0b90d-631a-4f45-982c-d8223bd65c0d', NULL, '', '1', '1.00', '19065.00', '0.00', '3ef31a1d-2e76-442a-8a88-558c0d53c7ad', 'NULL', 'NULL', NULL, NULL, '', '', NULL),
('1df319a9-9490-456e-8311-96f1ece7df47', '730f9cba-87ce-4824-8cdf-a648a018939d', 242, 144, 'f9d0b90d-631a-4f45-982c-d8223bd65c0d', NULL, 'Trust Pack Pvt Ltd	WS Traders	0477001006975016\r\nSlip # Trx 210810120573014	Hyderabad', '1', '1.00', '0.00', '70000.00', 'NULL', 'NULL', 'NULL', NULL, NULL, 'posted', 'locked', NULL),
('1e2d73d3-2bae-4ff5-925f-ef5c6317a464', '70093938-7605-474d-bd34-496c09f2b69f', 315, 133, 'f9d0b90d-631a-4f45-982c-d8223bd65c0d', NULL, 'Transaction against grn No: 2021-0021', '1', '1.00', '0.00', '386113.65', 'NULL', 'NULL', 'NULL', NULL, NULL, 'posted', 'locked', NULL),
('1e8438a2-a7b4-4efd-a833-6116d67eb15a', '9f173704-9893-4522-952a-0297869bdf99', 0, 67, 'f9d0b90d-631a-4f45-982c-d8223bd65c0d', NULL, 'Sale Invoice Against invoice: 2021-0018 & D.O: 2021-0018', '1', '1.00', '0.00', '82225.50', 'dcd87138-56eb-43fe-ab0f-86b01942526a', 'NULL', 'NULL', NULL, NULL, '', '', NULL),
('1e972052-49e9-470f-8bfb-e0ebab640271', '1477ebd9-be81-4ea7-bf07-a01918784faf', 323, 133, 'f9d0b90d-631a-4f45-982c-d8223bd65c0d', NULL, 'Transaction against grn No: 2021-0021', '1', '1.00', '0.00', '385615.52', 'NULL', 'NULL', 'NULL', NULL, NULL, 'posted', 'locked', NULL),
('1ffc65d1-5c72-49e1-aef6-c6e24033bbcd', '89d0c3db-6677-43a5-8c15-6d55eaa82707', 0, 136, 'f9d0b90d-631a-4f45-982c-d8223bd65c0d', NULL, 'burraque', '1', '1.00', '0.00', '13000.00', 'NULL', 'NULL', 'NULL', NULL, NULL, '', '', NULL),
('20c58505-69f6-404c-b369-9e7178502ef4', '459083ec-3fae-49c3-b1de-157af860c849', 0, 106, 'f9d0b90d-631a-4f45-982c-d8223bd65c0d', NULL, '', '1', '1.00', '0.00', '12000.00', 'NULL', 'NULL', 'NULL', NULL, NULL, '', '', NULL),
('20e57c07-e5b8-4408-885c-38cdf67bdaad', 'd7063b24-fa5a-4008-ad72-7a6a2878c0b8', 248, 147, 'f9d0b90d-631a-4f45-982c-d8223bd65c0d', NULL, 'Trust Pack Pvt Ltd	WS Traders	04427901635203\r\nSlip # 3822005128	Mobile', '1', '1.00', '0.00', '100000.00', 'NULL', 'NULL', 'NULL', NULL, NULL, 'posted', 'locked', NULL),
('220173f8-1e63-41cb-9ae4-ad8f45a7c73e', '2e9cf1c8-8fd9-47c3-b83d-f54008c02d4d', 0, 71, 'f9d0b90d-631a-4f45-982c-d8223bd65c0d', NULL, 'purchase invoice', '1', '1.00', '3077.00', '0.00', 'NULL', 'NULL', 'NULL', NULL, NULL, '', '', NULL),
('22b99e2d-4743-4a6f-b34f-666597a1f38d', 'efb657ee-b159-4d24-be5c-3e35f88ece0a', 121, 67, 'f9d0b90d-631a-4f45-982c-d8223bd65c0d', NULL, 'Sale Invoice Against invoice: 2021-0011 & D.O: 2021-0010', '1', '1.00', '0.00', '155580.81', 'NULL', 'NULL', 'NULL', NULL, NULL, 'posted', 'locked', NULL),
('22c4e7a7-71dc-478f-a846-6e51e7234640', 'd7063b24-fa5a-4008-ad72-7a6a2878c0b8', 249, 152, 'f9d0b90d-631a-4f45-982c-d8223bd65c0d', NULL, 'Trust Pack Pvt Ltd	WS Traders	04427901635203\r\nSlip # 3822005128	Mobile', '1', '1.00', '100000.00', '0.00', 'NULL', 'NULL', 'NULL', NULL, NULL, 'posted', 'locked', NULL),
('235712ee-fdfb-486a-935d-561c421c86af', 'a8d7a34e-5c89-476f-a722-510a59232d66', 0, 152, 'f9d0b90d-631a-4f45-982c-d8223bd65c0d', NULL, 'Publico Printers	Kamran Afzal	02370101381386\r\nSlip # 1399584	Hyderabad', '1', '1.00', '100000.00', '0.00', 'NULL', 'NULL', 'NULL', NULL, NULL, '', '', NULL),
('23665947-006f-4f5f-bbc8-3b01ee12d845', '2b2e1143-b098-4154-a829-393604d7c437', 0, 67, 'f9d0b90d-631a-4f45-982c-d8223bd65c0d', NULL, 'invoice generated invoice number=2021-0054', '1', '1.00', '0.00', '4200.00', '66a28c86-21bf-4f4e-bdff-93d18278ab1f', 'NULL', NULL, NULL, NULL, '', '', NULL),
('238386e3-a77c-469b-a726-6538b20c6032', '527a0dad-bf3c-4c19-87f6-4dcf9dfd46b0', 286, 147, 'f9d0b90d-631a-4f45-982c-d8223bd65c0d', NULL, 'Sale Invoice Against invoice: 2021-0015 & D.O: 2021-0016', '1', '1.00', '235000.00', '0.00', '23cbf475-47ef-44c2-8b83-b5c82b89c0ba', 'NULL', 'NULL', NULL, NULL, 'posted', 'locked', NULL),
('24e89689-14aa-4008-8206-817330175570', '26cea9d8-fad7-427c-ba11-730c421b468d', 217, 289600, 'f9d0b90d-631a-4f45-982c-d8223bd65c0d', NULL, 'Everyday Food	Everyday Food Industries	16020104870774\r\nSLIP # 7818314	Hyderabad', '1', '1.00', '289600.00', '0.00', 'NULL', 'NULL', 'NULL', NULL, NULL, 'posted', 'locked', NULL),
('25398c8c-bc21-4abb-bb4d-89604771ec93', 'a14ddf91-e1bf-4754-99e3-3fac94b9bcee', 0, 106, 'f9d0b90d-631a-4f45-982c-d8223bd65c0d', NULL, '', 'USD', NULL, '0.00', '1300.00', 'NULL', 'NULL', 'NULL', NULL, NULL, '', '', NULL),
('25715cfa-1e09-4f83-890d-c556fd46070d', 'e51c8f21-0491-4b6b-83a5-26cd8f7ac83b', 0, 134, 'f9d0b90d-631a-4f45-982c-d8223bd65c0d', NULL, NULL, '1', '1.00', '0.00', '1200.00', 'NULL', 'NULL', 'NULL', NULL, NULL, '', '', NULL),
('2577c974-dfb4-43c5-a135-22dad8fc9304', 'e14c0cc3-a1ae-47b8-b1a4-398f13aef999', 0, 152, 'f9d0b90d-631a-4f45-982c-d8223bd65c0d', NULL, 'Trust Pack Pvt Ltd	WS Traders	04427901635203\r\nNasirabad', '1', '1.00', '100000.00', '0.00', 'NULL', 'NULL', 'NULL', NULL, NULL, '', '', NULL),
('25af329a-7ca2-4ba3-9d1b-ce6ab2080a1f', '5cf13425-e3ca-429f-9682-8330a45e0bb3', 87, 71, 'f9d0b90d-631a-4f45-982c-d8223bd65c0d', NULL, 'Sale Invoice Against invoice: 2021-0006 & D.O: 2021-0009', '1', '1.00', '1830.00', '0.00', 'NULL', 'NULL', 'NULL', NULL, NULL, 'posted', 'locked', NULL),
('26260f20-d159-49cf-a816-d9284d8bf04f', 'f9d4f55d-25b3-410f-8cf7-3621760002a2', 202, 135, 'f9d0b90d-631a-4f45-982c-d8223bd65c0d', NULL, 'Aiman Foods	Prime Corporation	00027900371055\r\nSlip # Mobile Acct', '1', '1.00', '0.00', '200000.00', 'NULL', 'NULL', 'NULL', NULL, NULL, 'posted', 'locked', NULL),
('26aff8e2-9b39-48a8-9d77-c460775f583e', 'aafb7a9a-20b8-4de7-aa0d-a2d1059d7bee', 0, 133, 'f9d0b90d-631a-4f45-982c-d8223bd65c0d', NULL, 'Aiman Foods Pvt Ltd', '1', '1.00', '0.00', '5000.00', 'NULL', 'NULL', 'NULL', NULL, NULL, '', '', NULL),
('26f30431-ea71-43b7-a121-cbc6f5077bb1', 'b376b442-6dec-4571-92e7-9dc1d1f82033', 0, 71, 'f9d0b90d-631a-4f45-982c-d8223bd65c0d', NULL, 'purchase invoice', '1', '1.00', '100.00', '0.00', 'NULL', 'NULL', 'NULL', NULL, NULL, '', '', NULL),
('2732270e-5add-4a8e-b6d3-57aa0f12b8d1', 'f84cfc69-1746-439e-b46a-4d77879d5e2d', 262, 144, 'f9d0b90d-631a-4f45-982c-d8223bd65c0d', NULL, 'Aiman Foods	Prime Corporation	01140104366919\r\nSlip # 1399584	Hyderabad', '1', '1.00', '0.00', '300000.00', 'NULL', 'NULL', 'NULL', NULL, NULL, 'posted', 'locked', NULL),
('27428742-e64f-40b1-8ef8-0dc4d2e6a9c7', '96925b9f-b31c-481b-ac89-2626b27d23a1', 268, 71, 'f9d0b90d-631a-4f45-982c-d8223bd65c0d', NULL, 'Sale Invoice Against invoice: 2021-0012 & D.O: 2021-0013', '1', '1.00', '5337.38', '0.00', '4a35af77-75dd-407d-837f-a57bb89f0eaa', 'NULL', 'NULL', NULL, NULL, 'posted', 'locked', NULL),
('27bc04f3-9063-4936-a958-d30107ca995c', 'a90800be-6193-4903-afab-1833aaaf7e75', 0, 67, 'f9d0b90d-631a-4f45-982c-d8223bd65c0d', NULL, 'Sale Invoice Against invoice: 2021-0008 & D.O: 2021-0007', '1', NULL, '0.00', '169541.78', 'NULL', 'NULL', 'NULL', NULL, NULL, '', '', NULL),
('27e38946-3674-44b6-851d-54bee9e072bf', '6e28100a-b691-4604-a33c-3608298ff848', 0, 67, 'f9d0b90d-631a-4f45-982c-d8223bd65c0d', NULL, 'invoice generated invoice number=2021-0043', '1', '1.00', '0.00', '2415.00', '9383a318-8414-4742-a2d1-2069d7a97b20', 'NULL', NULL, NULL, NULL, '', '', NULL),
('2818f520-8a3f-4939-9da2-c2eba98c416a', '3f634b23-ebcd-4ded-932d-61a0b1195415', 317, 133, 'f9d0b90d-631a-4f45-982c-d8223bd65c0d', NULL, 'Transaction against grn No: 2021-0020', '1', '1.00', '0.00', '867859.37', 'NULL', 'NULL', 'NULL', NULL, NULL, 'posted', 'locked', NULL),
('284cfa08-43c9-48c8-be2c-3b503933957b', '88995863-5d71-4b4a-bfcf-3f02b5f982df', 265, 67, 'f9d0b90d-631a-4f45-982c-d8223bd65c0d', NULL, 'Sale Invoice Against invoice: 2021-0012 & D.O: 2021-0013', '1', '1.00', '0.00', '921128.00', '4a35af77-75dd-407d-837f-a57bb89f0eaa', 'NULL', 'NULL', NULL, NULL, 'posted', 'locked', NULL),
('2851b74b-da19-4537-b53f-239b33b628b8', '96925b9f-b31c-481b-ac89-2626b27d23a1', 266, 71, 'f9d0b90d-631a-4f45-982c-d8223bd65c0d', NULL, 'Sale Invoice Against invoice: 2021-0012 & D.O: 2021-0013', '1', '1.00', '10674.76', '0.00', '4a35af77-75dd-407d-837f-a57bb89f0eaa', 'NULL', 'NULL', NULL, NULL, 'posted', 'locked', NULL),
('28acbbeb-553e-4d27-8611-952e48e0252e', '5db55418-79fb-4b51-9106-0e2fea6d0467', 295, 67, 'f9d0b90d-631a-4f45-982c-d8223bd65c0d', NULL, 'Sale Invoice Against invoice: 2021-0016 & D.O: 2021-0017', '1', '1.00', '0.00', '564000.00', '4af3d40e-f061-4a84-9c80-06019a02e22f', 'NULL', 'NULL', NULL, NULL, 'posted', 'locked', NULL),
('28cb9398-4cd3-4c19-8de9-1906a0b2b97b', 'ea772e49-e1bc-4388-a694-7b7ff45cfc5f', 235, 152, 'f9d0b90d-631a-4f45-982c-d8223bd65c0d', NULL, 'Trust Pack Pvt Ltd	WS Traders	0477001006975016\r\nSlip # 3076360	Hyderabad', '1', '1.00', '30000.00', '0.00', 'NULL', 'NULL', 'NULL', NULL, NULL, 'posted', 'locked', NULL),
('29561021-a707-496e-8a46-4f8bb1fb2301', '7193c7c4-4057-41ef-8075-3a5dc6c49c88', 0, 133, 'f9d0b90d-631a-4f45-982c-d8223bd65c0d', NULL, NULL, '1', '1.00', '0.00', '200.00', 'NULL', 'NULL', 'NULL', NULL, NULL, '', '', NULL),
('2a4a924f-8baa-47e7-b94a-065c234de2c3', 'e660e043-876a-433a-8184-bc500b33084b', 0, 147, 'f9d0b90d-631a-4f45-982c-d8223bd65c0d', NULL, 'Everyday Food	Everyday Food Industries	16020104870774\r\nLarkana', '1', '1.00', '0.00', '119700.00', 'NULL', 'NULL', 'NULL', NULL, NULL, '', '', NULL),
('2ab227a2-d36f-4f83-a32f-bd4ae838a5e7', '96925b9f-b31c-481b-ac89-2626b27d23a1', 269, 71, 'f9d0b90d-631a-4f45-982c-d8223bd65c0d', NULL, 'Sale Invoice Against invoice: 2021-0012 & D.O: 2021-0013', '1', '1.00', '32024.28', '0.00', '4a35af77-75dd-407d-837f-a57bb89f0eaa', 'NULL', 'NULL', NULL, NULL, 'posted', 'locked', NULL),
('2b37605f-862c-4b12-9747-1cf72bc6fc87', 'a755d6ec-9101-4a09-9672-b9379e6abe30', 0, 94, 'f9d0b90d-631a-4f45-982c-d8223bd65c0d', NULL, '', 'USD', '1.00', '2211.28', '0.00', 'NULL', 'NULL', 'NULL', NULL, NULL, '', '', NULL),
('2b77394c-c6fa-4dc2-b188-d2762ed35696', '9db34177-efbb-4dcb-a075-a83cbc53817a', 115, 71, 'f9d0b90d-631a-4f45-982c-d8223bd65c0d', NULL, 'Sale Invoice Against invoice: 2021-0010 & D.O: 2021-0012', '1', '1.00', '9150.00', '0.00', 'NULL', 'NULL', 'NULL', NULL, NULL, 'posted', 'locked', NULL),
('2bb8430d-63b1-4c04-9ec4-3480a12bd95d', '73eacb09-e56e-4bab-a7f7-5d7db02778ea', 0, 139, 'f9d0b90d-631a-4f45-982c-d8223bd65c0d', NULL, 'Sale Invoice Against invoice: 2021-0008 & D.O: 2021-0007', '1', NULL, '169541.78', '0.00', 'NULL', 'NULL', 'NULL', NULL, NULL, '', '', NULL),
('2bdb8414-af77-42eb-a744-a25d985f7e64', '4944fec0-4d1f-4d92-80ed-b667af909ba7', 0, 107, 'f9d0b90d-631a-4f45-982c-d8223bd65c0d', NULL, 'demi', '1', '1.00', '9502.00', '0.00', 'NULL', 'NULL', 'NULL', NULL, NULL, '', '', NULL),
('2cc02d90-c051-41e5-9278-bde74dc1ec3e', 'df65a309-fa5c-4fcf-b867-9dc4ff85fe92', 0, 140, 'f9d0b90d-631a-4f45-982c-d8223bd65c0d', NULL, 'Arham Enterprises', '1', NULL, '350.00', '0.00', 'NULL', 'NULL', 'NULL', NULL, NULL, '', '', NULL),
('2d476f4a-a887-46b4-83f1-51fbc26caf3c', 'b94c0147-ed5c-45b2-a96f-91eeb01599b9', 135, 500000, 'f9d0b90d-631a-4f45-982c-d8223bd65c0d', NULL, 'Pay To WS Traders Paper HBL', '1', '1.00', '500000.00', '0.00', 'NULL', 'NULL', 'NULL', NULL, NULL, 'posted', 'locked', NULL),
('2d7bf888-0746-40cd-a2ab-1baf044e35b6', '2ca76a92-abc9-4b20-b2be-3a8d86768f39', 0, 137, 'f9d0b90d-631a-4f45-982c-d8223bd65c0d', NULL, 'Al - Faizan Foods', '1', NULL, '0.00', '112.00', 'NULL', 'NULL', 'NULL', NULL, NULL, '', '', NULL),
('2d8cff0d-7b46-43d6-93fc-8f6765dcc86f', '8ab1b3a0-57f1-4d6e-abd2-bf60386ffff8', 42, 71, 'f9d0b90d-631a-4f45-982c-d8223bd65c0d', NULL, 'Sale Invoice Against invoice: 2021-0001 & D.O: 2021-0001', '1', '1.00', '43050.00', '0.00', 'NULL', 'NULL', 'NULL', NULL, NULL, 'posted', 'locked', NULL),
('2e123a7a-0aee-4858-9c0a-acc8d74b78bd', 'b7ac0cce-76da-4e02-9ea1-80b183463b08', 328, 72, 'f9d0b90d-631a-4f45-982c-d8223bd65c0d', NULL, 'Transaction against grn No: 2021-0022', '1', '1.00', '778045.21', '0.00', 'NULL', 'NULL', 'NULL', NULL, NULL, 'posted', 'locked', NULL),
('2e660403-5f00-4891-b5d7-7b04d024fcff', '3a6852d5-a378-4712-91b5-a0ed5d5b1eb5', 142, 135, 'f9d0b90d-631a-4f45-982c-d8223bd65c0d', NULL, 'Pay To: Prime Corporation (Aiman Foods) Slip # 2981056 ( Acc #00027900371055)', '1', '1.00', '0.00', '200000.00', 'NULL', 'NULL', 'NULL', NULL, NULL, 'posted', 'locked', NULL),
('2fe3680b-db53-4a35-94e9-c0cf96091b95', '03d9adbc-f417-49fb-94af-103f37a0c85f', 192, 72, 'f9d0b90d-631a-4f45-982c-d8223bd65c0d', NULL, 'Transaction against grn No: 2021-0017', '1', '1.00', '911417.72', '0.00', 'NULL', 'NULL', 'NULL', NULL, NULL, 'posted', 'locked', NULL),
('3194e9b3-65e1-482e-afbf-2ddfc972db4c', '07c18e68-b152-4087-81e4-757a88cddbe7', 0, 94, 'f9d0b90d-631a-4f45-982c-d8223bd65c0d', NULL, '', '1', '1.00', '2500.00', '0.00', 'NULL', 'NULL', 'NULL', NULL, NULL, '', '', NULL),
('322bcff4-73d4-4f9a-87e7-877698763c09', 'cdc1ca92-9911-4ecc-a7f4-6b62d69ec427', 0, 133, 'f9d0b90d-631a-4f45-982c-d8223bd65c0d', NULL, 'Aiman Foods Pvt Ltd', '1', '1.00', '0.00', '789.00', 'NULL', 'NULL', 'NULL', NULL, NULL, '', '', NULL),
('3261e560-1fe8-4e9e-b21b-f4edf7e5b87b', '18e86b12-0586-49b4-b74d-1c67c8cc3804', 100, 71, 'f9d0b90d-631a-4f45-982c-d8223bd65c0d', NULL, 'Sale Invoice Against invoice: 2021-0008 & D.O: 2021-0007', '1', '1.00', '914.36', '0.00', 'NULL', 'NULL', 'NULL', NULL, NULL, 'posted', 'locked', NULL),
('326a36f5-67c5-42b5-b60f-ebac8ec28a65', '1a3d7e54-504b-4277-934d-8711c55004da', 0, 143, 'f9d0b90d-631a-4f45-982c-d8223bd65c0d', NULL, 'Aimen Foods (Raw Material)', 'USD', '1.00', '230.00', '230.00', 'NULL', 'NULL', 'NULL', NULL, NULL, '', '', NULL),
('32c2238b-c754-4cef-9965-fb8debc1bd8f', '98b17ca5-4346-43fb-83f9-1ff5a45d4326', 256, 135, 'f9d0b90d-631a-4f45-982c-d8223bd65c0d', NULL, 'Aiman Foods	Prime Corporation	00027900371055\r\nSlip # 1327211	Radhan', '1', '1.00', '0.00', '220000.00', 'NULL', 'NULL', 'NULL', NULL, NULL, 'posted', 'locked', NULL),
('330cb14a-311d-4ea5-b67e-e2213df41e03', '7c85b4d6-efae-46d6-9060-dcf48f4aa01b', 0, 140, 'f9d0b90d-631a-4f45-982c-d8223bd65c0d', NULL, 'Everyday Food Industries	16020104870774\r\nSlip # NA Nawabshah', '1', '1.00', '0.00', '200000.00', 'NULL', 'NULL', 'NULL', NULL, NULL, '', '', NULL),
('336cb238-37ba-4035-960f-db02f1d20c82', '75d1807a-8262-4790-8fd4-46020874f1d5', 38, 67, 'f9d0b90d-631a-4f45-982c-d8223bd65c0d', NULL, 'Sale Invoice Against invoice: 2021-0001 & D.O: 2021-0001', '1', '1.00', '0.00', '1274000.00', 'NULL', 'NULL', 'NULL', NULL, NULL, 'posted', 'locked', NULL),
('3406d772-e428-4ed2-b2e1-96344e593705', '249a7686-1f4a-4331-a2be-f85b90c89856', 180, 72, 'f9d0b90d-631a-4f45-982c-d8223bd65c0d', NULL, 'Transaction against grn No: 2021-0015', '1', '1.00', '1295191.51', '0.00', 'NULL', 'NULL', 'NULL', NULL, NULL, 'posted', 'locked', NULL),
('34271f9c-4124-4181-8d32-5d60c7562c03', 'da7118aa-3c9a-45ce-b8d5-033dd72c10d9', 0, 72, 'f9d0b90d-631a-4f45-982c-d8223bd65c0d', NULL, 'Sale Invoice Against invoice: 2021-0018 & D.O: 2021-0018', '1', '1.00', '0.00', '86100.00', 'dcd87138-56eb-43fe-ab0f-86b01942526a', 'NULL', 'NULL', NULL, NULL, '', '', NULL),
('34611b6d-b645-4142-87ad-c15fbc6b8ff6', '1bda0fb3-cdf3-4d85-9009-309cb305da84', 0, 137, 'f9d0b90d-631a-4f45-982c-d8223bd65c0d', NULL, '', '1', '1.00', '19065.00', '0.00', 'e0dbe54f-1a5b-4430-a489-1193508daebf', 'NULL', 'NULL', NULL, NULL, '', '', NULL),
('36b1d492-b3ab-4d1a-9947-63e430c140dd', 'ed958f11-362f-4884-b1e4-ba1a7532ce68', 0, 106, 'f9d0b90d-631a-4f45-982c-d8223bd65c0d', NULL, '', 'USD', '1.00', '0.00', '78.00', 'NULL', 'NULL', 'NULL', NULL, NULL, '', '', NULL),
('37009787-b55c-4e80-8d08-f13d5b155177', '8ab1b3a0-57f1-4d6e-abd2-bf60386ffff8', 43, 71, 'f9d0b90d-631a-4f45-982c-d8223bd65c0d', NULL, 'Sale Invoice Against invoice: 2021-0001 & D.O: 2021-0001', '1', '1.00', '60550.00', '0.00', 'NULL', 'NULL', 'NULL', NULL, NULL, 'posted', 'locked', NULL),
('370d397b-2d87-4433-b061-3a43c6b1a10a', '9bd9fdf0-4772-4ab4-aefd-da97f1b2b2ba', 169, 133, 'f9d0b90d-631a-4f45-982c-d8223bd65c0d', NULL, 'Transaction against grn No: 2021-0013', '1', '1.00', '0.00', '202966.21', 'NULL', 'NULL', 'NULL', NULL, NULL, 'posted', 'locked', NULL),
('373a6d92-065f-4f15-95e7-47e7a1460c7d', 'acb2de69-0ecb-4e58-a121-d9338ab94475', 0, 143, 'f9d0b90d-631a-4f45-982c-d8223bd65c0d', NULL, 'Aimen Foods (Raw Material)', '1', NULL, '0.00', '111.00', 'NULL', 'NULL', 'NULL', NULL, NULL, '', '', NULL),
('37f610e7-2423-4aad-b036-3e7bbcd0f94c', '23d45934-2584-4ebd-b3ce-8b0b3426ec13', 170, 72, 'f9d0b90d-631a-4f45-982c-d8223bd65c0d', NULL, 'Transaction against grn No: 2021-0012', '1', '1.00', '259945.75', '0.00', 'NULL', 'NULL', 'NULL', NULL, NULL, 'posted', 'locked', NULL),
('38893434-00f9-4e95-ba40-5cdeee4886c4', '975eabab-9267-4896-b036-919b415f66b2', 0, 67, 'f9d0b90d-631a-4f45-982c-d8223bd65c0d', NULL, 'invoice generated invoice number=2021-0034', '1', '1.00', '0.00', '2100.00', '0d223abc-da9a-4046-931a-1ff41b005eea', 'NULL', NULL, NULL, NULL, '', '', NULL),
('38e8d127-2220-43be-be2f-6e33b02ce6b1', '52e7358f-4faa-493d-8dc9-69459c3aed39', 244, 139, 'f9d0b90d-631a-4f45-982c-d8223bd65c0d', NULL, 'Publico Printers	Kamran Afzal	55150115000013010\r\nSlip # 8834886	Qamber', '1', '1.00', '0.00', '100000.00', 'NULL', 'NULL', 'NULL', NULL, NULL, 'posted', 'locked', NULL),
('3907a7ac-ebdd-415e-bb04-fc44b5e038af', 'f9d4f55d-25b3-410f-8cf7-3621760002a2', 203, 200000, 'f9d0b90d-631a-4f45-982c-d8223bd65c0d', NULL, 'Aiman Foods	Prime Corporation	00027900371055\r\nSlip # Mobile Acct', '1', '1.00', '200000.00', '0.00', 'NULL', 'NULL', 'NULL', NULL, NULL, 'posted', 'locked', NULL),
('39150fe3-31d6-4e3b-afed-c529faae58c9', '2e9cf1c8-8fd9-47c3-b83d-f54008c02d4d', 0, 21, 'f9d0b90d-631a-4f45-982c-d8223bd65c0d', NULL, 'Purchase invoice', '1', '1.00', '18100.00', '0.00', 'NULL', 'NULL', 'NULL', NULL, NULL, '', '', NULL),
('3a159081-ce7c-4e50-a206-f32210d1dcbb', '0b63186f-ca44-4a24-855f-1590cec474d3', 0, 134, 'f9d0b90d-631a-4f45-982c-d8223bd65c0d', NULL, NULL, '1', '1.00', '0.00', '20.00', 'NULL', 'NULL', 'NULL', NULL, NULL, '', '', NULL),
('3a25c125-5b11-435b-b4d1-086b30368839', 'eccaecb9-3a26-4070-a19b-c5abaea1ab49', 0, 134, 'f9d0b90d-631a-4f45-982c-d8223bd65c0d', NULL, 'aaaa', '1', '1.00', '0.00', '19065.00', 'NULL', 'NULL', 'NULL', NULL, NULL, '', '', NULL),
('3b88c5c2-7118-430b-b4ed-6e8bac6e0d91', '496b080a-32bd-46ea-9b5c-3ec15fe22012', 158, 72, 'f9d0b90d-631a-4f45-982c-d8223bd65c0d', NULL, 'Transaction against grn No: 2021-0009', '1', '1.00', '732965.78', '0.00', 'NULL', 'NULL', 'NULL', NULL, NULL, 'posted', 'locked', NULL),
('3c0063bf-6044-4191-a938-c71e5dcfbcbc', 'b22609af-bae8-4866-9602-247cf79d87a4', 0, 151, 'f9d0b90d-631a-4f45-982c-d8223bd65c0d', NULL, 'payment pulico printers', '1', '1.00', '12000.00', '0.00', 'NULL', 'NULL', 'NULL', NULL, NULL, '', '', NULL),
('3c24e2a2-9efd-4dbb-9053-c9ebc86c602b', '9d8b9346-8c0a-47e4-ab75-2413ad440cad', 71, 71, 'f9d0b90d-631a-4f45-982c-d8223bd65c0d', NULL, 'Sale Invoice Against invoice: 2021-0004 & D.O: 2021-0004', '1', '1.00', '6521.39', '0.00', 'NULL', 'NULL', 'NULL', NULL, NULL, 'posted', 'locked', NULL),
('3c274e43-1e4f-46df-bc6a-82a12dc22632', 'a31bfeb3-bcde-4400-b463-71d91ab9f369', 225, 152, 'f9d0b90d-631a-4f45-982c-d8223bd65c0d', NULL, 'Trust Pack Pvt Ltd	WS Traders	0477001006975016\r\nSlip # 3967664	Hyderabad', '1', '1.00', '100000.00', '0.00', 'NULL', 'NULL', 'NULL', NULL, NULL, 'posted', 'locked', NULL),
('3c44a290-d547-43da-b4cb-9cdc6fd6aa05', '18e86b12-0586-49b4-b74d-1c67c8cc3804', 99, 71, 'f9d0b90d-631a-4f45-982c-d8223bd65c0d', NULL, 'Sale Invoice Against invoice: 2021-0008 & D.O: 2021-0007', '1', '1.00', '1828.71', '0.00', 'NULL', 'NULL', 'NULL', NULL, NULL, 'posted', 'locked', NULL),
('3cc945c9-4868-461c-8b7d-730071f9999d', 'b663852f-3b10-494c-ad31-3e488b014004', 297, 71, 'f9d0b90d-631a-4f45-982c-d8223bd65c0d', NULL, 'Sale Invoice Against invoice: 2021-0016 & D.O: 2021-0017', '1', '1.00', '15630.00', '0.00', '4af3d40e-f061-4a84-9c80-06019a02e22f', 'NULL', 'NULL', NULL, NULL, 'posted', 'locked', NULL),
('3cd6c9de-3f5d-4739-b091-7d3a0776ea4d', 'b2e82695-7b52-43a5-b332-4e7ac37d3271', 0, 14, 'f9d0b90d-631a-4f45-982c-d8223bd65c0d', NULL, 'rrrrrrrrrrrr', '1', '1.00', '1230.00', '0.00', 'NULL', 'NULL', 'NULL', NULL, NULL, '', '', NULL),
('3d0d1538-ff48-4d12-b8c6-714831654181', '2be2a002-1214-4e74-a0b6-e716aa2c78b9', 0, 67, 'f9d0b90d-631a-4f45-982c-d8223bd65c0d', NULL, NULL, '1', NULL, '111.00', '111.00', 'NULL', 'NULL', 'NULL', NULL, NULL, '', '', NULL),
('3d0f9ccf-69bc-4d40-8f25-d80a727bd47f', '3942402b-2fc0-49eb-a0ba-865ade778c4a', 0, 67, 'f9d0b90d-631a-4f45-982c-d8223bd65c0d', NULL, 'Sale Invoice Against invoice: 2021-0008 & D.O: 2021-0007', '1', NULL, '0.00', '169541.78', 'NULL', 'NULL', 'NULL', NULL, NULL, '', '', NULL),
('3d9d1203-d2f9-4841-aa36-7b33e6cf3364', 'd9901c51-38ac-4595-b365-498480b1b655', 58, 72, 'f9d0b90d-631a-4f45-982c-d8223bd65c0d', NULL, 'Sale Invoice Against invoice: 2021-0002 & D.O: 2021-0002', '1', '1.00', '0.00', '1307900.00', 'NULL', 'NULL', 'NULL', NULL, NULL, 'posted', 'locked', NULL),
('40676845-7107-4dad-861a-5058d2845caa', 'c726f55b-6190-4571-bf76-467d36ae16de', 247, 152, 'f9d0b90d-631a-4f45-982c-d8223bd65c0d', NULL, 'Trust Pack Pvt Ltd	WS Traders	02160104450949\r\nSlip # 0045248	Quetta', '1', '1.00', '1200000.00', '0.00', 'NULL', 'NULL', 'NULL', NULL, NULL, 'posted', 'locked', NULL),
('4081c74d-becf-48e5-8b7e-be916b9796f9', '99d91ebc-a0ed-443b-aed5-44e35123023d', 291, 71, 'f9d0b90d-631a-4f45-982c-d8223bd65c0d', NULL, 'Sale Invoice Against invoice: 2021-0015 & D.O: 2021-0016', '1', '1.00', '7815.00', '0.00', '23cbf475-47ef-44c2-8b83-b5c82b89c0ba', 'NULL', 'NULL', NULL, NULL, 'posted', 'locked', NULL),
('4139ca73-551e-43c8-8bd6-b95490670af4', '2a16cefa-1041-41ce-ae92-9d155a218714', 0, 106, 'f9d0b90d-631a-4f45-982c-d8223bd65c0d', NULL, '', '1', '1.00', '250.00', '0.00', 'NULL', 'NULL', 'NULL', NULL, NULL, '', '', NULL),
('4203e78d-a9ea-4463-a4d2-5636dc66e93f', 'b376b442-6dec-4571-92e7-9dc1d1f82033', 0, 141, 'f9d0b90d-631a-4f45-982c-d8223bd65c0d', NULL, 'purchase invoice', '1', '1.00', '0.00', '1100.00', 'NULL', 'NULL', 'NULL', NULL, NULL, '', '', NULL),
('42087586-d9a4-4566-af4e-8e5901d2283d', '7f79170c-daaa-470b-87a7-96d320ba28a0', 186, 72, 'f9d0b90d-631a-4f45-982c-d8223bd65c0d', NULL, 'Transaction against grn No: 2021-0016', '1', '1.00', '289461.48', '0.00', 'NULL', 'NULL', 'NULL', NULL, NULL, 'posted', 'locked', NULL),
('42409bbd-25ab-4367-a63d-8ef8a8917fbf', '49d0f148-752c-46b6-bdd2-3aa3249b0b6d', 272, 145, 'f9d0b90d-631a-4f45-982c-d8223bd65c0d', NULL, 'Sale Invoice Against invoice: 2021-0013 & D.O: 2021-0014', '1', '1.00', '299875.50', '0.00', '6c8e1a07-7d76-469e-a4bc-6fce08289ffc', 'NULL', 'NULL', NULL, NULL, 'posted', 'locked', NULL),
('42738279-2c56-4d1f-95aa-48c154c7fea4', 'e0b02c23-d6a9-4aac-be37-2c36f0fd5a46', 0, 146, 'f9d0b90d-631a-4f45-982c-d8223bd65c0d', NULL, 'Al- Fahad Traders', '1', NULL, '0.00', '113.00', 'NULL', 'NULL', 'NULL', NULL, NULL, '', '', NULL),
('427c63a4-4032-46ae-8606-e14a5cdd37a2', 'de1f971f-16bf-4f5a-95f2-c4f491e3e337', 283, 71, 'f9d0b90d-631a-4f45-982c-d8223bd65c0d', NULL, 'Sale Invoice Against invoice: 2021-0014 & D.O: 2021-0015', '1', '1.00', '34386.00', '0.00', 'a31a8c9c-c3df-47d1-be61-203f3ffa1d70', 'NULL', 'NULL', NULL, NULL, 'posted', 'locked', NULL),
('4289f33d-c31e-4d34-bded-b11b0de38222', 'efb657ee-b159-4d24-be5c-3e35f88ece0a', 120, 135, 'f9d0b90d-631a-4f45-982c-d8223bd65c0d', NULL, 'Sale Invoice Against invoice: 2021-0011 & D.O: 2021-0010', '1', '1.00', '155580.81', '0.00', 'NULL', 'NULL', 'NULL', NULL, NULL, 'posted', 'locked', NULL),
('428dcd33-f8bd-484e-8a40-1f213a50eb0f', '9ade7eae-9704-4558-b3bc-0bbd6360ec1d', 0, 67, 'f9d0b90d-631a-4f45-982c-d8223bd65c0d', NULL, 'invoice generated invoice number=2021-0055', '1', '1.00', '0.00', '1050.00', 'b923f553-e4d1-4d71-b47e-dde443948bdf', 'NULL', NULL, NULL, NULL, '', '', NULL),
('42b2518a-c15b-43f9-9596-0719f4987bac', '69c1a1b8-458a-4fb3-8798-766e4a74f742', 0, 137, 'f9d0b90d-631a-4f45-982c-d8223bd65c0d', NULL, '', '1', '1.00', '19065.00', '0.00', '76eb71c8-96d4-4bc8-b6be-976836e2a227', 'NULL', 'NULL', NULL, NULL, '', '', NULL),
('42da573e-47d8-4879-9302-6ddcc6c151ca', '33865819-9abd-42b8-9182-d6b328071234', 0, 143, 'f9d0b90d-631a-4f45-982c-d8223bd65c0d', NULL, 'Aimen Foods (Raw Material)', '1', '1.00', '0.00', '234.00', 'NULL', 'NULL', 'NULL', NULL, NULL, '', '', NULL),
('4359d8fc-b1de-49c8-b868-c77538033fc4', '498a0dac-f4d2-49eb-8d5f-5b9c2825549d', 0, 147, 'f9d0b90d-631a-4f45-982c-d8223bd65c0d', NULL, 'invoice generated invoice number=2021-0041', '1', '1.00', '15000.00', '0.00', 'c26a7239-3a8f-447b-8e9d-a7ac9b6919bf', 'NULL', NULL, NULL, NULL, '', '', NULL),
('43bad1ce-011c-4d5e-8f0a-5249cf135607', '1d596879-2427-475f-8c82-909f0d6ff0a2', 0, 152, 'f9d0b90d-631a-4f45-982c-d8223bd65c0d', NULL, 'Aiman Foods	Prime Corporation	00027900371055\r\nSlip # 3157267	Nasirabad', '1', '1.00', '100000.00', '0.00', 'NULL', 'NULL', 'NULL', NULL, NULL, '', '', NULL),
('43cdff63-8369-4e0a-a650-fc27cf759e66', 'e204685d-f82b-43bc-82e1-2c2c08bc5e09', 0, 146, 'f9d0b90d-631a-4f45-982c-d8223bd65c0d', NULL, 'Al- Fahad Traders', '1', '1.00', '0.00', '1300.00', 'NULL', 'NULL', 'NULL', NULL, NULL, '', '', NULL),
('43d9f6fe-4248-4574-b20e-e5163b14b492', '279eac29-15e8-4f71-8fdd-aafbb2e17c71', 0, 139, 'f9d0b90d-631a-4f45-982c-d8223bd65c0d', NULL, 'invoice generated invoice number=2021-0049', '1', '1.00', '4200.00', '0.00', '00b25f79-80c3-4a91-8920-f5b979a4ab2b', 'NULL', NULL, NULL, NULL, '', '', NULL),
('44728c1f-6471-4fdc-b746-c9bc1a7ea5b5', 'ac305c19-dc68-4057-b221-85bb644ea264', 137, 250000, 'f9d0b90d-631a-4f45-982c-d8223bd65c0d', NULL, 'Pay To: W.S Traders (Paper Payment( HBL)', '1', '1.00', '250000.00', '0.00', 'NULL', 'NULL', 'NULL', NULL, NULL, 'posted', 'locked', NULL),
('457233b6-b6e7-4c2c-98ad-c52a1a80c0fc', '874c46ff-1cd8-4934-a617-83b1333de5ae', 162, 72, 'f9d0b90d-631a-4f45-982c-d8223bd65c0d', NULL, 'Transaction against grn No: 2021-0011', '1', '1.00', '252129.35', '0.00', 'NULL', 'NULL', 'NULL', NULL, NULL, 'posted', 'locked', NULL),
('46761530-035a-4d16-841c-b012663a09c1', '9868a047-65f0-4c1f-8e4e-3b5923021c2c', 0, 55, 'f9d0b90d-631a-4f45-982c-d8223bd65c0d', NULL, '', '1', '1.00', '19065.00', '0.00', 'NULL', 'NULL', 'NULL', NULL, NULL, '', '', NULL),
('46916009-a33c-45c4-b148-434a5560acc6', '89d0c3db-6677-43a5-8c15-6d55eaa82707', 0, 136, 'f9d0b90d-631a-4f45-982c-d8223bd65c0d', NULL, 'burraque', '1', '1.00', '13000.00', '0.00', 'NULL', 'NULL', 'NULL', NULL, NULL, '', '', NULL),
('469e3aeb-ea95-4744-af43-e39e586958e2', '6c25aaa8-c582-412b-aa5b-0c2ec79c774d', 0, 71, 'f9d0b90d-631a-4f45-982c-d8223bd65c0d', NULL, '', '1', '1.00', '51.25', '0.00', 'cf5fdecd-c6f5-4528-9354-bd397229bf8b', 'NULL', 'NULL', NULL, NULL, '', '', NULL),
('46ae091d-eb85-40f4-b69d-fff2f3a4c122', 'c071980e-b2b9-4c5e-8395-e7d11cfc67e3', 0, 137, 'f9d0b90d-631a-4f45-982c-d8223bd65c0d', NULL, 'Al - Faizan Foods', '1', '1.00', '2212.12', '0.00', 'NULL', 'NULL', 'NULL', NULL, NULL, '', '', NULL),
('46f73494-4579-471d-a4d2-409b40b1da69', '05a11520-2e3c-4a50-9d72-6696cf3ae4ec', 0, 106, 'f9d0b90d-631a-4f45-982c-d8223bd65c0d', NULL, '', 'USD', NULL, '111.00', '0.00', 'NULL', 'NULL', 'NULL', NULL, NULL, '', '', NULL),
('475ecad2-a140-4f50-9d53-51ff0a012f96', 'ad4427a1-9319-4547-ac3c-88c7c65bb94c', 0, 71, 'f9d0b90d-631a-4f45-982c-d8223bd65c0d', NULL, 'purchase invoice', '1', '1.00', '485.00', '0.00', 'NULL', 'NULL', 'NULL', NULL, NULL, '', '', NULL),
('480b49e7-c663-4208-aaa1-391777f4d98d', '1db07d3c-bc66-42ec-b01f-6eef353b9554', 0, 137, 'f9d0b90d-631a-4f45-982c-d8223bd65c0d', NULL, 'Al - Faizan Foods', '1', NULL, '0.00', '345.00', 'NULL', 'NULL', 'NULL', NULL, NULL, '', '', NULL),
('4837e4c7-d47c-464d-9c6f-2e1a3820f81f', '988602a0-4538-4327-ac0a-d9a1b944621e', 0, 152, 'f9d0b90d-631a-4f45-982c-d8223bd65c0d', NULL, 'Aiman Foods	Prime Corporation	00027900371055\r\nMobile Banking', '1', '1.00', '190000.00', '0.00', 'NULL', 'NULL', 'NULL', NULL, NULL, '', '', NULL),
('483b19cc-1747-4bdc-9ac7-09110a4a013f', '96925b9f-b31c-481b-ac89-2626b27d23a1', 270, 71, 'f9d0b90d-631a-4f45-982c-d8223bd65c0d', NULL, 'Sale Invoice Against invoice: 2021-0012 & D.O: 2021-0013', '1', '1.00', '71624.68', '0.00', '4a35af77-75dd-407d-837f-a57bb89f0eaa', 'NULL', 'NULL', NULL, NULL, 'posted', 'locked', NULL),
('484a6470-7b63-46ad-bf47-729e613d5b7d', 'a282101a-5339-4134-90a2-503a32816cd3', 0, 146, 'f9d0b90d-631a-4f45-982c-d8223bd65c0d', NULL, 'Al- Fahad Traders', '1', '1.00', '1300.00', '0.00', 'NULL', 'NULL', 'NULL', NULL, NULL, '', '', NULL),
('486e163b-c012-411c-924b-d01a71171e5e', '549ef5c4-f8f3-4658-8f7f-b553d79a2a46', 160, 72, 'f9d0b90d-631a-4f45-982c-d8223bd65c0d', NULL, 'Transaction against grn No: 2021-0010', '1', '1.00', '1630803.56', '0.00', 'NULL', 'NULL', 'NULL', NULL, NULL, 'posted', 'locked', NULL),
('4978e171-05b1-47e9-8ca2-e4e8547862cd', 'abe404da-ce82-4f9f-87bf-e31422bdf4f5', 149, 150000, 'f9d0b90d-631a-4f45-982c-d8223bd65c0d', NULL, 'Trust Pack Pvt Ltd	Nature Harvest Pvt Ltd	0104360203	MBL\r\nSlip # 9138311 Dukki', '1', '1.00', '150000.00', '0.00', 'NULL', 'NULL', 'NULL', NULL, NULL, 'posted', 'locked', NULL),
('4a1152b3-4e3a-4777-bd74-b3d54ba5876e', 'e660e043-876a-433a-8184-bc500b33084b', 0, 152, 'f9d0b90d-631a-4f45-982c-d8223bd65c0d', NULL, 'Everyday Food	Everyday Food Industries	16020104870774\r\nLarkana', '1', '1.00', '119700.00', '0.00', 'NULL', 'NULL', 'NULL', NULL, NULL, '', '', NULL),
('4a59ab89-cc9e-4f86-a028-2346f3fd4cd6', 'a755d6ec-9101-4a09-9672-b9379e6abe30', 0, 153, 'f9d0b90d-631a-4f45-982c-d8223bd65c0d', NULL, 'Asif Ali Abro (Investment)', '1', '1.00', '0.00', '2211.28', 'NULL', 'NULL', 'NULL', NULL, NULL, '', '', NULL),
('4aa464e5-48db-43b4-9313-e06584de08aa', '20d6f147-8ceb-4d1d-8ffc-79dea774900f', 211, 400000, 'f9d0b90d-631a-4f45-982c-d8223bd65c0d', NULL, 'Aiman Foods	Prime Corporation	00027900371055\r\nSlip # NA Khuzdar', '1', '1.00', '400000.00', '0.00', 'NULL', 'NULL', 'NULL', NULL, NULL, 'posted', 'locked', NULL),
('4acfb14b-de1c-46d1-85e0-6afdb398adba', 'dfc753fc-9c66-43ae-9097-7ac4a3f79392', 280, 67, 'f9d0b90d-631a-4f45-982c-d8223bd65c0d', NULL, 'Sale Invoice Against invoice: 2021-0014 & D.O: 2021-0015', '1', '1.00', '0.00', '1066989.00', 'a31a8c9c-c3df-47d1-be61-203f3ffa1d70', 'NULL', 'NULL', NULL, NULL, 'posted', 'locked', NULL),
('4b27df63-e3e0-4635-ab3f-b6ff29b25630', 'e5bab705-295a-449a-9ef0-4f109b6abe17', 0, 71, 'f9d0b90d-631a-4f45-982c-d8223bd65c0d', NULL, 'purchase invoice', '1', '1.00', '250.00', '0.00', 'NULL', 'NULL', 'NULL', NULL, NULL, '', '', NULL),
('4b8a8e48-41b1-4b51-86fc-3ac23849394e', 'df4e5cd3-2855-4fb4-8d35-bd605b801b9e', 0, 67, 'f9d0b90d-631a-4f45-982c-d8223bd65c0d', NULL, 'invoice generated invoice number=2021-0050', '1', '1.00', '0.00', '4200.00', 'd724df4d-6ad2-491c-ac4d-a2265a87b78e', 'NULL', NULL, NULL, NULL, '', '', NULL),
('4cbd8394-77df-4a3e-9567-23de834dd309', '51390904-4152-4be7-af20-e2566e6570e8', 0, 133, 'f9d0b90d-631a-4f45-982c-d8223bd65c0d', NULL, 'Aiman Foods Pvt Ltd', 'USD', '1.00', '1230.00', '1230.00', 'NULL', 'NULL', 'NULL', NULL, NULL, '', '', NULL),
('4ccf197d-c7a9-4995-896c-01c279fd3ea6', 'aa66667b-fc7f-42ad-9721-a017564289d8', 0, 67, 'f9d0b90d-631a-4f45-982c-d8223bd65c0d', NULL, 'invoice generated invoice number=2021-0038', '1', '1.00', '0.00', '15000.00', '4793f847-80ad-4157-a82c-8a7251f3d011', 'NULL', NULL, NULL, NULL, '', '', NULL),
('4d4c9727-7809-4b9a-a31a-b58041e60df2', 'ac76a8e2-0ce1-4c06-b04d-71984ad224fa', 0, 137, 'f9d0b90d-631a-4f45-982c-d8223bd65c0d', NULL, 'Al - Faizan Foods', 'USD', '1.00', '120.00', '120.00', 'NULL', 'NULL', 'NULL', NULL, NULL, '', '', NULL),
('4dd64f88-c1c3-4d56-87cf-90a2fca38469', '864681ad-cc52-4e3f-95ef-84ddb9962f18', 250, 146, 'f9d0b90d-631a-4f45-982c-d8223bd65c0d', NULL, 'Aiman Foods	Prime Corporation	00027900371055\r\nSlip # 7552350	Khuzdar', '1', '1.00', '0.00', '100000.00', 'NULL', 'NULL', 'NULL', NULL, NULL, 'posted', 'locked', NULL),
('4e207bed-e3bf-4ba2-840f-b57939aaf957', 'cbca026f-edb3-4bc4-ada5-16debcd056f2', 205, 200000, 'f9d0b90d-631a-4f45-982c-d8223bd65c0d', NULL, 'Aiman Foods	Prime Corporation	00027900371055\r\nSlip # 727618	Larkana', '1', '1.00', '200000.00', '0.00', 'NULL', 'NULL', 'NULL', NULL, NULL, 'posted', 'locked', NULL),
('4e7223c9-36b7-4ba7-8c68-a2f33b5ae0a9', '147c1283-62f1-4ddb-8fa3-7e5164014ee7', 0, 67, 'f9d0b90d-631a-4f45-982c-d8223bd65c0d', NULL, 'invoice generated invoice number=2021-0053', '1', '1.00', '0.00', '4200.00', '432220ef-9541-465c-a4cd-e99b195db094', 'NULL', NULL, NULL, NULL, '', '', NULL),
('50478204-4c16-4cdd-9712-a2372f8dfe34', '23d45934-2584-4ebd-b3ce-8b0b3426ec13', 171, 133, 'f9d0b90d-631a-4f45-982c-d8223bd65c0d', NULL, 'Transaction against grn No: 2021-0012', '1', '1.00', '0.00', '259945.75', 'NULL', 'NULL', 'NULL', NULL, NULL, 'posted', 'locked', NULL),
('51177ffa-ee15-48db-9952-ca92950d5181', '7e1cf457-1e73-46ec-942b-b28f9e786fdb', 0, 67, 'f9d0b90d-631a-4f45-982c-d8223bd65c0d', NULL, 'Sale Invoice Against invoice: 2021-0008 & D.O: 2021-0007', '1', NULL, '0.00', '169541.78', 'NULL', 'NULL', 'NULL', NULL, NULL, '', '', NULL);
INSERT INTO `fs_transdetails` (`id`, `trm_id`, `number`, `coa_id`, `company_id`, `branch_id`, `description`, `cur_id`, `cur_rate`, `debit`, `credit`, `recv_invoice_id`, `pay_invoice_id`, `cost_center_id`, `bank_status`, `bank_reconcile`, `status`, `lock_status`, `delete`) VALUES
('51839355-9825-4de8-b3a3-fb5906026e1b', '38df611e-da64-46c8-95cc-d1b45bb119fc', 215, 450000, 'f9d0b90d-631a-4f45-982c-d8223bd65c0d', NULL, 'Trust Pack Pvt Ltd	WS Traders	0477001006975016\r\nSLIP #3470227', '1', '1.00', '450000.00', '0.00', 'NULL', 'NULL', 'NULL', NULL, NULL, 'posted', 'locked', NULL),
('519f6d31-c5b0-4307-b8c3-095607945c6e', 'b9bcc406-db3a-4b6e-bce7-5ff2b91594c2', 0, 147, 'f9d0b90d-631a-4f45-982c-d8223bd65c0d', NULL, 'invoice generated invoice number=2021-0031', '1', '1.00', '1260.00', '0.00', '868d0d59-d4e1-41d0-8de0-cef9fd2497fc', 'NULL', NULL, NULL, NULL, '', '', NULL),
('525c01f4-090b-4f72-88ee-6190a1cb2f72', 'ea772e49-e1bc-4388-a694-7b7ff45cfc5f', 234, 144, 'f9d0b90d-631a-4f45-982c-d8223bd65c0d', NULL, 'Trust Pack Pvt Ltd	WS Traders	0477001006975016\r\nSlip # 3076360	Hyderabad', '1', '1.00', '0.00', '30000.00', 'NULL', 'NULL', 'NULL', NULL, NULL, 'posted', 'locked', NULL),
('52fc4c32-67e7-4a95-9343-f44f95a8dc6c', 'b663852f-3b10-494c-ad31-3e488b014004', 298, 71, 'f9d0b90d-631a-4f45-982c-d8223bd65c0d', NULL, 'Sale Invoice Against invoice: 2021-0016 & D.O: 2021-0017', '1', '1.00', '3126.00', '0.00', '4af3d40e-f061-4a84-9c80-06019a02e22f', 'NULL', 'NULL', NULL, NULL, 'posted', 'locked', NULL),
('5386f992-02fc-4586-a9e1-a1be44520f19', 'f4556247-1c87-4e4a-a50b-1318dd85d519', 0, 141, 'f9d0b90d-631a-4f45-982c-d8223bd65c0d', NULL, 'purchase invoice', '1', '1.00', '0.00', '1300.00', 'NULL', 'NULL', 'NULL', NULL, NULL, '', '', NULL),
('53904d20-7330-4d80-8d08-fe004c05f962', '99d91ebc-a0ed-443b-aed5-44e35123023d', 292, 71, 'f9d0b90d-631a-4f45-982c-d8223bd65c0d', NULL, 'Sale Invoice Against invoice: 2021-0015 & D.O: 2021-0016', '1', '1.00', '7265.00', '0.00', '23cbf475-47ef-44c2-8b83-b5c82b89c0ba', 'NULL', 'NULL', NULL, NULL, 'posted', 'locked', NULL),
('5391007c-9a4a-47fe-93b2-813a9e6c729c', '5cf13425-e3ca-429f-9682-8330a45e0bb3', 90, 72, 'f9d0b90d-631a-4f45-982c-d8223bd65c0d', NULL, 'Sale Invoice Against invoice: 2021-0006 & D.O: 2021-0009', '1', '1.00', '0.00', '366000.00', 'NULL', 'NULL', 'NULL', NULL, NULL, 'posted', 'locked', NULL),
('5399b018-4b79-49a0-94a1-30877fbb7eb7', 'b663852f-3b10-494c-ad31-3e488b014004', 296, 71, 'f9d0b90d-631a-4f45-982c-d8223bd65c0d', NULL, 'Sale Invoice Against invoice: 2021-0016 & D.O: 2021-0017', '1', '1.00', '6252.00', '0.00', '4af3d40e-f061-4a84-9c80-06019a02e22f', 'NULL', 'NULL', NULL, NULL, 'posted', 'locked', NULL),
('53b3cd01-cd7e-4dad-9914-94a3fbb7bdeb', 'c7ac5305-a43a-4966-88a1-309046e40dd8', 46, 21, 'f9d0b90d-631a-4f45-982c-d8223bd65c0d', NULL, 'GIN-WIP Against: 2021-0001', '1', '1.00', '0.00', '1190114.72', 'NULL', 'NULL', 'NULL', NULL, NULL, 'posted', 'locked', NULL),
('53d9f562-3885-4c10-8485-f0121aad1928', 'b5720bb5-fc80-477b-9de0-3c12b5baa89e', 276, 71, 'f9d0b90d-631a-4f45-982c-d8223bd65c0d', NULL, 'Sale Invoice Against invoice: 2021-0013 & D.O: 2021-0014', '1', '1.00', '10650.60', '0.00', '6c8e1a07-7d76-469e-a4bc-6fce08289ffc', 'NULL', 'NULL', NULL, NULL, 'posted', 'locked', NULL),
('5473775e-f84a-48f1-8e01-c6d431e5b9bd', '3ee962e8-40cd-42ae-8e31-321e32ed2a2b', 0, 95, 'f9d0b90d-631a-4f45-982c-d8223bd65c0d', NULL, '', 'USD', '1.00', '35200.00', '0.00', 'NULL', 'NULL', 'NULL', NULL, NULL, '', '', NULL),
('549457d5-6ba3-4771-ae73-fac46d445024', 'd0aabe59-ca6a-467f-a20a-e2ca5b7eb53d', 0, 147, 'f9d0b90d-631a-4f45-982c-d8223bd65c0d', NULL, 'invoice generated invoice number=2021-0040', '1', '1.00', '15000.00', '0.00', '4e685d8b-3bd9-4e88-af2c-2f0e318b9797', 'NULL', NULL, NULL, NULL, '', '', NULL),
('54f48daa-2330-4226-b90b-936561801f28', 'e14c0cc3-a1ae-47b8-b1a4-398f13aef999', 0, 135, 'f9d0b90d-631a-4f45-982c-d8223bd65c0d', NULL, 'Trust Pack Pvt Ltd	WS Traders	04427901635203\r\nNasirabad', '1', '1.00', '0.00', '100000.00', 'NULL', 'NULL', 'NULL', NULL, NULL, '', '', NULL),
('5528751a-c828-40c2-8937-07d1b6bf368a', '1f3ecc5e-bf2c-4c2a-8298-0307f9cb7667', 0, 135, 'f9d0b90d-631a-4f45-982c-d8223bd65c0d', NULL, 'Everyday Food	Everyday Food Industries	16020104870774\r\nSlip # 2312316	Larkana', '1', '1.00', '0.00', '100000.00', 'NULL', 'NULL', 'NULL', NULL, 1, '', '', NULL),
('55cb3ec2-aa2d-4ff2-8c54-87d112063c8d', '7fffa3d3-1a90-413c-b921-c8a472572655', 177, 21, 'f9d0b90d-631a-4f45-982c-d8223bd65c0d', NULL, 'GIN-WIP Against: 2021-0003', '1', '1.00', '0.00', '5740.00', 'NULL', 'NULL', 'NULL', NULL, NULL, 'posted', 'locked', NULL),
('561696bf-3ff0-4380-9f3d-0c28685c7135', '545a7ac9-5cd3-4212-bd66-1fd65246a02f', 0, 14, 'f9d0b90d-631a-4f45-982c-d8223bd65c0d', NULL, 'Asif Ali Abro (Investment)', '1', NULL, '200.00', '0.00', 'NULL', 'NULL', 'NULL', NULL, NULL, '', '', NULL),
('565f53ba-8e1a-4bdd-9e81-f9b2a1d9e68c', '68f1f0c9-61ba-4f06-9b71-e56fd684e277', 154, 133, 'f9d0b90d-631a-4f45-982c-d8223bd65c0d', NULL, 'GIN-WIP Against: 2021-0002', '1', '1.00', '3093026.34', '0.00', 'NULL', 'NULL', 'NULL', NULL, NULL, 'posted', 'locked', NULL),
('56aeefba-0831-494b-9681-dc00a0542501', '9db34177-efbb-4dcb-a075-a83cbc53817a', 116, 71, 'f9d0b90d-631a-4f45-982c-d8223bd65c0d', NULL, 'Sale Invoice Against invoice: 2021-0010 & D.O: 2021-0012', '1', '1.00', '1830.00', '0.00', 'NULL', 'NULL', 'NULL', NULL, NULL, 'posted', 'locked', NULL),
('57093260-91f7-48d8-95cd-d905a25e413c', '5cf13425-e3ca-429f-9682-8330a45e0bb3', 85, 71, 'f9d0b90d-631a-4f45-982c-d8223bd65c0d', NULL, 'Sale Invoice Against invoice: 2021-0006 & D.O: 2021-0009', '1', '1.00', '3660.00', '0.00', 'NULL', 'NULL', 'NULL', NULL, NULL, 'posted', 'locked', NULL),
('572c47a8-ace1-400f-b3db-c96881bfdde8', '7e1cf457-1e73-46ec-942b-b28f9e786fdb', 0, 139, 'f9d0b90d-631a-4f45-982c-d8223bd65c0d', NULL, 'Sale Invoice Against invoice: 2021-0008 & D.O: 2021-0007', '1', NULL, '169541.78', '0.00', 'NULL', 'NULL', 'NULL', NULL, NULL, '', '', NULL),
('577354d7-0021-4752-a832-c4838f2d5b2f', '689fcee6-bec0-4087-b723-6f11ef54e651', 0, 134, 'f9d0b90d-631a-4f45-982c-d8223bd65c0d', NULL, 'aaaa', '1', '1.00', '12000.00', '0.00', 'NULL', 'NULL', 'NULL', NULL, NULL, '', '', NULL),
('58cd0b4b-d239-485a-85ed-842baec48c47', 'a928a504-0e56-46c6-b566-7364b29629ca', 0, 135, 'f9d0b90d-631a-4f45-982c-d8223bd65c0d', NULL, 'dddd', '1', '1.00', '0.00', '35000.00', 'NULL', 'NULL', 'NULL', NULL, NULL, '', '', NULL),
('58fa9853-6c0a-4205-8c56-65dd375ff60b', 'f6124af4-c0aa-433e-8b90-f9324fb6c33a', 0, 144, 'f9d0b90d-631a-4f45-982c-d8223bd65c0d', NULL, 'Aiman Foods	Prime Corporation	01140104366919\r\nMobile Banking', '1', '1.00', '0.00', '50000.00', 'NULL', 'NULL', 'NULL', NULL, NULL, '', '', NULL),
('59290d71-8531-4154-be68-7bd6eaea258a', 'f510bfa2-328b-4d91-b036-5414ce553ed5', 0, 67, 'f9d0b90d-631a-4f45-982c-d8223bd65c0d', NULL, 'invoice generated invoice number=2021-0042', '1', '1.00', '0.00', '15000.00', '4f50cce9-38de-423e-a62e-af1f252c2b21', 'NULL', NULL, NULL, NULL, '', '', NULL),
('5943c1fc-8fae-48fb-88c0-b07d3b6ea362', '51f1bb6b-fbda-45b3-a072-051fde8a48af', 0, 146, 'f9d0b90d-631a-4f45-982c-d8223bd65c0d', NULL, 'Al- Fahad Traders', 'USD', '1.00', '2000.00', '2000.00', 'NULL', 'NULL', 'NULL', NULL, NULL, '', '', NULL),
('59ac0927-ce7d-40a9-9d6b-401abd238c7c', 'de1f971f-16bf-4f5a-95f2-c4f491e3e337', 285, 72, 'f9d0b90d-631a-4f45-982c-d8223bd65c0d', NULL, 'Sale Invoice Against invoice: 2021-0014 & D.O: 2021-0015', '1', '1.00', '0.00', '1146200.00', 'a31a8c9c-c3df-47d1-be61-203f3ffa1d70', 'NULL', 'NULL', NULL, NULL, 'posted', 'locked', NULL),
('59dd8734-f221-47f2-95a2-84e96f5c5dde', '2e9cf1c8-8fd9-47c3-b83d-f54008c02d4d', 0, 71, 'f9d0b90d-631a-4f45-982c-d8223bd65c0d', NULL, 'purchase invoice', '1', '1.00', '0.00', '1067.00', 'NULL', 'NULL', 'NULL', NULL, NULL, '', '', NULL),
('5a517a54-ec7f-42c9-8706-cfe03722a9ae', '4944fec0-4d1f-4d92-80ed-b667af909ba7', 0, 155, 'f9d0b90d-631a-4f45-982c-d8223bd65c0d', NULL, 'ghodhi traders', '1', '1.00', '98520.00', '0.00', 'NULL', 'NULL', 'NULL', NULL, NULL, '', '', NULL),
('5ab726e6-cf41-4f8b-a79a-cc4bd394885c', '8ed66ecc-14c1-4965-a0bc-5682f01e830b', 0, 139, 'f9d0b90d-631a-4f45-982c-d8223bd65c0d', NULL, 'Sale Invoice Against invoice: 2021-0008 & D.O: 2021-0007', '1', NULL, '112.00', '112.00', 'NULL', 'NULL', 'NULL', NULL, NULL, '', '', NULL),
('5b92b447-67b4-4b36-ba9c-bf2429840044', '36fe7ca7-a379-4a94-b78c-e5acaf40fa7e', 0, 67, 'f9d0b90d-631a-4f45-982c-d8223bd65c0d', NULL, 'invoice generated invoice number=2021-0057', '1', '1.00', '0.00', '21000.00', 'dbc0b589-8241-4f13-bb1d-d9290fb4d579', 'NULL', NULL, NULL, NULL, '', '', NULL),
('5bf29dc5-d5a8-4f23-81f1-d40f7c47c5ba', '2797fc28-b759-48ff-ada4-eb6ec121419c', 83, 135, 'f9d0b90d-631a-4f45-982c-d8223bd65c0d', NULL, 'Sale Invoice Against invoice: 2021-0006 & D.O: 2021-0009', '1', '1.00', '300930.00', '0.00', 'NULL', 'NULL', 'NULL', NULL, NULL, 'posted', 'locked', NULL),
('5c0c8c0e-d54f-423c-8238-86fa03321c8d', '843923e0-2534-4997-89d1-26a83379a11f', 145, 300000, 'f9d0b90d-631a-4f45-982c-d8223bd65c0d', NULL, 'Trust Pack Pvt Ltd	Nature Harvest Pvt Ltd	02160104360203	MBL', '1', '1.00', '300000.00', '0.00', 'NULL', 'NULL', 'NULL', NULL, NULL, 'posted', 'locked', NULL),
('5c1e11d2-cbb2-455d-a661-e9bd8fb7aa20', '36fe7ca7-a379-4a94-b78c-e5acaf40fa7e', 0, 149, 'f9d0b90d-631a-4f45-982c-d8223bd65c0d', NULL, 'invoice generated invoice number=2021-0057', '1', '1.00', '21000.00', '0.00', 'dbc0b589-8241-4f13-bb1d-d9290fb4d579', 'NULL', NULL, NULL, NULL, '', '', NULL),
('5c2cbff8-de1a-4d21-beb5-dc7666299538', '625dd1c4-1bcc-4371-b6b0-2a15abce6617', 0, 147, 'f9d0b90d-631a-4f45-982c-d8223bd65c0d', NULL, 'invoice generated invoice number=2021-0033', '1', '1.00', '2100.00', '0.00', '36188a48-0916-4369-bb08-27811f648ab0', 'NULL', NULL, NULL, NULL, '', '', NULL),
('5cc5bdce-5c86-430a-9954-092f02f2e798', 'd9901c51-38ac-4595-b365-498480b1b655', 57, 71, 'f9d0b90d-631a-4f45-982c-d8223bd65c0d', NULL, 'Sale Invoice Against invoice: 2021-0002 & D.O: 2021-0002', '1', '1.00', '55187.00', '0.00', 'NULL', 'NULL', 'NULL', NULL, NULL, 'posted', 'locked', NULL),
('5d4b03cd-411b-4079-b94c-c5e2855958df', 'cec0e150-5f7a-4224-8c1d-14aa834484c4', 0, 137, 'f9d0b90d-631a-4f45-982c-d8223bd65c0d', NULL, 'ddd', '1', '1.00', '223.00', '0.00', 'NULL', 'NULL', 'NULL', NULL, NULL, '', '', NULL),
('5dcba0c6-7f7e-4b87-94d0-3004067bd017', 'a68a783a-4a8d-4ae3-b465-60dd637c726c', 0, 106, 'f9d0b90d-631a-4f45-982c-d8223bd65c0d', NULL, '', '1', '1.00', '0.00', '34.00', 'NULL', 'NULL', 'NULL', NULL, NULL, '', '', NULL),
('5ef4abed-4c49-4ff1-8d70-69f941ec7b6b', 'b7ac0cce-76da-4e02-9ea1-80b183463b08', 329, 133, 'f9d0b90d-631a-4f45-982c-d8223bd65c0d', NULL, 'Transaction against grn No: 2021-0022', '1', '1.00', '0.00', '778045.21', 'NULL', 'NULL', 'NULL', NULL, NULL, 'posted', 'locked', NULL),
('60567e50-a48e-42cb-98c4-42b4f18d56b9', 'df4e5cd3-2855-4fb4-8d35-bd605b801b9e', 0, 139, 'f9d0b90d-631a-4f45-982c-d8223bd65c0d', NULL, 'invoice generated invoice number=2021-0050', '1', '1.00', '4200.00', '0.00', 'd724df4d-6ad2-491c-ac4d-a2265a87b78e', 'NULL', NULL, NULL, NULL, '', '', NULL),
('60da6e97-0a7c-449c-82e4-1443c957afbf', '39ff3781-a3f0-46cd-9af4-a58535215002', 0, 21, 'f9d0b90d-631a-4f45-982c-d8223bd65c0d', NULL, 'Purchase invoice', '1', '1.00', '1000.00', '0.00', 'NULL', 'NULL', 'NULL', NULL, NULL, '', '', NULL),
('6116cb38-afc5-49d7-a18b-db402e928b54', '874c46ff-1cd8-4934-a617-83b1333de5ae', 163, 133, 'f9d0b90d-631a-4f45-982c-d8223bd65c0d', NULL, 'Transaction against grn No: 2021-0011', '1', '1.00', '0.00', '252129.35', 'NULL', 'NULL', 'NULL', NULL, NULL, 'posted', 'locked', NULL),
('611c77ce-d637-4eae-a0de-81b2ae60cf03', '8535ed9e-cf31-44bc-911d-92d04616757c', 0, 95, 'f9d0b90d-631a-4f45-982c-d8223bd65c0d', NULL, '', 'USD', '1.00', '0.00', '120.00', 'NULL', 'NULL', 'NULL', NULL, NULL, '', '', NULL),
('61662b14-b5ce-4e43-ab79-e3bfcb2b665d', 'aafb7a9a-20b8-4de7-aa0d-a2d1059d7bee', 0, 143, 'f9d0b90d-631a-4f45-982c-d8223bd65c0d', NULL, 'Aimen Foods (Raw Material)', '1', '1.00', '0.00', '2000.00', 'NULL', 'NULL', 'NULL', NULL, NULL, '', '', NULL),
('61c7fd72-39d6-4d91-a398-af8c74b6e317', '39ff3781-a3f0-46cd-9af4-a58535215002', 0, 141, 'f9d0b90d-631a-4f45-982c-d8223bd65c0d', NULL, 'purchase invoice', '1', '1.00', '0.00', '1550.00', 'NULL', 'NULL', 'NULL', NULL, NULL, '', '', NULL),
('62573cd8-5402-4a22-b583-e5e4ab01a3cd', 'c77e67f1-550f-4cf5-8229-bd9d0e2920fe', 200, 135, 'f9d0b90d-631a-4f45-982c-d8223bd65c0d', NULL, 'Trust Pack Pvt Ltd	WS Traders	04427901635203\r\nSLip # 741565	Kakar', '1', '1.00', '0.00', '200000.00', 'NULL', 'NULL', 'NULL', NULL, NULL, 'posted', 'locked', NULL),
('63f67bb9-2493-4efc-bb51-6f1fa6754da5', 'dcde1fe4-7651-417a-b3df-e2d58025120c', 327, 133, 'f9d0b90d-631a-4f45-982c-d8223bd65c0d', NULL, 'Transaction against grn No: 2021-0021', '1', '1.00', '0.00', '333808.42', 'NULL', 'NULL', 'NULL', NULL, NULL, 'posted', 'locked', NULL),
('64b99689-d255-49a2-8059-70bb9d6c7a64', '5133fa76-f484-4816-81ae-8c83cc39c937', 0, 14, 'f9d0b90d-631a-4f45-982c-d8223bd65c0d', NULL, 'Asif Ali Abro (Investment)', 'USD', '1.00', '120.00', '120.00', 'NULL', 'NULL', 'NULL', NULL, NULL, '', '', NULL),
('64bd9d1f-c0e0-4958-b5df-f08f53f83e98', 'd9901c51-38ac-4595-b365-498480b1b655', 54, 71, 'f9d0b90d-631a-4f45-982c-d8223bd65c0d', NULL, 'Sale Invoice Against invoice: 2021-0002 & D.O: 2021-0002', '1', '1.00', '32697.50', '0.00', 'NULL', 'NULL', 'NULL', NULL, NULL, 'posted', 'locked', NULL),
('64eb6786-bd73-4e39-bdb5-4ed83c36b9f9', 'da7118aa-3c9a-45ce-b8d5-033dd72c10d9', 0, 71, 'f9d0b90d-631a-4f45-982c-d8223bd65c0d', NULL, 'Sale Invoice Against invoice: 2021-0018 & D.O: 2021-0018', '1', '1.00', '861.00', '0.00', 'dcd87138-56eb-43fe-ab0f-86b01942526a', 'NULL', 'NULL', NULL, NULL, '', '', NULL),
('6599595f-6314-4186-a967-a15805617931', '0c2fef18-e2b4-4b15-9db4-93a7b76eabd3', 191, 133, 'f9d0b90d-631a-4f45-982c-d8223bd65c0d', NULL, 'Transaction against grn No: 2021-0017', '1', '1.00', '0.00', '948985.22', 'NULL', 'NULL', 'NULL', NULL, NULL, 'posted', 'locked', NULL),
('675373fb-a424-4b88-8127-fd509c3736b8', '53716110-c3e4-4099-ae17-54a101cb8e62', 165, 133, 'f9d0b90d-631a-4f45-982c-d8223bd65c0d', NULL, 'Transaction against grn No: 2021-0011', '1', '1.00', '0.00', '252129.35', 'NULL', 'NULL', 'NULL', NULL, NULL, 'posted', 'locked', NULL),
('675c28a7-29ff-497b-b8b1-8d7b9c693991', '8535ed9e-cf31-44bc-911d-92d04616757c', 0, 143, 'f9d0b90d-631a-4f45-982c-d8223bd65c0d', NULL, 'Aimen Foods (Raw Material)', '1', '1.00', '120.00', '0.00', 'NULL', 'NULL', 'NULL', NULL, NULL, '', '', NULL),
('67825a6a-e868-4f61-ae2f-e843a6442bc9', '4f797c36-9c2f-46dd-bbd7-73b42ab070e1', 230, 144, 'f9d0b90d-631a-4f45-982c-d8223bd65c0d', NULL, 'Trust Pack Pvt Ltd	WS Traders	0477001006975016\r\nSlip # 3448487	Hyderabad', '1', '1.00', '0.00', '200000.00', 'NULL', 'NULL', 'NULL', NULL, NULL, 'posted', 'locked', NULL),
('67948958-1156-4e0d-9a69-c6c095ce72c0', '6c25aaa8-c582-412b-aa5b-0c2ec79c774d', 0, 71, 'f9d0b90d-631a-4f45-982c-d8223bd65c0d', NULL, '', '1', '1.00', '307.50', '0.00', 'cf5fdecd-c6f5-4528-9354-bd397229bf8b', 'NULL', 'NULL', NULL, NULL, '', '', NULL),
('67abaa22-0d23-464b-8cbf-73df86986925', 'fe1a0f8e-afde-4fee-adfa-9394f9a38dc9', 47, 72, 'f9d0b90d-631a-4f45-982c-d8223bd65c0d', NULL, 'Transaction against grn No: 2021-0007', '1', '1.00', '1356574.48', '0.00', 'NULL', 'NULL', 'NULL', NULL, NULL, 'posted', 'locked', NULL),
('67c6f050-556c-4a2b-8940-bff72b183f20', '7d107d0a-b029-4665-a59c-eaa1f72068ea', 0, 137, 'f9d0b90d-631a-4f45-982c-d8223bd65c0d', NULL, 'ddd', '1', '1.00', '223.00', '0.00', 'NULL', 'NULL', 'NULL', NULL, NULL, '', '', NULL),
('67c93d05-8b0e-40d5-add2-9154857bcb85', '99d91ebc-a0ed-443b-aed5-44e35123023d', 289, 71, 'f9d0b90d-631a-4f45-982c-d8223bd65c0d', NULL, 'Sale Invoice Against invoice: 2021-0015 & D.O: 2021-0016', '1', '1.00', '6512.50', '0.00', '23cbf475-47ef-44c2-8b83-b5c82b89c0ba', 'NULL', 'NULL', NULL, NULL, 'posted', 'locked', NULL),
('6860b076-403d-4efd-9e76-edef62278845', 'fb419226-5475-415d-b162-2f9c241b474e', 0, 71, 'f9d0b90d-631a-4f45-982c-d8223bd65c0d', NULL, 'purchase invoice', '1', '1.00', '0.00', '1.10', 'NULL', 'NULL', 'NULL', NULL, NULL, '', '', NULL),
('68e6347a-3b26-4372-9253-81fa3e9a2750', 'd9901c51-38ac-4595-b365-498480b1b655', 56, 71, 'f9d0b90d-631a-4f45-982c-d8223bd65c0d', NULL, 'Sale Invoice Against invoice: 2021-0002 & D.O: 2021-0002', '1', '1.00', '39237.00', '0.00', 'NULL', 'NULL', 'NULL', NULL, NULL, 'posted', 'locked', NULL),
('6904ea1d-1aec-451d-8779-310920ff05a3', '545a7ac9-5cd3-4212-bd66-1fd65246a02f', 0, 106, 'f9d0b90d-631a-4f45-982c-d8223bd65c0d', NULL, '', 'USD', NULL, '0.00', '200.00', 'NULL', 'NULL', 'NULL', NULL, NULL, '', '', NULL),
('6924a1a7-e141-46f3-a1a9-c69295533e53', '617e64ba-dc84-4101-843e-77e17c88f698', 0, 139, 'f9d0b90d-631a-4f45-982c-d8223bd65c0d', NULL, 'Sale Invoice Against invoice: 2021-0008 & D.O: 2021-0007', '1', NULL, '169541.78', '0.00', 'NULL', 'NULL', 'NULL', NULL, NULL, '', '', NULL),
('694fe25d-2127-44a7-a6ed-1993f6f6ea5e', '2b2e1143-b098-4154-a829-393604d7c437', 0, 139, 'f9d0b90d-631a-4f45-982c-d8223bd65c0d', NULL, 'invoice generated invoice number=2021-0054', '1', '1.00', '4200.00', '0.00', '66a28c86-21bf-4f4e-bdff-93d18278ab1f', 'NULL', NULL, NULL, NULL, '', '', NULL),
('69679868-d93e-48ff-b41f-c0f495ac842f', 'df87cd47-6321-4445-bb1a-b04b88352c9e', 324, 72, 'f9d0b90d-631a-4f45-982c-d8223bd65c0d', NULL, 'Transaction against grn No: 2021-0021', '1', '1.00', '333808.42', '0.00', 'NULL', 'NULL', 'NULL', NULL, NULL, 'posted', 'locked', NULL),
('6968e277-054f-4a74-af61-ad12cf085289', '43335848-c6d8-4fb8-a285-72a5c4dc3cf4', 0, 146, 'f9d0b90d-631a-4f45-982c-d8223bd65c0d', NULL, 'Al- Fahad Traders', '1', NULL, '0.00', '122.00', 'NULL', 'NULL', 'NULL', NULL, NULL, '', '', NULL),
('69ef76d4-8b96-4aca-a16e-1f77787f5de2', 'f32a08ec-699f-4aed-b1f4-f9df8ce53c1a', 199, 150000, 'f9d0b90d-631a-4f45-982c-d8223bd65c0d', NULL, 'Trust Pack Pvt Ltd	WS Traders	04427901635203\r\n5847675	Mehar', '1', '1.00', '150000.00', '0.00', 'NULL', 'NULL', 'NULL', NULL, NULL, 'posted', 'locked', NULL),
('6a26e3a0-3b87-4181-bf61-28f47ab982ec', '3b3353c1-ca4e-4e1f-9688-b9e24066f51e', 236, 135, 'f9d0b90d-631a-4f45-982c-d8223bd65c0d', NULL, 'Trust Pack Pvt Ltd	WS Traders	04427901635203\r\nSlip # 3156116	Nasirabad', '1', '1.00', '0.00', '249548.00', 'NULL', 'NULL', 'NULL', NULL, NULL, 'posted', 'locked', NULL),
('6a2ffe1a-8b74-46b0-bfb4-5e657742691e', 'b8e3dc9b-7cca-46b5-93a5-f4af945c4216', 109, 71, 'f9d0b90d-631a-4f45-982c-d8223bd65c0d', NULL, 'Sale Invoice Against invoice: 2021-0009 & D.O: 2021-0006', '1', '1.00', '28134.00', '0.00', 'NULL', 'NULL', 'NULL', NULL, NULL, 'posted', 'locked', NULL),
('6a7f8480-9d4b-4e0e-9806-a7e1e7ccb849', '366fb663-529b-4db4-88e7-828733744317', 0, 152, 'f9d0b90d-631a-4f45-982c-d8223bd65c0d', NULL, 'Aiman Foods	Prime Corporation	00027900371055\r\nMobile Banking', '1', '1.00', '50000.00', '0.00', 'NULL', 'NULL', 'NULL', NULL, NULL, '', '', NULL),
('6a94c627-162c-4e03-a958-918246386d5e', '8a1cfe89-d192-4736-9904-c32fcd26ac27', 183, 133, 'f9d0b90d-631a-4f45-982c-d8223bd65c0d', NULL, 'Transaction against grn No: 2021-0015', '1', '1.00', '0.00', '1292734.28', 'NULL', 'NULL', 'NULL', NULL, NULL, 'posted', 'locked', NULL),
('6aec8297-f0af-45a9-aa4d-79b2f26cabbd', '53716110-c3e4-4099-ae17-54a101cb8e62', 164, 72, 'f9d0b90d-631a-4f45-982c-d8223bd65c0d', NULL, 'Transaction against grn No: 2021-0011', '1', '1.00', '252129.35', '0.00', 'NULL', 'NULL', 'NULL', NULL, NULL, 'posted', 'locked', NULL),
('6af68b1a-aa0d-4563-8485-3d215f4d2094', '11e28d98-5a88-460d-ae13-5ff349fb745b', 0, 141, 'f9d0b90d-631a-4f45-982c-d8223bd65c0d', NULL, 'purchase invoice', '1', '1.00', '7.49', '0.00', 'NULL', 'NULL', 'NULL', NULL, NULL, '', '', NULL),
('6b25dff3-22c3-4433-95ca-c86e72c1086c', 'd76d7fcd-6167-4cd3-a63a-be60345d6917', 0, 135, 'f9d0b90d-631a-4f45-982c-d8223bd65c0d', NULL, 'ddddd', '1', '1.00', '0.00', '12220.00', 'NULL', 'NULL', 'NULL', NULL, NULL, '', '', NULL),
('6b9109e9-5fa5-4221-854f-daa8edbd0fab', '2caedcfa-d928-468f-9765-0f145b9bc0cf', 0, 143, 'f9d0b90d-631a-4f45-982c-d8223bd65c0d', NULL, 'Aimen Foods (Raw Material)', 'USD', '1.00', '150.00', '150.00', 'NULL', 'NULL', 'NULL', NULL, NULL, '', '', NULL),
('6bd561ea-43e7-490c-a057-5751b2adc0de', 'f2d9bc69-5ce9-4827-ad08-6f0a3868a106', 124, 71, 'f9d0b90d-631a-4f45-982c-d8223bd65c0d', NULL, 'Sale Invoice Against invoice: 2021-0011 & D.O: 2021-0010', '1', '1.00', '946.11', '0.00', 'NULL', 'NULL', 'NULL', NULL, NULL, 'posted', 'locked', NULL),
('6c0cb081-5816-46e9-89e2-75ea7526f578', '147c1283-62f1-4ddb-8fa3-7e5164014ee7', 0, 139, 'f9d0b90d-631a-4f45-982c-d8223bd65c0d', NULL, 'invoice generated invoice number=2021-0053', '1', '1.00', '4200.00', '0.00', '432220ef-9541-465c-a4cd-e99b195db094', 'NULL', NULL, NULL, NULL, '', '', NULL),
('6c68c10b-82fe-4e1b-89e1-a25cce2d9c01', '1d235a4f-aa8c-4c6a-ac5a-cec7f8a29417', 66, 72, 'f9d0b90d-631a-4f45-982c-d8223bd65c0d', NULL, 'Sale Invoice Against invoice: 2021-0003 & D.O: 2021-0003', '1', '1.00', '0.00', '318480.00', 'NULL', 'NULL', 'NULL', NULL, NULL, 'posted', 'locked', NULL),
('6cec8be6-5214-4410-8386-f727e3c941f0', 'cec8a2f3-ee14-4c37-8020-34ce46d54bef', 0, 55, 'f9d0b90d-631a-4f45-982c-d8223bd65c0d', NULL, '', '1', '1.00', '19065.00', '0.00', 'NULL', 'NULL', 'NULL', NULL, NULL, '', '', NULL),
('6cf04962-2e28-4f78-b730-f5d1baa2678a', '07c18e68-b152-4087-81e4-757a88cddbe7', 0, 134, 'f9d0b90d-631a-4f45-982c-d8223bd65c0d', NULL, 'Aiman Foods Pvt Ltd', '1', '1.00', '0.00', '1200.00', 'NULL', 'NULL', 'NULL', NULL, NULL, '', '', NULL),
('6df5a275-80bb-4e5c-b623-b90db14a19c9', '08636b95-3819-4fa6-a1e4-d744d2acd7d0', 0, 137, 'f9d0b90d-631a-4f45-982c-d8223bd65c0d', NULL, 'sdfsdfdf', '1', '1.00', '0.00', '1200.00', 'NULL', 'NULL', 'NULL', NULL, NULL, '', '', NULL),
('6e0200f7-bfde-4955-b1c2-27a0be384b8d', 'f2d9bc69-5ce9-4827-ad08-6f0a3868a106', 125, 71, 'f9d0b90d-631a-4f45-982c-d8223bd65c0d', NULL, 'Sale Invoice Against invoice: 2021-0011 & D.O: 2021-0010', '1', '1.00', '5676.66', '0.00', 'NULL', 'NULL', 'NULL', NULL, NULL, 'posted', 'locked', NULL),
('6e149297-97ea-47f7-a0fe-973fc82451f0', 'ad0b588a-1492-4ced-a5d2-8b4fdd333bf7', 0, 137, 'f9d0b90d-631a-4f45-982c-d8223bd65c0d', NULL, 'Al - Faizan Foods', '1', NULL, '50000.00', '10000.00', 'NULL', 'NULL', 'NULL', NULL, NULL, '', '', NULL),
('6e685743-4503-4b05-b03a-7ab2ed938374', 'cbca026f-edb3-4bc4-ada5-16debcd056f2', 204, 135, 'f9d0b90d-631a-4f45-982c-d8223bd65c0d', NULL, 'Aiman Foods	Prime Corporation	00027900371055\r\nSlip # 727618	Larkana', '1', '1.00', '0.00', '200000.00', 'NULL', 'NULL', 'NULL', NULL, NULL, 'posted', 'locked', NULL),
('6ecd839d-b68b-4940-a6ed-24092b703297', '6dda689e-4205-4178-a1f0-bbac1620f22f', 321, 133, 'f9d0b90d-631a-4f45-982c-d8223bd65c0d', NULL, 'Transaction against grn No: 2021-0021', '1', '1.00', '0.00', '385615.52', 'NULL', 'NULL', 'NULL', NULL, NULL, 'posted', 'locked', NULL),
('6fba34e0-6a94-48bd-8e09-c81d8d94eab3', '8ab1b3a0-57f1-4d6e-abd2-bf60386ffff8', 39, 71, 'f9d0b90d-631a-4f45-982c-d8223bd65c0d', NULL, 'Sale Invoice Against invoice: 2021-0001 & D.O: 2021-0001', '1', '1.00', '14350.00', '0.00', 'NULL', 'NULL', 'NULL', NULL, NULL, 'posted', 'locked', NULL),
('7010ebc2-586c-49a8-a89c-a294322030eb', '4b399706-cc5f-4240-bdcb-8f7be34b43f1', 305, 133, 'f9d0b90d-631a-4f45-982c-d8223bd65c0d', NULL, 'Transaction against grn No: 2021-0018', '1', '1.00', '0.00', '603583.57', 'NULL', 'NULL', 'NULL', NULL, NULL, 'posted', 'locked', NULL),
('706538ba-33b8-4318-913b-e6a1698b0bb8', '392a8a2f-5107-42d2-b724-0ef7afe9f565', 75, 135, 'f9d0b90d-631a-4f45-982c-d8223bd65c0d', NULL, 'Sale Invoice Against invoice: 2021-0005 & D.O: 2021-0005', '1', '1.00', '846000.00', '0.00', 'NULL', 'NULL', 'NULL', NULL, NULL, 'posted', 'locked', NULL),
('733c8e33-de0e-476b-bc85-af4be0c0bbe2', '2ca76a92-abc9-4b20-b2be-3a8d86768f39', 0, 106, 'f9d0b90d-631a-4f45-982c-d8223bd65c0d', NULL, '', 'USD', NULL, '112.00', '0.00', 'NULL', 'NULL', 'NULL', NULL, NULL, '', '', NULL),
('7348af3b-4b77-4107-b260-be60807090d5', 'fb419226-5475-415d-b162-2f9c241b474e', 0, 21, 'f9d0b90d-631a-4f45-982c-d8223bd65c0d', NULL, 'Purchase invoice', '1', '1.00', '36.70', '0.00', 'NULL', 'NULL', 'NULL', NULL, NULL, '', '', NULL),
('736c66e5-6ec0-4966-9a99-517ee0960d32', '9265566d-238f-466b-895f-694162ca3f51', 0, 146, 'f9d0b90d-631a-4f45-982c-d8223bd65c0d', NULL, 'Aiman Foods	Prime Corporation	1163777341003928\r\nSlip # 1256214	Chaagi', '1', '1.00', '0.00', '650000.00', 'NULL', 'NULL', 'NULL', NULL, NULL, '', '', NULL),
('73c6ccd9-685f-48db-a79f-6c7eaae0cb0c', '5246c099-c034-4a79-a0ea-f2d4469bfba0', 0, 67, 'f9d0b90d-631a-4f45-982c-d8223bd65c0d', NULL, 'invoice generated invoice number=2021-0036', '1', '1.00', '0.00', '15000.00', 'ea9ae0ef-c2c9-4017-8adb-de9b010260c6', 'NULL', NULL, NULL, NULL, '', '', NULL),
('73de163a-628e-45f5-8e5b-d38be6c5d62b', 'f2d9bc69-5ce9-4827-ad08-6f0a3868a106', 126, 71, 'f9d0b90d-631a-4f45-982c-d8223bd65c0d', NULL, 'Sale Invoice Against invoice: 2021-0011 & D.O: 2021-0010', '1', '1.00', '20395.65', '0.00', 'NULL', 'NULL', 'NULL', NULL, NULL, 'posted', 'locked', NULL),
('73faba67-df35-414e-af1c-07552fde7c02', '122164d9-161e-4752-92ca-930e64fd826c', 261, 152, 'f9d0b90d-631a-4f45-982c-d8223bd65c0d', NULL, 'Aiman Foods	Prime Corporation	01140104366919\r\nSlip # 0286592	Hyderabad', '1', '1.00', '100000.00', '0.00', 'NULL', 'NULL', 'NULL', NULL, NULL, 'posted', 'locked', NULL),
('741eb68d-3edb-465b-b3c3-b87cc286066e', '1477ebd9-be81-4ea7-bf07-a01918784faf', 322, 72, 'f9d0b90d-631a-4f45-982c-d8223bd65c0d', NULL, 'Transaction against grn No: 2021-0021', '1', '1.00', '385615.52', '0.00', 'NULL', 'NULL', 'NULL', NULL, NULL, 'posted', 'locked', NULL),
('74f310fa-6025-4552-a144-e08babacfddc', '975eabab-9267-4896-b036-919b415f66b2', 0, 147, 'f9d0b90d-631a-4f45-982c-d8223bd65c0d', NULL, 'invoice generated invoice number=2021-0034', '1', '1.00', '2100.00', '0.00', '0d223abc-da9a-4046-931a-1ff41b005eea', 'NULL', NULL, NULL, NULL, '', '', NULL),
('750c253c-3e4c-4d71-b896-84c9a3208339', 'fb419226-5475-415d-b162-2f9c241b474e', 0, 71, 'f9d0b90d-631a-4f45-982c-d8223bd65c0d', NULL, 'purchase invoice', '1', '1.00', '1.83', '0.00', 'NULL', 'NULL', 'NULL', NULL, NULL, '', '', NULL),
('75736d1f-3750-44b6-ad73-20fedfdc943e', '10799864-e05b-422e-9c1c-a60e7e8c1427', 0, 146, 'f9d0b90d-631a-4f45-982c-d8223bd65c0d', NULL, 'sdfs', 'USD', '1.00', '112.00', '115.00', 'NULL', 'NULL', 'NULL', NULL, NULL, '', '', NULL),
('75796fab-29cf-443d-ba41-ec5c7953e2c8', '07c18e68-b152-4087-81e4-757a88cddbe7', 0, 67, 'f9d0b90d-631a-4f45-982c-d8223bd65c0d', NULL, 'Sale Invoice Against invoice: 2021-0008 & D.O: 2021-0007', '1', '1.00', '0.00', '1300.00', 'NULL', 'NULL', 'NULL', NULL, NULL, '', '', NULL),
('758cfb15-6d99-4bec-b687-dc4ff4eccd9b', 'c77e67f1-550f-4cf5-8229-bd9d0e2920fe', 201, 200000, 'f9d0b90d-631a-4f45-982c-d8223bd65c0d', NULL, 'Trust Pack Pvt Ltd	WS Traders	04427901635203\r\nSLip # 741565	Kakar', '1', '1.00', '200000.00', '0.00', 'NULL', 'NULL', 'NULL', NULL, NULL, 'posted', 'locked', NULL),
('75a8d76e-2810-4c78-87ab-96d36541a7d7', 'b8e3dc9b-7cca-46b5-93a5-f4af945c4216', 111, 72, 'f9d0b90d-631a-4f45-982c-d8223bd65c0d', NULL, 'Sale Invoice Against invoice: 2021-0009 & D.O: 2021-0006', '1', '1.00', '0.00', '937800.00', 'NULL', 'NULL', 'NULL', NULL, NULL, 'posted', 'locked', NULL),
('76022117-f064-466c-a844-a55a7e966a27', 'b8e3dc9b-7cca-46b5-93a5-f4af945c4216', 106, 71, 'f9d0b90d-631a-4f45-982c-d8223bd65c0d', NULL, 'Sale Invoice Against invoice: 2021-0009 & D.O: 2021-0006', '1', '1.00', '9378.00', '0.00', 'NULL', 'NULL', 'NULL', NULL, NULL, 'posted', 'locked', NULL),
('772d0877-9d10-45ce-b74c-ff3f23988b67', '7c85b4d6-efae-46d6-9060-dcf48f4aa01b', 0, 95, 'f9d0b90d-631a-4f45-982c-d8223bd65c0d', NULL, 'Everyday Food Industries	16020104870774\r\nSlip # NA Nawabshah', '1', '1.00', '200000.00', '0.00', 'NULL', 'NULL', 'NULL', NULL, NULL, '', '', NULL),
('778fb1ea-4168-4ebe-a748-831652fcd5b0', '1b7d4762-be89-4229-9061-e9186ca00cb6', 51, 136, 'f9d0b90d-631a-4f45-982c-d8223bd65c0d', NULL, 'Sale Invoice Against invoice: 2021-0002 & D.O: 2021-0002', '1', '1.00', '1161160.00', '0.00', 'NULL', 'NULL', 'NULL', NULL, NULL, 'posted', 'locked', NULL),
('77cd2024-27e7-43be-bd14-ceb53c30a7cd', 'a8d7a34e-5c89-476f-a722-510a59232d66', 0, 144, 'f9d0b90d-631a-4f45-982c-d8223bd65c0d', NULL, 'Publico Printers	Kamran Afzal	02370101381386\r\nSlip # 1399584	Hyderabad', '1', '1.00', '0.00', '100000.00', 'NULL', 'NULL', 'NULL', NULL, NULL, '', '', NULL),
('781f1aae-a6fe-4073-a761-f67a2b3c3285', '01bb2c97-6e36-4c84-a47f-b62e69a9b300', 0, 94, 'f9d0b90d-631a-4f45-982c-d8223bd65c0d', NULL, '', '1', '1.00', '3424.00', '0.00', 'NULL', 'NULL', 'NULL', NULL, NULL, '', '', NULL),
('78c5fe8d-d45d-4a3d-9c2e-8ebe38725f62', 'cfa565b9-dc1b-4244-a4d9-fdf35a899668', 189, 133, 'f9d0b90d-631a-4f45-982c-d8223bd65c0d', NULL, 'Transaction against grn No: 2021-0015', '1', '1.00', '0.00', '1305517.61', 'NULL', 'NULL', 'NULL', NULL, NULL, 'posted', 'locked', NULL),
('795c256f-54d1-4373-9723-381b9ac46b96', '44f8bfc4-8f32-4876-b59f-595bf02a8dde', 309, 133, 'f9d0b90d-631a-4f45-982c-d8223bd65c0d', NULL, 'Transaction against grn No: 2021-0018', '1', '1.00', '0.00', '608116.91', 'NULL', 'NULL', 'NULL', NULL, NULL, 'posted', 'locked', NULL),
('7a377765-5fb9-4ca1-be19-3173dc77923c', 'cfa565b9-dc1b-4244-a4d9-fdf35a899668', 188, 72, 'f9d0b90d-631a-4f45-982c-d8223bd65c0d', NULL, 'Transaction against grn No: 2021-0015', '1', '1.00', '1305517.61', '0.00', 'NULL', 'NULL', 'NULL', NULL, NULL, 'posted', 'locked', NULL),
('7ab02935-c963-4e22-ae5c-f4baaf398d2e', 'c6d2e91d-dabf-479b-99d1-24ac2796f256', 306, 72, 'f9d0b90d-631a-4f45-982c-d8223bd65c0d', NULL, 'Transaction against grn No: 2021-0018', '1', '1.00', '607697.09', '0.00', 'NULL', 'NULL', 'NULL', NULL, NULL, 'posted', 'locked', NULL),
('7b0e338a-6adb-41c8-991b-7d75da31ee91', 'e9930f21-45b0-4628-a9dd-b91e9e60e44e', 0, 94, 'f9d0b90d-631a-4f45-982c-d8223bd65c0d', NULL, '', '1', '1.00', '0.00', '11200.00', 'NULL', 'NULL', 'NULL', NULL, NULL, '', '', NULL),
('7c2bc528-bc08-42dc-a865-0055cd20a347', '35840e59-7249-4618-8c83-a6571a2ff3ec', 81, 71, 'f9d0b90d-631a-4f45-982c-d8223bd65c0d', NULL, 'Sale Invoice Against invoice: 2021-0005 & D.O: 2021-0005', '1', '1.00', '26154.00', '0.00', 'NULL', 'NULL', 'NULL', NULL, NULL, 'posted', 'locked', NULL),
('7cab1ab7-2721-4d35-9b1b-e4e19fe4026b', '9868a047-65f0-4c1f-8e4e-3b5923021c2c', 0, NULL, 'f9d0b90d-631a-4f45-982c-d8223bd65c0d', NULL, '', '1', '1.00', '0.00', '19065.00', 'NULL', 'NULL', 'NULL', NULL, NULL, '', '', NULL),
('7d35aaac-8883-45ef-ace7-90c5ed7290bd', '6c25aaa8-c582-412b-aa5b-0c2ec79c774d', 0, NULL, 'f9d0b90d-631a-4f45-982c-d8223bd65c0d', NULL, '', '1', '1.00', '0.00', '512500.00', 'cf5fdecd-c6f5-4528-9354-bd397229bf8b', 'NULL', 'NULL', NULL, NULL, '', '', NULL),
('7d52da40-6f56-4497-be13-07aff514d984', '279eac29-15e8-4f71-8fdd-aafbb2e17c71', 0, 67, 'f9d0b90d-631a-4f45-982c-d8223bd65c0d', NULL, 'invoice generated invoice number=2021-0049', '1', '1.00', '0.00', '4200.00', '00b25f79-80c3-4a91-8920-f5b979a4ab2b', 'NULL', NULL, NULL, NULL, '', '', NULL),
('7e1607fd-66f0-4222-b233-847a5d5cfaa3', 'd0aabe59-ca6a-467f-a20a-e2ca5b7eb53d', 0, 67, 'f9d0b90d-631a-4f45-982c-d8223bd65c0d', NULL, 'invoice generated invoice number=2021-0040', '1', '1.00', '0.00', '15000.00', '4e685d8b-3bd9-4e88-af2c-2f0e318b9797', 'NULL', NULL, NULL, NULL, '', '', NULL),
('7e7c1f0f-f304-4ecd-9639-a9a4c19a351d', '8f5a3295-bdb7-4cb3-8e08-7ff94664c8ad', 233, 152, 'f9d0b90d-631a-4f45-982c-d8223bd65c0d', NULL, 'Trust Pack Pvt Ltd	WS Traders	0477001006975016\r\nSlip # 3076299	Hyderabad', '1', '1.00', '91000.00', '0.00', 'NULL', 'NULL', 'NULL', NULL, NULL, 'posted', 'locked', NULL),
('7f6b2a28-acc1-4e4f-87a5-58561355bf58', 'c7ac5305-a43a-4966-88a1-309046e40dd8', 45, 134, 'f9d0b90d-631a-4f45-982c-d8223bd65c0d', NULL, 'GIN-WIP Against: 2021-0001', '1', '1.00', '1190114.72', '0.00', 'NULL', 'NULL', 'NULL', NULL, NULL, 'posted', 'locked', NULL),
('7f9a6db2-8215-4c84-8311-89b87754be49', 'e0b02c23-d6a9-4aac-be37-2c36f0fd5a46', 0, 106, 'f9d0b90d-631a-4f45-982c-d8223bd65c0d', NULL, '', 'USD', NULL, '113.00', '0.00', 'NULL', 'NULL', 'NULL', NULL, NULL, '', '', NULL),
('802a387c-aa23-419a-8e7d-43233c4836da', '9265566d-238f-466b-895f-694162ca3f51', 0, 152, 'f9d0b90d-631a-4f45-982c-d8223bd65c0d', NULL, 'Aiman Foods	Prime Corporation	1163777341003928\r\nSlip # 1256214	Chaagi', '1', '1.00', '650000.00', '0.00', 'NULL', 'NULL', 'NULL', NULL, NULL, '', '', NULL),
('80c7f098-2917-48d0-b6dd-e8146be9b585', '2f633bb1-0717-49eb-9c96-7c0840c5108f', 0, 67, 'f9d0b90d-631a-4f45-982c-d8223bd65c0d', NULL, '', '1', '1.00', '0.00', '19065.00', '8d36af65-a449-4ed6-af6b-76583911afd5', 'NULL', 'NULL', NULL, NULL, '', '', NULL),
('811a9a80-c78c-44db-bb2a-8430ba4a1f97', '860422cd-d3b8-4191-abc3-c2214584df3f', 0, 149, 'f9d0b90d-631a-4f45-982c-d8223bd65c0d', NULL, 'Aiman Foods	Prime Corporation	00027900371055\r\nGhaarho', '1', '1.00', '0.00', '300000.00', 'NULL', 'NULL', 'NULL', NULL, NULL, '', '', NULL),
('8122a77c-e47b-4365-a791-11c83d9f9f26', '49d0f148-752c-46b6-bdd2-3aa3249b0b6d', 273, 67, 'f9d0b90d-631a-4f45-982c-d8223bd65c0d', NULL, 'Sale Invoice Against invoice: 2021-0013 & D.O: 2021-0014', '1', '1.00', '0.00', '299875.50', '6c8e1a07-7d76-469e-a4bc-6fce08289ffc', 'NULL', 'NULL', NULL, NULL, 'posted', 'locked', NULL),
('813a62e9-6040-4449-8210-22e4ff95b92d', '1927dd5c-4cce-4fc7-941d-32e2f44fbc1b', 94, 71, 'f9d0b90d-631a-4f45-982c-d8223bd65c0d', NULL, 'Sale Invoice Against invoice: 2021-0007 & D.O: 2021-0011', '1', '1.00', '1108.98', '0.00', 'NULL', 'NULL', 'NULL', NULL, NULL, 'posted', 'locked', NULL),
('84ffe9f3-27df-4f7b-bc54-e13a915b8e3b', 'feb79084-e773-40c3-8b8b-3d0566473b9c', 0, 152, 'f9d0b90d-631a-4f45-982c-d8223bd65c0d', NULL, 'Trust Pack Pvt Ltd	WS Traders	04427901635203', '1', '1.00', '299550.00', '0.00', 'NULL', 'NULL', 'NULL', NULL, NULL, '', '', NULL),
('8551cb05-a1a6-424c-9b5a-b962c2029409', 'feb79084-e773-40c3-8b8b-3d0566473b9c', 0, 135, 'f9d0b90d-631a-4f45-982c-d8223bd65c0d', NULL, 'Trust Pack Pvt Ltd	WS Traders	04427901635203', '1', '1.00', '0.00', '299550.00', 'NULL', 'NULL', 'NULL', NULL, NULL, '', '', NULL),
('8561d4ac-5b18-4eef-ae20-6d378fc34c55', 'b663852f-3b10-494c-ad31-3e488b014004', 300, 71, 'f9d0b90d-631a-4f45-982c-d8223bd65c0d', NULL, 'Sale Invoice Against invoice: 2021-0016 & D.O: 2021-0017', '1', '1.00', '17436.00', '0.00', '4af3d40e-f061-4a84-9c80-06019a02e22f', 'NULL', 'NULL', NULL, NULL, 'posted', 'locked', NULL),
('865759a3-ad4b-4939-aaa9-81142af10611', 'b663852f-3b10-494c-ad31-3e488b014004', 301, 72, 'f9d0b90d-631a-4f45-982c-d8223bd65c0d', NULL, 'Sale Invoice Against invoice: 2021-0016 & D.O: 2021-0017', '1', '1.00', '0.00', '625200.00', '4af3d40e-f061-4a84-9c80-06019a02e22f', 'NULL', 'NULL', NULL, NULL, 'posted', 'locked', NULL),
('877df99e-86c4-4b9b-b1ce-820226264dad', 'dd107831-21ce-4ce7-9be3-f1ea94be5a98', 147, 600000, 'f9d0b90d-631a-4f45-982c-d8223bd65c0d', NULL, 'Paper	Trust Pack Pvt Ltd	SW Enterprise	1589790997403	HBL\r\nSlip # 1230273 From Qamber', '1', '1.00', '600000.00', '0.00', 'NULL', 'NULL', 'NULL', NULL, NULL, 'posted', 'locked', NULL),
('8800e1a1-9eb0-4468-9d6d-3cc7cd7a72ec', '0662bb8e-b45e-43ac-ae98-cb0404be6faf', 254, 135, 'f9d0b90d-631a-4f45-982c-d8223bd65c0d', NULL, 'Aiman Foods	Prime Corporation	1163777341003928\r\nSlip # 1971588', '1', '1.00', '0.00', '100000.00', 'NULL', 'NULL', 'NULL', NULL, NULL, 'posted', 'locked', NULL),
('88471947-b078-4e74-aeb6-074d21cf1eec', 'aa66667b-fc7f-42ad-9721-a017564289d8', 0, 147, 'f9d0b90d-631a-4f45-982c-d8223bd65c0d', NULL, 'invoice generated invoice number=2021-0038', '1', '1.00', '15000.00', '0.00', '4793f847-80ad-4157-a82c-8a7251f3d011', 'NULL', NULL, NULL, NULL, '', '', NULL),
('88b504db-10c5-48e4-913b-1c1e73cae67a', '3bc8f9b2-4fe2-438e-bc50-f75bbb9031f5', 185, 133, 'f9d0b90d-631a-4f45-982c-d8223bd65c0d', NULL, 'Transaction against grn No: 2021-0016', '1', '1.00', '0.00', '286092.79', 'NULL', 'NULL', 'NULL', NULL, NULL, 'posted', 'locked', NULL),
('88f51876-6704-4fcf-b9d4-2f4f523d263a', '122164d9-161e-4752-92ca-930e64fd826c', 260, 144, 'f9d0b90d-631a-4f45-982c-d8223bd65c0d', NULL, 'Aiman Foods	Prime Corporation	01140104366919\r\nSlip # 0286592	Hyderabad', '1', '1.00', '0.00', '100000.00', 'NULL', 'NULL', 'NULL', NULL, NULL, 'posted', 'locked', NULL),
('88f7eebe-8b82-4739-b5f7-e5d724f7ef89', '52e7358f-4faa-493d-8dc9-69459c3aed39', 245, 100000, 'f9d0b90d-631a-4f45-982c-d8223bd65c0d', NULL, 'Publico Printers	Kamran Afzal	55150115000013010\r\nSlip # 8834886	Qamber', '1', '1.00', '100000.00', '0.00', 'NULL', 'NULL', 'NULL', NULL, NULL, 'posted', 'locked', NULL),
('892090b4-66d1-498a-b07a-8a7c53a92a42', 'bc2e3a89-db69-432b-987e-fd3048b02fb5', 206, 137, 'f9d0b90d-631a-4f45-982c-d8223bd65c0d', NULL, 'Publico Printers	Kamran Afzal	02370101381386\r\nSlip # NA Multan', '1', '1.00', '0.00', '50000.00', 'NULL', 'NULL', 'NULL', NULL, NULL, 'posted', 'locked', NULL),
('89574e1a-f1cf-4ddb-8bd9-73bdd6ef644a', '11e28d98-5a88-460d-ae13-5ff349fb745b', 0, 71, 'f9d0b90d-631a-4f45-982c-d8223bd65c0d', NULL, 'purchase invoice', '1', '1.00', '0.00', '0.37', 'NULL', 'NULL', 'NULL', NULL, NULL, '', '', NULL),
('8a6cc3bf-21b0-409d-8c71-5f404de7ec8b', 'fd5e3a5e-8d86-4412-8f3a-1821b041d4a8', 60, 67, 'f9d0b90d-631a-4f45-982c-d8223bd65c0d', NULL, 'Sale Invoice Against invoice: 2021-0003 & D.O: 2021-0003', '1', '1.00', '0.00', '282027.90', 'NULL', 'NULL', 'NULL', NULL, NULL, 'posted', 'locked', NULL),
('8ab52fad-aef4-46e1-8d72-bd95be7c31a6', '2800296e-b323-4140-a7a7-058a2993f1b1', 223, 200000, 'f9d0b90d-631a-4f45-982c-d8223bd65c0d', NULL, 'Trust Pack Pvt Ltd	WS Traders	0477001006975016\r\nSlip # 3967664	Hyderabad', '1', '1.00', '200000.00', '0.00', 'NULL', 'NULL', 'NULL', NULL, NULL, 'posted', 'locked', NULL),
('8b05a431-992a-47e4-a4e2-d1b8c17f16ed', '6dba7610-c317-4376-afff-28dc8c4dfc80', 0, 147, 'f9d0b90d-631a-4f45-982c-d8223bd65c0d', NULL, 'Publico Printers	Kamran Afzal	02370101381386\r\nSlip # NA Khairpur', '1', '1.00', '0.00', '75000.00', 'NULL', 'NULL', 'NULL', NULL, NULL, '', '', NULL),
('8b6fd6a6-9d3a-4a68-8e92-84aea050f542', '98b17ca5-4346-43fb-83f9-1ff5a45d4326', 257, 220000, 'f9d0b90d-631a-4f45-982c-d8223bd65c0d', NULL, 'Aiman Foods	Prime Corporation	00027900371055\r\nSlip # 1327211	Radhan', '1', '1.00', '220000.00', '0.00', 'NULL', 'NULL', 'NULL', NULL, NULL, 'posted', 'locked', NULL),
('8bd356d7-fd10-4e5e-90a2-3f6f38dad440', 'd045aebf-c274-4816-9588-a7e5b1400494', 0, 152, 'f9d0b90d-631a-4f45-982c-d8223bd65c0d', NULL, '', 'USD', '1.00', '8524.00', '0.00', 'NULL', 'NULL', 'NULL', NULL, NULL, '', '', NULL),
('8c1b080c-ca02-4e11-9866-352bc44a5d79', '53715c2b-c829-4684-832c-6e53e7dd1159', 241, 200000, 'f9d0b90d-631a-4f45-982c-d8223bd65c0d', NULL, 'Trust Pack Pvt Ltd	WS Traders	04427901635203\r\nSlip # 3556727	Mehar', '1', '1.00', '200000.00', '0.00', 'NULL', 'NULL', 'NULL', NULL, NULL, 'posted', 'locked', NULL),
('8c3fe2eb-92d5-4f7f-b831-04879153cc9a', '1f3c08d9-7213-4bb3-a5d8-5438530c62cf', 0, 120, 'f9d0b90d-631a-4f45-982c-d8223bd65c0d', NULL, 'aaaa', '1', '1.00', '11200.00', '0.00', 'NULL', 'NULL', 'NULL', NULL, NULL, '', '', NULL),
('8d7f8c74-193d-4707-b1e8-1d887d41a86e', '1f3ecc5e-bf2c-4c2a-8298-0307f9cb7667', 0, 95, 'f9d0b90d-631a-4f45-982c-d8223bd65c0d', NULL, 'Everyday Food	Everyday Food Industries	16020104870774\r\nSlip # 2312316	Larkana', '1', '1.00', '100000.00', '0.00', 'NULL', 'NULL', 'NULL', NULL, NULL, '', '', NULL),
('8d850741-945b-4de5-bfe2-7b932229b880', '35840e59-7249-4618-8c83-a6571a2ff3ec', 78, 71, 'f9d0b90d-631a-4f45-982c-d8223bd65c0d', NULL, 'Sale Invoice Against invoice: 2021-0005 & D.O: 2021-0005', '1', '1.00', '23445.00', '0.00', 'NULL', 'NULL', 'NULL', NULL, NULL, 'posted', 'locked', NULL),
('8da7c423-fec9-449a-9f26-0abcfa78eddd', '061b322d-7a20-4e91-94c6-13523ed22f48', 0, 139, 'f9d0b90d-631a-4f45-982c-d8223bd65c0d', NULL, 'invoice generated invoice number=2021-0048', '1', '1.00', '4200.00', '0.00', 'b3cc0ace-bdba-4f94-91b2-511671bedb3a', 'NULL', NULL, NULL, NULL, '', '', NULL),
('8dcb2501-ca6d-4f21-82d7-4a7a96ed198b', 'e204685d-f82b-43bc-82e1-2c2c08bc5e09', 0, 106, 'f9d0b90d-631a-4f45-982c-d8223bd65c0d', NULL, '', '1', '1.00', '1300.00', '0.00', 'NULL', 'NULL', 'NULL', NULL, NULL, '', '', NULL),
('8de64962-da5d-405b-9551-ca12721233f7', 'ad4427a1-9319-4547-ac3c-88c7c65bb94c', 0, 21, 'f9d0b90d-631a-4f45-982c-d8223bd65c0d', NULL, 'Purchase invoice', '1', '1.00', '3050.00', '0.00', 'NULL', 'NULL', 'NULL', NULL, NULL, '', '', NULL),
('8e248857-ac2d-46d3-839e-ad50ff4efc91', '8d08882e-8991-4e91-94b3-0a1ffbe1f215', 179, 133, 'f9d0b90d-631a-4f45-982c-d8223bd65c0d', NULL, 'Transaction against grn No: 2021-0015', '1', '1.00', '0.00', '1282247.11', 'NULL', 'NULL', 'NULL', NULL, NULL, 'posted', 'locked', NULL),
('8e8e7d07-a7df-4d54-a159-e5bfbfff60a6', 'b439d6a2-bb29-4a26-ad63-82a2250bd86e', 0, 94, 'f9d0b90d-631a-4f45-982c-d8223bd65c0d', NULL, '', '1', '1.00', '0.00', '223.00', 'NULL', 'NULL', 'NULL', NULL, NULL, '', '', NULL),
('8e9d6693-bf22-4c34-98d2-666c99300fb3', '422cf78a-8ce9-4e44-abf0-dc114e8b9aba', 0, 139, 'f9d0b90d-631a-4f45-982c-d8223bd65c0d', NULL, 'Sale Invoice Against invoice: 2021-0008 & D.O: 2021-0007', '1', NULL, '1069541.78', '0.00', 'NULL', 'NULL', 'NULL', NULL, NULL, '', '', NULL),
('8eb7a79f-6742-41c2-ae18-788feff76cbe', 'c5337494-fd52-45e8-b39d-0352ea406bd2', 157, NULL, 'f9d0b90d-631a-4f45-982c-d8223bd65c0d', NULL, 'Transaction against grn No: 2021-0009', '1', '1.00', '0.00', '732965.78', 'NULL', 'NULL', 'NULL', NULL, NULL, 'posted', 'locked', NULL),
('8f6925c2-157c-4a1b-9aa8-877bdaaa196e', '39af664d-a9bb-402d-afc5-ee08b4c131fe', 0, 137, 'f9d0b90d-631a-4f45-982c-d8223bd65c0d', NULL, 'Al - Faizan Foods', 'USD', '1.00', '1200.00', '1200.00', 'NULL', 'NULL', 'NULL', NULL, NULL, '', '', NULL),
('8fb79ce3-63e7-4ab2-9ec1-63a434a95fa4', '2da46ac8-23ae-42b8-8ca6-2907d417bbbe', 0, 9, 'f9d0b90d-631a-4f45-982c-d8223bd65c0d', NULL, 'Opening Balance', '1', '1.00', '1300.00', '0.00', 'NULL', 'NULL', 'NULL', NULL, NULL, '', '', NULL),
('90839a94-27cc-488a-87fe-1c826e9fe65f', '2e9cf1c8-8fd9-47c3-b83d-f54008c02d4d', 0, 141, 'f9d0b90d-631a-4f45-982c-d8223bd65c0d', NULL, 'purchase invoice', '1', '1.00', '0.00', '27110.00', 'NULL', 'NULL', 'NULL', NULL, NULL, '', '', NULL),
('9098fbc4-fe53-4de2-923a-a3d6c12c6b2f', '86ac0cf8-bdbe-45e2-943c-3bbfed1a45ea', 0, 135, 'f9d0b90d-631a-4f45-982c-d8223bd65c0d', NULL, 'Aiman Foods	Prime Corporation	1163777341003928\r\nSlip # 1972833	D.M.Jamali', '1', '1.00', '0.00', '93000.00', 'NULL', 'NULL', 'NULL', NULL, NULL, '', '', NULL),
('9197e87a-5cb2-47ba-bde8-4d921ce61f0f', 'a69cecf6-7f7a-42c3-8700-62494f33b625', 0, 134, 'f9d0b90d-631a-4f45-982c-d8223bd65c0d', NULL, NULL, '1', NULL, '1000.00', '2200.00', 'NULL', 'NULL', 'NULL', NULL, NULL, '', '', NULL),
('91e95a8f-a508-4efc-99cd-676fc5c92866', '6c171419-93e6-4815-b3d6-af5cebab93f6', 0, 152, 'f9d0b90d-631a-4f45-982c-d8223bd65c0d', NULL, 'Aiman Foods	Prime Corporation	00027900371055\r\nSlip # 1372228', '1', '1.00', '200000.00', '0.00', 'NULL', 'NULL', 'NULL', NULL, NULL, '', '', NULL),
('9257b88e-fc57-441c-976a-c6285ec23c4c', 'de1f971f-16bf-4f5a-95f2-c4f491e3e337', 284, 71, 'f9d0b90d-631a-4f45-982c-d8223bd65c0d', NULL, 'Sale Invoice Against invoice: 2021-0014 & D.O: 2021-0015', '1', '1.00', '27632.00', '0.00', 'a31a8c9c-c3df-47d1-be61-203f3ffa1d70', 'NULL', 'NULL', NULL, NULL, 'posted', 'locked', NULL),
('937ff772-4219-4810-b6be-0d4b6cdb8f6b', 'fafe6ebb-7f59-4b57-a901-4c1d16c62141', 0, 94, 'f9d0b90d-631a-4f45-982c-d8223bd65c0d', NULL, 'Cash in Hand', '1', '1.00', '0.00', '1200.00', 'NULL', 'NULL', 'NULL', NULL, NULL, '', '', NULL),
('943ed9b8-6c76-4535-bd36-3a7c64ceeab2', '3f38403a-24ca-4aae-9941-7fc6a1fd359b', 0, 146, 'f9d0b90d-631a-4f45-982c-d8223bd65c0d', NULL, 'Al- Fahad Traders', '1', '1.00', '0.00', '451.00', 'NULL', 'NULL', 'NULL', NULL, NULL, '', '', NULL),
('94c35d37-468e-4d2a-81a0-d6cf9428b0f4', 'de1f971f-16bf-4f5a-95f2-c4f491e3e337', 281, 71, 'f9d0b90d-631a-4f45-982c-d8223bd65c0d', NULL, 'Sale Invoice Against invoice: 2021-0014 & D.O: 2021-0015', '1', '1.00', '11462.00', '0.00', 'a31a8c9c-c3df-47d1-be61-203f3ffa1d70', 'NULL', 'NULL', NULL, NULL, 'posted', 'locked', NULL),
('95288fc8-847e-46c7-9ae2-86612ccf4af4', '35840e59-7249-4618-8c83-a6571a2ff3ec', 82, 72, 'f9d0b90d-631a-4f45-982c-d8223bd65c0d', NULL, 'Sale Invoice Against invoice: 2021-0005 & D.O: 2021-0005', '1', '1.00', '0.00', '937800.00', 'NULL', 'NULL', 'NULL', NULL, NULL, 'posted', 'locked', NULL),
('954cf560-655d-4e2f-8a6d-fc863b19fe33', '072b06c1-05a0-4596-b8cc-a07998af5a77', 0, NULL, 'f9d0b90d-631a-4f45-982c-d8223bd65c0d', NULL, 'ddd', '1', '1.00', '122.00', '0.00', 'NULL', 'NULL', 'NULL', NULL, NULL, '', '', NULL),
('95d6579b-fcf0-45b2-aa06-4c5facfc2a3b', 'f84cfc69-1746-439e-b46a-4d77879d5e2d', 263, 152, 'f9d0b90d-631a-4f45-982c-d8223bd65c0d', NULL, 'Aiman Foods	Prime Corporation	01140104366919\r\nSlip # 1399584	Hyderabad', '1', '1.00', '300000.00', '0.00', 'NULL', 'NULL', 'NULL', NULL, NULL, 'posted', 'locked', NULL),
('96cd7315-240d-4a49-a61c-b8ccc0a057a0', '1b044934-bd9f-410f-add5-f46188d1028a', 104, 135, 'f9d0b90d-631a-4f45-982c-d8223bd65c0d', NULL, 'Sale Invoice Against invoice: 2021-0009 & D.O: 2021-0006', '1', '1.00', '846000.00', '0.00', 'NULL', 'NULL', 'NULL', NULL, NULL, 'posted', 'locked', NULL),
('97383c6d-edc6-4308-b0fe-b3627cc2b668', '617e64ba-dc84-4101-843e-77e17c88f698', 0, 67, 'f9d0b90d-631a-4f45-982c-d8223bd65c0d', NULL, 'Sale Invoice Against invoice: 2021-0008 & D.O: 2021-0007', '1', NULL, '0.00', '169541.78', 'NULL', 'NULL', 'NULL', NULL, NULL, '', '', NULL),
('975a0e5a-5999-409e-ab06-6279521bf520', 'c20ab7fa-376d-40ce-99eb-0d6a740906cc', 150, 136, 'f9d0b90d-631a-4f45-982c-d8223bd65c0d', NULL, 'Trust Pack Pvt Ltd	Nature Harvest Pvt Ltd	0104360203	MBL\r\n1504470	Chaman', '1', '1.00', '0.00', '122500.00', 'NULL', 'NULL', 'NULL', NULL, NULL, 'posted', 'locked', NULL),
('97aa9b4b-7193-474f-90fe-bc8076a1430a', '86ac0cf8-bdbe-45e2-943c-3bbfed1a45ea', 0, 152, 'f9d0b90d-631a-4f45-982c-d8223bd65c0d', NULL, 'Aiman Foods	Prime Corporation	1163777341003928\r\nSlip # 1972833	D.M.Jamali', '1', '1.00', '93000.00', '0.00', 'NULL', 'NULL', 'NULL', NULL, NULL, '', '', NULL),
('97c0d92c-b7cf-4120-952a-18f72e2c9534', '2b212531-e45f-42bd-b182-c8dc0cfb6172', 0, 140, 'f9d0b90d-631a-4f45-982c-d8223bd65c0d', NULL, 'Arham Enterprises', '1', '1.00', '0.00', '500000.00', 'NULL', 'NULL', 'NULL', NULL, NULL, '', '', NULL),
('97d719c2-daee-4a57-a4ac-140012296ca5', '03463bde-590c-496b-bc93-bd6e91826853', 0, 67, 'f9d0b90d-631a-4f45-982c-d8223bd65c0d', NULL, 'invoice generated invoice number=2021-0047', '1', '1.00', '0.00', '4200.00', 'ccd5359d-5b7d-4620-9872-a0a476b8391a', 'NULL', NULL, NULL, NULL, '', '', NULL),
('98e3e8eb-eb62-4dc2-83bc-cae09073221a', 'c8ed5162-92d2-4a19-905a-2920780a4910', 0, 137, 'f9d0b90d-631a-4f45-982c-d8223bd65c0d', NULL, 'Al - Faizan Foods', '1', NULL, '200.00', '0.00', 'NULL', 'NULL', 'NULL', NULL, NULL, '', '', NULL),
('9967141a-8fa7-450f-b60c-b2cef608792f', '0c118010-0075-4af1-af55-80255aa21a08', 0, 94, 'f9d0b90d-631a-4f45-982c-d8223bd65c0d', NULL, '', 'USD', NULL, '0.00', '211815.18', 'NULL', 'NULL', 'NULL', NULL, NULL, '', '', NULL),
('998ebecb-1d5c-4463-9226-dfebc695bee0', 'baa1e8d6-7742-4318-b6a6-06648fa8e85a', 311, 133, 'f9d0b90d-631a-4f45-982c-d8223bd65c0d', NULL, 'Transaction against grn No: 2021-0019', '1', '1.00', '0.00', '368083.04', 'NULL', 'NULL', 'NULL', NULL, NULL, 'posted', 'locked', NULL),
('9a17c3d9-3e5c-473f-9858-cbb4a909e496', 'b439d6a2-bb29-4a26-ad63-82a2250bd86e', 0, 137, 'f9d0b90d-631a-4f45-982c-d8223bd65c0d', NULL, 'ddd', '1', '1.00', '223.00', '0.00', 'NULL', 'NULL', 'NULL', NULL, NULL, '', '', NULL),
('9a560e07-55aa-4838-89dc-4fa1b2a45ad3', 'acb2de69-0ecb-4e58-a121-d9338ab94475', 0, 106, 'f9d0b90d-631a-4f45-982c-d8223bd65c0d', NULL, '', 'USD', NULL, '111.00', '0.00', 'NULL', 'NULL', 'NULL', NULL, NULL, '', '', NULL),
('9af9e216-ab06-4819-ad69-ba1b2cedfd43', '9d8b9346-8c0a-47e4-ab75-2413ad440cad', 73, 71, 'f9d0b90d-631a-4f45-982c-d8223bd65c0d', NULL, 'Sale Invoice Against invoice: 2021-0004 & D.O: 2021-0004', '1', '1.00', '66629.35', '0.00', 'NULL', 'NULL', 'NULL', NULL, NULL, 'posted', 'locked', NULL),
('9b26b906-7376-4051-b699-7cddce416baf', '9d3ab789-f50d-4fe2-b08c-d3f1901eb9af', 0, 139, 'f9d0b90d-631a-4f45-982c-d8223bd65c0d', NULL, 'Sale Invoice Against invoice: 2021-0008 & D.O: 2021-0007', '1', NULL, '169541.78', '0.00', 'NULL', 'NULL', 'NULL', NULL, NULL, '', '', NULL),
('9b9cc18c-ef83-4f5d-8fb9-1c28e9ce9dbb', 'ea714be7-24dc-4dea-bbdb-02ec0a717cc4', 218, 135, 'f9d0b90d-631a-4f45-982c-d8223bd65c0d', NULL, 'Publico Printers	Kamran Afzal	55150115000013010\r\nSLIP # 448243	Gambat', '1', '1.00', '0.00', '94450.00', 'NULL', 'NULL', 'NULL', NULL, NULL, 'posted', 'locked', NULL),
('9c510df9-9d0c-4e9c-ab58-abdc6942e451', 'b376b442-6dec-4571-92e7-9dc1d1f82033', 0, 21, 'f9d0b90d-631a-4f45-982c-d8223bd65c0d', NULL, 'Purchase invoice', '1', '1.00', '1000.00', '0.00', 'NULL', 'NULL', 'NULL', NULL, NULL, '', '', NULL),
('9c5e7885-f7a7-4e15-94eb-d362a2f14ee8', 'da7118aa-3c9a-45ce-b8d5-033dd72c10d9', 0, 71, 'f9d0b90d-631a-4f45-982c-d8223bd65c0d', NULL, 'Sale Invoice Against invoice: 2021-0018 & D.O: 2021-0018', '1', '1.00', '2583.00', '0.00', 'dcd87138-56eb-43fe-ab0f-86b01942526a', 'NULL', 'NULL', NULL, NULL, '', '', NULL),
('9c6e3c4c-0f8f-4cbc-99cd-6d1167e7b74c', '35840e59-7249-4618-8c83-a6571a2ff3ec', 77, 71, 'f9d0b90d-631a-4f45-982c-d8223bd65c0d', NULL, 'Sale Invoice Against invoice: 2021-0005 & D.O: 2021-0005', '1', '1.00', '9378.00', '0.00', 'NULL', 'NULL', 'NULL', NULL, NULL, 'posted', 'locked', NULL),
('9c7a4ff5-fe76-471e-b2a4-139615941179', 'eccaecb9-3a26-4070-a19b-c5abaea1ab49', 0, 152, 'f9d0b90d-631a-4f45-982c-d8223bd65c0d', NULL, '', '1', '1.00', '19065.00', '0.00', 'NULL', 'NULL', 'NULL', NULL, NULL, '', '', NULL),
('9ca323b7-e489-4c31-a0de-5106ce26cb22', '85521da1-4693-4b03-bb69-e229b2a32e24', 0, 139, 'f9d0b90d-631a-4f45-982c-d8223bd65c0d', NULL, 'Sale Invoice Against invoice: 2021-0008 & D.O: 2021-0007', '1', NULL, '115.00', '118.00', 'NULL', 'NULL', 'NULL', NULL, NULL, '', '', NULL);
INSERT INTO `fs_transdetails` (`id`, `trm_id`, `number`, `coa_id`, `company_id`, `branch_id`, `description`, `cur_id`, `cur_rate`, `debit`, `credit`, `recv_invoice_id`, `pay_invoice_id`, `cost_center_id`, `bank_status`, `bank_reconcile`, `status`, `lock_status`, `delete`) VALUES
('9d8f63c9-54a2-4525-8848-9d6a47b7b1ba', 'b22609af-bae8-4866-9602-247cf79d87a4', 0, 94, 'f9d0b90d-631a-4f45-982c-d8223bd65c0d', NULL, 'payment pulico printers', '1', '1.00', '0.00', '12000.00', 'NULL', 'NULL', 'NULL', NULL, NULL, '', '', NULL),
('9f025c8d-0bc9-4084-9e0e-eb114a38e707', '8ab5773f-03e6-4650-9917-21c836a538fa', 153, 200000, 'f9d0b90d-631a-4f45-982c-d8223bd65c0d', NULL, 'Trust Pack Pvt Ltd	SW Enterprise	1589790997403	HBL\r\nSlip # 2961358	Nasirabad', '1', '1.00', '200000.00', '0.00', 'NULL', 'NULL', 'NULL', NULL, NULL, 'posted', 'locked', NULL),
('a03e9ea5-fc46-4312-b903-ef654c9ffdfb', '5db55418-79fb-4b51-9106-0e2fea6d0467', 294, 144, 'f9d0b90d-631a-4f45-982c-d8223bd65c0d', NULL, 'Sale Invoice Against invoice: 2021-0016 & D.O: 2021-0017', '1', '1.00', '564000.00', '0.00', '4af3d40e-f061-4a84-9c80-06019a02e22f', 'NULL', 'NULL', NULL, NULL, 'posted', 'locked', NULL),
('a0713f2e-ef8e-4061-9ed1-2233cb72f244', '249a7686-1f4a-4331-a2be-f85b90c89856', 181, 133, 'f9d0b90d-631a-4f45-982c-d8223bd65c0d', NULL, 'Transaction against grn No: 2021-0015', '1', '1.00', '0.00', '1295191.51', 'NULL', 'NULL', 'NULL', NULL, NULL, 'posted', 'locked', NULL),
('a0929674-6420-4b77-acb2-457f7213d58a', '9bb861f7-f550-43df-9120-347749ef07e7', 0, 55, 'f9d0b90d-631a-4f45-982c-d8223bd65c0d', NULL, '', '1', '1.00', '19065.00', '0.00', 'NULL', 'NULL', 'NULL', NULL, NULL, '', '', NULL),
('a17ece51-560b-4f91-bc1a-77c9be75da89', 'f193c672-24f7-4219-a891-887104893291', 0, 67, 'f9d0b90d-631a-4f45-982c-d8223bd65c0d', NULL, 'invoice generated invoice number=2021-0052', '1', '1.00', '0.00', '4200.00', '5af10b22-1f35-4a47-a689-cca6556f4560', 'NULL', NULL, NULL, NULL, '', '', NULL),
('a1b74754-18d3-4467-b1d7-e9e500b9a716', 'cdc1ca92-9911-4ecc-a7f4-6b62d69ec427', 0, 94, 'f9d0b90d-631a-4f45-982c-d8223bd65c0d', NULL, '', 'USD', '1.00', '789.00', '0.00', 'NULL', 'NULL', 'NULL', NULL, NULL, '', '', NULL),
('a1d4ab5a-0c0e-4365-8cd7-442e0fd16d49', 'c071980e-b2b9-4c5e-8395-e7d11cfc67e3', 0, 106, 'f9d0b90d-631a-4f45-982c-d8223bd65c0d', NULL, '', 'USD', '1.00', '0.00', '2212.12', 'NULL', 'NULL', 'NULL', NULL, NULL, '', '', NULL),
('a206794b-8df5-4406-8c6c-8226405fec8a', 'a82af07e-932f-4473-b14b-ac830817bb80', 0, 133, 'f9d0b90d-631a-4f45-982c-d8223bd65c0d', NULL, 'Aiman Foods Pvt Ltd', '1', '1.00', '0.00', '3424.00', 'NULL', 'NULL', 'NULL', NULL, NULL, '', '', NULL),
('a2c151da-20a8-4bb4-b59b-de15f3b42575', 'b94c0147-ed5c-45b2-a96f-91eeb01599b9', 134, 135, 'f9d0b90d-631a-4f45-982c-d8223bd65c0d', NULL, 'Pay To WS Traders Paper HBL', '1', '1.00', '0.00', '500000.00', 'NULL', 'NULL', 'NULL', NULL, NULL, 'posted', 'locked', NULL),
('a2da40c2-caca-4de7-aef4-a2a3dcf5fdbd', '4944fec0-4d1f-4d92-80ed-b667af909ba7', 0, 95, 'f9d0b90d-631a-4f45-982c-d8223bd65c0d', NULL, '', 'USD', '1.00', '0.00', '108022.00', 'NULL', 'NULL', 'NULL', NULL, NULL, '', '', NULL),
('a2dc50fd-8f87-4206-abdb-85a325050654', '41bab837-9837-4a65-9146-0e1317661ffd', 0, 94, 'f9d0b90d-631a-4f45-982c-d8223bd65c0d', NULL, '', 'USD', '1.00', '2211.00', '0.00', 'NULL', 'NULL', 'NULL', NULL, NULL, '', '', NULL),
('a341e2fc-d3e0-4a1e-9cee-501c40d05336', '7f79170c-daaa-470b-87a7-96d320ba28a0', 187, 133, 'f9d0b90d-631a-4f45-982c-d8223bd65c0d', NULL, 'Transaction against grn No: 2021-0016', '1', '1.00', '0.00', '289461.48', 'NULL', 'NULL', 'NULL', NULL, NULL, 'posted', 'locked', NULL),
('a37d6167-bd02-45e9-a627-8f84e092568b', '01bb2c97-6e36-4c84-a47f-b62e69a9b300', 0, 133, 'f9d0b90d-631a-4f45-982c-d8223bd65c0d', NULL, 'Aiman Foods Pvt Ltd', '1', '1.00', '0.00', '3424.00', 'NULL', 'NULL', 'NULL', NULL, NULL, '', '', NULL),
('a3b19732-f83c-4297-aea7-8085b2552122', 'c9a06366-22ed-4d01-8ba6-1c9debd9ef9c', 208, 135, 'f9d0b90d-631a-4f45-982c-d8223bd65c0d', NULL, 'Publico Printers	Kamran Afzal	55150115000013010\r\nSlip # 256894	Ratodero', '1', '1.00', '0.00', '50000.00', 'NULL', 'NULL', 'NULL', NULL, NULL, 'posted', 'locked', NULL),
('a43ddb81-1a72-4cd8-8023-01b439ef6b96', 'ed6026e1-ff20-4a9c-a8f1-014a0456bc15', 113, 67, 'f9d0b90d-631a-4f45-982c-d8223bd65c0d', NULL, 'Sale Invoice Against invoice: 2021-0010 & D.O: 2021-0012', '1', '1.00', '0.00', '300930.00', 'NULL', 'NULL', 'NULL', NULL, NULL, 'posted', 'locked', NULL),
('a4cab5cc-aac6-4b32-ad9a-4191eab1783c', '03463bde-590c-496b-bc93-bd6e91826853', 0, 139, 'f9d0b90d-631a-4f45-982c-d8223bd65c0d', NULL, 'invoice generated invoice number=2021-0047', '1', '1.00', '4200.00', '0.00', 'ccd5359d-5b7d-4620-9872-a0a476b8391a', 'NULL', NULL, NULL, NULL, '', '', NULL),
('a4e6ceed-e8af-4ba5-ab66-72e53d203969', '11e28d98-5a88-460d-ae13-5ff349fb745b', 0, 71, 'f9d0b90d-631a-4f45-982c-d8223bd65c0d', NULL, 'purchase invoice', '1', '1.00', '0.22', '0.00', 'NULL', 'NULL', 'NULL', NULL, NULL, '', '', NULL),
('a4ed758a-7528-42b8-a9a1-858a78d12a26', 'fcc1a26b-db8e-44a0-ba5f-4e9621ed2007', 173, 133, 'f9d0b90d-631a-4f45-982c-d8223bd65c0d', NULL, 'Transaction against grn No: 2021-0014', '1', '1.00', '0.00', '698411.84', 'NULL', 'NULL', 'NULL', NULL, NULL, 'posted', 'locked', NULL),
('a577644f-3d17-4132-a290-6f387848f8b7', 'f09b472f-bdfb-4976-b295-97c6251c93e2', 139, 500000, 'f9d0b90d-631a-4f45-982c-d8223bd65c0d', NULL, 'Pay To: Prime Corporation HBL ( Aiman Foods) Slip # 759463 From Panjgoor', '1', '1.00', '500000.00', '0.00', 'NULL', 'NULL', 'NULL', NULL, NULL, 'posted', 'locked', NULL),
('a59ef075-bcc7-4c51-b0fc-d77121e9d60b', 'a82af07e-932f-4473-b14b-ac830817bb80', 0, 94, 'f9d0b90d-631a-4f45-982c-d8223bd65c0d', NULL, '', '1', '1.00', '3424.00', '0.00', 'NULL', 'NULL', 'NULL', NULL, NULL, '', '', NULL),
('a5eff826-7a8a-4232-bb88-26852dac63a0', '3966d978-0925-4903-80b3-141cb313880b', 319, 133, 'f9d0b90d-631a-4f45-982c-d8223bd65c0d', NULL, 'Transaction against grn No: 2021-0020', '1', '1.00', '0.00', '887724.48', 'NULL', 'NULL', 'NULL', NULL, NULL, 'posted', 'locked', NULL),
('a634f81a-fb7c-4b4f-af33-f6dc13a0e6be', '96925b9f-b31c-481b-ac89-2626b27d23a1', 267, 71, 'f9d0b90d-631a-4f45-982c-d8223bd65c0d', NULL, 'Sale Invoice Against invoice: 2021-0012 & D.O: 2021-0013', '1', '1.00', '26686.90', '0.00', '4a35af77-75dd-407d-837f-a57bb89f0eaa', 'NULL', 'NULL', NULL, NULL, 'posted', 'locked', NULL),
('a6f5012a-cca8-4aad-b78a-5b8742d6c7b2', '58227cdc-ec8a-40c5-aa4a-0f88e7b10c05', 0, 146, 'f9d0b90d-631a-4f45-982c-d8223bd65c0d', NULL, 'Al- Fahad Traders', 'USD', '1.00', '0.00', '200.00', 'NULL', 'NULL', 'NULL', NULL, NULL, '', '', NULL),
('a6f52095-577b-4617-8bd3-8f1a3f799b31', 'f4556247-1c87-4e4a-a50b-1318dd85d519', 0, 21, 'f9d0b90d-631a-4f45-982c-d8223bd65c0d', NULL, 'Purchase invoice', '1', '1.00', '1000.00', '0.00', 'NULL', 'NULL', 'NULL', NULL, NULL, '', '', NULL),
('a7494440-de5a-4fc9-af2f-e5fffdb2b4ef', 'fb419226-5475-415d-b162-2f9c241b474e', 0, 141, 'f9d0b90d-631a-4f45-982c-d8223bd65c0d', NULL, 'purchase invoice', '1', '1.00', '0.00', '37.43', 'NULL', 'NULL', 'NULL', NULL, NULL, '', '', NULL),
('a75c6f31-4fe4-4030-8267-02d9cccd3550', 'ed6026e1-ff20-4a9c-a8f1-014a0456bc15', 112, 135, 'f9d0b90d-631a-4f45-982c-d8223bd65c0d', NULL, 'Sale Invoice Against invoice: 2021-0010 & D.O: 2021-0012', '1', '1.00', '300930.00', '0.00', 'NULL', 'NULL', 'NULL', NULL, NULL, 'posted', 'locked', NULL),
('a8400535-5ca0-4a69-b6c8-1f83556c6857', 'e9930f21-45b0-4628-a9dd-b91e9e60e44e', 0, 134, 'f9d0b90d-631a-4f45-982c-d8223bd65c0d', NULL, 'aaaaaaaa', '1', '1.00', '11200.00', '0.00', 'NULL', 'NULL', 'NULL', NULL, NULL, '', '', NULL),
('a8babfb5-02d6-476c-95d7-b55384cbe68f', '8a1cfe89-d192-4736-9904-c32fcd26ac27', 182, 72, 'f9d0b90d-631a-4f45-982c-d8223bd65c0d', NULL, 'Transaction against grn No: 2021-0015', '1', '1.00', '1292734.28', '0.00', 'NULL', 'NULL', 'NULL', NULL, NULL, 'posted', 'locked', NULL),
('a8e59344-73d8-4b5b-8a81-a97b84bb1df7', '527a0dad-bf3c-4c19-87f6-4dcf9dfd46b0', 287, 67, 'f9d0b90d-631a-4f45-982c-d8223bd65c0d', NULL, 'Sale Invoice Against invoice: 2021-0015 & D.O: 2021-0016', '1', '1.00', '0.00', '235000.00', '23cbf475-47ef-44c2-8b83-b5c82b89c0ba', 'NULL', 'NULL', NULL, NULL, 'posted', 'locked', NULL),
('a90a34a5-840c-449c-8f88-4cda55d25db1', '3bc8f9b2-4fe2-438e-bc50-f75bbb9031f5', 184, 72, 'f9d0b90d-631a-4f45-982c-d8223bd65c0d', NULL, 'Transaction against grn No: 2021-0016', '1', '1.00', '286092.79', '0.00', 'NULL', 'NULL', 'NULL', NULL, NULL, 'posted', 'locked', NULL),
('a91b22c9-4e31-46aa-8b01-e6efa0e0df2a', '6dba7610-c317-4376-afff-28dc8c4dfc80', 0, 152, 'f9d0b90d-631a-4f45-982c-d8223bd65c0d', NULL, 'Publico Printers	Kamran Afzal	02370101381386\r\nSlip # NA Khairpur', '1', '1.00', '75000.00', '0.00', 'NULL', 'NULL', 'NULL', NULL, NULL, '', '', NULL),
('a9223e67-6bf7-41b8-b678-6e820052b04c', '6e3dff28-d518-44da-b936-e5ace5e3ca84', 226, 139, 'f9d0b90d-631a-4f45-982c-d8223bd65c0d', NULL, 'Publico Printers	Kamran Afzal	55150115000013010\r\nSlip # 7781775', '1', '1.00', '0.00', '100000.00', 'NULL', 'NULL', 'NULL', NULL, NULL, 'posted', 'locked', NULL),
('a9243ce5-6ce5-4882-a887-6a29ba8d4a56', 'ea714be7-24dc-4dea-bbdb-02ec0a717cc4', 219, 94450, 'f9d0b90d-631a-4f45-982c-d8223bd65c0d', NULL, 'Publico Printers	Kamran Afzal	55150115000013010\r\nSLIP # 448243	Gambat', '1', '1.00', '94450.00', '0.00', 'NULL', 'NULL', 'NULL', NULL, NULL, 'posted', 'locked', NULL),
('a934f8fe-3706-4487-bc45-f9e8cd879910', '3966d978-0925-4903-80b3-141cb313880b', 318, 72, 'f9d0b90d-631a-4f45-982c-d8223bd65c0d', NULL, 'Transaction against grn No: 2021-0020', '1', '1.00', '887724.48', '0.00', 'NULL', 'NULL', 'NULL', NULL, NULL, 'posted', 'locked', NULL),
('a957dd98-d775-401a-a44b-cb087273d7a8', '1380f1ac-e58e-4c22-af47-20a68db1bdad', 0, 134, 'f9d0b90d-631a-4f45-982c-d8223bd65c0d', NULL, 'VVVVVV', '1', '1.00', '340.00', '0.00', 'NULL', 'NULL', 'NULL', NULL, NULL, '', '', NULL),
('a9dfd752-be7f-47c2-ad0e-2471c4338570', 'd9901c51-38ac-4595-b365-498480b1b655', 55, 71, 'f9d0b90d-631a-4f45-982c-d8223bd65c0d', NULL, 'Sale Invoice Against invoice: 2021-0002 & D.O: 2021-0002', '1', '1.00', '6539.50', '0.00', 'NULL', 'NULL', 'NULL', NULL, NULL, 'posted', 'locked', NULL),
('ab0ffbdf-75f1-4308-8894-cdb3892396d4', 'd045aebf-c274-4816-9588-a7e5b1400494', 0, 137, 'f9d0b90d-631a-4f45-982c-d8223bd65c0d', NULL, 'adsfasd', '1', '1.00', '0.00', '8524.00', 'NULL', 'NULL', 'NULL', NULL, NULL, '', '', NULL),
('ab21ce72-b92b-47ec-b2f7-ac25b7060348', '11b5a8f1-e919-41f3-97ea-2b99d63ee743', 0, 146, 'f9d0b90d-631a-4f45-982c-d8223bd65c0d', NULL, 'Al- Fahad Traders', '1', '1.00', '0.00', '451.00', 'NULL', 'NULL', 'NULL', NULL, NULL, '', '', NULL),
('ab69876d-ea43-4163-817d-beba14576541', 'a69cecf6-7f7a-42c3-8700-62494f33b625', 0, 146, 'f9d0b90d-631a-4f45-982c-d8223bd65c0d', NULL, NULL, '1', NULL, '10000.00', '2220.00', 'NULL', 'NULL', 'NULL', NULL, NULL, '', '', NULL),
('ab8e4afb-1fee-4e3b-81cb-88779c3e6823', '99d91ebc-a0ed-443b-aed5-44e35123023d', 290, 71, 'f9d0b90d-631a-4f45-982c-d8223bd65c0d', NULL, 'Sale Invoice Against invoice: 2021-0015 & D.O: 2021-0016', '1', '1.00', '1302.50', '0.00', '23cbf475-47ef-44c2-8b83-b5c82b89c0ba', 'NULL', 'NULL', NULL, NULL, 'posted', 'locked', NULL),
('abc11dfb-958b-4865-872c-541181f708b9', '58227cdc-ec8a-40c5-aa4a-0f88e7b10c05', 0, 137, 'f9d0b90d-631a-4f45-982c-d8223bd65c0d', NULL, 'Al - Faizan Foods', 'USD', '1.00', '200.00', '0.00', 'NULL', 'NULL', 'NULL', NULL, NULL, '', '', NULL),
('abfb5e95-e15f-44c9-b8f4-97a580e68aa1', '9f173704-9893-4522-952a-0297869bdf99', 0, 139, 'f9d0b90d-631a-4f45-982c-d8223bd65c0d', NULL, 'Sale Invoice Against invoice: 2021-0018 & D.O: 2021-0018', '1', '1.00', '82225.50', '0.00', 'dcd87138-56eb-43fe-ab0f-86b01942526a', 'NULL', 'NULL', NULL, NULL, '', '', NULL),
('ac468e3e-75da-4e09-b040-36497021cb07', 'f6124af4-c0aa-433e-8b90-f9324fb6c33a', 0, 152, 'f9d0b90d-631a-4f45-982c-d8223bd65c0d', NULL, 'Aiman Foods	Prime Corporation	01140104366919\r\nMobile Banking', '1', '1.00', '50000.00', '0.00', 'NULL', 'NULL', 'NULL', NULL, NULL, '', '', NULL),
('ada9e438-8e5c-40b0-9f27-af9de6964c19', '27136259-775c-4e93-a9a1-b36b0a4138b3', 0, 67, 'f9d0b90d-631a-4f45-982c-d8223bd65c0d', NULL, 'invoice generated invoice number=2021-0046', '1', '1.00', '0.00', '4200.00', 'aa8ed33f-a714-40d2-8c70-0f3459815a76', 'NULL', NULL, NULL, NULL, '', '', NULL),
('addfb6e6-d600-4b6f-b3db-98e81d93d9ce', '3f634b23-ebcd-4ded-932d-61a0b1195415', 316, 72, 'f9d0b90d-631a-4f45-982c-d8223bd65c0d', NULL, 'Transaction against grn No: 2021-0020', '1', '1.00', '867859.37', '0.00', 'NULL', 'NULL', 'NULL', NULL, NULL, 'posted', 'locked', NULL),
('ade496eb-2704-4dc0-bc46-81e01764ed5f', 'f2d9bc69-5ce9-4827-ad08-6f0a3868a106', 122, 71, 'f9d0b90d-631a-4f45-982c-d8223bd65c0d', NULL, 'Sale Invoice Against invoice: 2021-0011 & D.O: 2021-0010', '1', '1.00', '1892.22', '0.00', 'NULL', 'NULL', 'NULL', NULL, NULL, 'posted', 'locked', NULL),
('aee38f3e-8ce2-4fde-8b4b-bae7b73b9eaa', '625dd1c4-1bcc-4371-b6b0-2a15abce6617', 0, 67, 'f9d0b90d-631a-4f45-982c-d8223bd65c0d', NULL, 'invoice generated invoice number=2021-0033', '1', '1.00', '0.00', '2100.00', '36188a48-0916-4369-bb08-27811f648ab0', 'NULL', NULL, NULL, NULL, '', '', NULL),
('af67a565-3eff-44ef-9f26-14deeca762c2', '8aecceb0-3b94-4a1a-811d-a30a110f390a', 0, 94, 'f9d0b90d-631a-4f45-982c-d8223bd65c0d', NULL, '', 'USD', '1.00', '0.00', '1200.00', 'NULL', 'NULL', 'NULL', NULL, NULL, '', '', NULL),
('af7d01d2-cd52-48c9-a402-5e6e53e706cb', '75d1807a-8262-4790-8fd4-46020874f1d5', 37, 135, 'f9d0b90d-631a-4f45-982c-d8223bd65c0d', NULL, 'Sale Invoice Against invoice: 2021-0001 & D.O: 2021-0001', '1', '1.00', '1274000.00', '0.00', 'NULL', 'NULL', 'NULL', NULL, NULL, 'posted', 'locked', NULL),
('afd7ca4d-2bfa-416a-b397-b52c496cb78b', '7f24d1c3-fb5d-4d4b-a2fe-543105c1902b', 0, 143, 'f9d0b90d-631a-4f45-982c-d8223bd65c0d', NULL, 'Aimen Foods (Raw Mat', 'USD', '1.00', '120.00', '120.00', 'NULL', 'NULL', 'NULL', NULL, NULL, '', '', NULL),
('b005a3f4-110b-4ade-9b26-fb18de84d810', 'df8d3abf-57ad-4651-a2cb-a89f8c8715e9', 0, 95, 'f9d0b90d-631a-4f45-982c-d8223bd65c0d', NULL, '', 'USD', '1.00', '253625.20', '0.00', 'NULL', 'NULL', 'NULL', NULL, NULL, '', '', NULL),
('b03ede85-a1b8-42d9-b3c8-43a108ca0825', '2e9c4923-1dba-49ed-97d1-6d550063a865', 0, 139, 'f9d0b90d-631a-4f45-982c-d8223bd65c0d', NULL, 'Sale Invoice Against invoice: 2021-0008 & D.O: 2021-0007', 'USD', '1.00', '169541.78', '0.00', 'NULL', 'NULL', 'NULL', NULL, NULL, '', '', NULL),
('b1d15ae7-1de4-42fb-9034-e07390971b89', 'b5720bb5-fc80-477b-9de0-3c12b5baa89e', 278, 72, 'f9d0b90d-631a-4f45-982c-d8223bd65c0d', NULL, 'Sale Invoice Against invoice: 2021-0013 & D.O: 2021-0014', '1', '1.00', '0.00', '355020.00', '6c8e1a07-7d76-469e-a4bc-6fce08289ffc', 'NULL', 'NULL', NULL, NULL, 'posted', 'locked', NULL),
('b20befbd-f18d-4791-aeb8-359dd276600b', '9d8b9346-8c0a-47e4-ab75-2413ad440cad', 74, 72, 'f9d0b90d-631a-4f45-982c-d8223bd65c0d', NULL, 'Sale Invoice Against invoice: 2021-0004 & D.O: 2021-0004', '1', '1.00', '0.00', '1304278.00', 'NULL', 'NULL', 'NULL', NULL, NULL, 'posted', 'locked', NULL),
('b22857a2-60ea-4006-9c21-f4f37ba69ddf', 'c9b2c161-db23-4e84-acd7-f26d5239eb75', 197, 400000, 'f9d0b90d-631a-4f45-982c-d8223bd65c0d', NULL, 'Trust Pack Pvt Ltd	SW Enterprise	1589790997403\r\n3155362	Nasirabad', '1', '1.00', '400000.00', '0.00', 'NULL', 'NULL', 'NULL', NULL, NULL, 'posted', 'locked', NULL),
('b2a04918-036f-464d-8b69-1452ff849e3f', 'c6fee857-e515-4cac-a61f-1e50c121125f', 0, NULL, 'f9d0b90d-631a-4f45-982c-d8223bd65c0d', NULL, '', '1', '1.00', '0.00', '19065.00', 'NULL', 'NULL', 'NULL', NULL, NULL, '', '', NULL),
('b3384b67-7a24-4e35-a8db-7473a65dcfb5', '689fcee6-bec0-4087-b723-6f11ef54e651', 0, 95, 'f9d0b90d-631a-4f45-982c-d8223bd65c0d', NULL, '', '1', '1.00', '0.00', '12000.00', 'NULL', 'NULL', 'NULL', NULL, NULL, '', '', NULL),
('b4dace9b-face-485f-beb1-bd1ba1d19163', 'a928a504-0e56-46c6-b566-7364b29629ca', 0, 94, 'f9d0b90d-631a-4f45-982c-d8223bd65c0d', NULL, 'dddd', '1', '1.00', '35000.00', '0.00', 'NULL', 'NULL', 'NULL', NULL, NULL, '', '', NULL),
('b4f5fbb9-72ed-4b27-a168-9ca69dfee986', 'cdf42bf8-3d6a-4621-92e7-bc411063fb57', 0, NULL, 'f9d0b90d-631a-4f45-982c-d8223bd65c0d', NULL, '', '1', '1.00', '0.00', '19065.00', 'NULL', 'NULL', 'NULL', NULL, NULL, '', '', NULL),
('b56ab10c-9870-48e6-a72d-a803e3747778', '26cea9d8-fad7-427c-ba11-730c421b468d', 216, 145, 'f9d0b90d-631a-4f45-982c-d8223bd65c0d', NULL, 'Everyday Food	Everyday Food Industries	16020104870774\r\nSLIP # 7818314	Hyderabad', '1', '1.00', '0.00', '289600.00', 'NULL', 'NULL', 'NULL', NULL, NULL, 'posted', 'locked', NULL),
('b69c5c10-9adc-438c-ae22-c8d5820a4e04', '1b7d4762-be89-4229-9061-e9186ca00cb6', 52, 67, 'f9d0b90d-631a-4f45-982c-d8223bd65c0d', NULL, 'Sale Invoice Against invoice: 2021-0002 & D.O: 2021-0002', '1', '1.00', '0.00', '1161160.00', 'NULL', 'NULL', 'NULL', NULL, NULL, 'posted', 'locked', NULL),
('b6de10c0-dee3-4f85-8382-74c0151e5450', 'df65a309-fa5c-4fcf-b867-9dc4ff85fe92', 0, 136, 'f9d0b90d-631a-4f45-982c-d8223bd65c0d', NULL, 'Burraque Traders', '1', NULL, '0.00', '350.00', 'NULL', 'NULL', 'NULL', NULL, NULL, '', '', NULL),
('b75acaca-c7c1-48d9-a32a-0ece8f943bf2', '54293155-dc59-4e8d-b649-ef687a9dc158', 67, 135, 'f9d0b90d-631a-4f45-982c-d8223bd65c0d', NULL, 'Sale Invoice Against invoice: 2021-0004 & D.O: 2021-0004', '1', '1.00', '1146349.19', '0.00', 'NULL', 'NULL', 'NULL', NULL, NULL, 'posted', 'locked', NULL),
('b7ab758d-941a-4f92-8678-fe1b139b6f15', '53715c2b-c829-4684-832c-6e53e7dd1159', 240, 135, 'f9d0b90d-631a-4f45-982c-d8223bd65c0d', NULL, 'Trust Pack Pvt Ltd	WS Traders	04427901635203\r\nSlip # 3556727	Mehar', '1', '1.00', '0.00', '200000.00', 'NULL', 'NULL', 'NULL', NULL, NULL, 'posted', 'locked', NULL),
('b81cd5fc-2fed-4c48-9e3e-9174f3a05447', '39ff3781-a3f0-46cd-9af4-a58535215002', 0, 71, 'f9d0b90d-631a-4f45-982c-d8223bd65c0d', NULL, 'purchase invoice', '1', '1.00', '300.00', '0.00', 'NULL', 'NULL', 'NULL', NULL, NULL, '', '', NULL),
('b91bbba1-dfbc-4ff5-8174-503f503d3c5a', '5c0b1f62-4ad5-48d3-9461-833030c26a8d', 0, 122, 'f9d0b90d-631a-4f45-982c-d8223bd65c0d', NULL, 'Arslan', '1', '1.00', '0.00', '2300.23', 'NULL', 'NULL', 'NULL', NULL, NULL, '', '', NULL),
('b9d3cc4d-2498-4830-bfe1-87de61be40f6', '024c07ce-b71f-4790-adf0-a02443ae849c', 229, 200000, 'f9d0b90d-631a-4f45-982c-d8223bd65c0d', NULL, 'Aiman Foods	Prime Corporation	00027900371055\r\nSlip # 4260491	Nasirabad', '1', '1.00', '200000.00', '0.00', 'NULL', 'NULL', 'NULL', NULL, NULL, 'posted', 'locked', NULL),
('baab84ef-4c84-4e4d-8716-48357a53dd63', '9db34177-efbb-4dcb-a075-a83cbc53817a', 114, 71, 'f9d0b90d-631a-4f45-982c-d8223bd65c0d', NULL, 'Sale Invoice Against invoice: 2021-0010 & D.O: 2021-0012', '1', '1.00', '3660.00', '0.00', 'NULL', 'NULL', 'NULL', NULL, NULL, 'posted', 'locked', NULL),
('bb14b189-eb5a-49b6-aacf-ae929fa33fde', '92376ab2-fdb3-4498-b423-9f4220934430', 0, 143, 'f9d0b90d-631a-4f45-982c-d8223bd65c0d', NULL, '123', '1', NULL, '120.00', '130.00', 'NULL', 'NULL', 'NULL', NULL, NULL, '', '', NULL),
('bb2f87e3-8310-4058-9cae-f0763dc1e2ff', 'dd107831-21ce-4ce7-9be3-f1ea94be5a98', 146, 135, 'f9d0b90d-631a-4f45-982c-d8223bd65c0d', NULL, 'Paper	Trust Pack Pvt Ltd	SW Enterprise	1589790997403	HBL\r\nSlip # 1230273 From Qamber', '1', '1.00', '0.00', '600000.00', 'NULL', 'NULL', 'NULL', NULL, NULL, 'posted', 'locked', NULL),
('bb801cde-203c-4a16-b21a-456fb0aa9b7e', 'f2d9bc69-5ce9-4827-ad08-6f0a3868a106', 123, 71, 'f9d0b90d-631a-4f45-982c-d8223bd65c0d', NULL, 'Sale Invoice Against invoice: 2021-0011 & D.O: 2021-0010', '1', '1.00', '4730.55', '0.00', 'NULL', 'NULL', 'NULL', NULL, NULL, 'posted', 'locked', NULL),
('bbbbbc3e-7654-4255-99ed-5706670fb7df', '1d235a4f-aa8c-4c6a-ac5a-cec7f8a29417', 61, 71, 'f9d0b90d-631a-4f45-982c-d8223bd65c0d', NULL, 'Sale Invoice Against invoice: 2021-0003 & D.O: 2021-0003', '1', '1.00', '3184.80', '0.00', 'NULL', 'NULL', 'NULL', NULL, NULL, 'posted', 'locked', NULL),
('bc17087d-6227-4dd6-929a-978fa7609070', 'a31bfeb3-bcde-4400-b463-71d91ab9f369', 224, 144, 'f9d0b90d-631a-4f45-982c-d8223bd65c0d', NULL, 'Trust Pack Pvt Ltd	WS Traders	0477001006975016\r\nSlip # 3967664	Hyderabad', '1', '1.00', '0.00', '100000.00', 'NULL', 'NULL', 'NULL', NULL, NULL, 'posted', 'locked', NULL),
('bc51b31f-9a3e-43d9-a2d1-1658779f1121', '860422cd-d3b8-4191-abc3-c2214584df3f', 0, 152, 'f9d0b90d-631a-4f45-982c-d8223bd65c0d', NULL, 'Aiman Foods	Prime Corporation	00027900371055\r\nGhaarho', '1', '1.00', '300000.00', '0.00', 'NULL', 'NULL', 'NULL', NULL, NULL, '', '', NULL),
('bcb8e0cb-2bfd-4e80-9b84-0f32be1bbf6b', 'dfc753fc-9c66-43ae-9097-7ac4a3f79392', 279, 146, 'f9d0b90d-631a-4f45-982c-d8223bd65c0d', NULL, 'Sale Invoice Against invoice: 2021-0014 & D.O: 2021-0015', '1', '1.00', '1066989.00', '0.00', 'a31a8c9c-c3df-47d1-be61-203f3ffa1d70', 'NULL', 'NULL', NULL, NULL, 'posted', 'locked', NULL),
('bcd7b12a-3841-4030-ad30-40e2ad48e9c7', 'b376b442-6dec-4571-92e7-9dc1d1f82033', 0, 71, 'f9d0b90d-631a-4f45-982c-d8223bd65c0d', NULL, 'purchase invoice', '1', '1.00', '100.00', '0.00', 'NULL', 'NULL', 'NULL', NULL, NULL, '', '', NULL),
('bd49dbd1-9782-459b-b3e5-ae5849b8a4b7', 'dcde1fe4-7651-417a-b3df-e2d58025120c', 326, 72, 'f9d0b90d-631a-4f45-982c-d8223bd65c0d', NULL, 'Transaction against grn No: 2021-0021', '1', '1.00', '333808.42', '0.00', 'NULL', 'NULL', 'NULL', NULL, NULL, 'posted', 'locked', NULL),
('bd574b9e-4373-46b7-a5e7-a83ecda48df4', '0b63186f-ca44-4a24-855f-1590cec474d3', 0, 94, 'f9d0b90d-631a-4f45-982c-d8223bd65c0d', NULL, '', '1', '1.00', '70.00', '0.00', 'NULL', 'NULL', 'NULL', NULL, NULL, '', '', NULL),
('bd6fa070-391d-446c-a1af-67fd549029eb', '7bebbd52-95b8-4040-b328-29d84a8af4ad', 0, 67, 'f9d0b90d-631a-4f45-982c-d8223bd65c0d', NULL, 'Sale Invoice Against invoice: 2021-0008 & D.O: 2021-0007', '1', NULL, '12.00', '12.00', 'NULL', 'NULL', 'NULL', NULL, NULL, '', '', NULL),
('bd83c1f1-e960-43bc-9fb0-aae68ab28405', '9bb861f7-f550-43df-9120-347749ef07e7', 0, NULL, 'f9d0b90d-631a-4f45-982c-d8223bd65c0d', NULL, '', '1', '1.00', '0.00', '19065.00', 'NULL', 'NULL', 'NULL', NULL, NULL, '', '', NULL),
('bebc83d3-b381-4352-a4e1-1c9a13ed9f11', '459083ec-3fae-49c3-b1de-157af860c849', 0, 137, 'f9d0b90d-631a-4f45-982c-d8223bd65c0d', NULL, 'eeee', '1', '1.00', '12000.00', '0.00', 'NULL', 'NULL', 'NULL', NULL, NULL, '', '', NULL),
('bee7f047-836b-4a48-805b-7bc20bb5312d', 'fd4ba216-007c-440d-8b5d-a1e681be869c', 312, 72, 'f9d0b90d-631a-4f45-982c-d8223bd65c0d', NULL, 'Transaction against grn No: 2021-0020', '1', '1.00', '735677.04', '0.00', 'NULL', 'NULL', 'NULL', NULL, NULL, 'posted', 'locked', NULL),
('bf0f3a9f-39e3-442b-8dd9-f5378bc7cd68', '3b3353c1-ca4e-4e1f-9688-b9e24066f51e', 237, 249548, 'f9d0b90d-631a-4f45-982c-d8223bd65c0d', NULL, 'Trust Pack Pvt Ltd	WS Traders	04427901635203\r\nSlip # 3156116	Nasirabad', '1', '1.00', '249548.00', '0.00', 'NULL', 'NULL', 'NULL', NULL, NULL, 'posted', 'locked', NULL),
('bfe2e055-876b-452b-a06c-3e254f8ca100', 'e51c8f21-0491-4b6b-83a5-26cd8f7ac83b', 0, 94, 'f9d0b90d-631a-4f45-982c-d8223bd65c0d', NULL, '', '1', '1.00', '1200.00', '0.00', 'NULL', 'NULL', 'NULL', NULL, NULL, '', '', NULL),
('c01c70c9-1997-486c-b648-51cc4d1cd6e0', 'f734f595-823e-455f-873b-adba81b38bb1', 0, 137, 'f9d0b90d-631a-4f45-982c-d8223bd65c0d', NULL, 'Al - Faizan Foods', '1', NULL, '0.00', '333.00', 'NULL', 'NULL', 'NULL', NULL, NULL, '', '', NULL),
('c07f979f-4f85-4582-bfe5-d19b54bafb43', '5cf13425-e3ca-429f-9682-8330a45e0bb3', 88, 71, 'f9d0b90d-631a-4f45-982c-d8223bd65c0d', NULL, 'Sale Invoice Against invoice: 2021-0006 & D.O: 2021-0009', '1', '1.00', '10980.00', '0.00', 'NULL', 'NULL', 'NULL', NULL, NULL, 'posted', 'locked', NULL),
('c12e2690-105f-4c6d-a2c7-6532d641cba3', '6c9458f6-5ed3-4543-ab4a-c034b91b46ca', 0, 134, 'f9d0b90d-631a-4f45-982c-d8223bd65c0d', NULL, 'Aiman Foods Pvt Ltd', '1', '1.00', '0.00', '112.00', 'NULL', 'NULL', 'NULL', NULL, NULL, '', '', NULL),
('c1a473d0-396e-497f-9694-c2c7de6f6964', '20d6f147-8ceb-4d1d-8ffc-79dea774900f', 210, 146, 'f9d0b90d-631a-4f45-982c-d8223bd65c0d', NULL, 'Aiman Foods	Prime Corporation	00027900371055\r\nSlip # NA Khuzdar', '1', '1.00', '0.00', '400000.00', 'NULL', 'NULL', 'NULL', NULL, NULL, 'posted', 'locked', NULL),
('c1feb0ed-d540-4b83-adbb-0bb12701587f', '56fca32e-618d-41eb-b1ec-9678e9d2ed23', 0, 146, 'f9d0b90d-631a-4f45-982c-d8223bd65c0d', NULL, 'Al- Fahad Traders', '1', '1.00', '0.00', '113.00', 'NULL', 'NULL', 'NULL', NULL, NULL, '', '', NULL),
('c22dd9e4-918f-4d27-a67e-6854bc4b451b', '1380f1ac-e58e-4c22-af47-20a68db1bdad', 0, 94, 'f9d0b90d-631a-4f45-982c-d8223bd65c0d', NULL, '', '1', '1.00', '0.00', '340.00', 'NULL', 'NULL', 'NULL', NULL, NULL, '', '', NULL),
('c23afaca-f048-4314-b2f4-d099bd03d1ca', '69c1a1b8-458a-4fb3-8798-766e4a74f742', 0, 67, 'f9d0b90d-631a-4f45-982c-d8223bd65c0d', NULL, '', '1', '1.00', '0.00', '19065.00', '76eb71c8-96d4-4bc8-b6be-976836e2a227', 'NULL', 'NULL', NULL, NULL, '', '', NULL),
('c27c26eb-3f03-42ea-a2ff-564b88632e18', 'ff6000f4-8bbc-4b9e-a37f-1ea19adb865c', 259, 200000, 'f9d0b90d-631a-4f45-982c-d8223bd65c0d', NULL, 'Aiman Foods	Prime Corporation	00027900371055\r\nSlip # 3157046	Nasirabad', '1', '1.00', '200000.00', '0.00', 'NULL', 'NULL', 'NULL', NULL, NULL, 'posted', 'locked', NULL),
('c27f4914-e2cd-4514-ba42-70a6384b6f34', 'de1f971f-16bf-4f5a-95f2-c4f491e3e337', 282, 71, 'f9d0b90d-631a-4f45-982c-d8223bd65c0d', NULL, 'Sale Invoice Against invoice: 2021-0014 & D.O: 2021-0015', '1', '1.00', '5731.00', '0.00', 'a31a8c9c-c3df-47d1-be61-203f3ffa1d70', 'NULL', 'NULL', NULL, NULL, 'posted', 'locked', NULL),
('c4ac9645-fc97-4e26-8702-b59fb716ff2b', '0662bb8e-b45e-43ac-ae98-cb0404be6faf', 255, 100000, 'f9d0b90d-631a-4f45-982c-d8223bd65c0d', NULL, 'Aiman Foods	Prime Corporation	1163777341003928\r\nSlip # 1971588', '1', '1.00', '100000.00', '0.00', 'NULL', 'NULL', 'NULL', NULL, NULL, 'posted', 'locked', NULL),
('c5a7c943-ba17-403d-9a21-b232aea69ac7', '4f797c36-9c2f-46dd-bbd7-73b42ab070e1', 231, 152, 'f9d0b90d-631a-4f45-982c-d8223bd65c0d', NULL, 'Trust Pack Pvt Ltd	WS Traders	0477001006975016\r\nSlip # 3448487	Hyderabad', '1', '1.00', '200000.00', '0.00', 'NULL', 'NULL', 'NULL', NULL, NULL, 'posted', 'locked', NULL),
('c5c162f4-0442-41f0-bf2a-d163faf9af5b', '032d6f6e-b3d3-4b00-a483-73800c027a08', 0, NULL, 'f9d0b90d-631a-4f45-982c-d8223bd65c0d', NULL, NULL, '1', '1.00', '2300.00', '0.00', 'NULL', 'NULL', 'NULL', NULL, NULL, '', '', NULL),
('c5d25aa4-056d-4804-b805-2b92550eca8c', '5cf6b96e-b101-45db-85c2-1590f33decf1', 195, 133, 'f9d0b90d-631a-4f45-982c-d8223bd65c0d', NULL, 'Transaction against grn No: 2021-0017', '1', '1.00', '0.00', '911485.22', 'NULL', 'NULL', 'NULL', NULL, NULL, 'posted', 'locked', NULL),
('c5f62127-1d65-45eb-abc8-48bd7a8c13fd', 'e5bab705-295a-449a-9ef0-4f109b6abe17', 0, 141, 'f9d0b90d-631a-4f45-982c-d8223bd65c0d', NULL, 'purchase invoice', '1', '1.00', '0.00', '1220.00', 'NULL', 'NULL', 'NULL', NULL, NULL, '', '', NULL),
('c773fe05-2528-4d9a-8aa4-2730a7b3ecbc', 'ea0e10e5-612c-40b0-a28c-e8ee8b462b8d', 175, 133, 'f9d0b90d-631a-4f45-982c-d8223bd65c0d', NULL, 'Transaction against grn No: 2021-0014', '1', '1.00', '0.00', '698411.84', 'NULL', 'NULL', 'NULL', NULL, NULL, 'posted', 'locked', NULL),
('c78de0e5-e531-499f-96ed-d9e37ec24622', 'baa1e8d6-7742-4318-b6a6-06648fa8e85a', 310, 72, 'f9d0b90d-631a-4f45-982c-d8223bd65c0d', NULL, 'Transaction against grn No: 2021-0019', '1', '1.00', '368083.04', '0.00', 'NULL', 'NULL', 'NULL', NULL, NULL, 'posted', 'locked', NULL),
('c7f40a6a-2575-473d-9dc5-689adb59b460', 'f4556247-1c87-4e4a-a50b-1318dd85d519', 0, 71, 'f9d0b90d-631a-4f45-982c-d8223bd65c0d', NULL, 'purchase invoice', '1', '1.00', '0.00', '100.00', 'NULL', 'NULL', 'NULL', NULL, NULL, '', '', NULL),
('c807e075-2fdb-4344-8c39-a7e0a80348f4', '27136259-775c-4e93-a9a1-b36b0a4138b3', 0, 139, 'f9d0b90d-631a-4f45-982c-d8223bd65c0d', NULL, 'invoice generated invoice number=2021-0046', '1', '1.00', '4200.00', '0.00', 'aa8ed33f-a714-40d2-8c70-0f3459815a76', 'NULL', NULL, NULL, NULL, '', '', NULL),
('c819c412-2b50-4414-9478-e0a662ba8691', '1d235a4f-aa8c-4c6a-ac5a-cec7f8a29417', 65, 71, 'f9d0b90d-631a-4f45-982c-d8223bd65c0d', NULL, 'Sale Invoice Against invoice: 2021-0003 & D.O: 2021-0003', '1', '1.00', '14158.50', '0.00', 'NULL', 'NULL', 'NULL', NULL, NULL, 'posted', 'locked', NULL),
('c822f59f-db37-473a-a214-4a3a0a705e7a', '5c0b1f62-4ad5-48d3-9461-833030c26a8d', 0, 152, 'f9d0b90d-631a-4f45-982c-d8223bd65c0d', NULL, '', 'USD', '1.00', '2300.23', '0.00', 'NULL', 'NULL', 'NULL', NULL, NULL, '', '', NULL),
('c8d0781d-7cbd-4af0-b94c-979e8e8b7fcd', 'd21dfba4-0c36-41b7-bf0b-b22aa6d88b3e', 0, 139, 'f9d0b90d-631a-4f45-982c-d8223bd65c0d', NULL, 'Sale Invoice Against invoice: 2021-0008 & D.O: 2021-0007', '1', NULL, '169541.78', '0.00', 'NULL', 'NULL', 'NULL', NULL, NULL, '', '', NULL),
('c8da98c0-68dc-42db-a2e4-c647507ec771', 'fafe6ebb-7f59-4b57-a901-4c1d16c62141', 0, 106, 'f9d0b90d-631a-4f45-982c-d8223bd65c0d', NULL, '', '1', '1.00', '1200.00', '0.00', 'NULL', 'NULL', 'NULL', NULL, NULL, '', '', NULL),
('c8dd4fea-226c-4f50-8a87-fb75f4bd7480', '8ab1b3a0-57f1-4d6e-abd2-bf60386ffff8', 40, 71, 'f9d0b90d-631a-4f45-982c-d8223bd65c0d', NULL, 'Sale Invoice Against invoice: 2021-0001 & D.O: 2021-0001', '1', '1.00', '35875.00', '0.00', 'NULL', 'NULL', 'NULL', NULL, NULL, 'posted', 'locked', NULL),
('c97fe090-db91-408a-95f6-30d76ce8edb3', '1bda0fb3-cdf3-4d85-9009-309cb305da84', 0, 67, 'f9d0b90d-631a-4f45-982c-d8223bd65c0d', NULL, '', '1', '1.00', '0.00', '19065.00', 'e0dbe54f-1a5b-4430-a489-1193508daebf', 'NULL', 'NULL', NULL, NULL, '', '', NULL),
('c9cdc668-24fc-472b-bfbe-3b617b12d36b', '0c2fef18-e2b4-4b15-9db4-93a7b76eabd3', 190, 72, 'f9d0b90d-631a-4f45-982c-d8223bd65c0d', NULL, 'Transaction against grn No: 2021-0017', '1', '1.00', '948985.22', '0.00', 'NULL', 'NULL', 'NULL', NULL, NULL, 'posted', 'locked', NULL),
('c9e374c6-078f-4bf3-bbff-bf817e01924c', 'db631c4b-faa4-4487-be17-2bf3bc9f6532', 0, 147, 'f9d0b90d-631a-4f45-982c-d8223bd65c0d', NULL, 'invoice generated invoice number=2021-0032', '1', '1.00', '2100.00', '0.00', 'ba068877-023b-4b43-8e9d-d1b829eb5b55', 'NULL', NULL, NULL, NULL, '', '', NULL),
('ca1d3c31-c3c2-49b0-bf7a-1f832c129a84', '2f633bb1-0717-49eb-9c96-7c0840c5108f', 0, 137, 'f9d0b90d-631a-4f45-982c-d8223bd65c0d', NULL, '', '1', '1.00', '19065.00', '0.00', '8d36af65-a449-4ed6-af6b-76583911afd5', 'NULL', 'NULL', NULL, NULL, '', '', NULL),
('ca5ba0d0-e9d5-4179-b26f-2ae5238139cf', 'ed3e0ce6-2bb8-4341-ab3f-367d484b1970', 0, 139, 'f9d0b90d-631a-4f45-982c-d8223bd65c0d', NULL, 'Sale Invoice Against invoice: 2021-0008 & D.O: 2021-0007', '1', NULL, '169541.78', '0.00', 'NULL', 'NULL', 'NULL', NULL, NULL, '', '', NULL),
('cabbfe96-3875-40aa-94e8-40ffd44903ad', '5cf13425-e3ca-429f-9682-8330a45e0bb3', 86, 71, 'f9d0b90d-631a-4f45-982c-d8223bd65c0d', NULL, 'Sale Invoice Against invoice: 2021-0006 & D.O: 2021-0009', '1', '1.00', '9150.00', '0.00', 'NULL', 'NULL', 'NULL', NULL, NULL, 'posted', 'locked', NULL),
('ccd2539b-b477-4a4c-9e42-e2edf9e46c57', '8aecceb0-3b94-4a1a-811d-a30a110f390a', 0, 143, 'f9d0b90d-631a-4f45-982c-d8223bd65c0d', NULL, '333', '1', '1.00', '1200.00', '0.00', 'NULL', 'NULL', 'NULL', NULL, NULL, '', '', NULL),
('cce4b16f-9e3c-47d1-8a01-5857461706fe', '6c25aaa8-c582-412b-aa5b-0c2ec79c774d', 0, 71, 'f9d0b90d-631a-4f45-982c-d8223bd65c0d', NULL, '', '1', '1.00', '102.50', '0.00', 'cf5fdecd-c6f5-4528-9354-bd397229bf8b', 'NULL', 'NULL', NULL, NULL, '', '', NULL),
('ce0fba6f-aca1-4e3a-9452-39b547d3aa1a', 'e5bab705-295a-449a-9ef0-4f109b6abe17', 0, 71, 'f9d0b90d-631a-4f45-982c-d8223bd65c0d', NULL, 'purchase invoice', '1', '1.00', '0.00', '30.00', 'NULL', 'NULL', 'NULL', NULL, NULL, '', '', NULL),
('ce31bdb8-25d3-4719-9119-7666a0ce6eeb', '310b7fab-8e60-4524-b9e7-ce765fb23159', 0, 147, 'f9d0b90d-631a-4f45-982c-d8223bd65c0d', NULL, 'today1', '1', '1.00', '0.00', '22110.00', 'NULL', 'NULL', 'NULL', NULL, NULL, '', '', NULL),
('cfb210d2-bd85-4a10-8715-ccb304fc7e0a', '2797fc28-b759-48ff-ada4-eb6ec121419c', 84, 67, 'f9d0b90d-631a-4f45-982c-d8223bd65c0d', NULL, 'Sale Invoice Against invoice: 2021-0006 & D.O: 2021-0009', '1', '1.00', '0.00', '300930.00', 'NULL', 'NULL', 'NULL', NULL, NULL, 'posted', 'locked', NULL),
('cfd457a4-d9d7-4991-9126-e159f6096300', 'b8e3dc9b-7cca-46b5-93a5-f4af945c4216', 107, 71, 'f9d0b90d-631a-4f45-982c-d8223bd65c0d', NULL, 'Sale Invoice Against invoice: 2021-0009 & D.O: 2021-0006', '1', '1.00', '23445.00', '0.00', 'NULL', 'NULL', 'NULL', NULL, NULL, 'posted', 'locked', NULL),
('d0c15698-c0d1-4e06-88c8-546fc5fc2a4a', '86e0163f-89a7-417b-b737-34c089a91821', 303, 21, 'f9d0b90d-631a-4f45-982c-d8223bd65c0d', NULL, 'GIN-WIP Against: 2021-0004', '1', '1.00', '0.00', '1472538.20', 'NULL', 'NULL', 'NULL', NULL, NULL, 'posted', 'locked', NULL),
('d0f7dc4f-c26c-4dfc-859c-2e7fa0a0b2d4', '96925b9f-b31c-481b-ac89-2626b27d23a1', 271, 72, 'f9d0b90d-631a-4f45-982c-d8223bd65c0d', NULL, 'Sale Invoice Against invoice: 2021-0012 & D.O: 2021-0013', '1', '1.00', '0.00', '1067476.00', '4a35af77-75dd-407d-837f-a57bb89f0eaa', 'NULL', 'NULL', NULL, NULL, 'posted', 'locked', NULL),
('d110e83b-9f0b-46c0-a0e3-0246727dac1c', 'ad4427a1-9319-4547-ac3c-88c7c65bb94c', 0, 71, 'f9d0b90d-631a-4f45-982c-d8223bd65c0d', NULL, 'purchase invoice', '1', '1.00', '367.50', '0.00', 'NULL', 'NULL', 'NULL', NULL, NULL, '', '', NULL),
('d1601cc5-50a3-4378-b7b9-2cc558ac899e', 'ff6000f4-8bbc-4b9e-a37f-1ea19adb865c', 258, 135, 'f9d0b90d-631a-4f45-982c-d8223bd65c0d', NULL, 'Aiman Foods	Prime Corporation	00027900371055\r\nSlip # 3157046	Nasirabad', '1', '1.00', '0.00', '200000.00', 'NULL', 'NULL', 'NULL', NULL, NULL, 'posted', 'locked', NULL),
('d1a481d6-00e0-46c3-99d8-63757a6f9c2a', 'cf39f4f0-0196-445d-a472-c06d020aa821', 0, 94, 'f9d0b90d-631a-4f45-982c-d8223bd65c0d', NULL, '', 'USD', '1.00', '1200.00', '0.00', 'NULL', 'NULL', 'NULL', NULL, NULL, '', '', NULL),
('d1f43277-e8fb-467c-a1f5-6073ca22a997', 'b5720bb5-fc80-477b-9de0-3c12b5baa89e', 277, 71, 'f9d0b90d-631a-4f45-982c-d8223bd65c0d', NULL, 'Sale Invoice Against invoice: 2021-0013 & D.O: 2021-0014', '1', '1.00', '39168.60', '0.00', '6c8e1a07-7d76-469e-a4bc-6fce08289ffc', 'NULL', 'NULL', NULL, NULL, 'posted', 'locked', NULL),
('d2b2dd5c-f98b-4adf-b809-9b8dec880621', '39ff3781-a3f0-46cd-9af4-a58535215002', 0, 71, 'f9d0b90d-631a-4f45-982c-d8223bd65c0d', NULL, 'purchase invoice', '1', '1.00', '150.00', '0.00', 'NULL', 'NULL', 'NULL', NULL, NULL, '', '', NULL),
('d2de92b7-b6b0-414f-bf79-5c020a260462', 'a282101a-5339-4134-90a2-503a32816cd3', 0, 95, 'f9d0b90d-631a-4f45-982c-d8223bd65c0d', NULL, '', '1', '1.00', '0.00', '1300.00', 'NULL', 'NULL', 'NULL', NULL, NULL, '', '', NULL),
('d30297ed-ae54-4ac0-94d7-af9e642416f9', '86e0163f-89a7-417b-b737-34c089a91821', 302, 133, 'f9d0b90d-631a-4f45-982c-d8223bd65c0d', NULL, 'GIN-WIP Against: 2021-0004', '1', '1.00', '1472538.20', '0.00', 'NULL', 'NULL', 'NULL', NULL, NULL, 'posted', 'locked', NULL),
('d319c576-83b8-4d07-86bf-9766e5361f63', 'd9901c51-38ac-4595-b365-498480b1b655', 53, 71, 'f9d0b90d-631a-4f45-982c-d8223bd65c0d', NULL, 'Sale Invoice Against invoice: 2021-0002 & D.O: 2021-0002', '1', '1.00', '13079.00', '0.00', 'NULL', 'NULL', 'NULL', NULL, NULL, 'posted', 'locked', NULL),
('d3f6f4f1-2266-4c34-b708-f6158d84e189', 'c9a06366-22ed-4d01-8ba6-1c9debd9ef9c', 209, 50000, 'f9d0b90d-631a-4f45-982c-d8223bd65c0d', NULL, 'Publico Printers	Kamran Afzal	55150115000013010\r\nSlip # 256894	Ratodero', '1', '1.00', '50000.00', '0.00', 'NULL', 'NULL', 'NULL', NULL, NULL, 'posted', 'locked', NULL),
('d4418f91-bf83-4a64-9ac5-1b2940b22801', '1927dd5c-4cce-4fc7-941d-32e2f44fbc1b', 96, 72, 'f9d0b90d-631a-4f45-982c-d8223bd65c0d', NULL, 'Sale Invoice Against invoice: 2021-0007 & D.O: 2021-0011', '1', '1.00', '0.00', '221796.00', 'NULL', 'NULL', 'NULL', NULL, NULL, 'posted', 'locked', NULL),
('d45ebdb5-9198-4d82-880f-7a4342556531', 'd21dfba4-0c36-41b7-bf0b-b22aa6d88b3e', 0, 67, 'f9d0b90d-631a-4f45-982c-d8223bd65c0d', NULL, 'Sale Invoice Against invoice: 2021-0008 & D.O: 2021-0007', '1', NULL, '0.00', '169541.78', 'NULL', 'NULL', 'NULL', NULL, NULL, '', '', NULL),
('d4743741-f2f2-4b25-9440-11de9efd4db9', '6dda689e-4205-4178-a1f0-bbac1620f22f', 320, 72, 'f9d0b90d-631a-4f45-982c-d8223bd65c0d', NULL, 'Transaction against grn No: 2021-0021', '1', '1.00', '385615.52', '0.00', 'NULL', 'NULL', 'NULL', NULL, NULL, 'posted', 'locked', NULL),
('d480ce95-a9c1-4b12-9659-18e39a72d6c2', '4b399706-cc5f-4240-bdcb-8f7be34b43f1', 304, 72, 'f9d0b90d-631a-4f45-982c-d8223bd65c0d', NULL, 'Transaction against grn No: 2021-0018', '1', '1.00', '603583.57', '0.00', 'NULL', 'NULL', 'NULL', NULL, NULL, 'posted', 'locked', NULL),
('d495e39b-b5e5-47b8-bd38-a375e71760ce', '7277d977-c80d-4f01-918f-21cab2731b51', 0, 139, 'f9d0b90d-631a-4f45-982c-d8223bd65c0d', NULL, 'invoice generated invoice number=2021-0051', '1', '1.00', '4200.00', '0.00', '7a2dd622-1f4f-4a9b-9a9e-0bd7a479bcf3', 'NULL', NULL, NULL, NULL, '', '', NULL),
('d497eeca-a47b-4a88-a024-5ab5e20eb73f', '1b044934-bd9f-410f-add5-f46188d1028a', 105, 67, 'f9d0b90d-631a-4f45-982c-d8223bd65c0d', NULL, 'Sale Invoice Against invoice: 2021-0009 & D.O: 2021-0006', '1', '1.00', '0.00', '846000.00', 'NULL', 'NULL', 'NULL', NULL, NULL, 'posted', 'locked', NULL),
('d554c8d6-368d-4029-b7a8-f5042b64712e', '1db07d3c-bc66-42ec-b01f-6eef353b9554', 0, 106, 'f9d0b90d-631a-4f45-982c-d8223bd65c0d', NULL, '', 'USD', '1.00', '345.00', '0.00', 'NULL', 'NULL', 'NULL', NULL, NULL, '', '', NULL),
('d5610d45-f19e-414d-9258-b83ba338fc2b', 'd76d7fcd-6167-4cd3-a63a-be60345d6917', 0, 94, 'f9d0b90d-631a-4f45-982c-d8223bd65c0d', NULL, 'ddddd', '1', '1.00', '12220.00', '0.00', 'NULL', 'NULL', 'NULL', NULL, NULL, '', '', NULL),
('d5d98424-991d-4134-a021-39c37cc88c6b', 'c6d2e91d-dabf-479b-99d1-24ac2796f256', 307, 133, 'f9d0b90d-631a-4f45-982c-d8223bd65c0d', NULL, 'Transaction against grn No: 2021-0018', '1', '1.00', '0.00', '607697.09', 'NULL', 'NULL', 'NULL', NULL, NULL, 'posted', 'locked', NULL),
('d62247f6-3ecc-409a-a389-192e11f8413b', 'd6949cad-f64c-46b0-84ab-e03ab54c04bf', 0, 67, 'f9d0b90d-631a-4f45-982c-d8223bd65c0d', NULL, 'Sale Invoice Against invoice: 2021-0008 & D.O: 2021-0007', '1', '1.00', '0.00', '169541.78', 'NULL', 'NULL', 'NULL', NULL, NULL, '', '', NULL),
('d6aa9296-41bc-435a-aaa2-8c12e5853abb', '54293155-dc59-4e8d-b649-ef687a9dc158', 68, 67, 'f9d0b90d-631a-4f45-982c-d8223bd65c0d', NULL, 'Sale Invoice Against invoice: 2021-0004 & D.O: 2021-0004', '1', '1.00', '0.00', '1146349.19', 'NULL', 'NULL', 'NULL', NULL, NULL, 'posted', 'locked', NULL),
('d70d72d8-f97b-414a-aa41-f40c3ca802a9', '1927dd5c-4cce-4fc7-941d-32e2f44fbc1b', 93, 71, 'f9d0b90d-631a-4f45-982c-d8223bd65c0d', NULL, 'Sale Invoice Against invoice: 2021-0007 & D.O: 2021-0011', '1', '1.00', '2217.96', '0.00', 'NULL', 'NULL', 'NULL', NULL, NULL, 'posted', 'locked', NULL),
('d770ed88-11ab-412f-bbc8-7e91d405f052', '730f9cba-87ce-4824-8cdf-a648a018939d', 243, 152, 'f9d0b90d-631a-4f45-982c-d8223bd65c0d', NULL, 'Trust Pack Pvt Ltd	WS Traders	0477001006975016\r\nSlip # Trx 210810120573014	Hyderabad', '1', '1.00', '70000.00', '0.00', 'NULL', 'NULL', 'NULL', NULL, NULL, 'posted', 'locked', NULL),
('d7bc85b3-a56a-45b8-8921-f940a0c2d139', '9bd9fdf0-4772-4ab4-aefd-da97f1b2b2ba', 168, 72, 'f9d0b90d-631a-4f45-982c-d8223bd65c0d', NULL, 'Transaction against grn No: 2021-0013', '1', '1.00', '202966.21', '0.00', 'NULL', 'NULL', 'NULL', NULL, NULL, 'posted', 'locked', NULL),
('d7ef2cab-4935-4e83-89db-e519fa18531b', '2ee0c56e-bc0f-4f83-8059-c94e1131f0fb', 0, 143, 'f9d0b90d-631a-4f45-982c-d8223bd65c0d', NULL, 'Aimen Foods (Raw Material)', 'USD', '1.00', '120.00', '120.00', 'NULL', 'NULL', 'NULL', NULL, NULL, '', '', NULL),
('d965f544-1224-4956-82e5-9605625f3bd0', 'd6949cad-f64c-46b0-84ab-e03ab54c04bf', 0, 139, 'f9d0b90d-631a-4f45-982c-d8223bd65c0d', NULL, 'Sale Invoice Against invoice: 2021-0008 & D.O: 2021-0007', '1', '1.00', '169541.78', '0.00', 'NULL', 'NULL', 'NULL', NULL, NULL, '', '', NULL),
('da1552d7-e10c-4694-b472-a0acfa3d4877', '5cf13425-e3ca-429f-9682-8330a45e0bb3', 89, 71, 'f9d0b90d-631a-4f45-982c-d8223bd65c0d', NULL, 'Sale Invoice Against invoice: 2021-0006 & D.O: 2021-0009', '1', '1.00', '39450.00', '0.00', 'NULL', 'NULL', 'NULL', NULL, NULL, 'posted', 'locked', NULL),
('da6f2711-9cae-4a7a-b8f1-c05fbd0a2946', '3942402b-2fc0-49eb-a0ba-865ade778c4a', 0, 139, 'f9d0b90d-631a-4f45-982c-d8223bd65c0d', NULL, 'Sale Invoice Against invoice: 2021-0008 & D.O: 2021-0007', '1', '1.00', '1692541.78', '0.00', 'NULL', 'NULL', 'NULL', NULL, NULL, '', '', NULL),
('db798fa5-0b17-4c00-a965-991ce0ac7463', '9ade7eae-9704-4558-b3bc-0bbd6360ec1d', 0, 154, 'f9d0b90d-631a-4f45-982c-d8223bd65c0d', NULL, 'invoice generated invoice number=2021-0055', '1', '1.00', '1050.00', '0.00', 'b923f553-e4d1-4d71-b47e-dde443948bdf', 'NULL', NULL, NULL, NULL, '', '', NULL),
('dd323860-6c32-4fbf-82de-bcb2cff79b99', '85521da1-4693-4b03-bb69-e229b2a32e24', 0, 67, 'f9d0b90d-631a-4f45-982c-d8223bd65c0d', NULL, 'Sale Invoice Against invoice: 2021-0008 & D.O: 2021-0007', '1', '1.00', '115.00', '112.00', 'NULL', 'NULL', 'NULL', NULL, NULL, '', '', NULL),
('dd5cc0e2-dc7a-4239-a20c-5914cb271173', 'b5720bb5-fc80-477b-9de0-3c12b5baa89e', 275, 71, 'f9d0b90d-631a-4f45-982c-d8223bd65c0d', NULL, 'Sale Invoice Against invoice: 2021-0013 & D.O: 2021-0014', '1', '1.00', '1775.10', '0.00', '6c8e1a07-7d76-469e-a4bc-6fce08289ffc', 'NULL', 'NULL', NULL, NULL, 'posted', 'locked', NULL),
('ddf9df90-32b9-4a5d-8197-31831a615edd', '43d2fba7-eea7-488b-96ce-11896e768150', 0, 137, 'f9d0b90d-631a-4f45-982c-d8223bd65c0d', NULL, '', '1', '1.00', '19065.00', '0.00', '35d79ede-377f-4694-9174-9a9dc2af1bfc', 'NULL', 'NULL', NULL, NULL, '', '', NULL),
('de0ba000-e883-4c37-b093-8dd6bce28ad4', 'cdf42bf8-3d6a-4621-92e7-bc411063fb57', 0, 55, 'f9d0b90d-631a-4f45-982c-d8223bd65c0d', NULL, '', '1', '1.00', '19065.00', '0.00', 'NULL', 'NULL', 'NULL', NULL, NULL, '', '', NULL),
('de13fbc7-1ddf-4bbe-a014-83f71818640d', '988602a0-4538-4327-ac0a-d9a1b944621e', 0, 149, 'f9d0b90d-631a-4f45-982c-d8223bd65c0d', NULL, 'Aiman Foods	Prime Corporation	00027900371055\r\nMobile Banking', '1', '1.00', '0.00', '190000.00', 'NULL', 'NULL', 'NULL', NULL, NULL, '', '', NULL),
('de1dba57-d63a-46ea-83c0-a89da9cd7b9b', '8ed66ecc-14c1-4965-a0bc-5682f01e830b', 0, 67, 'f9d0b90d-631a-4f45-982c-d8223bd65c0d', NULL, 'Sale Invoice Against invoice: 2021-0008 & D.O: 2021-0007', '1', '1.00', '114.00', '114.00', 'NULL', 'NULL', 'NULL', NULL, NULL, '', '', NULL),
('de6f5620-75e2-4e8f-be3f-dd602819eb90', '18e86b12-0586-49b4-b74d-1c67c8cc3804', 103, 72, 'f9d0b90d-631a-4f45-982c-d8223bd65c0d', NULL, 'Sale Invoice Against invoice: 2021-0008 & D.O: 2021-0007', '1', '1.00', '0.00', '182871.00', 'NULL', 'NULL', 'NULL', NULL, NULL, 'posted', 'locked', NULL),
('deca43ed-0f5b-4857-a099-341e54293361', '9db34177-efbb-4dcb-a075-a83cbc53817a', 117, 71, 'f9d0b90d-631a-4f45-982c-d8223bd65c0d', NULL, 'Sale Invoice Against invoice: 2021-0010 & D.O: 2021-0012', '1', '1.00', '10980.00', '0.00', 'NULL', 'NULL', 'NULL', NULL, NULL, 'posted', 'locked', NULL),
('dfcfe85e-594d-4d8f-a3a6-a240e245b855', '2a16cefa-1041-41ce-ae92-9d155a218714', 0, 134, 'f9d0b90d-631a-4f45-982c-d8223bd65c0d', NULL, '123', '1', '1.00', '0.00', '250.00', 'NULL', 'NULL', 'NULL', NULL, NULL, '', '', NULL),
('e00f65a5-cd85-497b-954e-1ad8a6caa78e', '44f8bfc4-8f32-4876-b59f-595bf02a8dde', 308, 72, 'f9d0b90d-631a-4f45-982c-d8223bd65c0d', NULL, 'Transaction against grn No: 2021-0018', '1', '1.00', '608116.91', '0.00', 'NULL', 'NULL', 'NULL', NULL, NULL, 'posted', 'locked', NULL),
('e07d5ed5-02c5-4413-bcdb-0c92e488cad9', 'f2d9bc69-5ce9-4827-ad08-6f0a3868a106', 127, 72, 'f9d0b90d-631a-4f45-982c-d8223bd65c0d', NULL, 'Sale Invoice Against invoice: 2021-0011 & D.O: 2021-0010', '1', '1.00', '0.00', '189222.00', 'NULL', 'NULL', 'NULL', NULL, NULL, 'posted', 'locked', NULL),
('e0bd58c9-4813-48ca-8f7f-01721615f0a3', '392a8a2f-5107-42d2-b724-0ef7afe9f565', 76, 67, 'f9d0b90d-631a-4f45-982c-d8223bd65c0d', NULL, 'Sale Invoice Against invoice: 2021-0005 & D.O: 2021-0005', '1', '1.00', '0.00', '846000.00', 'NULL', 'NULL', 'NULL', NULL, NULL, 'posted', 'locked', NULL),
('e151205f-02ae-45d5-8eda-d06c251a30d9', 'a8727da8-c138-4916-be1c-c97dc71f3006', 239, 180000, 'f9d0b90d-631a-4f45-982c-d8223bd65c0d', NULL, 'Trust Pack Pvt Ltd	WS Traders	04427901635203\r\nSlip # 296737', '1', '1.00', '180000.00', '0.00', 'NULL', 'NULL', 'NULL', NULL, NULL, 'posted', 'locked', NULL),
('e1522977-01b5-4e57-9814-5062eba635f9', '38df611e-da64-46c8-95cc-d1b45bb119fc', 214, 144, 'f9d0b90d-631a-4f45-982c-d8223bd65c0d', NULL, 'Trust Pack Pvt Ltd	WS Traders	0477001006975016\r\nSLIP #3470227', '1', '1.00', '0.00', '450000.00', 'NULL', 'NULL', 'NULL', NULL, NULL, 'posted', 'locked', NULL),
('e15f2652-dc19-4be0-8bf0-b5fdcd5b7cd0', '41bab837-9837-4a65-9146-0e1317661ffd', 0, 137, 'f9d0b90d-631a-4f45-982c-d8223bd65c0d', NULL, 'today3', '1', '1.00', '0.00', '2211.00', 'NULL', 'NULL', 'NULL', NULL, NULL, '', '', NULL),
('e1690496-9d03-4a8b-a50d-eec694ce234a', 'b2e82695-7b52-43a5-b332-4e7ac37d3271', 0, 95, 'f9d0b90d-631a-4f45-982c-d8223bd65c0d', NULL, '', 'USD', '1.00', '0.00', '1230.00', 'NULL', 'NULL', 'NULL', NULL, NULL, '', '', NULL),
('e1f48bbe-f74e-4fbd-a0d8-23fe1e998124', 'c6fee857-e515-4cac-a61f-1e50c121125f', 0, 55, 'f9d0b90d-631a-4f45-982c-d8223bd65c0d', NULL, '', '1', '1.00', '19065.00', '0.00', 'NULL', 'NULL', 'NULL', NULL, NULL, '', '', NULL),
('e2a77a49-c316-4e6a-926d-ca38fcb356fd', 'dd9c1fd2-9736-4e0a-9011-b73558cb5918', 0, 67, 'f9d0b90d-631a-4f45-982c-d8223bd65c0d', NULL, '', '1', '1.00', '0.00', '19065.00', '3ef31a1d-2e76-442a-8a88-558c0d53c7ad', 'NULL', 'NULL', NULL, NULL, '', '', NULL),
('e324f78b-92a6-4543-b600-d4adfef1a5e7', 'd754f158-54f6-4968-b9bf-e0976fac7919', 0, 106, 'f9d0b90d-631a-4f45-982c-d8223bd65c0d', NULL, '', '1', '1.00', '0.00', '1200.00', 'NULL', 'NULL', 'NULL', NULL, NULL, '', '', NULL),
('e3d5a3fc-e117-449b-95ef-e6d94fef3e1e', 'e5bab705-295a-449a-9ef0-4f109b6abe17', 0, 21, 'f9d0b90d-631a-4f45-982c-d8223bd65c0d', NULL, 'Purchase invoice', '1', '1.00', '1000.00', '0.00', 'NULL', 'NULL', 'NULL', NULL, NULL, '', '', NULL),
('e41567a5-e526-4700-8fcd-2375dbbe0835', '6c25aaa8-c582-412b-aa5b-0c2ec79c774d', 0, 71, 'f9d0b90d-631a-4f45-982c-d8223bd65c0d', NULL, '', '1', '1.00', '256.25', '0.00', 'cf5fdecd-c6f5-4528-9354-bd397229bf8b', 'NULL', 'NULL', NULL, NULL, '', '', NULL),
('e456f573-77a5-4057-a6c6-34405bd05c52', 'a68a783a-4a8d-4ae3-b465-60dd637c726c', 0, 137, 'f9d0b90d-631a-4f45-982c-d8223bd65c0d', NULL, 'dddd', '1', '1.00', '34.00', '0.00', 'NULL', 'NULL', 'NULL', NULL, NULL, '', '', NULL),
('e45b75cb-4b62-43a6-84db-0ff211275cea', 'cec8a2f3-ee14-4c37-8020-34ce46d54bef', 0, NULL, 'f9d0b90d-631a-4f45-982c-d8223bd65c0d', NULL, '', '1', '1.00', '0.00', '19065.00', 'NULL', 'NULL', 'NULL', NULL, NULL, '', '', NULL),
('e482781a-5ce3-4b2c-9c38-6000d8545e52', 'd754f158-54f6-4968-b9bf-e0976fac7919', 0, 146, 'f9d0b90d-631a-4f45-982c-d8223bd65c0d', NULL, 'aaa', '1', '1.00', '1200.00', '0.00', 'NULL', 'NULL', 'NULL', NULL, NULL, '', '', NULL),
('e49c49cb-76d0-4832-b24a-5859df70fd2a', '9d8b9346-8c0a-47e4-ab75-2413ad440cad', 69, 71, 'f9d0b90d-631a-4f45-982c-d8223bd65c0d', NULL, 'Sale Invoice Against invoice: 2021-0004 & D.O: 2021-0004', '1', '1.00', '13042.78', '0.00', 'NULL', 'NULL', 'NULL', NULL, NULL, 'posted', 'locked', NULL),
('e5683a75-1c0c-47e8-80ad-0fe802fcb95f', '1897189e-43ac-42bc-ae2b-540b372b379f', 0, 143, 'f9d0b90d-631a-4f45-982c-d8223bd65c0d', NULL, NULL, '1', '1.00', '120.00', '130.00', 'NULL', 'NULL', 'NULL', NULL, NULL, '', '', NULL),
('e75b1561-f895-4159-a632-e0a804715e90', '7bebbd52-95b8-4040-b328-29d84a8af4ad', 0, 139, 'f9d0b90d-631a-4f45-982c-d8223bd65c0d', NULL, 'Sale Invoice Against invoice: 2021-0008 & D.O: 2021-0007', '1', '1.00', '12.00', '12.00', 'NULL', 'NULL', 'NULL', NULL, NULL, '', '', NULL),
('e7a24ee4-9a06-4e08-b593-09f55e808b89', 'fd4ba216-007c-440d-8b5d-a1e681be869c', 313, 133, 'f9d0b90d-631a-4f45-982c-d8223bd65c0d', NULL, 'Transaction against grn No: 2021-0020', '1', '1.00', '0.00', '735677.04', 'NULL', 'NULL', 'NULL', NULL, NULL, 'posted', 'locked', NULL),
('e87adb76-2d51-460e-9ba6-f73d4e3ad18c', 'b5720bb5-fc80-477b-9de0-3c12b5baa89e', 274, 71, 'f9d0b90d-631a-4f45-982c-d8223bd65c0d', NULL, 'Sale Invoice Against invoice: 2021-0013 & D.O: 2021-0014', '1', '1.00', '3550.20', '0.00', '6c8e1a07-7d76-469e-a4bc-6fce08289ffc', 'NULL', 'NULL', NULL, NULL, 'posted', 'locked', NULL),
('e891c98b-7be6-47ed-9291-5ce98f744bfe', '9d8b9346-8c0a-47e4-ab75-2413ad440cad', 72, 71, 'f9d0b90d-631a-4f45-982c-d8223bd65c0d', NULL, 'Sale Invoice Against invoice: 2021-0004 & D.O: 2021-0004', '1', '1.00', '39128.34', '0.00', 'NULL', 'NULL', 'NULL', NULL, NULL, 'posted', 'locked', NULL),
('e8d7b0c4-29db-4bfd-80a0-d4ed7c04c8c3', '18e86b12-0586-49b4-b74d-1c67c8cc3804', 102, 71, 'f9d0b90d-631a-4f45-982c-d8223bd65c0d', NULL, 'Sale Invoice Against invoice: 2021-0008 & D.O: 2021-0007', '1', '1.00', '5100.03', '0.00', 'NULL', 'NULL', 'NULL', NULL, NULL, 'posted', 'locked', NULL),
('e9d06026-4093-4e38-b386-3ddec5117e77', '6c171419-93e6-4815-b3d6-af5cebab93f6', 0, 135, 'f9d0b90d-631a-4f45-982c-d8223bd65c0d', NULL, 'Aiman Foods	Prime Corporation	00027900371055\r\nSlip # 1372228', '1', '1.00', '0.00', '200000.00', 'NULL', 'NULL', 'NULL', NULL, NULL, '', '', NULL),
('ea7dcbcb-a3b7-4a6e-9d97-5da5340c3d94', 'a90800be-6193-4903-afab-1833aaaf7e75', 0, 139, 'f9d0b90d-631a-4f45-982c-d8223bd65c0d', NULL, 'Sale Invoice Against invoice: 2021-0008 & D.O: 2021-0007', '1', '1.00', '1639541.78', '0.00', 'NULL', 'NULL', 'NULL', NULL, NULL, '', '', NULL),
('ea8c0de8-7f1c-4a72-8c28-47c7aa710485', '1f3c08d9-7213-4bb3-a5d8-5438530c62cf', 0, 152, 'f9d0b90d-631a-4f45-982c-d8223bd65c0d', NULL, '', '1', '1.00', '0.00', '11200.00', 'NULL', 'NULL', 'NULL', NULL, NULL, '', '', NULL),
('ea9ffa59-cc81-45e4-81b9-bbd71ef869f7', '6e3dff28-d518-44da-b936-e5ace5e3ca84', 227, 100000, 'f9d0b90d-631a-4f45-982c-d8223bd65c0d', NULL, 'Publico Printers	Kamran Afzal	55150115000013010\r\nSlip # 7781775', '1', '1.00', '100000.00', '0.00', 'NULL', 'NULL', 'NULL', NULL, NULL, 'posted', 'locked', NULL);
INSERT INTO `fs_transdetails` (`id`, `trm_id`, `number`, `coa_id`, `company_id`, `branch_id`, `description`, `cur_id`, `cur_rate`, `debit`, `credit`, `recv_invoice_id`, `pay_invoice_id`, `cost_center_id`, `bank_status`, `bank_reconcile`, `status`, `lock_status`, `delete`) VALUES
('ead5bed9-c82d-4275-b4a9-676c3f52a04e', '99d91ebc-a0ed-443b-aed5-44e35123023d', 288, 71, 'f9d0b90d-631a-4f45-982c-d8223bd65c0d', NULL, 'Sale Invoice Against invoice: 2021-0015 & D.O: 2021-0016', '1', '1.00', '2605.00', '0.00', '23cbf475-47ef-44c2-8b83-b5c82b89c0ba', 'NULL', 'NULL', NULL, NULL, 'posted', 'locked', NULL),
('eae5b9e3-a0ea-4ab6-9ad7-8564f33e7af9', 'f193c672-24f7-4219-a891-887104893291', 0, 139, 'f9d0b90d-631a-4f45-982c-d8223bd65c0d', NULL, 'invoice generated invoice number=2021-0052', '1', '1.00', '4200.00', '0.00', '5af10b22-1f35-4a47-a689-cca6556f4560', 'NULL', NULL, NULL, NULL, '', '', NULL),
('ec83ac71-3ecd-4c1a-9520-f7f8994e28dd', 'a5192442-4782-4366-b899-ae9876cb5fbe', 141, 100000, 'f9d0b90d-631a-4f45-982c-d8223bd65c0d', NULL, 'MZN Slip # 6962737', '1', '1.00', '100000.00', '0.00', 'NULL', 'NULL', 'NULL', NULL, NULL, 'posted', 'locked', NULL),
('ec86df96-c4ae-454c-a56f-9564030db80f', 'c8ed5162-92d2-4a19-905a-2920780a4910', 0, 94, 'f9d0b90d-631a-4f45-982c-d8223bd65c0d', NULL, '', 'USD', '1.00', '0.00', '200.00', 'NULL', 'NULL', 'NULL', NULL, NULL, '', '', NULL),
('eea12c9b-2e3e-4a1a-9d43-50873346dca4', '3ee962e8-40cd-42ae-8e31-321e32ed2a2b', 0, 133, 'f9d0b90d-631a-4f45-982c-d8223bd65c0d', NULL, 'Recivedf rom aman food', '1', '1.00', '0.00', '35200.00', 'NULL', 'NULL', 'NULL', NULL, NULL, '', '', NULL),
('eebc91f5-2592-4c51-b920-9f2de7ab5560', 'da7118aa-3c9a-45ce-b8d5-033dd72c10d9', 0, 71, 'f9d0b90d-631a-4f45-982c-d8223bd65c0d', NULL, 'Sale Invoice Against invoice: 2021-0018 & D.O: 2021-0018', '1', '1.00', '430.50', '0.00', 'dcd87138-56eb-43fe-ab0f-86b01942526a', 'NULL', 'NULL', NULL, NULL, '', '', NULL),
('ef280d40-506f-4a66-8874-d368b217522d', '366fb663-529b-4db4-88e7-828733744317', 0, 149, 'f9d0b90d-631a-4f45-982c-d8223bd65c0d', NULL, 'Aiman Foods	Prime Corporation	00027900371055\r\nMobile Banking', '1', '1.00', '0.00', '50000.00', 'NULL', 'NULL', 'NULL', NULL, NULL, '', '', NULL),
('ef350b09-24d7-4d87-8bc9-dbd260b2ec48', '18e86b12-0586-49b4-b74d-1c67c8cc3804', 101, 71, 'f9d0b90d-631a-4f45-982c-d8223bd65c0d', NULL, 'Sale Invoice Against invoice: 2021-0008 & D.O: 2021-0007', '1', '1.00', '5486.13', '0.00', 'NULL', 'NULL', 'NULL', NULL, NULL, 'posted', 'locked', NULL),
('efb62875-c202-4546-94dc-c297fa0e1b9f', '8ee2de82-8f63-453a-a2c1-5403528f4c58', 0, 134, 'f9d0b90d-631a-4f45-982c-d8223bd65c0d', NULL, 'jjfkdsjfkdsjkdsjf', '1', '1.00', '1300.00', '0.00', 'NULL', 'NULL', 'NULL', NULL, NULL, '', '', NULL),
('effdf166-acc5-49b5-a9b3-6320b221e5e6', '43d2fba7-eea7-488b-96ce-11896e768150', 0, 67, 'f9d0b90d-631a-4f45-982c-d8223bd65c0d', NULL, '', '1', '1.00', '0.00', '19065.00', '35d79ede-377f-4694-9174-9a9dc2af1bfc', 'NULL', 'NULL', NULL, NULL, '', '', NULL),
('f06fa6fa-d124-4cb1-9b75-a5e5912aeb01', '9a17cd4a-e20b-477b-9f1f-d4999f430838', 0, 143, 'f9d0b90d-631a-4f45-982c-d8223bd65c0d', NULL, 'Aimen Foods (Raw Material)', '1', '1.00', '0.00', '111.00', 'NULL', 'NULL', 'NULL', NULL, NULL, '', '', NULL),
('f18eeade-a6eb-4bbe-bce0-825bc706eb55', '7453f4d8-642b-47c3-98b8-7e4312bf925d', 49, 72, 'f9d0b90d-631a-4f45-982c-d8223bd65c0d', NULL, 'Transaction against grn No: 2021-0008', '1', '1.00', '1026966.35', '0.00', 'NULL', 'NULL', 'NULL', NULL, NULL, 'posted', 'locked', NULL),
('f236eb1e-132a-4d5b-ba9b-56ca9a50c701', 'a5192442-4782-4366-b899-ae9876cb5fbe', 140, 137, 'f9d0b90d-631a-4f45-982c-d8223bd65c0d', NULL, 'MZN Slip # 6962737', '1', '1.00', '0.00', '100000.00', 'NULL', 'NULL', 'NULL', NULL, NULL, 'posted', 'locked', NULL),
('f2b65812-6373-491d-838a-d7fae97283d1', '7fffa3d3-1a90-413c-b921-c8a472572655', 176, 133, 'f9d0b90d-631a-4f45-982c-d8223bd65c0d', NULL, 'GIN-WIP Against: 2021-0003', '1', '1.00', '5740.00', '0.00', 'NULL', 'NULL', 'NULL', NULL, NULL, 'posted', 'locked', NULL),
('f3104f1b-0dfa-487c-b1e8-95d85f5b8d98', '8ab1b3a0-57f1-4d6e-abd2-bf60386ffff8', 44, 72, 'f9d0b90d-631a-4f45-982c-d8223bd65c0d', NULL, 'Sale Invoice Against invoice: 2021-0001 & D.O: 2021-0001', '1', '1.00', '0.00', '1435000.00', 'NULL', 'NULL', 'NULL', NULL, NULL, 'posted', 'locked', NULL),
('f347ca5d-6a4b-40d8-9cf6-105558c322fd', '7277d977-c80d-4f01-918f-21cab2731b51', 0, 67, 'f9d0b90d-631a-4f45-982c-d8223bd65c0d', NULL, 'invoice generated invoice number=2021-0051', '1', '1.00', '0.00', '4200.00', '7a2dd622-1f4f-4a9b-9a9e-0bd7a479bcf3', 'NULL', NULL, NULL, NULL, '', '', NULL),
('f35bfe56-9f26-49e9-addf-f4db38610e29', '061b322d-7a20-4e91-94c6-13523ed22f48', 0, 67, 'f9d0b90d-631a-4f45-982c-d8223bd65c0d', NULL, 'invoice generated invoice number=2021-0048', '1', '1.00', '0.00', '4200.00', 'b3cc0ace-bdba-4f94-91b2-511671bedb3a', 'NULL', NULL, NULL, NULL, '', '', NULL),
('f41d3721-d22e-47a9-881d-3a218450e2bc', '1d235a4f-aa8c-4c6a-ac5a-cec7f8a29417', 62, 71, 'f9d0b90d-631a-4f45-982c-d8223bd65c0d', NULL, 'Sale Invoice Against invoice: 2021-0003 & D.O: 2021-0003', '1', '1.00', '7962.00', '0.00', 'NULL', 'NULL', 'NULL', NULL, NULL, 'posted', 'locked', NULL),
('f46e4909-103c-4024-a758-d53161d05551', '08636b95-3819-4fa6-a1e4-d744d2acd7d0', 0, 94, 'f9d0b90d-631a-4f45-982c-d8223bd65c0d', NULL, '', 'USD', '1.00', '1200.00', '0.00', 'NULL', 'NULL', 'NULL', NULL, NULL, '', '', NULL),
('f5d4d6da-e0df-47e7-b114-292d25cba114', 'fd5e3a5e-8d86-4412-8f3a-1821b041d4a8', 59, 137, 'f9d0b90d-631a-4f45-982c-d8223bd65c0d', NULL, 'Sale Invoice Against invoice: 2021-0003 & D.O: 2021-0003', '1', '1.00', '282027.90', '0.00', 'NULL', 'NULL', 'NULL', NULL, NULL, 'posted', 'locked', NULL),
('f5e30a9c-d979-4be8-bc4c-897df5ae63d9', '498a0dac-f4d2-49eb-8d5f-5b9c2825549d', 0, 67, 'f9d0b90d-631a-4f45-982c-d8223bd65c0d', NULL, 'invoice generated invoice number=2021-0041', '1', '1.00', '0.00', '15000.00', 'c26a7239-3a8f-447b-8e9d-a7ac9b6919bf', 'NULL', NULL, NULL, NULL, '', '', NULL),
('f611fece-40a3-41f5-b736-8734ff76e057', '1927dd5c-4cce-4fc7-941d-32e2f44fbc1b', 95, 71, 'f9d0b90d-631a-4f45-982c-d8223bd65c0d', NULL, 'Sale Invoice Against invoice: 2021-0007 & D.O: 2021-0011', '1', '1.00', '6653.88', '0.00', 'NULL', 'NULL', 'NULL', NULL, NULL, 'posted', 'locked', NULL),
('f63484d5-ae7e-4104-9766-e204f6ce7081', '88995863-5d71-4b4a-bfcf-3f02b5f982df', 264, 144, 'f9d0b90d-631a-4f45-982c-d8223bd65c0d', NULL, 'Sale Invoice Against invoice: 2021-0012 & D.O: 2021-0013', '1', '1.00', '921128.00', '0.00', '4a35af77-75dd-407d-837f-a57bb89f0eaa', 'NULL', 'NULL', NULL, NULL, 'posted', 'locked', NULL),
('f6ab7b41-4069-4e0e-b0e0-4ef0d842d967', '8f5a3295-bdb7-4cb3-8e08-7ff94664c8ad', 232, 144, 'f9d0b90d-631a-4f45-982c-d8223bd65c0d', NULL, 'Trust Pack Pvt Ltd	WS Traders	0477001006975016\r\nSlip # 3076299	Hyderabad', '1', '1.00', '0.00', '91000.00', 'NULL', 'NULL', 'NULL', NULL, NULL, 'posted', 'locked', NULL),
('f70550a0-82d6-487a-97d1-a734e09090c7', 'abe404da-ce82-4f9f-87bf-e31422bdf4f5', 148, 136, 'f9d0b90d-631a-4f45-982c-d8223bd65c0d', NULL, 'Trust Pack Pvt Ltd	Nature Harvest Pvt Ltd	0104360203	MBL\r\nSlip # 9138311 Dukki', '1', '1.00', '0.00', '150000.00', 'NULL', 'NULL', 'NULL', NULL, NULL, 'posted', 'locked', NULL),
('f712fcc6-8e54-46c0-a97a-cf147ee6487a', '549ef5c4-f8f3-4658-8f7f-b553d79a2a46', 161, 133, 'f9d0b90d-631a-4f45-982c-d8223bd65c0d', NULL, 'Transaction against grn No: 2021-0010', '1', '1.00', '0.00', '1630803.56', 'NULL', 'NULL', 'NULL', NULL, NULL, 'posted', 'locked', NULL),
('f71ed877-37bb-4943-9a45-31c69933df48', '69075844-0875-483e-8194-631a61871ba1', 253, 9000, 'f9d0b90d-631a-4f45-982c-d8223bd65c0d', NULL, 'Aiman Foods	Aiman Foods & Beverages	Cash\r\nSlip # NA', '1', '1.00', '9000.00', '0.00', 'NULL', 'NULL', 'NULL', NULL, NULL, 'posted', 'locked', NULL),
('f774f4e7-b337-451b-96f3-5b6986d8164f', '9db34177-efbb-4dcb-a075-a83cbc53817a', 118, 71, 'f9d0b90d-631a-4f45-982c-d8223bd65c0d', NULL, 'Sale Invoice Against invoice: 2021-0010 & D.O: 2021-0012', '1', '1.00', '39450.00', '0.00', 'NULL', 'NULL', 'NULL', NULL, NULL, 'posted', 'locked', NULL),
('f7957987-0586-48b5-b3ab-3e477dde7c0e', '6e28100a-b691-4604-a33c-3608298ff848', 0, 135, 'f9d0b90d-631a-4f45-982c-d8223bd65c0d', NULL, 'invoice generated invoice number=2021-0043', '1', '1.00', '2415.00', '0.00', '9383a318-8414-4742-a2d1-2069d7a97b20', 'NULL', NULL, NULL, NULL, '', '', NULL),
('f876fc8e-285c-4f7b-91f8-781ba279e8c8', 'd10aa476-25c2-44f4-a69c-51bc4da396bd', 0, 94, 'f9d0b90d-631a-4f45-982c-d8223bd65c0d', NULL, '', '1', '1.00', '3424.00', '0.00', 'NULL', 'NULL', 'NULL', NULL, NULL, '', '', NULL),
('f893d13d-7b54-44fd-9823-9ec5a4fc81af', '88cce9aa-02bc-4793-9f32-8653fd2f5495', 0, 67, 'f9d0b90d-631a-4f45-982c-d8223bd65c0d', NULL, 'Sale Invoice Against invoice: 2021-0008 & D.O: 2021-0007', '1', '1.00', '0.00', '169541.78', 'NULL', 'NULL', 'NULL', NULL, NULL, '', '', NULL),
('f8a22541-bc00-4349-9336-8209ab982ea2', '9db34177-efbb-4dcb-a075-a83cbc53817a', 119, 72, 'f9d0b90d-631a-4f45-982c-d8223bd65c0d', NULL, 'Sale Invoice Against invoice: 2021-0010 & D.O: 2021-0012', '1', '1.00', '0.00', '366000.00', 'NULL', 'NULL', 'NULL', NULL, NULL, 'posted', 'locked', NULL),
('f8d505ad-51d2-42a5-9c42-5b2b901502cb', 'd02a2f5d-337e-4d4e-9b33-1b798d9d326b', 0, 67, 'f9d0b90d-631a-4f45-982c-d8223bd65c0d', NULL, 'invoice generated invoice number=2021-0044', '1', '1.00', '0.00', '4200.00', '64122d3d-4aa7-43b2-9f44-63a08151b0ba', 'NULL', NULL, NULL, NULL, '', '', NULL),
('f8f3cf2e-91cf-40fb-b744-6f47449cfba5', 'b663852f-3b10-494c-ad31-3e488b014004', 299, 71, 'f9d0b90d-631a-4f45-982c-d8223bd65c0d', NULL, 'Sale Invoice Against invoice: 2021-0016 & D.O: 2021-0017', '1', '1.00', '18756.00', '0.00', '4af3d40e-f061-4a84-9c80-06019a02e22f', 'NULL', 'NULL', NULL, NULL, 'posted', 'locked', NULL),
('f922fc07-244a-4f46-875a-c1c5dece9320', 'ea0e10e5-612c-40b0-a28c-e8ee8b462b8d', 174, 72, 'f9d0b90d-631a-4f45-982c-d8223bd65c0d', NULL, 'Transaction against grn No: 2021-0014', '1', '1.00', '698411.84', '0.00', 'NULL', 'NULL', 'NULL', NULL, NULL, 'posted', 'locked', NULL),
('f991dc92-e32b-44cc-b00a-a954b1364459', '27da4e8a-2b66-4d49-8d85-e542257a2ced', 167, 133, 'f9d0b90d-631a-4f45-982c-d8223bd65c0d', NULL, 'Transaction against grn No: 2021-0012', '1', '1.00', '0.00', '262573.92', 'NULL', 'NULL', 'NULL', NULL, NULL, 'posted', 'locked', NULL),
('f992fbdf-4de0-4df3-9b2a-4347cbb44e61', '7453f4d8-642b-47c3-98b8-7e4312bf925d', 50, NULL, 'f9d0b90d-631a-4f45-982c-d8223bd65c0d', NULL, 'Transaction against grn No: 2021-0008', '1', '1.00', '0.00', '1026966.35', 'NULL', 'NULL', 'NULL', NULL, NULL, 'posted', 'locked', NULL),
('f9e3d32f-00cc-40bc-a999-bb053a49597a', '2e9c4923-1dba-49ed-97d1-6d550063a865', 0, 67, 'f9d0b90d-631a-4f45-982c-d8223bd65c0d', NULL, 'Sale Invoice Against invoice: 2021-0008 & D.O: 2021-0007', 'USD', '1.00', '0.00', '169541.78', 'NULL', 'NULL', 'NULL', NULL, NULL, '', '', NULL),
('fa38581d-41a1-4497-a663-1ce162961292', 'c9b2c161-db23-4e84-acd7-f26d5239eb75', 196, 135, 'f9d0b90d-631a-4f45-982c-d8223bd65c0d', NULL, 'Trust Pack Pvt Ltd	SW Enterprise	1589790997403\r\n3155362	Nasirabad', '1', '1.00', '0.00', '400000.00', 'NULL', 'NULL', 'NULL', NULL, NULL, 'posted', 'locked', NULL),
('fa3ead3c-2ebe-414b-ae22-cf94ed324546', 'f4556247-1c87-4e4a-a50b-1318dd85d519', 0, 71, 'f9d0b90d-631a-4f45-982c-d8223bd65c0d', NULL, 'purchase invoice', '1', '1.00', '200.00', '0.00', 'NULL', 'NULL', 'NULL', NULL, NULL, '', '', NULL),
('fab76528-5cfc-49a6-800a-ad85534cb2fc', 'ad4427a1-9319-4547-ac3c-88c7c65bb94c', 0, 150, 'f9d0b90d-631a-4f45-982c-d8223bd65c0d', NULL, 'purchase invoice', '1', '1.00', '0.00', '3432.50', 'NULL', 'NULL', 'NULL', NULL, NULL, '', '', NULL),
('faf19130-de77-4764-bbec-283d51d7e4a0', '2be2a002-1214-4e74-a0b6-e716aa2c78b9', 0, 137, 'f9d0b90d-631a-4f45-982c-d8223bd65c0d', NULL, NULL, '1', '1.00', '110.00', '110.00', 'NULL', 'NULL', 'NULL', NULL, NULL, '', '', NULL),
('fb91b5a1-31d9-454d-ad30-724f7eafb099', '864681ad-cc52-4e3f-95ef-84ddb9962f18', 251, 152, 'f9d0b90d-631a-4f45-982c-d8223bd65c0d', NULL, 'Aiman Foods	Prime Corporation	00027900371055\r\nSlip # 7552350	Khuzdar', '1', '1.00', '100000.00', '0.00', 'NULL', 'NULL', 'NULL', NULL, NULL, 'posted', 'locked', NULL),
('fb9ed53f-cb93-4826-bcde-4c93de185780', '88198f82-624e-4edb-9368-b7e64097146f', 0, 133, 'f9d0b90d-631a-4f45-982c-d8223bd65c0d', NULL, 'Aiman Foods Pvt Ltd', '1', '1.00', '0.00', '789.00', 'NULL', 'NULL', 'NULL', NULL, NULL, '', '', NULL),
('fbb3c2cb-4ef6-4a54-a480-c3857e48cfc2', '024c07ce-b71f-4790-adf0-a02443ae849c', 228, 135, 'f9d0b90d-631a-4f45-982c-d8223bd65c0d', NULL, 'Aiman Foods	Prime Corporation	00027900371055\r\nSlip # 4260491	Nasirabad', '1', '1.00', '0.00', '200000.00', 'NULL', 'NULL', 'NULL', NULL, NULL, 'posted', 'locked', NULL),
('fc4e139a-652c-4264-91e1-fbeea01d8491', '6a8529bc-9f14-4b70-8cec-c601ab4fffe4', 0, 134, 'f9d0b90d-631a-4f45-982c-d8223bd65c0d', NULL, NULL, '1', '1.00', '1230.00', '1230.00', 'NULL', 'NULL', 'NULL', NULL, NULL, '', '', NULL),
('fc805612-581f-4d62-af4c-e4790ddca15d', '422cf78a-8ce9-4e44-abf0-dc114e8b9aba', 0, 67, 'f9d0b90d-631a-4f45-982c-d8223bd65c0d', NULL, 'Sale Invoice Against invoice: 2021-0008 & D.O: 2021-0007', '1', '1.00', '0.00', '169541.78', 'NULL', 'NULL', 'NULL', NULL, NULL, '', '', NULL),
('fcf129c1-56ce-4316-8333-0de48212c832', '1dc955f6-c77f-446c-9849-aadfb8dc5785', 0, 67, 'f9d0b90d-631a-4f45-982c-d8223bd65c0d', NULL, 'invoice generated invoice number=2021-0045', '1', '1.00', '0.00', '4200.00', 'c31f2d5e-a71f-479c-a423-957339aa922e', 'NULL', NULL, NULL, NULL, '', '', NULL),
('fd068290-cab4-42a0-8e22-c64575710acf', '7193c7c4-4057-41ef-8075-3a5dc6c49c88', 0, 94, 'f9d0b90d-631a-4f45-982c-d8223bd65c0d', NULL, '', '1', '1.00', '200.00', '0.00', 'NULL', 'NULL', 'NULL', NULL, NULL, '', '', NULL),
('fd8af93c-ac67-4d03-94cc-46d0780bdbd5', '1d235a4f-aa8c-4c6a-ac5a-cec7f8a29417', 63, 71, 'f9d0b90d-631a-4f45-982c-d8223bd65c0d', NULL, 'Sale Invoice Against invoice: 2021-0003 & D.O: 2021-0003', '1', '1.00', '1592.40', '0.00', 'NULL', 'NULL', 'NULL', NULL, NULL, 'posted', 'locked', NULL),
('fe98d07f-756f-40a1-840b-db1d92c556f0', 'da96ca84-6802-4bbe-8d2a-4660c17d75f0', 0, 147, 'f9d0b90d-631a-4f45-982c-d8223bd65c0d', NULL, 'invoice generated invoice number=2021-0035', '1', '1.00', '2100.00', '0.00', '6181c1cc-3f3b-4a03-86be-49a9d2d76583', 'NULL', NULL, NULL, NULL, '', '', NULL),
('feacaf7d-3a96-407d-875f-5938bbbff293', '1dc955f6-c77f-446c-9849-aadfb8dc5785', 0, 139, 'f9d0b90d-631a-4f45-982c-d8223bd65c0d', NULL, 'invoice generated invoice number=2021-0045', '1', '1.00', '4200.00', '0.00', 'c31f2d5e-a71f-479c-a423-957339aa922e', 'NULL', NULL, NULL, NULL, '', '', NULL),
('febd5c0f-5d40-4dbb-b6e1-38361367c1bd', 'bc2e3a89-db69-432b-987e-fd3048b02fb5', 207, 50000, 'f9d0b90d-631a-4f45-982c-d8223bd65c0d', NULL, 'Publico Printers	Kamran Afzal	02370101381386\r\nSlip # NA Multan', '1', '1.00', '50000.00', '0.00', 'NULL', 'NULL', 'NULL', NULL, NULL, 'posted', 'locked', NULL),
('ff439f91-875d-4b86-8d37-e9d3b3d636fa', '9d3ab789-f50d-4fe2-b08c-d3f1901eb9af', 0, 67, 'f9d0b90d-631a-4f45-982c-d8223bd65c0d', NULL, 'Sale Invoice Against invoice: 2021-0008 & D.O: 2021-0007', '1', '1.00', '0.00', '169541.78', 'NULL', 'NULL', 'NULL', NULL, NULL, '', '', NULL),
('ff5e4874-36ae-4fae-9644-e1a9cfbff4cd', '99d91ebc-a0ed-443b-aed5-44e35123023d', 293, 72, 'f9d0b90d-631a-4f45-982c-d8223bd65c0d', NULL, 'Sale Invoice Against invoice: 2021-0015 & D.O: 2021-0016', '1', '1.00', '0.00', '260500.00', '23cbf475-47ef-44c2-8b83-b5c82b89c0ba', 'NULL', 'NULL', NULL, NULL, 'posted', 'locked', NULL),
('5d236ba7-f698-4e23-96ed-44ce13e478b3', 'df48fc71-ad0b-4250-8cdb-fa5082bfc62e', 0, 133, 'f9d0b90d-631a-4f45-982c-d8223bd65c0d', NULL, 'recieved from aiman food', '1', '1.00', '0.00', '25000.00', 'NULL', 'NULL', '50ac961d-924c-4ece-902c-6bc79df91ca2', NULL, NULL, '', '', NULL),
('ca29d4db-06b4-45de-8941-d69d87ec50e2', 'df48fc71-ad0b-4250-8cdb-fa5082bfc62e', 0, 137, 'f9d0b90d-631a-4f45-982c-d8223bd65c0d', NULL, 'recieved from al-faizan', '1', '1.00', '0.00', '35201.25', 'NULL', 'NULL', 'c8f9e0df-653b-4958-ac01-0b2cbc1c2cdf', NULL, NULL, '', '', NULL),
('ab7e015b-7a74-4e4d-aad9-0678ae0db684', 'df48fc71-ad0b-4250-8cdb-fa5082bfc62e', 0, 95, 'f9d0b90d-631a-4f45-982c-d8223bd65c0d', NULL, '', 'USD', '1.00', '60201.25', '0.00', 'NULL', 'NULL', 'NULL', NULL, NULL, '', '', NULL),
('1c4aff81-b1ae-4ae0-8cae-36debc9e5f65', '497ddd41-9838-4b69-80ef-8b8b36900be3', 0, 143, 'f9d0b90d-631a-4f45-982c-d8223bd65c0d', NULL, 'sdfasdf', '1', '1.00', '2500.00', '0.00', 'NULL', 'NULL', NULL, NULL, NULL, '', '', NULL),
('43a74d63-13ac-47e9-b561-7555e67648c4', '497ddd41-9838-4b69-80ef-8b8b36900be3', 0, 130, 'f9d0b90d-631a-4f45-982c-d8223bd65c0d', NULL, 'th', '1', '1.00', '3652.24', '0.00', 'NULL', 'NULL', NULL, NULL, NULL, '', '', NULL),
('f11a847c-1e81-4d57-9176-643797d53093', '497ddd41-9838-4b69-80ef-8b8b36900be3', 0, 152, 'f9d0b90d-631a-4f45-982c-d8223bd65c0d', NULL, '', 'USD', '1.00', '0.00', '6152.24', 'NULL', 'NULL', 'NULL', NULL, NULL, '', '', NULL),
('f2c0bec6-8dbe-43c3-854d-8676bbd3e0a4', '06d8daeb-6740-47e3-b615-b02fcc4c62d8', 0, 134, 'f9d0b90d-631a-4f45-982c-d8223bd65c0d', NULL, 'dasdf', '1', '1.00', '0.00', '3625.36', 'NULL', 'NULL', NULL, NULL, NULL, '', '', NULL),
('4c1e9efa-d910-496e-a0d7-a38902e35d6b', '06d8daeb-6740-47e3-b615-b02fcc4c62d8', 0, 156, 'f9d0b90d-631a-4f45-982c-d8223bd65c0d', NULL, '', 'USD', '1.00', '3625.36', '0.00', 'NULL', 'NULL', 'NULL', NULL, NULL, '', '', NULL),
('9458d812-b317-469b-80ec-b42afe3ba736', 'b0b96807-766f-413f-b668-20a52d86fffc', 0, 156, 'f9d0b90d-631a-4f45-982c-d8223bd65c0d', NULL, 'lksjd;flk', '1', '1.00', '0.00', '9852.36', 'NULL', 'NULL', NULL, NULL, NULL, '', '', NULL),
('9278ec88-bca2-4375-b94f-7cff00bb49e0', 'b0b96807-766f-413f-b668-20a52d86fffc', 0, 106, 'f9d0b90d-631a-4f45-982c-d8223bd65c0d', NULL, '', 'USD', '1.00', '9852.36', '0.00', 'NULL', 'NULL', 'NULL', NULL, NULL, '', '', NULL),
('f965c186-a88a-4ecf-99fa-aae433ad3899', '9f52e052-1fff-4e7f-822e-9e80c4465679', 0, 14, 'f9d0b90d-631a-4f45-982c-d8223bd65c0d', NULL, 'asdfas', '1', '1.00', '0.00', '96325.87', 'NULL', 'NULL', NULL, NULL, NULL, '', '', NULL),
('d511d86e-e05d-497d-a811-e1c465488592', '9f52e052-1fff-4e7f-822e-9e80c4465679', 0, 94, 'f9d0b90d-631a-4f45-982c-d8223bd65c0d', NULL, '', 'USD', '1.00', '96325.87', '0.00', 'NULL', 'NULL', 'NULL', NULL, NULL, '', '', NULL),
('e5f6b834-efd6-41e9-8998-6c2d44e48b0d', '961d3938-ecd9-46e3-ad30-a4f7a49b983a', 0, 14, 'f9d0b90d-631a-4f45-982c-d8223bd65c0d', NULL, 'sdfas', '1', '1.00', '0.00', '520.37', 'NULL', 'NULL', NULL, NULL, NULL, '', '', NULL),
('d839f2ea-2b6f-4c05-9a42-9ae04a206ea8', '961d3938-ecd9-46e3-ad30-a4f7a49b983a', 0, 156, 'f9d0b90d-631a-4f45-982c-d8223bd65c0d', NULL, '', 'USD', '1.00', '520.37', '0.00', 'NULL', 'NULL', 'NULL', NULL, NULL, '', '', NULL),
('31296ff4-082b-4394-b644-2042b24c53bf', '4f9a19d2-f42f-48d9-8086-4b9d93c56782', 0, 140, 'f9d0b90d-631a-4f45-982c-d8223bd65c0d', NULL, 'fasdf', '1', '1.00', '0.00', '25362.36', 'NULL', 'NULL', NULL, NULL, NULL, '', '', NULL),
('3a832e14-72d6-44fa-8f36-8ed64dd730f7', '4f9a19d2-f42f-48d9-8086-4b9d93c56782', 0, 152, 'f9d0b90d-631a-4f45-982c-d8223bd65c0d', NULL, '', 'USD', '1.00', '25362.36', '0.00', 'NULL', 'NULL', 'NULL', NULL, NULL, '', '', NULL),
('4d27d93f-45cc-4588-a103-cd719ec650df', '175d49d8-883e-4ecf-98c4-7fcc1b57728e', 0, 140, 'f9d0b90d-631a-4f45-982c-d8223bd65c0d', NULL, 'fasdf', '1', '1.00', '0.00', '25362.36', 'NULL', 'NULL', NULL, NULL, NULL, '', '', NULL),
('b7645ef8-5dd2-4f65-9f79-7ddceff6e830', '175d49d8-883e-4ecf-98c4-7fcc1b57728e', 0, 152, 'f9d0b90d-631a-4f45-982c-d8223bd65c0d', NULL, '', 'USD', '1.00', '25362.36', '0.00', 'NULL', 'NULL', 'NULL', NULL, NULL, '', '', NULL),
('10c3fcc2-3e99-47b8-b35b-e1463885ba2e', '7057c72b-937c-4c6d-b028-4e6c7ba39584', 0, 144, 'f9d0b90d-631a-4f45-982c-d8223bd65c0d', NULL, 'Every gree', '1', '1.00', '0.00', '25635.30', 'NULL', 'NULL', NULL, NULL, NULL, '', '', NULL),
('f788fb8c-d13e-4733-aa31-ea1be97d61bb', '7057c72b-937c-4c6d-b028-4e6c7ba39584', 0, 156, 'f9d0b90d-631a-4f45-982c-d8223bd65c0d', NULL, '', 'USD', '1.00', '25635.30', '0.00', 'NULL', 'NULL', 'NULL', NULL, NULL, '', '', NULL),
('e576c431-f22f-40e7-917e-f2877403d4f8', '18903dc8-7cb3-4679-8170-0b57651dc88e', 0, 149, 'f9d0b90d-631a-4f45-982c-d8223bd65c0d', NULL, '-', '1', '1.00', '0.00', '21000.00', 'NULL', 'NULL', 'NULL', NULL, NULL, '', '', NULL),
('d23e778f-20d1-4491-aa73-72379bb6c8b4', '18903dc8-7cb3-4679-8170-0b57651dc88e', 0, 144, 'f9d0b90d-631a-4f45-982c-d8223bd65c0d', NULL, '-', '1', '1.00', '21000.00', '0.00', 'NULL', 'NULL', 'NULL', NULL, NULL, '', '', NULL),
('66847314-70e1-4f22-9911-8f9cfac04808', 'c00e75d3-d41d-4984-9a51-f82be09fbdd1', 0, 160, 'f9d0b90d-631a-4f45-982c-d8223bd65c0d', NULL, 'Lahore to ISB', '1', '1.00', '35200.00', '0.00', 'NULL', 'NULL', NULL, NULL, NULL, '', '', NULL),
('927e793c-d5f8-46b6-a1a9-748559848740', 'c00e75d3-d41d-4984-9a51-f82be09fbdd1', 0, 95, 'f9d0b90d-631a-4f45-982c-d8223bd65c0d', NULL, '', 'USD', '1.00', '0.00', '35200.00', 'NULL', 'NULL', 'NULL', NULL, NULL, '', '', NULL),
('0828d59a-61ea-484d-962a-24d9aea962a5', '41bbc4a9-d15f-4c00-89ad-3c21495ac459', 0, 161, 'f9d0b90d-631a-4f45-982c-d8223bd65c0d', NULL, 'Sams travelling', '1', '1.00', '140368.00', '0.00', 'NULL', 'NULL', NULL, NULL, NULL, '', '', NULL),
('27992da3-d870-46dd-bc95-e96a02252405', '41bbc4a9-d15f-4c00-89ad-3c21495ac459', 0, 106, 'f9d0b90d-631a-4f45-982c-d8223bd65c0d', NULL, '', 'USD', '1.00', '0.00', '140368.00', 'NULL', 'NULL', 'NULL', NULL, NULL, '', '', NULL),
('bed773a2-fb25-4db9-9cf3-915fde39c7fd', '39202b2e-9779-4714-a070-73ea05430c3e', 0, 172, 'f9d0b90d-631a-4f45-982c-d8223bd65c0d', NULL, 'invoice generated invoice number=2021-0058', '1', '1.00', '19500.00', '0.00', 'a1ee224a-b4ba-4af7-acaa-6bfc878ca7b0', 'NULL', NULL, NULL, NULL, '', '', NULL),
('a2f960eb-9c3b-4ab3-88f1-b58ad76fb626', '39202b2e-9779-4714-a070-73ea05430c3e', 0, 67, 'f9d0b90d-631a-4f45-982c-d8223bd65c0d', NULL, 'invoice generated invoice number=2021-0058', '1', '1.00', '0.00', '19500.00', 'a1ee224a-b4ba-4af7-acaa-6bfc878ca7b0', 'NULL', NULL, NULL, NULL, '', '', NULL),
('54e32bdf-0e03-41dc-8feb-4889e58f3ca0', 'a0420c59-8b12-4d34-b3d5-a7cf0fe41c5f', 0, 172, 'f9d0b90d-631a-4f45-982c-d8223bd65c0d', NULL, 'invoice generated invoice number=2021-0059', '1', '1.00', '19500.00', '0.00', 'ad8c4ccd-7b84-43af-9f60-779e98bd7ecb', 'NULL', NULL, NULL, NULL, '', '', NULL),
('9573369f-be38-4784-89f9-2c2ca9fd3ea1', 'a0420c59-8b12-4d34-b3d5-a7cf0fe41c5f', 0, 67, 'f9d0b90d-631a-4f45-982c-d8223bd65c0d', NULL, 'invoice generated invoice number=2021-0059', '1', '1.00', '0.00', '19500.00', 'ad8c4ccd-7b84-43af-9f60-779e98bd7ecb', 'NULL', NULL, NULL, NULL, '', '', NULL),
('a3362270-c10a-4e50-9c9c-f9cda8c4ab95', '6f3c4244-a8c1-48fb-8c95-1c348505eb04', 0, 172, 'f9d0b90d-631a-4f45-982c-d8223bd65c0d', NULL, 'invoice generated invoice number=2021-0060', '1', '1.00', '19500.00', '0.00', 'b08fbb7c-4253-4802-a115-46035da706a1', 'NULL', NULL, NULL, NULL, '', '', NULL),
('c79ca36f-2b4a-4364-b4c3-717b24404997', '6f3c4244-a8c1-48fb-8c95-1c348505eb04', 0, 67, 'f9d0b90d-631a-4f45-982c-d8223bd65c0d', NULL, 'invoice generated invoice number=2021-0060', '1', '1.00', '0.00', '19500.00', 'b08fbb7c-4253-4802-a115-46035da706a1', 'NULL', NULL, NULL, NULL, '', '', NULL),
('8fb199ef-83ab-4335-8ae4-5f2ac2c10f89', 'b97f74c8-b3c5-4733-b578-39b603937362', 0, 175, 'f9d0b90d-631a-4f45-982c-d8223bd65c0d', NULL, 'Sales invoice agains Invoice #2021-0061', '1', '1.00', '19500.00', '0.00', 'd55190a2-e784-4f6c-974c-1855776d7828', 'NULL', NULL, NULL, NULL, '', '', NULL),
('01e594d4-533d-469e-b17f-b275dda5730c', 'b97f74c8-b3c5-4733-b578-39b603937362', 0, 67, 'f9d0b90d-631a-4f45-982c-d8223bd65c0d', NULL, 'Sales invoice agains Invoice #2021-0061', '1', '1.00', '0.00', '19500.00', 'd55190a2-e784-4f6c-974c-1855776d7828', 'NULL', NULL, NULL, NULL, '', '', NULL),
('6c593ec6-4484-4855-9049-bcc0b95f1202', '58a8918d-1078-41ac-b14d-ccbcd88581aa', 0, 153, 'f9d0b90d-631a-4f45-982c-d8223bd65c0d', NULL, 'asdfadf', '1', '1.00', '0.00', '34234.00', 'NULL', 'NULL', NULL, NULL, NULL, '', '', NULL),
('fee49e76-76ef-453a-8683-3b2a92e410ff', '58a8918d-1078-41ac-b14d-ccbcd88581aa', 0, 179, 'f9d0b90d-631a-4f45-982c-d8223bd65c0d', NULL, '', 'USD', '1.00', '34234.00', '0.00', 'NULL', 'NULL', 'NULL', NULL, NULL, '', '', NULL),
('c350777e-3260-46b3-a795-82c58a9ad949', 'aa3c9878-4c29-49e2-85fa-21c6414cffdc', 0, 14, 'f9d0b90d-631a-4f45-982c-d8223bd65c0d', NULL, 'dsfs', '1', '1.00', '0.00', '34234.00', 'NULL', 'NULL', NULL, NULL, NULL, '', '', NULL),
('472b2531-6644-47c9-93e9-cace093df9d2', 'aa3c9878-4c29-49e2-85fa-21c6414cffdc', 0, 106, 'f9d0b90d-631a-4f45-982c-d8223bd65c0d', NULL, '', 'USD', '1.00', '34234.00', '0.00', 'NULL', 'NULL', 'NULL', NULL, NULL, '', '', NULL),
('a94118c8-ac32-4bc9-901b-6c46acf7d910', '31a6ddd3-7f3e-4345-82ae-c3d6ef1a8634', 0, 146, 'f9d0b90d-631a-4f45-982c-d8223bd65c0d', NULL, 'asdfasdf', '1', '1.00', '0.00', '123.00', 'NULL', 'NULL', NULL, NULL, NULL, '', '', NULL),
('1d9ebdd0-211f-4a79-a303-a294b366c300', '31a6ddd3-7f3e-4345-82ae-c3d6ef1a8634', 0, 94, 'f9d0b90d-631a-4f45-982c-d8223bd65c0d', NULL, '', 'USD', '1.00', '123.00', '0.00', 'NULL', 'NULL', 'NULL', NULL, NULL, '', '', NULL),
('306326e2-7ab1-4792-9532-d6d08662b1c8', 'f72ae474-f868-4e10-b492-298763ae0794', 0, 21, 'f9d0b90d-631a-4f45-982c-d8223bd65c0d', NULL, 'Purchase invoice', '1', '1.00', '5700.00', '0.00', 'NULL', 'NULL', 'NULL', NULL, NULL, '', '', NULL),
('4a82c56c-4a7f-4ec4-bc7a-1ded376dbe87', 'f72ae474-f868-4e10-b492-298763ae0794', 0, 71, 'f9d0b90d-631a-4f45-982c-d8223bd65c0d', NULL, 'purchase invoice', '1', '1.00', '570.00', '0.00', 'NULL', 'NULL', 'NULL', NULL, NULL, '', '', NULL),
('70ab56d7-7d95-45be-8327-f98c2c6015e5', 'f72ae474-f868-4e10-b492-298763ae0794', 0, 142, 'f9d0b90d-631a-4f45-982c-d8223bd65c0d', NULL, 'purchase invoice', '1', '1.00', '0.00', '6270.00', 'NULL', 'NULL', 'NULL', NULL, NULL, '', '', NULL);

-- --------------------------------------------------------

--
-- Table structure for table `fs_transmains`
--

CREATE TABLE `fs_transmains` (
  `id` char(36) COLLATE utf8mb4_unicode_ci NOT NULL,
  `company_id` varchar(36) COLLATE utf8mb4_unicode_ci DEFAULT NULL,
  `number` bigint(20) UNSIGNED NOT NULL,
  `date` date NOT NULL,
  `month` smallint(5) UNSIGNED DEFAULT NULL,
  `voucher_type` varchar(40) COLLATE utf8mb4_unicode_ci DEFAULT NULL,
  `voucher_number` smallint(5) UNSIGNED DEFAULT NULL,
  `cheque_number` varchar(60) COLLATE utf8mb4_unicode_ci DEFAULT NULL,
  `cur_id` char(3) COLLATE utf8mb4_unicode_ci DEFAULT NULL,
  `cur_rate` decimal(12,5) DEFAULT NULL,
  `note` varchar(128) COLLATE utf8mb4_unicode_ci DEFAULT NULL,
  `vendor_id` varchar(36) COLLATE utf8mb4_unicode_ci DEFAULT NULL,
  `customer_id` varchar(36) COLLATE utf8mb4_unicode_ci DEFAULT NULL,
  `created_by` varchar(34) COLLATE utf8mb4_unicode_ci NOT NULL,
  `created_at` datetime NOT NULL DEFAULT current_timestamp(),
  `updated_by` int(10) UNSIGNED DEFAULT NULL,
  `approve_by` varchar(36) COLLATE utf8mb4_unicode_ci DEFAULT NULL,
  `checked_by` varchar(36) COLLATE utf8mb4_unicode_ci DEFAULT NULL,
  `varified_by` varchar(36) COLLATE utf8mb4_unicode_ci DEFAULT NULL,
  `post_status` varchar(10) COLLATE utf8mb4_unicode_ci DEFAULT NULL,
  `lock_status` tinyint(3) UNSIGNED DEFAULT NULL,
  `editable` char(4) COLLATE utf8mb4_unicode_ci DEFAULT NULL,
  `delete` tinyint(3) UNSIGNED DEFAULT NULL
) ENGINE=InnoDB DEFAULT CHARSET=utf8mb4 COLLATE=utf8mb4_unicode_ci;

--
-- Dumping data for table `fs_transmains`
--

INSERT INTO `fs_transmains` (`id`, `company_id`, `number`, `date`, `month`, `voucher_type`, `voucher_number`, `cheque_number`, `cur_id`, `cur_rate`, `note`, `vendor_id`, `customer_id`, `created_by`, `created_at`, `updated_by`, `approve_by`, `checked_by`, `varified_by`, `post_status`, `lock_status`, `editable`, `delete`) VALUES
('0067c242-828c-4e96-8e7d-8552460abad6', 'f9d0b90d-631a-4f45-982c-d8223bd65c0d', 4, '2021-07-16', 2021, '3', NULL, NULL, '1', '1.00000', NULL, NULL, NULL, '8', '2021-07-16 12:30:23', NULL, '1', '1', NULL, NULL, NULL, '1', NULL),
('01bb2c97-6e36-4c84-a47f-b62e69a9b300', 'f9d0b90d-631a-4f45-982c-d8223bd65c0d', 68, '2021-07-13', 2021, '1', NULL, NULL, '1', '1.00000', NULL, NULL, NULL, '8', '2021-07-13 13:03:13', NULL, '1', '1', NULL, 'Posted', NULL, '1', NULL),
('024c07ce-b71f-4790-adf0-a02443ae849c', 'f9d0b90d-631a-4f45-982c-d8223bd65c0d', 24, '2021-03-15', 2021, '1', NULL, '-', '1', '1.00000', 'Aiman Foods	Prime Corporation	00027900371055\r\nSlip # 4260491	Nasirabad', NULL, NULL, '49', '2021-06-21 18:08:10', NULL, '1', '1', NULL, 'Posted', NULL, '0', NULL),
('032d6f6e-b3d3-4b00-a483-73800c027a08', 'f9d0b90d-631a-4f45-982c-d8223bd65c0d', 31, '2021-08-07', 2021, '2', NULL, 'NULL', '1', '1.00000', NULL, NULL, NULL, '8', '2021-08-07 14:27:45', 8, '1', '1', NULL, NULL, NULL, '0', NULL),
('03463bde-590c-496b-bc93-bd6e91826853', 'f9d0b90d-631a-4f45-982c-d8223bd65c0d', 88, '2021-08-09', 2021, '7', NULL, '-', '1', '1.00000', 'adsaada', NULL, NULL, '8', '2021-08-09 11:54:58', NULL, '1', '1', NULL, 'Posted', NULL, '0', NULL),
('03d9adbc-f417-49fb-94af-103f37a0c85f', 'f9d0b90d-631a-4f45-982c-d8223bd65c0d', 45, '2021-03-30', 2021, '7', NULL, '-', '1', '1.00000', NULL, NULL, NULL, '49', '2021-06-21 00:16:21', NULL, '1', '1', NULL, NULL, NULL, '0', NULL),
('05a11520-2e3c-4a50-9d72-6696cf3ae4ec', 'f9d0b90d-631a-4f45-982c-d8223bd65c0d', 102, '2021-07-16', 2021, '1', NULL, NULL, '1', '1.00000', 'aaa', NULL, NULL, '8', '2021-07-16 14:31:38', NULL, '1', '1', NULL, 'Posted', NULL, '1', NULL),
('061b322d-7a20-4e91-94c6-13523ed22f48', 'f9d0b90d-631a-4f45-982c-d8223bd65c0d', 89, '2021-08-09', 2021, '7', NULL, '-', '1', '1.00000', 'adsaada', NULL, NULL, '8', '2021-08-09 11:56:13', NULL, '1', '1', NULL, 'Posted', NULL, '0', NULL),
('072b06c1-05a0-4596-b8cc-a07998af5a77', 'f9d0b90d-631a-4f45-982c-d8223bd65c0d', 30, '2021-08-05', 2021, '4', NULL, 'NULL', '1', '1.00000', 'ddd', NULL, NULL, '8', '2021-08-05 13:31:29', 8, '1', '1', NULL, NULL, NULL, '0', NULL),
('07c18e68-b152-4087-81e4-757a88cddbe7', 'f9d0b90d-631a-4f45-982c-d8223bd65c0d', 18, '2021-02-28', 2021, '1', NULL, NULL, '1', '1.00000', NULL, NULL, NULL, '49', '2021-06-16 00:25:37', 8, '1', '1', NULL, 'Posted', NULL, '1', NULL),
('08636b95-3819-4fa6-a1e4-d744d2acd7d0', 'f9d0b90d-631a-4f45-982c-d8223bd65c0d', 114, '2021-08-04', 2021, '1', NULL, NULL, '1', '1.00000', NULL, NULL, NULL, '8', '2021-08-04 17:34:00', NULL, '1', '1', NULL, 'Posted', NULL, '1', NULL),
('0b63186f-ca44-4a24-855f-1590cec474d3', 'f9d0b90d-631a-4f45-982c-d8223bd65c0d', 65, '2021-07-05', 2021, '1', NULL, NULL, '1', '1.00000', NULL, NULL, NULL, '8', '2021-07-05 20:21:48', NULL, '1', '1', NULL, 'Posted', NULL, '1', NULL),
('0c118010-0075-4af1-af55-80255aa21a08', 'f9d0b90d-631a-4f45-982c-d8223bd65c0d', 16, '2021-02-28', 2021, '2', NULL, '-', '1', '1.00000', NULL, NULL, NULL, '49', '2021-06-15 23:59:02', 8, '1', '1', NULL, NULL, NULL, '1', NULL),
('0c2fef18-e2b4-4b15-9db4-93a7b76eabd3', 'f9d0b90d-631a-4f45-982c-d8223bd65c0d', 44, '2021-03-30', 2021, '7', NULL, '-', '1', '1.00000', NULL, NULL, NULL, '49', '2021-06-20 23:43:00', NULL, '1', '1', NULL, NULL, NULL, '0', NULL),
('0f4a8d6f-978b-4f42-806f-a57a1713ac82', 'f9d0b90d-631a-4f45-982c-d8223bd65c0d', 83, '2021-07-16', 2021, '1', NULL, NULL, '1', '1.00000', NULL, NULL, NULL, '8', '2021-07-16 12:41:57', NULL, '1', '1', NULL, NULL, NULL, '1', NULL),
('10799864-e05b-422e-9c1c-a60e7e8c1427', 'f9d0b90d-631a-4f45-982c-d8223bd65c0d', 5, '2021-07-15', 2021, '5', NULL, NULL, '1', '1.00000', 'adsf', NULL, NULL, '8', '2021-07-15 10:24:41', 8, '1', '1', NULL, NULL, NULL, '0', NULL),
('10867776-c795-440f-a095-e2eeee5ae344', 'f9d0b90d-631a-4f45-982c-d8223bd65c0d', 90, '2021-07-16', 2021, '1', NULL, NULL, '1', '1.00000', NULL, NULL, NULL, '8', '2021-07-16 13:03:55', NULL, '1', '1', NULL, NULL, NULL, '1', NULL),
('11b5a8f1-e919-41f3-97ea-2b99d63ee743', 'f9d0b90d-631a-4f45-982c-d8223bd65c0d', 107, '2021-07-16', 2021, '1', NULL, NULL, '1', '1.00000', NULL, NULL, NULL, '8', '2021-07-16 14:49:01', NULL, '1', '1', NULL, 'Posted', NULL, '1', NULL),
('11e28d98-5a88-460d-ae13-5ff349fb745b', 'f9d0b90d-631a-4f45-982c-d8223bd65c0d', 71, '2021-08-07', 2021, '7', NULL, '-', '1', '1.00000', NULL, NULL, NULL, '8', '2021-08-07 16:51:29', NULL, '1', '1', NULL, NULL, NULL, '0', NULL),
('122164d9-161e-4752-92ca-930e64fd826c', 'f9d0b90d-631a-4f45-982c-d8223bd65c0d', 40, '2021-03-31', 2021, '1', NULL, '-', '1', '1.00000', 'Aiman Foods	Prime Corporation	01140104366919\r\nSlip # 0286592	Hyderabad', NULL, NULL, '49', '2021-06-21 18:32:13', NULL, '1', '1', NULL, 'Posted', NULL, '0', NULL),
('12fa9d14-cf2e-42a3-9e83-61cefcb0b88d', 'f9d0b90d-631a-4f45-982c-d8223bd65c0d', 76, '2021-07-16', 2021, '1', NULL, NULL, '1', '1.00000', NULL, NULL, NULL, '8', '2021-07-16 12:32:46', NULL, '1', '1', NULL, NULL, NULL, '1', NULL),
('1380f1ac-e58e-4c22-af47-20a68db1bdad', 'f9d0b90d-631a-4f45-982c-d8223bd65c0d', 5, '2021-07-13', 2021, '2', NULL, NULL, '1', '1.00000', 'VVVVVV', NULL, NULL, '8', '2021-07-13 13:17:00', NULL, '1', '1', NULL, NULL, NULL, '1', NULL),
('1477ebd9-be81-4ea7-bf07-a01918784faf', 'f9d0b90d-631a-4f45-982c-d8223bd65c0d', 67, '2021-04-22', 2021, '7', NULL, '-', '1', '1.00000', NULL, NULL, NULL, '49', '2021-06-22 20:37:13', NULL, '1', '1', NULL, NULL, NULL, '0', NULL),
('147c1283-62f1-4ddb-8fa3-7e5164014ee7', 'f9d0b90d-631a-4f45-982c-d8223bd65c0d', 94, '2021-08-09', 2021, '7', NULL, '-', '1', '1.00000', 'adsaada', NULL, NULL, '8', '2021-08-09 12:02:00', NULL, '1', '1', NULL, 'Posted', NULL, '0', NULL),
('1897189e-43ac-42bc-ae2b-540b372b379f', 'f9d0b90d-631a-4f45-982c-d8223bd65c0d', 7, '2021-07-15', 2021, '5', NULL, NULL, '1', '1.00000', NULL, NULL, NULL, '8', '2021-07-15 11:48:22', NULL, '1', '1', NULL, NULL, NULL, '0', NULL),
('18e86b12-0586-49b4-b74d-1c67c8cc3804', 'f9d0b90d-631a-4f45-982c-d8223bd65c0d', 19, '2021-02-28', 2021, '7', NULL, '-', '1', '1.00000', NULL, NULL, NULL, '49', '2021-06-16 00:25:37', NULL, '1', '1', NULL, NULL, NULL, '0', NULL),
('1927dd5c-4cce-4fc7-941d-32e2f44fbc1b', 'f9d0b90d-631a-4f45-982c-d8223bd65c0d', 17, '2021-02-28', 2021, '7', NULL, '-', '1', '1.00000', NULL, NULL, NULL, '49', '2021-06-15 23:59:02', NULL, '1', '1', NULL, NULL, NULL, '0', NULL),
('197772bb-a4cc-468a-819a-f6028d59abf8', 'f9d0b90d-631a-4f45-982c-d8223bd65c0d', 87, '2021-07-16', 2021, '1', NULL, NULL, '1', '1.00000', NULL, NULL, NULL, '8', '2021-07-16 12:56:58', NULL, '1', '1', NULL, NULL, NULL, '1', NULL),
('1a3d7e54-504b-4277-934d-8711c55004da', 'f9d0b90d-631a-4f45-982c-d8223bd65c0d', 30, '2021-08-02', 2021, '5', NULL, NULL, '1', '1.00000', 'dddd', NULL, NULL, '8', '2021-08-02 11:15:12', NULL, '1', '1', NULL, NULL, NULL, '0', NULL),
('1b044934-bd9f-410f-add5-f46188d1028a', 'f9d0b90d-631a-4f45-982c-d8223bd65c0d', 20, '2021-06-15', 2021, '7', NULL, '-', '1', '1.00000', NULL, NULL, NULL, '49', '2021-06-16 00:31:04', NULL, '1', '1', NULL, 'posted', NULL, '0', NULL),
('1b779c4e-2c82-478e-b9fb-3b397940a11c', 'f9d0b90d-631a-4f45-982c-d8223bd65c0d', 86, '2021-07-16', 2021, '1', NULL, NULL, '1', '1.00000', NULL, NULL, NULL, '8', '2021-07-16 12:54:54', NULL, '1', '1', NULL, NULL, NULL, '1', NULL),
('1b7d4762-be89-4229-9061-e9186ca00cb6', 'f9d0b90d-631a-4f45-982c-d8223bd65c0d', 6, '2021-02-14', 2021, '7', NULL, '-', '1', '1.00000', NULL, NULL, NULL, '49', '2021-06-15 23:40:21', NULL, '1', '1', NULL, 'posted', NULL, '0', NULL),
('1bda0fb3-cdf3-4d85-9009-309cb305da84', 'f9d0b90d-631a-4f45-982c-d8223bd65c0d', 10, '2021-07-05', 2021, '8', NULL, '-', '1', '1.00000', NULL, NULL, NULL, '8', '2021-07-05 19:56:46', NULL, '1', '1', NULL, NULL, NULL, '0', NULL),
('1d235a4f-aa8c-4c6a-ac5a-cec7f8a29417', 'f9d0b90d-631a-4f45-982c-d8223bd65c0d', 9, '2021-02-21', 2021, '7', NULL, '-', '1', '1.00000', NULL, NULL, NULL, '49', '2021-06-15 23:47:51', NULL, '1', '1', NULL, NULL, NULL, '0', NULL),
('1d596879-2427-475f-8c82-909f0d6ff0a2', 'f9d0b90d-631a-4f45-982c-d8223bd65c0d', 47, '2021-04-12', 2021, '1', NULL, '-', '1', '1.00000', 'Aiman Foods	Prime Corporation	00027900371055\r\nSlip # 3157267	Nasirabad', NULL, NULL, '49', '2021-06-28 21:53:04', NULL, '1', '1', NULL, 'Posted', NULL, '0', NULL),
('1db07d3c-bc66-42ec-b01f-6eef353b9554', 'f9d0b90d-631a-4f45-982c-d8223bd65c0d', 101, '2021-07-16', 2021, '1', NULL, NULL, '1', '1.00000', NULL, NULL, NULL, '8', '2021-07-16 14:29:41', NULL, '1', '1', NULL, 'Posted', NULL, '1', NULL),
('1dc955f6-c77f-446c-9849-aadfb8dc5785', 'f9d0b90d-631a-4f45-982c-d8223bd65c0d', 86, '2021-08-09', 2021, '7', NULL, '-', '1', '1.00000', 'adsaada', NULL, NULL, '8', '2021-08-09 11:53:25', NULL, '1', '1', NULL, 'Posted', NULL, '0', NULL),
('1f3c08d9-7213-4bb3-a5d8-5438530c62cf', 'f9d0b90d-631a-4f45-982c-d8223bd65c0d', 10, '2021-07-13', 2021, '2', NULL, NULL, '1', '1.00000', 'aaaa', NULL, NULL, '8', '2021-07-13 14:02:23', NULL, '1', '1', NULL, NULL, NULL, '1', NULL),
('1f3ecc5e-bf2c-4c2a-8298-0307f9cb7667', 'f9d0b90d-631a-4f45-982c-d8223bd65c0d', 2, '2021-04-12', 2021, '3', NULL, '-', '1', '1.00000', 'Everyday Food	Everyday Food Industries	16020104870774\r\nSlip # 2312316	Larkana', NULL, NULL, '49', '2021-06-28 21:53:14', NULL, '1', '1', NULL, 'Posted', NULL, '0', NULL),
('2081067b-c2a2-4004-a744-78a7793d2bec', 'f9d0b90d-631a-4f45-982c-d8223bd65c0d', 88, '2021-07-16', 2021, '1', NULL, NULL, '1', '1.00000', NULL, NULL, NULL, '8', '2021-07-16 12:59:55', NULL, '1', '1', NULL, NULL, NULL, '1', NULL),
('20d6f147-8ceb-4d1d-8ffc-79dea774900f', 'f9d0b90d-631a-4f45-982c-d8223bd65c0d', 17, '2021-03-05', 2021, '1', NULL, '-', '1', '1.00000', 'Aiman Foods	Prime Corporation	00027900371055\r\nSlip # NA Khuzdar', NULL, NULL, '49', '2021-06-21 16:12:11', NULL, '1', '1', NULL, 'Posted', NULL, '0', NULL),
('228ec11c-3ba2-404c-ae0b-a158af0dd0a5', 'f9d0b90d-631a-4f45-982c-d8223bd65c0d', 80, '2021-07-16', 2021, '1', NULL, NULL, '1', '1.00000', NULL, NULL, NULL, '8', '2021-07-16 12:39:36', NULL, '1', '1', NULL, NULL, NULL, '1', NULL),
('23d45934-2584-4ebd-b3ce-8b0b3426ec13', 'f9d0b90d-631a-4f45-982c-d8223bd65c0d', 34, '2021-03-27', 2021, '7', NULL, '-', '1', '1.00000', NULL, NULL, NULL, '49', '2021-06-20 21:48:25', NULL, '1', '1', NULL, NULL, NULL, '0', NULL),
('249a7686-1f4a-4331-a2be-f85b90c89856', 'f9d0b90d-631a-4f45-982c-d8223bd65c0d', 39, '2021-03-29', 2021, '7', NULL, '-', '1', '1.00000', NULL, NULL, NULL, '49', '2021-06-20 23:15:13', NULL, '1', '1', NULL, NULL, NULL, '0', NULL),
('2533f1e1-cb13-4c9e-9a0f-d2e0f4774914', 'f9d0b90d-631a-4f45-982c-d8223bd65c0d', 26, '2021-07-16', 2021, '2', NULL, NULL, '1', '1.00000', NULL, NULL, NULL, '8', '2021-07-16 12:28:32', NULL, '1', '1', NULL, NULL, NULL, '1', NULL),
('26cea9d8-fad7-427c-ba11-730c421b468d', 'f9d0b90d-631a-4f45-982c-d8223bd65c0d', 20, '2021-03-12', 2021, '1', NULL, '-', '1', '1.00000', 'Everyday Food	Everyday Food Industries	16020104870774\r\nSLIP # 7818314	Hyderabad', NULL, NULL, '49', '2021-06-21 16:17:11', NULL, '1', '1', NULL, 'Posted', NULL, '0', NULL),
('27136259-775c-4e93-a9a1-b36b0a4138b3', 'f9d0b90d-631a-4f45-982c-d8223bd65c0d', 87, '2021-08-09', 2021, '7', NULL, '-', '1', '1.00000', 'adsaada', NULL, NULL, '8', '2021-08-09 11:54:34', NULL, '1', '1', NULL, 'Posted', NULL, '0', NULL),
('2797fc28-b759-48ff-ada4-eb6ec121419c', 'f9d0b90d-631a-4f45-982c-d8223bd65c0d', 14, '2021-02-28', 2021, '7', NULL, '-', '1', '1.00000', NULL, NULL, NULL, '49', '2021-06-15 23:56:37', NULL, '1', '1', NULL, 'posted', NULL, '0', NULL),
('279eac29-15e8-4f71-8fdd-aafbb2e17c71', 'f9d0b90d-631a-4f45-982c-d8223bd65c0d', 90, '2021-08-09', 2021, '7', NULL, '-', '1', '1.00000', 'adsaada', NULL, NULL, '8', '2021-08-09 11:56:33', NULL, '1', '1', NULL, 'Posted', NULL, '0', NULL),
('27da4e8a-2b66-4d49-8d85-e542257a2ced', 'f9d0b90d-631a-4f45-982c-d8223bd65c0d', 32, '2021-03-27', 2021, '7', NULL, '-', '1', '1.00000', NULL, NULL, NULL, '49', '2021-06-20 21:37:50', NULL, '1', '1', NULL, NULL, NULL, '0', NULL),
('2800296e-b323-4140-a7a7-058a2993f1b1', 'f9d0b90d-631a-4f45-982c-d8223bd65c0d', 18, '2021-03-09', 2021, '1', NULL, 'NULL', '1', '1.00000', 'Trust Pack Pvt Ltd	WS Traders	0477001006975016\r\nSlip # 3967664	Hyderabad', NULL, NULL, '49', '2021-06-21 16:13:04', 49, '1', '1', NULL, 'Posted', NULL, '0', NULL),
('28cc09a2-d65a-44ea-8822-1562341ff3bd', 'f9d0b90d-631a-4f45-982c-d8223bd65c0d', 17, '2021-07-16', 2021, '2', NULL, '1122', '1', '1.00000', 'cccc', NULL, NULL, '8', '2021-07-16 12:12:40', NULL, '1', '1', NULL, NULL, NULL, '1', NULL),
('2a16cefa-1041-41ce-ae92-9d155a218714', 'f9d0b90d-631a-4f45-982c-d8223bd65c0d', 70, '2021-07-15', 2021, '1', NULL, NULL, '1', '1.00000', NULL, NULL, NULL, '8', '2021-07-15 09:11:12', NULL, '1', '1', NULL, 'Posted', NULL, '1', NULL),
('2b212531-e45f-42bd-b182-c8dc0cfb6172', 'f9d0b90d-631a-4f45-982c-d8223bd65c0d', 56, '2021-06-29', 2021, '1', NULL, NULL, '1', '1.00000', NULL, NULL, NULL, '8', '2021-06-29 12:32:35', NULL, '1', '1', NULL, 'Posted', NULL, '1', NULL),
('2b2e1143-b098-4154-a829-393604d7c437', 'f9d0b90d-631a-4f45-982c-d8223bd65c0d', 95, '2021-08-09', 2021, '7', NULL, '-', '1', '1.00000', 'adsaada', NULL, NULL, '8', '2021-08-09 12:02:27', NULL, '1', '1', NULL, 'Posted', NULL, '0', NULL),
('2ca76a92-abc9-4b20-b2be-3a8d86768f39', 'f9d0b90d-631a-4f45-982c-d8223bd65c0d', 74, '2021-07-16', 2021, '1', NULL, NULL, '1', '1.00000', NULL, NULL, NULL, '8', '2021-07-16 12:29:39', NULL, '1', '1', NULL, 'Posted', NULL, '1', NULL),
('2caedcfa-d928-468f-9765-0f145b9bc0cf', 'f9d0b90d-631a-4f45-982c-d8223bd65c0d', 24, '2021-07-16', 2021, '5', NULL, NULL, '1', '1.00000', NULL, NULL, NULL, '8', '2021-07-16 15:20:17', 8, '1', '1', NULL, NULL, NULL, '0', NULL),
('2da46ac8-23ae-42b8-8ca6-2907d417bbbe', 'f9d0b90d-631a-4f45-982c-d8223bd65c0d', 1, '2021-08-05', 2021, '99', NULL, '-', '1', '1.00000', 'Opening Balance', NULL, NULL, '8', '2021-08-05 13:31:57', NULL, '1', '1', NULL, NULL, NULL, '0', NULL),
('2e9c4923-1dba-49ed-97d1-6d550063a865', 'f9d0b90d-631a-4f45-982c-d8223bd65c0d', 17, '2021-07-15', 2021, '5', NULL, NULL, '1', '1.00000', NULL, NULL, NULL, '8', '2021-07-15 12:57:12', 8, '1', '1', NULL, NULL, NULL, '0', NULL),
('2e9cf1c8-8fd9-47c3-b83d-f54008c02d4d', 'f9d0b90d-631a-4f45-982c-d8223bd65c0d', 4, '2021-08-07', 2021, '6', NULL, '-', '1', '1.00000', 'This purchase invoice.', NULL, NULL, '8', '2021-08-07 11:44:38', NULL, '1', '1', NULL, NULL, NULL, '0', NULL),
('2ee0c56e-bc0f-4f83-8059-c94e1131f0fb', 'f9d0b90d-631a-4f45-982c-d8223bd65c0d', 25, '2021-07-16', 2021, '5', NULL, NULL, '1', '1.00000', NULL, NULL, NULL, '8', '2021-07-16 15:26:41', NULL, '1', '1', NULL, NULL, NULL, '0', NULL),
('2f633bb1-0717-49eb-9c96-7c0840c5108f', 'f9d0b90d-631a-4f45-982c-d8223bd65c0d', 9, '2021-07-05', 2021, '8', NULL, '-', '1', '1.00000', NULL, NULL, NULL, '8', '2021-07-05 19:55:38', NULL, '1', '1', NULL, NULL, NULL, '0', NULL),
('30eca1eb-1c5b-4549-9d6f-1224394a452e', 'f9d0b90d-631a-4f45-982c-d8223bd65c0d', 8, '2021-07-05', 2021, '8', NULL, '-', '1', '1.00000', NULL, NULL, NULL, '8', '2021-07-05 19:55:11', NULL, '1', '1', NULL, NULL, NULL, '0', NULL),
('310b7fab-8e60-4524-b9e7-ce765fb23159', 'f9d0b90d-631a-4f45-982c-d8223bd65c0d', 119, '2021-08-05', 2021, '1', NULL, 'NULL', '1', '1.00000', 'today1', NULL, NULL, '8', '2021-08-05 13:17:29', 8, '1', '1', NULL, 'Posted', NULL, '0', NULL),
('33116cce-31e6-4b88-9671-859bf4fdd29a', 'f9d0b90d-631a-4f45-982c-d8223bd65c0d', 27, '2021-07-16', 2021, '2', NULL, NULL, '1', '1.00000', NULL, NULL, NULL, '8', '2021-07-16 12:29:11', NULL, '1', '1', NULL, NULL, NULL, '1', NULL),
('33865819-9abd-42b8-9182-d6b328071234', 'f9d0b90d-631a-4f45-982c-d8223bd65c0d', 106, '2021-07-16', 2021, '1', NULL, NULL, '1', '1.00000', NULL, NULL, NULL, '8', '2021-07-16 14:46:18', NULL, '1', '1', NULL, 'Posted', NULL, '1', NULL),
('35840e59-7249-4618-8c83-a6571a2ff3ec', 'f9d0b90d-631a-4f45-982c-d8223bd65c0d', 13, '2021-02-27', 2021, '7', NULL, '-', '1', '1.00000', NULL, NULL, NULL, '49', '2021-06-15 23:51:37', NULL, '1', '1', NULL, NULL, NULL, '0', NULL),
('366fb663-529b-4db4-88e7-828733744317', 'f9d0b90d-631a-4f45-982c-d8223bd65c0d', 51, '2021-04-16', 2021, '1', NULL, '-', '1', '1.00000', 'Aiman Foods	Prime Corporation	00027900371055\r\nMobile Banking', NULL, NULL, '49', '2021-06-28 21:53:51', NULL, '1', '1', NULL, 'Posted', NULL, '0', NULL),
('36fe7ca7-a379-4a94-b78c-e5acaf40fa7e', 'f9d0b90d-631a-4f45-982c-d8223bd65c0d', 98, '2021-08-10', 2021, '7', NULL, '-', '1', '1.00000', 'inventory product', NULL, NULL, '8', '2021-08-10 10:33:47', NULL, '1', '1', NULL, 'Posted', NULL, '0', NULL),
('38df611e-da64-46c8-95cc-d1b45bb119fc', 'f9d0b90d-631a-4f45-982c-d8223bd65c0d', 19, '2021-03-05', 2021, '1', NULL, '-', '1', '1.00000', 'Trust Pack Pvt Ltd	WS Traders	0477001006975016\r\nSLIP #3470227', NULL, NULL, '49', '2021-06-21 16:14:20', NULL, '1', '1', NULL, 'Posted', NULL, '0', NULL),
('392a8a2f-5107-42d2-b724-0ef7afe9f565', 'f9d0b90d-631a-4f45-982c-d8223bd65c0d', 12, '2021-02-27', 2021, '7', NULL, '-', '1', '1.00000', NULL, NULL, NULL, '49', '2021-06-15 23:51:37', NULL, '1', '1', NULL, 'posted', NULL, '0', NULL),
('3942402b-2fc0-49eb-a0ba-865ade778c4a', 'f9d0b90d-631a-4f45-982c-d8223bd65c0d', 22, '2021-07-15', 2021, '5', NULL, NULL, '1', '1.00000', NULL, NULL, NULL, '8', '2021-07-15 13:06:24', NULL, '1', '1', NULL, NULL, NULL, '0', NULL),
('3966d978-0925-4903-80b3-141cb313880b', 'f9d0b90d-631a-4f45-982c-d8223bd65c0d', 65, '2021-04-20', 2021, '7', NULL, '-', '1', '1.00000', NULL, NULL, NULL, '49', '2021-06-22 20:17:48', NULL, '1', '1', NULL, NULL, NULL, '0', NULL),
('39af664d-a9bb-402d-afc5-ee08b4c131fe', 'f9d0b90d-631a-4f45-982c-d8223bd65c0d', 33, '2021-08-05', 2021, '5', NULL, NULL, '1', '1.00000', 'jornal voucher', NULL, NULL, '8', '2021-08-05 13:47:58', NULL, '1', '1', NULL, NULL, NULL, '0', NULL),
('39ff3781-a3f0-46cd-9af4-a58535215002', 'f9d0b90d-631a-4f45-982c-d8223bd65c0d', 6, '2021-08-07', 2021, '6', NULL, 'NULL', '1', '1.00000', 'First purchase invoice 1', NULL, NULL, '8', '2021-08-07 11:53:10', 8, '1', '1', NULL, NULL, NULL, '0', NULL),
('3a6852d5-a378-4712-91b5-a0ed5d5b1eb5', 'f9d0b90d-631a-4f45-982c-d8223bd65c0d', 4, '2021-02-18', 2021, '1', NULL, '-', '1', '1.00000', 'Pay To: Prime Corporation (Aiman Foods) Slip # 2981056 ( Acc #00027900371055)', NULL, NULL, '49', '2021-06-20 16:39:58', NULL, '1', '1', NULL, 'posted', NULL, '0', NULL),
('3a8de6fd-f2d7-4848-81d2-25a3dfb0f605', 'f9d0b90d-631a-4f45-982c-d8223bd65c0d', 26, '2021-07-16', 2021, '5', NULL, NULL, '1', '1.00000', NULL, NULL, NULL, '8', '2021-07-16 15:31:33', NULL, '1', '1', NULL, NULL, NULL, '0', NULL),
('3b3353c1-ca4e-4e1f-9688-b9e24066f51e', 'f9d0b90d-631a-4f45-982c-d8223bd65c0d', 28, '2021-03-22', 2021, '1', NULL, '-', '1', '1.00000', 'Trust Pack Pvt Ltd	WS Traders	04427901635203\r\nSlip # 3156116	Nasirabad', NULL, NULL, '49', '2021-06-21 18:12:52', NULL, '1', '1', NULL, 'Posted', NULL, '0', NULL),
('3bc8f9b2-4fe2-438e-bc50-f75bbb9031f5', 'f9d0b90d-631a-4f45-982c-d8223bd65c0d', 41, '2021-03-30', 2021, '7', NULL, '-', '1', '1.00000', NULL, NULL, NULL, '49', '2021-06-20 23:25:46', NULL, '1', '1', NULL, NULL, NULL, '0', NULL),
('3df6b750-d573-44f6-a482-b5e13f9a6dba', 'f9d0b90d-631a-4f45-982c-d8223bd65c0d', 22, '2021-07-16', 2021, '2', NULL, NULL, '1', '1.00000', NULL, NULL, NULL, '8', '2021-07-16 12:17:06', NULL, '1', '1', NULL, NULL, NULL, '1', NULL),
('3ee962e8-40cd-42ae-8e31-321e32ed2a2b', 'f9d0b90d-631a-4f45-982c-d8223bd65c0d', 5, '2021-08-04', 2021, '3', NULL, NULL, '1', '1.00000', NULL, NULL, NULL, '8', '2021-08-04 14:57:20', NULL, '1', '1', NULL, 'Posted', NULL, '1', NULL),
('3f38403a-24ca-4aae-9941-7fc6a1fd359b', 'f9d0b90d-631a-4f45-982c-d8223bd65c0d', 108, '2021-07-16', 2021, '1', NULL, NULL, '1', '1.00000', NULL, NULL, NULL, '8', '2021-07-16 14:50:49', NULL, '1', '1', NULL, 'Posted', NULL, '1', NULL),
('3f634b23-ebcd-4ded-932d-61a0b1195415', 'f9d0b90d-631a-4f45-982c-d8223bd65c0d', 64, '2021-04-20', 2021, '7', NULL, '-', '1', '1.00000', NULL, NULL, NULL, '49', '2021-06-22 20:15:21', NULL, '1', '1', NULL, NULL, NULL, '0', NULL),
('41bab837-9837-4a65-9146-0e1317661ffd', 'f9d0b90d-631a-4f45-982c-d8223bd65c0d', 115, '2021-08-05', 2021, '1', NULL, NULL, '1', '1.00000', 'today3', NULL, NULL, '8', '2021-08-05 12:58:33', 8, '1', '1', NULL, 'Posted', NULL, '1', NULL),
('422cf78a-8ce9-4e44-abf0-dc114e8b9aba', 'f9d0b90d-631a-4f45-982c-d8223bd65c0d', 10, '2021-07-15', 2021, '5', NULL, NULL, '1', '1.00000', NULL, NULL, NULL, '8', '2021-07-15 12:42:55', NULL, '1', '1', NULL, NULL, NULL, '0', NULL),
('43335848-c6d8-4fb8-a285-72a5c4dc3cf4', 'f9d0b90d-631a-4f45-982c-d8223bd65c0d', 89, '2021-07-16', 2021, '1', NULL, NULL, '1', '1.00000', NULL, NULL, NULL, '8', '2021-07-16 13:00:25', NULL, '1', '1', NULL, 'Posted', NULL, '1', NULL),
('43d2fba7-eea7-488b-96ce-11896e768150', 'f9d0b90d-631a-4f45-982c-d8223bd65c0d', 11, '2021-07-05', 2021, '8', NULL, '-', '1', '1.00000', NULL, NULL, NULL, '8', '2021-07-05 19:58:42', NULL, '1', '1', NULL, NULL, NULL, '0', NULL),
('44f8bfc4-8f32-4876-b59f-595bf02a8dde', 'f9d0b90d-631a-4f45-982c-d8223bd65c0d', 60, '2021-04-17', 2021, '7', NULL, '-', '1', '1.00000', NULL, NULL, NULL, '49', '2021-06-22 16:17:25', NULL, '1', '1', NULL, NULL, NULL, '0', NULL),
('459083ec-3fae-49c3-b1de-157af860c849', 'f9d0b90d-631a-4f45-982c-d8223bd65c0d', 4, '2021-07-13', 2021, '2', NULL, NULL, '1', '1.00000', 'aaa', NULL, NULL, '8', '2021-07-13 13:07:08', NULL, '1', '1', NULL, NULL, NULL, '1', NULL),
('4692bcef-8fde-4c39-8bc6-937f5680bff8', 'f9d0b90d-631a-4f45-982c-d8223bd65c0d', 5, '2021-07-05', 2021, '8', NULL, '-', '1', '1.00000', NULL, NULL, NULL, '8', '2021-07-05 19:51:45', NULL, '1', '1', NULL, NULL, NULL, '0', NULL),
('4867272f-c877-4853-8aa8-5a271e64014e', 'f9d0b90d-631a-4f45-982c-d8223bd65c0d', 1, '2021-08-06', 2021, '10', NULL, '-', '1', '1.00000', NULL, NULL, NULL, '8', '2021-08-06 12:01:45', NULL, '1', '1', NULL, NULL, NULL, '0', NULL),
('4944fec0-4d1f-4d92-80ed-b667af909ba7', 'f9d0b90d-631a-4f45-982c-d8223bd65c0d', 5, '2021-08-04', 2021, '4', NULL, NULL, '1', '1.00000', 'this', NULL, NULL, '8', '2021-08-04 16:17:45', NULL, '1', '1', NULL, NULL, NULL, '1', NULL),
('496b080a-32bd-46ea-9b5c-3ec15fe22012', 'f9d0b90d-631a-4f45-982c-d8223bd65c0d', 28, '2021-03-11', 2021, '7', NULL, '-', '1', '1.00000', NULL, NULL, NULL, '49', '2021-06-20 20:15:44', NULL, '1', '1', NULL, NULL, NULL, '0', NULL),
('498a0dac-f4d2-49eb-8d5f-5b9c2825549d', 'f9d0b90d-631a-4f45-982c-d8223bd65c0d', 82, '2021-08-09', 2021, '7', NULL, '-', '1', '1.00000', 'fffffffff', NULL, NULL, '8', '2021-08-09 11:28:52', NULL, '1', '1', NULL, 'Posted', NULL, '0', NULL),
('49d0f148-752c-46b6-bdd2-3aa3249b0b6d', 'f9d0b90d-631a-4f45-982c-d8223bd65c0d', 49, '2021-03-06', 2021, '7', NULL, '-', '1', '1.00000', NULL, NULL, NULL, '49', '2021-06-21 22:50:50', NULL, '1', '1', NULL, 'Posted', NULL, '0', NULL),
('4a6df47f-690b-445b-8c5e-de4c8e68e77b', 'f9d0b90d-631a-4f45-982c-d8223bd65c0d', 82, '2021-07-16', 2021, '1', NULL, NULL, '1', '1.00000', NULL, NULL, NULL, '8', '2021-07-16 12:41:28', NULL, '1', '1', NULL, NULL, NULL, '1', NULL),
('4b399706-cc5f-4240-bdcb-8f7be34b43f1', 'f9d0b90d-631a-4f45-982c-d8223bd65c0d', 58, '2021-04-17', 2021, '7', NULL, '-', '1', '1.00000', NULL, NULL, NULL, '49', '2021-06-22 16:02:45', NULL, '1', '1', NULL, NULL, NULL, '0', NULL),
('4f797c36-9c2f-46dd-bbd7-73b42ab070e1', 'f9d0b90d-631a-4f45-982c-d8223bd65c0d', 25, '2021-03-16', 2021, '1', NULL, '-', '1', '1.00000', 'Trust Pack Pvt Ltd	WS Traders	0477001006975016\r\nSlip # 3448487	Hyderabad', NULL, NULL, '49', '2021-06-21 18:09:48', NULL, '1', '1', NULL, 'Posted', NULL, '0', NULL),
('5133fa76-f484-4816-81ae-8c83cc39c937', 'f9d0b90d-631a-4f45-982c-d8223bd65c0d', 27, '2021-07-16', 2021, '5', NULL, NULL, '1', '1.00000', NULL, NULL, NULL, '8', '2021-07-16 15:32:06', NULL, '1', '1', NULL, NULL, NULL, '0', NULL),
('51390904-4152-4be7-af20-e2566e6570e8', 'f9d0b90d-631a-4f45-982c-d8223bd65c0d', 32, '2021-08-03', 2021, '5', NULL, NULL, '1', '1.00000', NULL, NULL, NULL, '8', '2021-08-03 16:27:02', NULL, '1', '1', NULL, NULL, NULL, '0', NULL),
('51f1bb6b-fbda-45b3-a072-051fde8a48af', 'f9d0b90d-631a-4f45-982c-d8223bd65c0d', 28, '2021-07-27', 2021, '5', NULL, NULL, '1', '1.00000', NULL, NULL, NULL, '8', '2021-07-27 09:47:27', NULL, '1', '1', NULL, NULL, NULL, '0', NULL),
('5246c099-c034-4a79-a0ea-f2d4469bfba0', 'f9d0b90d-631a-4f45-982c-d8223bd65c0d', 77, '2021-08-09', 2021, '7', NULL, '-', '1', '1.00000', 'fffffffff', NULL, NULL, '8', '2021-08-09 11:21:42', NULL, '1', '1', NULL, 'Posted', NULL, '0', NULL),
('527a0dad-bf3c-4c19-87f6-4dcf9dfd46b0', 'f9d0b90d-631a-4f45-982c-d8223bd65c0d', 53, '2021-03-14', 2021, '7', NULL, '-', '1', '1.00000', NULL, NULL, NULL, '49', '2021-06-21 22:53:03', NULL, '1', '1', NULL, 'Posted', NULL, '0', NULL),
('52e7358f-4faa-493d-8dc9-69459c3aed39', 'f9d0b90d-631a-4f45-982c-d8223bd65c0d', 32, '2021-03-22', 2021, '1', NULL, '-', '1', '1.00000', 'Publico Printers	Kamran Afzal	55150115000013010\r\nSlip # 8834886	Qamber', NULL, NULL, '49', '2021-06-21 18:20:46', NULL, '1', '1', NULL, 'Posted', NULL, '0', NULL),
('53715c2b-c829-4684-832c-6e53e7dd1159', 'f9d0b90d-631a-4f45-982c-d8223bd65c0d', 30, '2021-03-22', 2021, '1', NULL, '-', '1', '1.00000', 'Trust Pack Pvt Ltd	WS Traders	04427901635203\r\nSlip # 3556727	Mehar', NULL, NULL, '49', '2021-06-21 18:18:18', NULL, '1', '1', NULL, 'Posted', NULL, '0', NULL),
('53716110-c3e4-4099-ae17-54a101cb8e62', 'f9d0b90d-631a-4f45-982c-d8223bd65c0d', 31, '2021-03-24', 2021, '7', NULL, '-', '1', '1.00000', NULL, NULL, NULL, '49', '2021-06-20 20:59:34', NULL, '1', '1', NULL, NULL, NULL, '0', NULL),
('539d81b3-1c4b-4676-8769-7bd888672854', 'f9d0b90d-631a-4f45-982c-d8223bd65c0d', 95, '2021-07-16', 2021, '1', NULL, NULL, '1', '1.00000', NULL, NULL, NULL, '8', '2021-07-16 14:12:21', NULL, '1', '1', NULL, NULL, NULL, '1', NULL),
('54293155-dc59-4e8d-b649-ef687a9dc158', 'f9d0b90d-631a-4f45-982c-d8223bd65c0d', 10, '2021-02-22', 2021, '7', NULL, '-', '1', '1.00000', NULL, NULL, NULL, '49', '2021-06-15 23:50:46', NULL, '1', '1', NULL, 'posted', NULL, '0', NULL),
('545a7ac9-5cd3-4212-bd66-1fd65246a02f', 'f9d0b90d-631a-4f45-982c-d8223bd65c0d', 18, '2021-07-16', 2021, '2', NULL, NULL, '1', '1.00000', NULL, NULL, NULL, '8', '2021-07-16 12:13:35', NULL, '1', '1', NULL, NULL, NULL, '1', NULL),
('549ef5c4-f8f3-4658-8f7f-b553d79a2a46', 'f9d0b90d-631a-4f45-982c-d8223bd65c0d', 29, '2021-03-16', 2021, '7', NULL, '-', '1', '1.00000', NULL, NULL, NULL, '49', '2021-06-20 20:39:25', NULL, '1', '1', NULL, NULL, NULL, '0', NULL),
('54a2f8b5-bae1-4356-a1b6-3681238f6da4', 'f9d0b90d-631a-4f45-982c-d8223bd65c0d', 97, '2021-08-09', 2021, '7', NULL, '-', '1', '1.00000', 'wwwccc', NULL, NULL, '8', '2021-08-09 12:29:51', NULL, '1', '1', NULL, 'Posted', NULL, '0', NULL),
('56fca32e-618d-41eb-b1ec-9678e9d2ed23', 'f9d0b90d-631a-4f45-982c-d8223bd65c0d', 99, '2021-07-16', 2021, '1', NULL, NULL, '1', '1.00000', NULL, NULL, NULL, '8', '2021-07-16 14:15:54', 8, '1', '1', NULL, 'Posted', NULL, '1', NULL),
('58227cdc-ec8a-40c5-aa4a-0f88e7b10c05', 'f9d0b90d-631a-4f45-982c-d8223bd65c0d', 31, '2021-08-02', 2021, '5', NULL, NULL, '1', '1.00000', NULL, NULL, NULL, '8', '2021-08-02 13:21:37', NULL, '1', '1', NULL, NULL, NULL, '0', NULL),
('5c0b1f62-4ad5-48d3-9461-833030c26a8d', 'f9d0b90d-631a-4f45-982c-d8223bd65c0d', 117, '2021-08-05', 2021, '1', NULL, NULL, '1', '1.00000', 'cash today1', NULL, NULL, '8', '2021-08-05 13:04:00', 8, '1', '1', NULL, 'Posted', NULL, '1', NULL),
('5cf13425-e3ca-429f-9682-8330a45e0bb3', 'f9d0b90d-631a-4f45-982c-d8223bd65c0d', 15, '2021-02-28', 2021, '7', NULL, '-', '1', '1.00000', NULL, NULL, NULL, '49', '2021-06-15 23:56:37', NULL, '1', '1', NULL, NULL, NULL, '0', NULL),
('5cf6b96e-b101-45db-85c2-1590f33decf1', 'f9d0b90d-631a-4f45-982c-d8223bd65c0d', 46, '2021-03-30', 2021, '7', NULL, '-', '1', '1.00000', NULL, NULL, NULL, '49', '2021-06-21 00:18:06', NULL, '1', '1', NULL, NULL, NULL, '0', NULL),
('5db55418-79fb-4b51-9106-0e2fea6d0467', 'f9d0b90d-631a-4f45-982c-d8223bd65c0d', 55, '2021-03-14', 2021, '7', NULL, '-', '1', '1.00000', NULL, NULL, NULL, '49', '2021-06-21 22:53:54', NULL, '1', '1', NULL, 'Posted', NULL, '0', NULL),
('625dd1c4-1bcc-4371-b6b0-2a15abce6617', 'f9d0b90d-631a-4f45-982c-d8223bd65c0d', 74, '2021-08-09', 2021, '7', NULL, '-', '1', '1.00000', 'fffffffff', NULL, NULL, '8', '2021-08-09 11:12:32', NULL, '1', '1', NULL, 'Posted', NULL, '0', NULL),
('6350dcd1-579a-4772-ada6-275811e91dfb', 'f9d0b90d-631a-4f45-982c-d8223bd65c0d', 97, '2021-07-16', 2021, '1', NULL, NULL, '1', '1.00000', NULL, NULL, NULL, '8', '2021-07-16 14:14:20', NULL, '1', '1', NULL, NULL, NULL, '1', NULL),
('689fcee6-bec0-4087-b723-6f11ef54e651', 'f9d0b90d-631a-4f45-982c-d8223bd65c0d', 1, '2021-07-13', 2021, '4', NULL, NULL, '1', '1.00000', 'aaaaa', NULL, NULL, '8', '2021-07-13 13:04:03', NULL, '1', '1', NULL, NULL, NULL, '1', NULL),
('68f1f0c9-61ba-4f06-9b71-e56fd684e277', 'f9d0b90d-631a-4f45-982c-d8223bd65c0d', 26, '2021-02-17', 2021, '7', NULL, '-', '1', '1.00000', 'MIR # 2021-0003', NULL, NULL, '49', '2021-06-20 18:44:26', NULL, '1', '1', NULL, NULL, NULL, '0', NULL),
('69075844-0875-483e-8194-631a61871ba1', 'f9d0b90d-631a-4f45-982c-d8223bd65c0d', 36, '2021-03-25', 2021, '1', NULL, '-', '1', '1.00000', 'Aiman Foods	Aiman Foods & Beverages	Cash\r\nSlip # NA', NULL, NULL, '49', '2021-06-21 18:26:20', NULL, '1', '1', NULL, 'Posted', NULL, '0', NULL),
('69c1a1b8-458a-4fb3-8798-766e4a74f742', 'f9d0b90d-631a-4f45-982c-d8223bd65c0d', 6, '2021-07-05', 2021, '8', NULL, '-', '1', '1.00000', NULL, NULL, NULL, '8', '2021-07-05 19:53:05', NULL, '1', '1', NULL, NULL, NULL, '0', NULL),
('6a8529bc-9f14-4b70-8cec-c601ab4fffe4', 'f9d0b90d-631a-4f45-982c-d8223bd65c0d', 8, '2021-07-15', 2021, '5', NULL, NULL, '1', '1.00000', NULL, NULL, NULL, '8', '2021-07-15 11:55:00', NULL, '1', '1', NULL, NULL, NULL, '0', NULL),
('6c171419-93e6-4815-b3d6-af5cebab93f6', 'f9d0b90d-631a-4f45-982c-d8223bd65c0d', 42, '2021-04-01', 2021, '1', NULL, '-', '1', '1.00000', 'Aiman Foods	Prime Corporation	00027900371055\r\nSlip # 1372228', NULL, NULL, '49', '2021-06-28 21:11:32', NULL, '1', '1', NULL, 'Posted', NULL, '0', NULL),
('6c25aaa8-c582-412b-aa5b-0c2ec79c774d', 'f9d0b90d-631a-4f45-982c-d8223bd65c0d', 13, '2021-07-05', 2021, '8', NULL, '-', '1', '1.00000', NULL, NULL, NULL, '8', '2021-07-05 19:59:15', NULL, '1', '1', NULL, NULL, NULL, '0', NULL),
('6c9458f6-5ed3-4543-ab4a-c034b91b46ca', 'f9d0b90d-631a-4f45-982c-d8223bd65c0d', 105, '2021-07-16', 2021, '1', NULL, NULL, '1', '1.00000', NULL, NULL, NULL, '8', '2021-07-16 14:43:11', NULL, '1', '1', NULL, 'Posted', NULL, '1', NULL),
('6dba7610-c317-4376-afff-28dc8c4dfc80', 'f9d0b90d-631a-4f45-982c-d8223bd65c0d', 46, '2021-04-07', 2021, '1', NULL, '-', '1', '1.00000', 'Publico Printers	Kamran Afzal	02370101381386\r\nSlip # NA Khairpur', NULL, NULL, '49', '2021-06-28 21:52:58', NULL, '1', '1', NULL, 'Posted', NULL, '0', NULL),
('6dda689e-4205-4178-a1f0-bbac1620f22f', 'f9d0b90d-631a-4f45-982c-d8223bd65c0d', 66, '2021-04-22', 2021, '7', NULL, '-', '1', '1.00000', NULL, NULL, NULL, '49', '2021-06-22 20:22:06', NULL, '1', '1', NULL, NULL, NULL, '0', NULL),
('6e1b64eb-da93-48b7-933b-0dc15e6e3454', 'f9d0b90d-631a-4f45-982c-d8223bd65c0d', 80, '2021-08-09', 2021, '7', NULL, '-', '1', '1.00000', 'fffffffff', NULL, NULL, '8', '2021-08-09 11:25:32', NULL, '1', '1', NULL, 'Posted', NULL, '0', NULL),
('6e28100a-b691-4604-a33c-3608298ff848', 'f9d0b90d-631a-4f45-982c-d8223bd65c0d', 84, '2021-08-09', 2021, '7', NULL, '-', '1', '1.00000', 'sssssssssssssss', NULL, NULL, '8', '2021-08-09 11:44:39', NULL, '1', '1', NULL, 'Posted', NULL, '0', NULL),
('6e3dff28-d518-44da-b936-e5ace5e3ca84', 'f9d0b90d-631a-4f45-982c-d8223bd65c0d', 23, '2021-03-15', 2021, '1', NULL, '-', '1', '1.00000', 'Publico Printers	Kamran Afzal	55150115000013010\r\nSlip # 7781775', NULL, NULL, '49', '2021-06-21 18:07:05', NULL, '1', '1', NULL, 'Posted', NULL, '0', NULL),
('6f4cdc7e-ddb6-45b3-bfaa-b0a9991640d7', 'f9d0b90d-631a-4f45-982c-d8223bd65c0d', 77, '2021-07-16', 2021, '1', NULL, NULL, '1', '1.00000', NULL, NULL, NULL, '8', '2021-07-16 12:34:12', NULL, '1', '1', NULL, NULL, NULL, '1', NULL),
('70093938-7605-474d-bd34-496c09f2b69f', 'f9d0b90d-631a-4f45-982c-d8223bd65c0d', 63, '2021-04-22', 2021, '7', NULL, '-', '1', '1.00000', NULL, NULL, NULL, '49', '2021-06-22 17:40:12', NULL, '1', '1', NULL, NULL, NULL, '0', NULL),
('7099031a-d152-430e-8c5a-899d9ded54ec', 'f9d0b90d-631a-4f45-982c-d8223bd65c0d', 85, '2021-07-16', 2021, '1', NULL, NULL, '1', '1.00000', NULL, NULL, NULL, '8', '2021-07-16 12:46:37', NULL, '1', '1', NULL, NULL, NULL, '1', NULL),
('7193c7c4-4057-41ef-8075-3a5dc6c49c88', 'f9d0b90d-631a-4f45-982c-d8223bd65c0d', 57, '2021-07-02', 2021, '1', NULL, NULL, '1', '1.00000', NULL, NULL, NULL, '8', '2021-07-01 14:50:35', NULL, '1', '1', NULL, 'Posted', NULL, '1', NULL),
('7277d977-c80d-4f01-918f-21cab2731b51', 'f9d0b90d-631a-4f45-982c-d8223bd65c0d', 92, '2021-08-09', 2021, '7', NULL, '-', '1', '1.00000', 'adsaada', NULL, NULL, '8', '2021-08-09 12:00:44', NULL, '1', '1', NULL, 'Posted', NULL, '0', NULL),
('730f9cba-87ce-4824-8cdf-a648a018939d', 'f9d0b90d-631a-4f45-982c-d8223bd65c0d', 31, '2021-03-22', 2021, '1', NULL, '-', '1', '1.00000', 'Trust Pack Pvt Ltd	WS Traders	0477001006975016\r\nSlip # Trx 210810120573014	Hyderabad', NULL, NULL, '49', '2021-06-21 18:20:00', NULL, '1', '1', NULL, 'Posted', NULL, '0', NULL),
('73eacb09-e56e-4bab-a7f7-5d7db02778ea', 'f9d0b90d-631a-4f45-982c-d8223bd65c0d', 14, '2021-07-15', 2021, '5', NULL, NULL, '1', '1.00000', NULL, NULL, NULL, '8', '2021-07-15 12:54:07', NULL, '1', '1', NULL, NULL, NULL, '0', NULL),
('7453f4d8-642b-47c3-98b8-7e4312bf925d', 'f9d0b90d-631a-4f45-982c-d8223bd65c0d', 5, '2021-02-18', 2021, '7', NULL, '-', '1', '1.00000', NULL, NULL, NULL, '49', '2021-06-15 21:52:15', NULL, '1', '1', NULL, NULL, NULL, '0', NULL),
('75d1807a-8262-4790-8fd4-46020874f1d5', 'f9d0b90d-631a-4f45-982c-d8223bd65c0d', 1, '2021-02-14', 2021, '7', NULL, '-', '1', '1.00000', NULL, NULL, NULL, '31', '2021-06-15 17:28:27', NULL, '1', '1', NULL, 'posted', NULL, '0', NULL),
('7c85b4d6-efae-46d6-9060-dcf48f4aa01b', 'f9d0b90d-631a-4f45-982c-d8223bd65c0d', 3, '2021-04-12', 2021, '3', NULL, '-', '1', '1.00000', 'Everyday Food Industries	16020104870774\r\nSlip # NA Nawabshah', NULL, NULL, '49', '2021-06-28 21:53:21', NULL, '1', '1', NULL, 'Posted', NULL, '0', NULL),
('7d107d0a-b029-4665-a59c-eaa1f72068ea', 'f9d0b90d-631a-4f45-982c-d8223bd65c0d', 7, '2021-07-13', 2021, '2', NULL, NULL, '1', '1.00000', 'sss', NULL, NULL, '8', '2021-07-13 13:58:34', NULL, '1', '1', NULL, NULL, NULL, '1', NULL),
('7e1cf457-1e73-46ec-942b-b28f9e786fdb', 'f9d0b90d-631a-4f45-982c-d8223bd65c0d', 18, '2021-07-15', 2021, '5', NULL, NULL, '1', '1.00000', NULL, NULL, NULL, '8', '2021-07-15 12:57:47', NULL, '1', '1', NULL, NULL, NULL, '0', NULL),
('7f24d1c3-fb5d-4d4b-a2fe-543105c1902b', 'f9d0b90d-631a-4f45-982c-d8223bd65c0d', 112, '2021-08-04', 2021, '1', NULL, NULL, '1', '1.00000', 'ddddd', NULL, NULL, '8', '2021-08-04 09:25:47', NULL, '1', '1', NULL, 'Posted', NULL, '0', NULL),
('7f79170c-daaa-470b-87a7-96d320ba28a0', 'f9d0b90d-631a-4f45-982c-d8223bd65c0d', 42, '2021-03-30', 2021, '7', NULL, '-', '1', '1.00000', NULL, NULL, NULL, '49', '2021-06-20 23:37:02', NULL, '1', '1', NULL, NULL, NULL, '0', NULL),
('7f8c722f-7b51-417c-a47c-fdc559c48a28', 'f9d0b90d-631a-4f45-982c-d8223bd65c0d', 2, '2021-08-06', 2021, '10', NULL, '-', '1', '1.00000', NULL, NULL, NULL, '8', '2021-08-06 12:11:11', NULL, '1', '1', NULL, NULL, NULL, '0', NULL),
('7fffa3d3-1a90-413c-b921-c8a472572655', 'f9d0b90d-631a-4f45-982c-d8223bd65c0d', 37, '2021-03-29', 2021, '7', NULL, '-', '1', '1.00000', NULL, NULL, NULL, '49', '2021-06-20 22:55:32', NULL, '1', '1', NULL, NULL, NULL, '0', NULL),
('80a15b8a-f805-4b9d-a3ae-4be0f36baf03', 'f9d0b90d-631a-4f45-982c-d8223bd65c0d', 4, '2021-07-15', 2021, '5', NULL, NULL, '1', '1.00000', NULL, NULL, NULL, '8', '2021-07-15 10:21:23', NULL, '1', '1', NULL, NULL, NULL, '0', NULL),
('811faf6a-76fe-4db5-8f31-57913afa0b21', 'f9d0b90d-631a-4f45-982c-d8223bd65c0d', 23, '2021-07-16', 2021, '2', NULL, NULL, '1', '1.00000', NULL, NULL, NULL, '8', '2021-07-16 12:20:47', NULL, '1', '1', NULL, NULL, NULL, '1', NULL),
('843923e0-2534-4997-89d1-26a83379a11f', 'f9d0b90d-631a-4f45-982c-d8223bd65c0d', 5, '2021-02-18', 2021, '1', NULL, '-', '1', '1.00000', 'Trust Pack Pvt Ltd	Nature Harvest Pvt Ltd	02160104360203	MBL', NULL, NULL, '49', '2021-06-20 16:42:15', NULL, '1', '1', NULL, 'posted', NULL, '0', NULL),
('8535ed9e-cf31-44bc-911d-92d04616757c', 'f9d0b90d-631a-4f45-982c-d8223bd65c0d', 3, '2021-08-04', 2021, '4', NULL, NULL, '1', '1.00000', 'dddd', NULL, NULL, '8', '2021-08-04 12:12:05', NULL, '1', '1', NULL, NULL, NULL, '1', NULL),
('860422cd-d3b8-4191-abc3-c2214584df3f', 'f9d0b90d-631a-4f45-982c-d8223bd65c0d', 48, '2021-04-12', 2021, '1', NULL, '-', '1', '1.00000', 'Aiman Foods	Prime Corporation	00027900371055\r\nGhaarho', NULL, NULL, '49', '2021-06-28 21:53:31', NULL, '1', '1', NULL, 'Posted', NULL, '0', NULL),
('864681ad-cc52-4e3f-95ef-84ddb9962f18', 'f9d0b90d-631a-4f45-982c-d8223bd65c0d', 35, '2021-03-25', 2021, '1', NULL, '-', '1', '1.00000', 'Aiman Foods	Prime Corporation	00027900371055\r\nSlip # 7552350	Khuzdar', NULL, NULL, '49', '2021-06-21 18:25:30', NULL, '1', '1', NULL, 'Posted', NULL, '0', NULL),
('86ac0cf8-bdbe-45e2-943c-3bbfed1a45ea', 'f9d0b90d-631a-4f45-982c-d8223bd65c0d', 44, '2021-04-05', 2021, '1', NULL, '-', '1', '1.00000', 'Aiman Foods	Prime Corporation	1163777341003928\r\nSlip # 1972833	D.M.Jamali', NULL, NULL, '49', '2021-06-28 21:52:43', NULL, '1', '1', NULL, 'Posted', NULL, '0', NULL),
('86e0163f-89a7-417b-b737-34c089a91821', 'f9d0b90d-631a-4f45-982c-d8223bd65c0d', 57, '2021-04-17', 2021, '7', NULL, '-', '1', '1.00000', 'All Issued April-2021 MIR.', NULL, NULL, '49', '2021-06-22 15:44:01', NULL, '1', '1', NULL, NULL, NULL, '0', NULL),
('874c46ff-1cd8-4934-a617-83b1333de5ae', 'f9d0b90d-631a-4f45-982c-d8223bd65c0d', 30, '2021-03-24', 2021, '7', NULL, '-', '1', '1.00000', NULL, NULL, NULL, '49', '2021-06-20 20:58:49', NULL, '1', '1', NULL, NULL, NULL, '0', NULL),
('88198f82-624e-4edb-9368-b7e64097146f', 'f9d0b90d-631a-4f45-982c-d8223bd65c0d', 109, '2021-07-16', 2021, '1', NULL, NULL, '1', '1.00000', NULL, NULL, NULL, '8', '2021-07-16 14:51:34', NULL, '1', '1', NULL, NULL, NULL, '1', NULL),
('88995863-5d71-4b4a-bfcf-3f02b5f982df', 'f9d0b90d-631a-4f45-982c-d8223bd65c0d', 47, '2021-03-02', 2021, '7', NULL, '-', '1', '1.00000', NULL, NULL, NULL, '49', '2021-06-21 22:50:11', NULL, '1', '1', NULL, 'Posted', NULL, '0', NULL),
('88cce9aa-02bc-4793-9f32-8653fd2f5495', 'f9d0b90d-631a-4f45-982c-d8223bd65c0d', 11, '2021-07-15', 2021, '5', NULL, NULL, '1', '1.00000', NULL, NULL, NULL, '8', '2021-07-15 12:43:31', NULL, '1', '1', NULL, NULL, NULL, '0', NULL),
('89d0c3db-6677-43a5-8c15-6d55eaa82707', 'f9d0b90d-631a-4f45-982c-d8223bd65c0d', 1, '2021-08-05', 2021, '6', NULL, '-', '1', '1.00000', 'burraque', NULL, NULL, '8', '2021-08-05 13:20:39', NULL, '1', '1', NULL, NULL, NULL, '0', NULL),
('8a1cfe89-d192-4736-9904-c32fcd26ac27', 'f9d0b90d-631a-4f45-982c-d8223bd65c0d', 40, '2021-03-29', 2021, '7', NULL, '-', '1', '1.00000', NULL, NULL, NULL, '49', '2021-06-20 23:21:40', NULL, '1', '1', NULL, NULL, NULL, '0', NULL),
('8ab1b3a0-57f1-4d6e-abd2-bf60386ffff8', 'f9d0b90d-631a-4f45-982c-d8223bd65c0d', 2, '2021-02-14', 2021, '7', NULL, '-', '1', '1.00000', NULL, NULL, NULL, '31', '2021-06-15 17:28:27', NULL, '1', '1', NULL, NULL, NULL, '0', NULL),
('8ab5773f-03e6-4650-9917-21c836a538fa', 'f9d0b90d-631a-4f45-982c-d8223bd65c0d', 9, '2021-02-23', 2021, '1', NULL, '-', '1', '1.00000', 'Trust Pack Pvt Ltd	SW Enterprise	1589790997403	HBL\r\nSlip # 2961358	Nasirabad', NULL, NULL, '49', '2021-06-20 16:48:21', NULL, '1', '1', NULL, 'posted', NULL, '0', NULL),
('8aecceb0-3b94-4a1a-811d-a30a110f390a', 'f9d0b90d-631a-4f45-982c-d8223bd65c0d', 2, '2021-07-13', 2021, '2', NULL, NULL, '1', '1.00000', 'aaaaa', NULL, NULL, '8', '2021-07-13 13:05:12', 8, '1', '1', NULL, NULL, NULL, '1', NULL),
('8d08882e-8991-4e91-94b3-0a1ffbe1f215', 'f9d0b90d-631a-4f45-982c-d8223bd65c0d', 38, '2021-03-29', 2021, '7', NULL, '-', '1', '1.00000', NULL, NULL, NULL, '49', '2021-06-20 23:04:02', NULL, '1', '1', NULL, NULL, NULL, '0', NULL),
('8d55b86d-3fa1-43e5-b97c-30691522a528', 'f9d0b90d-631a-4f45-982c-d8223bd65c0d', 78, '2021-08-09', 2021, '7', NULL, '-', '1', '1.00000', 'fffffffff', NULL, NULL, '8', '2021-08-09 11:23:33', NULL, '1', '1', NULL, 'Posted', NULL, '0', NULL),
('8ee2de82-8f63-453a-a2c1-5403528f4c58', 'f9d0b90d-631a-4f45-982c-d8223bd65c0d', 28, '2021-08-04', 2021, '2', NULL, NULL, '1', '1.00000', 'ddddd', NULL, NULL, '8', '2021-08-04 15:31:31', NULL, '1', '1', NULL, NULL, NULL, '1', NULL),
('8f5a3295-bdb7-4cb3-8e08-7ff94664c8ad', 'f9d0b90d-631a-4f45-982c-d8223bd65c0d', 26, '2021-03-16', 2021, '1', NULL, '-', '1', '1.00000', 'Trust Pack Pvt Ltd	WS Traders	0477001006975016\r\nSlip # 3076299	Hyderabad', NULL, NULL, '49', '2021-06-21 18:10:43', NULL, '1', '1', NULL, 'Posted', NULL, '0', NULL),
('916b7acd-29d3-499c-a76c-b8a6771f80a8', 'f9d0b90d-631a-4f45-982c-d8223bd65c0d', 98, '2021-07-16', 2021, '1', NULL, NULL, '1', '1.00000', NULL, NULL, NULL, '8', '2021-07-16 14:15:17', NULL, '1', '1', NULL, NULL, NULL, '1', NULL),
('92376ab2-fdb3-4498-b423-9f4220934430', 'f9d0b90d-631a-4f45-982c-d8223bd65c0d', 3, '2021-07-15', 2021, '5', NULL, NULL, '1', '1.00000', 'aaaa', NULL, NULL, '8', '2021-07-15 10:15:26', NULL, '1', '1', NULL, NULL, NULL, '0', NULL),
('9265566d-238f-466b-895f-694162ca3f51', 'f9d0b90d-631a-4f45-982c-d8223bd65c0d', 43, '2021-04-02', 2021, '1', NULL, '-', '1', '1.00000', 'Aiman Foods	Prime Corporation	1163777341003928\r\nSlip # 1256214	Chaagi', NULL, NULL, '49', '2021-06-28 21:52:35', NULL, '1', '1', NULL, 'Posted', NULL, '0', NULL),
('96925b9f-b31c-481b-ac89-2626b27d23a1', 'f9d0b90d-631a-4f45-982c-d8223bd65c0d', 48, '2021-03-02', 2021, '7', NULL, '-', '1', '1.00000', NULL, NULL, NULL, '49', '2021-06-21 22:50:11', NULL, '1', '1', NULL, NULL, NULL, '0', NULL),
('975eabab-9267-4896-b036-919b415f66b2', 'f9d0b90d-631a-4f45-982c-d8223bd65c0d', 75, '2021-08-09', 2021, '7', NULL, '-', '1', '1.00000', 'fffffffff', NULL, NULL, '8', '2021-08-09 11:12:53', NULL, '1', '1', NULL, 'Posted', NULL, '0', NULL),
('97f8f310-68e1-4873-9c04-eb6caa7586e0', 'f9d0b90d-631a-4f45-982c-d8223bd65c0d', 6, '2021-08-05', 2021, '3', NULL, NULL, '1', '1.00000', 'afasfda', NULL, NULL, '8', '2021-08-05 12:35:05', NULL, '1', '1', NULL, NULL, NULL, '1', NULL),
('9868a047-65f0-4c1f-8e4e-3b5923021c2c', 'f9d0b90d-631a-4f45-982c-d8223bd65c0d', 58, '2021-07-05', 2021, '1', NULL, '-', '1', '1.00000', '', NULL, NULL, '8', '2021-07-05 19:53:05', NULL, '1', '1', NULL, 'Posted', NULL, '1', NULL),
('988602a0-4538-4327-ac0a-d9a1b944621e', 'f9d0b90d-631a-4f45-982c-d8223bd65c0d', 50, '2021-04-16', 2021, '1', NULL, '-', '1', '1.00000', 'Aiman Foods	Prime Corporation	00027900371055\r\nMobile Banking', NULL, NULL, '49', '2021-06-28 21:53:44', NULL, '1', '1', NULL, NULL, NULL, '0', NULL),
('98b17ca5-4346-43fb-83f9-1ff5a45d4326', 'f9d0b90d-631a-4f45-982c-d8223bd65c0d', 38, '2021-03-30', 2021, '1', NULL, '-', '1', '1.00000', 'Aiman Foods	Prime Corporation	00027900371055\r\nSlip # 1327211	Radhan', NULL, NULL, '49', '2021-06-21 18:30:37', NULL, '1', '1', NULL, 'Posted', NULL, '0', NULL),
('99d91ebc-a0ed-443b-aed5-44e35123023d', 'f9d0b90d-631a-4f45-982c-d8223bd65c0d', 54, '2021-03-14', 2021, '7', NULL, '-', '1', '1.00000', NULL, NULL, NULL, '49', '2021-06-21 22:53:03', NULL, '1', '1', NULL, NULL, NULL, '0', NULL),
('9a17cd4a-e20b-477b-9f1f-d4999f430838', 'f9d0b90d-631a-4f45-982c-d8223bd65c0d', 104, '2021-07-16', 2021, '1', NULL, NULL, '1', '1.00000', NULL, NULL, NULL, '8', '2021-07-16 14:38:02', NULL, '1', '1', NULL, NULL, NULL, '1', NULL),
('9ade7eae-9704-4558-b3bc-0bbd6360ec1d', 'f9d0b90d-631a-4f45-982c-d8223bd65c0d', 96, '2021-08-09', 2021, '7', NULL, '-', '1', '1.00000', 'wwwwwwwwww', NULL, NULL, '8', '2021-08-09 12:12:35', NULL, '1', '1', NULL, 'Posted', NULL, '0', NULL),
('9bb861f7-f550-43df-9120-347749ef07e7', 'f9d0b90d-631a-4f45-982c-d8223bd65c0d', 60, '2021-07-05', 2021, '1', NULL, '-', '1', '1.00000', '', NULL, NULL, '8', '2021-07-05 19:55:11', NULL, '1', '1', NULL, 'Posted', NULL, '1', NULL),
('9bd9fdf0-4772-4ab4-aefd-da97f1b2b2ba', 'f9d0b90d-631a-4f45-982c-d8223bd65c0d', 33, '2021-03-28', 2021, '7', NULL, '-', '1', '1.00000', NULL, NULL, NULL, '49', '2021-06-20 21:45:49', NULL, '1', '1', NULL, NULL, NULL, '0', NULL),
('9d3ab789-f50d-4fe2-b08c-d3f1901eb9af', 'f9d0b90d-631a-4f45-982c-d8223bd65c0d', 15, '2021-07-15', 2021, '5', NULL, NULL, '1', '1.00000', NULL, NULL, NULL, '8', '2021-07-15 12:54:50', NULL, '1', '1', NULL, NULL, NULL, '0', NULL),
('9d8b9346-8c0a-47e4-ab75-2413ad440cad', 'f9d0b90d-631a-4f45-982c-d8223bd65c0d', 11, '2021-02-22', 2021, '7', NULL, '-', '1', '1.00000', NULL, NULL, NULL, '49', '2021-06-15 23:50:46', NULL, '1', '1', NULL, NULL, NULL, '0', NULL),
('9db34177-efbb-4dcb-a075-a83cbc53817a', 'f9d0b90d-631a-4f45-982c-d8223bd65c0d', 23, '2021-02-23', 2021, '7', NULL, '-', '1', '1.00000', NULL, NULL, NULL, '49', '2021-06-16 00:35:13', NULL, '1', '1', NULL, NULL, NULL, '0', NULL),
('9f173704-9893-4522-952a-0297869bdf99', 'f9d0b90d-631a-4f45-982c-d8223bd65c0d', 1, '2021-06-29', 2021, '8', NULL, '-', '1', '1.00000', NULL, NULL, NULL, '8', '2021-06-29 14:16:22', NULL, '1', '1', NULL, 'Posted', NULL, '0', NULL),
('9fc33c7f-e04f-43e8-b8c9-65fa0cfcbea5', 'f9d0b90d-631a-4f45-982c-d8223bd65c0d', 84, '2021-07-16', 2021, '1', NULL, NULL, '1', '1.00000', NULL, NULL, NULL, '8', '2021-07-16 12:42:28', NULL, '1', '1', NULL, NULL, NULL, '1', NULL),
('a14ddf91-e1bf-4754-99e3-3fac94b9bcee', 'f9d0b90d-631a-4f45-982c-d8223bd65c0d', 20, '2021-07-16', 2021, '2', NULL, NULL, '1', '1.00000', NULL, NULL, NULL, '8', '2021-07-16 12:15:31', NULL, '1', '1', NULL, NULL, NULL, '1', NULL),
('a235ff5b-d8b7-4646-bbc7-9e912753de02', 'f9d0b90d-631a-4f45-982c-d8223bd65c0d', 3, '2021-07-05', 2021, '8', NULL, '-', '1', '1.00000', NULL, NULL, NULL, '8', '2021-07-05 19:49:55', NULL, '1', '1', NULL, NULL, NULL, '0', NULL),
('a282101a-5339-4134-90a2-503a32816cd3', 'f9d0b90d-631a-4f45-982c-d8223bd65c0d', 2, '2021-07-16', 2021, '4', NULL, NULL, '1', '1.00000', 'sss', NULL, NULL, '8', '2021-07-16 11:01:54', NULL, '1', '1', NULL, NULL, NULL, '1', NULL),
('a31bfeb3-bcde-4400-b463-71d91ab9f369', 'f9d0b90d-631a-4f45-982c-d8223bd65c0d', 22, '2021-03-11', 2021, '1', NULL, '-', '1', '1.00000', 'Trust Pack Pvt Ltd	WS Traders	0477001006975016\r\nSlip # 3967664	Hyderabad', NULL, NULL, '49', '2021-06-21 18:04:24', NULL, '1', '1', NULL, 'Posted', NULL, '0', NULL),
('a5192442-4782-4366-b899-ae9876cb5fbe', 'f9d0b90d-631a-4f45-982c-d8223bd65c0d', 1, '2021-02-18', 2021, '3', NULL, '-', '1', '1.00000', 'MZN Slip # 6962737', NULL, NULL, '49', '2021-06-20 16:37:25', NULL, '1', '1', NULL, 'posted', NULL, '0', NULL),
('a68a783a-4a8d-4ae3-b465-60dd637c726c', 'f9d0b90d-631a-4f45-982c-d8223bd65c0d', 3, '2021-07-13', 2021, '2', NULL, NULL, '1', '1.00000', 'aaaa', NULL, NULL, '8', '2021-07-13 13:05:48', NULL, '1', '1', NULL, NULL, NULL, '1', NULL),
('a69cecf6-7f7a-42c3-8700-62494f33b625', 'f9d0b90d-631a-4f45-982c-d8223bd65c0d', 2, '2021-07-05', 2021, '5', NULL, NULL, '1', '1.00000', NULL, NULL, NULL, '8', '2021-07-05 20:22:31', NULL, '1', '1', NULL, NULL, NULL, '0', NULL),
('a755d6ec-9101-4a09-9672-b9379e6abe30', 'f9d0b90d-631a-4f45-982c-d8223bd65c0d', 116, '2021-08-05', 2021, '1', NULL, NULL, '1', '1.00000', 'today3', NULL, NULL, '8', '2021-08-05 12:59:18', 8, '1', '1', NULL, 'Posted', NULL, '1', NULL),
('a82af07e-932f-4473-b14b-ac830817bb80', 'f9d0b90d-631a-4f45-982c-d8223bd65c0d', 67, '2021-07-13', 2021, '1', NULL, NULL, '1', '1.00000', NULL, NULL, NULL, '8', '2021-07-13 12:55:17', NULL, '1', '1', NULL, 'Posted', NULL, '1', NULL),
('a8727da8-c138-4916-be1c-c97dc71f3006', 'f9d0b90d-631a-4f45-982c-d8223bd65c0d', 29, '2021-03-22', 2021, '1', NULL, '-', '1', '1.00000', 'Trust Pack Pvt Ltd	WS Traders	04427901635203\r\nSlip # 296737', NULL, NULL, '49', '2021-06-21 18:14:10', NULL, '1', '1', NULL, 'Posted', NULL, '0', NULL),
('a8d7a34e-5c89-476f-a722-510a59232d66', 'f9d0b90d-631a-4f45-982c-d8223bd65c0d', 45, '2021-04-07', 2021, '1', NULL, '-', '1', '1.00000', 'Publico Printers	Kamran Afzal	02370101381386\r\nSlip # 1399584	Hyderabad', NULL, NULL, '49', '2021-06-28 21:52:50', NULL, '1', '1', NULL, 'Posted', NULL, '0', NULL),
('a90800be-6193-4903-afab-1833aaaf7e75', 'f9d0b90d-631a-4f45-982c-d8223bd65c0d', 23, '2021-07-15', 2021, '5', NULL, NULL, '1', '1.00000', NULL, NULL, NULL, '8', '2021-07-15 13:07:49', NULL, '1', '1', NULL, NULL, NULL, '0', NULL),
('a928a504-0e56-46c6-b566-7364b29629ca', 'f9d0b90d-631a-4f45-982c-d8223bd65c0d', 111, '2021-08-02', 2021, '1', NULL, 'NULL', '1', '1.00000', 'dddd', NULL, NULL, '8', '2021-08-02 18:12:50', 8, '1', '1', NULL, 'Posted', NULL, '0', NULL),
('aa66667b-fc7f-42ad-9721-a017564289d8', 'f9d0b90d-631a-4f45-982c-d8223bd65c0d', 79, '2021-08-09', 2021, '7', NULL, '-', '1', '1.00000', 'fffffffff', NULL, NULL, '8', '2021-08-09 11:24:54', NULL, '1', '1', NULL, 'Posted', NULL, '0', NULL),
('aafb7a9a-20b8-4de7-aa0d-a2d1059d7bee', 'f9d0b90d-631a-4f45-982c-d8223bd65c0d', 55, '2021-06-29', 2021, '1', NULL, NULL, '1', '1.00000', 'reciepts', NULL, NULL, '8', '2021-06-29 11:47:30', 8, '1', '1', NULL, 'Posted', NULL, '1', NULL),
('abe404da-ce82-4f9f-87bf-e31422bdf4f5', 'f9d0b90d-631a-4f45-982c-d8223bd65c0d', 7, '2021-02-22', 2021, '1', NULL, '-', '1', '1.00000', 'Trust Pack Pvt Ltd	Nature Harvest Pvt Ltd	0104360203	MBL\r\nSlip # 9138311 Dukki', NULL, NULL, '49', '2021-06-20 16:46:20', NULL, '1', '1', NULL, 'posted', NULL, '0', NULL),
('ac305c19-dc68-4057-b221-85bb644ea264', 'f9d0b90d-631a-4f45-982c-d8223bd65c0d', 2, '2021-02-09', 2021, '1', NULL, '-', '1', '1.00000', 'Pay To: W.S Traders (Paper Payment( HBL)', NULL, NULL, '49', '2021-06-20 16:20:52', NULL, '1', '1', NULL, 'posted', NULL, '0', NULL);
INSERT INTO `fs_transmains` (`id`, `company_id`, `number`, `date`, `month`, `voucher_type`, `voucher_number`, `cheque_number`, `cur_id`, `cur_rate`, `note`, `vendor_id`, `customer_id`, `created_by`, `created_at`, `updated_by`, `approve_by`, `checked_by`, `varified_by`, `post_status`, `lock_status`, `editable`, `delete`) VALUES
('ac76a8e2-0ce1-4c06-b04d-71984ad224fa', 'f9d0b90d-631a-4f45-982c-d8223bd65c0d', 29, '2021-08-02', 2021, '5', NULL, NULL, '1', '1.00000', 'ccccc', NULL, NULL, '8', '2021-08-02 11:06:57', NULL, '1', '1', NULL, NULL, NULL, '0', NULL),
('acb2de69-0ecb-4e58-a121-d9338ab94475', 'f9d0b90d-631a-4f45-982c-d8223bd65c0d', 103, '2021-07-16', 2021, '1', NULL, NULL, '1', '1.00000', NULL, NULL, NULL, '8', '2021-07-16 14:33:25', NULL, '1', '1', NULL, 'Posted', NULL, '1', NULL),
('ad0b588a-1492-4ced-a5d2-8b4fdd333bf7', 'f9d0b90d-631a-4f45-982c-d8223bd65c0d', 1, '2021-06-29', 2021, '5', NULL, NULL, '1', '1.00000', 'journel voucher', NULL, NULL, '8', '2021-06-29 12:44:34', NULL, '1', '1', NULL, NULL, NULL, '0', NULL),
('ad4427a1-9319-4547-ac3c-88c7c65bb94c', 'f9d0b90d-631a-4f45-982c-d8223bd65c0d', 7, '2021-08-07', 2021, '6', NULL, 'NULL', '1', '1.00000', 'Second Purchase Invoice', NULL, NULL, '8', '2021-08-07 13:11:54', 8, '1', '1', NULL, NULL, NULL, '0', NULL),
('b22609af-bae8-4866-9602-247cf79d87a4', 'f9d0b90d-631a-4f45-982c-d8223bd65c0d', 6, '2021-08-07', 2021, '2', NULL, 'NULL', '1', '1.00000', 'payment pulico printers', NULL, NULL, '8', '2021-08-07 14:25:29', 8, '1', '1', NULL, NULL, NULL, '0', NULL),
('b2e82695-7b52-43a5-b332-4e7ac37d3271', 'f9d0b90d-631a-4f45-982c-d8223bd65c0d', 4, '2021-08-04', 2021, '4', NULL, NULL, '1', '1.00000', NULL, NULL, NULL, '8', '2021-08-04 15:31:56', NULL, '1', '1', NULL, NULL, NULL, '1', NULL),
('b34f2130-cd32-4e32-b2a3-67d6703b9baa', 'f9d0b90d-631a-4f45-982c-d8223bd65c0d', 93, '2021-07-16', 2021, '1', NULL, NULL, '1', '1.00000', NULL, NULL, NULL, '8', '2021-07-16 13:12:06', NULL, '1', '1', NULL, NULL, NULL, '1', NULL),
('b376b442-6dec-4571-92e7-9dc1d1f82033', 'f9d0b90d-631a-4f45-982c-d8223bd65c0d', 8, '2021-08-09', 2021, '6', NULL, 'NULL', '1', '1.00000', 'check stock in table or not', NULL, NULL, '8', '2021-08-09 09:47:04', 8, '1', '1', NULL, NULL, NULL, '0', NULL),
('b439d6a2-bb29-4a26-ad63-82a2250bd86e', 'f9d0b90d-631a-4f45-982c-d8223bd65c0d', 9, '2021-07-13', 2021, '2', NULL, NULL, '1', '1.00000', 'sss', NULL, NULL, '8', '2021-07-13 14:01:10', NULL, '1', '1', NULL, NULL, NULL, '1', NULL),
('b469ec3c-3bbd-4f77-b5e6-d29910178741', 'f9d0b90d-631a-4f45-982c-d8223bd65c0d', 24, '2021-07-16', 2021, '2', NULL, NULL, '1', '1.00000', NULL, NULL, NULL, '8', '2021-07-16 12:21:27', NULL, '1', '1', NULL, NULL, NULL, '1', NULL),
('b5720bb5-fc80-477b-9de0-3c12b5baa89e', 'f9d0b90d-631a-4f45-982c-d8223bd65c0d', 50, '2021-03-06', 2021, '7', NULL, '-', '1', '1.00000', NULL, NULL, NULL, '49', '2021-06-21 22:50:50', NULL, '1', '1', NULL, NULL, NULL, '0', NULL),
('b663852f-3b10-494c-ad31-3e488b014004', 'f9d0b90d-631a-4f45-982c-d8223bd65c0d', 56, '2021-03-14', 2021, '7', NULL, '-', '1', '1.00000', NULL, NULL, NULL, '49', '2021-06-21 22:53:54', NULL, '1', '1', NULL, NULL, NULL, '0', NULL),
('b7ac0cce-76da-4e02-9ea1-80b183463b08', 'f9d0b90d-631a-4f45-982c-d8223bd65c0d', 70, '2021-04-29', 2021, '7', NULL, '-', '1', '1.00000', NULL, NULL, NULL, '49', '2021-06-22 21:01:58', NULL, '1', '1', NULL, NULL, NULL, '0', NULL),
('b8e3dc9b-7cca-46b5-93a5-f4af945c4216', 'f9d0b90d-631a-4f45-982c-d8223bd65c0d', 21, '2021-06-15', 2021, '7', NULL, '-', '1', '1.00000', NULL, NULL, NULL, '49', '2021-06-16 00:31:04', NULL, '1', '1', NULL, NULL, NULL, '0', NULL),
('b94c0147-ed5c-45b2-a96f-91eeb01599b9', 'f9d0b90d-631a-4f45-982c-d8223bd65c0d', 1, '2021-01-15', 2021, '1', NULL, '-', '1', '1.00000', 'Pay To WS Traders Paper HBL', NULL, NULL, '31', '2021-06-20 16:04:55', NULL, '1', '1', NULL, 'posted', NULL, '0', NULL),
('b9bcc406-db3a-4b6e-bce7-5ff2b91594c2', 'f9d0b90d-631a-4f45-982c-d8223bd65c0d', 72, '2021-08-09', 2021, '7', NULL, '-', '1', '1.00000', 'sale invoice', NULL, NULL, '8', '2021-08-09 11:01:53', NULL, '1', '1', NULL, 'Posted', NULL, '0', NULL),
('ba1fa0b5-abf8-49f7-a0cd-1449c342b61c', 'f9d0b90d-631a-4f45-982c-d8223bd65c0d', 75, '2021-07-16', 2021, '1', NULL, NULL, '1', '1.00000', NULL, NULL, NULL, '8', '2021-07-16 12:31:47', NULL, '1', '1', NULL, NULL, NULL, '1', NULL),
('baa1e8d6-7742-4318-b6a6-06648fa8e85a', 'f9d0b90d-631a-4f45-982c-d8223bd65c0d', 61, '2021-04-17', 2021, '7', NULL, '-', '1', '1.00000', NULL, NULL, NULL, '49', '2021-06-22 16:20:32', NULL, '1', '1', NULL, NULL, NULL, '0', NULL),
('bc26c8e2-5e9c-442b-9a51-df6b57102d20', 'f9d0b90d-631a-4f45-982c-d8223bd65c0d', 64, '2021-07-05', 2021, '1', NULL, '-', '1', '1.00000', '', NULL, NULL, '8', '2021-07-05 19:59:15', NULL, '1', '1', NULL, 'Posted', NULL, '1', NULL),
('bc2e3a89-db69-432b-987e-fd3048b02fb5', 'f9d0b90d-631a-4f45-982c-d8223bd65c0d', 15, '2021-03-04', 2021, '1', NULL, '-', '1', '1.00000', 'Publico Printers	Kamran Afzal	02370101381386\r\nSlip # NA Multan', NULL, NULL, '49', '2021-06-21 16:10:40', NULL, '1', '1', NULL, 'Posted', NULL, '0', NULL),
('c071980e-b2b9-4c5e-8395-e7d11cfc67e3', 'f9d0b90d-631a-4f45-982c-d8223bd65c0d', 29, '2021-08-05', 2021, '2', NULL, NULL, '1', '1.00000', 'payment today1', NULL, NULL, '8', '2021-08-05 13:07:16', 8, '1', '1', NULL, NULL, NULL, '1', NULL),
('c10e76ab-4155-4e2d-9717-8ba241234d31', 'f9d0b90d-631a-4f45-982c-d8223bd65c0d', 96, '2021-07-16', 2021, '1', NULL, NULL, '1', '1.00000', NULL, NULL, NULL, '8', '2021-07-16 14:13:24', NULL, '1', '1', NULL, NULL, NULL, '1', NULL),
('c20ab7fa-376d-40ce-99eb-0d6a740906cc', 'f9d0b90d-631a-4f45-982c-d8223bd65c0d', 8, '2021-02-22', 2021, '1', NULL, '-', '1', '1.00000', 'Trust Pack Pvt Ltd	Nature Harvest Pvt Ltd	0104360203	MBL\r\n1504470	Chaman', NULL, NULL, '49', '2021-06-20 16:47:10', NULL, '1', '1', NULL, 'posted', NULL, '0', NULL),
('c5337494-fd52-45e8-b39d-0352ea406bd2', 'f9d0b90d-631a-4f45-982c-d8223bd65c0d', 27, '2021-02-11', 2021, '7', NULL, '-', '1', '1.00000', NULL, NULL, NULL, '49', '2021-06-20 20:14:15', NULL, '1', '1', NULL, NULL, NULL, '0', NULL),
('c6d2e91d-dabf-479b-99d1-24ac2796f256', 'f9d0b90d-631a-4f45-982c-d8223bd65c0d', 59, '2021-04-17', 2021, '7', NULL, '-', '1', '1.00000', NULL, NULL, NULL, '49', '2021-06-22 16:14:45', NULL, '1', '1', NULL, NULL, NULL, '0', NULL),
('c6fee857-e515-4cac-a61f-1e50c121125f', 'f9d0b90d-631a-4f45-982c-d8223bd65c0d', 61, '2021-07-05', 2021, '1', NULL, '-', '1', '1.00000', '', NULL, NULL, '8', '2021-07-05 19:55:38', NULL, '1', '1', NULL, 'Posted', NULL, '1', NULL),
('c726f55b-6190-4571-bf76-467d36ae16de', 'f9d0b90d-631a-4f45-982c-d8223bd65c0d', 33, '2021-03-24', 2021, '1', NULL, '-', '1', '1.00000', 'Trust Pack Pvt Ltd	WS Traders	02160104450949\r\nSlip # 0045248	Quetta', NULL, NULL, '49', '2021-06-21 18:23:38', NULL, '1', '1', NULL, 'Posted', NULL, '0', NULL),
('c77e67f1-550f-4cf5-8229-bd9d0e2920fe', 'f9d0b90d-631a-4f45-982c-d8223bd65c0d', 12, '2021-03-02', 2021, '1', NULL, 'NULL', '1', '1.00000', 'Trust Pack Pvt Ltd	WS Traders	04427901635203\r\nSLip # 741565	Kakar', NULL, NULL, '49', '2021-06-21 16:05:01', 49, '1', '1', NULL, 'Posted', NULL, '0', NULL),
('c7ac5305-a43a-4966-88a1-309046e40dd8', 'f9d0b90d-631a-4f45-982c-d8223bd65c0d', 3, '2021-02-19', 2021, '7', NULL, '-', '1', '1.00000', 'FC', NULL, NULL, '49', '2021-06-15 21:35:49', NULL, '1', '1', NULL, NULL, NULL, '0', NULL),
('c8ed5162-92d2-4a19-905a-2920780a4910', 'f9d0b90d-631a-4f45-982c-d8223bd65c0d', 19, '2021-07-16', 2021, '2', NULL, NULL, '1', '1.00000', NULL, NULL, NULL, '8', '2021-07-16 12:14:24', NULL, '1', '1', NULL, NULL, NULL, '1', NULL),
('c9a06366-22ed-4d01-8ba6-1c9debd9ef9c', 'f9d0b90d-631a-4f45-982c-d8223bd65c0d', 16, '2021-03-05', 2021, '1', NULL, '-', '1', '1.00000', 'Publico Printers	Kamran Afzal	55150115000013010\r\nSlip # 256894	Ratodero', NULL, NULL, '49', '2021-06-21 16:11:24', NULL, '1', '1', NULL, 'Posted', NULL, '0', NULL),
('c9b2c161-db23-4e84-acd7-f26d5239eb75', 'f9d0b90d-631a-4f45-982c-d8223bd65c0d', 10, '2021-03-01', 2021, '1', NULL, '-', '1', '1.00000', 'Trust Pack Pvt Ltd	SW Enterprise	1589790997403\r\n3155362	Nasirabad', NULL, NULL, '49', '2021-06-21 16:03:46', NULL, '1', '1', NULL, 'Posted', NULL, '0', NULL),
('cbca026f-edb3-4bc4-ada5-16debcd056f2', 'f9d0b90d-631a-4f45-982c-d8223bd65c0d', 14, '2021-03-04', 2021, '1', NULL, '-', '1', '1.00000', 'Aiman Foods	Prime Corporation	00027900371055\r\nSlip # 727618	Larkana', NULL, NULL, '49', '2021-06-21 16:09:43', NULL, '1', '1', NULL, 'Posted', NULL, '0', NULL),
('cdc1ca92-9911-4ecc-a7f4-6b62d69ec427', 'f9d0b90d-631a-4f45-982c-d8223bd65c0d', 110, '2021-07-16', 2021, '1', NULL, NULL, '1', '1.00000', NULL, NULL, NULL, '8', '2021-07-16 14:54:03', NULL, '1', '1', NULL, 'Posted', NULL, '1', NULL),
('cdf42bf8-3d6a-4621-92e7-bc411063fb57', 'f9d0b90d-631a-4f45-982c-d8223bd65c0d', 62, '2021-07-05', 2021, '1', NULL, '-', '1', '1.00000', '', NULL, NULL, '8', '2021-07-05 19:56:46', NULL, '1', '1', NULL, 'Posted', NULL, '1', NULL),
('cec0e150-5f7a-4224-8c1d-14aa834484c4', 'f9d0b90d-631a-4f45-982c-d8223bd65c0d', 8, '2021-07-13', 2021, '2', NULL, NULL, '1', '1.00000', 'sss', NULL, NULL, '8', '2021-07-13 14:00:55', NULL, '1', '1', NULL, NULL, NULL, '1', NULL),
('cec8a2f3-ee14-4c37-8020-34ce46d54bef', 'f9d0b90d-631a-4f45-982c-d8223bd65c0d', 59, '2021-07-05', 2021, '1', NULL, '-', '1', '1.00000', '', NULL, NULL, '8', '2021-07-05 19:54:19', NULL, '1', '1', NULL, 'Posted', NULL, '1', NULL),
('cf39f4f0-0196-445d-a472-c06d020aa821', 'f9d0b90d-631a-4f45-982c-d8223bd65c0d', 66, '2021-07-13', 2021, '1', NULL, NULL, '1', '1.00000', NULL, NULL, NULL, '8', '2021-07-13 12:54:00', 8, '1', '1', NULL, 'Posted', NULL, '1', NULL),
('cfa565b9-dc1b-4244-a4d9-fdf35a899668', 'f9d0b90d-631a-4f45-982c-d8223bd65c0d', 43, '2021-03-29', 2021, '7', NULL, '-', '1', '1.00000', NULL, NULL, NULL, '49', '2021-06-20 23:37:37', NULL, '1', '1', NULL, NULL, NULL, '0', NULL),
('d02a2f5d-337e-4d4e-9b33-1b798d9d326b', 'f9d0b90d-631a-4f45-982c-d8223bd65c0d', 85, '2021-08-09', 2021, '7', NULL, '-', '1', '1.00000', 'adsaada', NULL, NULL, '8', '2021-08-09 11:46:43', NULL, '1', '1', NULL, 'Posted', NULL, '0', NULL),
('d045aebf-c274-4816-9588-a7e5b1400494', 'f9d0b90d-631a-4f45-982c-d8223bd65c0d', 113, '2021-08-04', 2021, '1', NULL, 'ewew', '1', '1.00000', NULL, NULL, NULL, '8', '2021-08-04 14:59:23', NULL, '1', '1', NULL, 'Posted', NULL, '1', NULL),
('d0aabe59-ca6a-467f-a20a-e2ca5b7eb53d', 'f9d0b90d-631a-4f45-982c-d8223bd65c0d', 81, '2021-08-09', 2021, '7', NULL, '-', '1', '1.00000', 'fffffffff', NULL, NULL, '8', '2021-08-09 11:26:05', NULL, '1', '1', NULL, 'Posted', NULL, '0', NULL),
('d100fc0a-eb92-495d-b9f4-e4a0b5333e5c', 'f9d0b90d-631a-4f45-982c-d8223bd65c0d', 25, '2021-07-16', 2021, '2', NULL, NULL, '1', '1.00000', NULL, NULL, NULL, '8', '2021-07-16 12:22:07', NULL, '1', '1', NULL, NULL, NULL, '1', NULL),
('d10aa476-25c2-44f4-a69c-51bc4da396bd', 'f9d0b90d-631a-4f45-982c-d8223bd65c0d', 69, '2021-07-13', 2021, '1', NULL, NULL, '1', '1.00000', NULL, NULL, NULL, '8', '2021-07-13 13:04:09', NULL, '1', '1', NULL, 'Posted', NULL, '1', NULL),
('d21dfba4-0c36-41b7-bf0b-b22aa6d88b3e', 'f9d0b90d-631a-4f45-982c-d8223bd65c0d', 19, '2021-07-15', 2021, '5', NULL, NULL, '1', '1.00000', NULL, NULL, NULL, '8', '2021-07-15 13:00:07', NULL, '1', '1', NULL, NULL, NULL, '0', NULL),
('d6949cad-f64c-46b0-84ab-e03ab54c04bf', 'f9d0b90d-631a-4f45-982c-d8223bd65c0d', 20, '2021-07-15', 2021, '5', NULL, NULL, '1', '1.00000', NULL, NULL, NULL, '8', '2021-07-15 13:01:54', NULL, '1', '1', NULL, NULL, NULL, '0', NULL),
('d7063b24-fa5a-4008-ad72-7a6a2878c0b8', 'f9d0b90d-631a-4f45-982c-d8223bd65c0d', 34, '2021-03-24', 2021, '1', NULL, '-', '1', '1.00000', 'Trust Pack Pvt Ltd	WS Traders	04427901635203\r\nSlip # 3822005128	Mobile', NULL, NULL, '49', '2021-06-21 18:24:42', NULL, '1', '1', NULL, 'Posted', NULL, '0', NULL),
('d754f158-54f6-4968-b9bf-e0976fac7919', 'f9d0b90d-631a-4f45-982c-d8223bd65c0d', 11, '2021-07-13', 2021, '2', NULL, NULL, '1', '1.00000', 'aaaa', NULL, NULL, '8', '2021-07-13 14:26:16', NULL, '1', '1', NULL, NULL, NULL, '1', NULL),
('d76d7fcd-6167-4cd3-a63a-be60345d6917', 'f9d0b90d-631a-4f45-982c-d8223bd65c0d', 118, '2021-08-05', 2021, '1', NULL, '-', '1', '1.00000', 'ddddd', NULL, NULL, '8', '2021-08-05 13:16:08', NULL, '1', '1', NULL, 'Posted', NULL, '0', NULL),
('d9901c51-38ac-4595-b365-498480b1b655', 'f9d0b90d-631a-4f45-982c-d8223bd65c0d', 7, '2021-02-14', 2021, '7', NULL, '-', '1', '1.00000', NULL, NULL, NULL, '49', '2021-06-15 23:40:21', NULL, '1', '1', NULL, NULL, NULL, '0', NULL),
('da7118aa-3c9a-45ce-b8d5-033dd72c10d9', 'f9d0b90d-631a-4f45-982c-d8223bd65c0d', 2, '2021-06-29', 2021, '8', NULL, '-', '1', '1.00000', NULL, NULL, NULL, '8', '2021-06-29 14:16:22', NULL, '1', '1', NULL, 'Posted', NULL, '0', NULL),
('da96ca84-6802-4bbe-8d2a-4660c17d75f0', 'f9d0b90d-631a-4f45-982c-d8223bd65c0d', 76, '2021-08-09', 2021, '7', NULL, '-', '1', '1.00000', 'fffffffff', NULL, NULL, '8', '2021-08-09 11:17:26', NULL, '1', '1', NULL, 'Posted', NULL, '0', NULL),
('db631c4b-faa4-4487-be17-2bf3bc9f6532', 'f9d0b90d-631a-4f45-982c-d8223bd65c0d', 73, '2021-08-09', 2021, '7', NULL, '-', '1', '1.00000', 'fffffffff', NULL, NULL, '8', '2021-08-09 11:06:45', NULL, '1', '1', NULL, 'Posted', NULL, '0', NULL),
('dcde1fe4-7651-417a-b3df-e2d58025120c', 'f9d0b90d-631a-4f45-982c-d8223bd65c0d', 69, '2021-04-22', 2021, '7', NULL, '-', '1', '1.00000', NULL, NULL, NULL, '49', '2021-06-22 20:54:15', NULL, '1', '1', NULL, NULL, NULL, '0', NULL),
('dd107831-21ce-4ce7-9be3-f1ea94be5a98', 'f9d0b90d-631a-4f45-982c-d8223bd65c0d', 6, '2021-02-19', 2021, '1', NULL, '-', '1', '1.00000', 'Paper	Trust Pack Pvt Ltd	SW Enterprise	1589790997403	HBL\r\nSlip # 1230273 From Qamber', NULL, NULL, '49', '2021-06-20 16:44:20', NULL, '1', '1', NULL, 'posted', NULL, '0', NULL),
('dd9c1fd2-9736-4e0a-9011-b73558cb5918', 'f9d0b90d-631a-4f45-982c-d8223bd65c0d', 7, '2021-07-05', 2021, '8', NULL, '-', '1', '1.00000', NULL, NULL, NULL, '8', '2021-07-05 19:54:19', NULL, '1', '1', NULL, NULL, NULL, '0', NULL),
('de1f971f-16bf-4f5a-95f2-c4f491e3e337', 'f9d0b90d-631a-4f45-982c-d8223bd65c0d', 52, '2021-03-12', 2021, '7', NULL, '-', '1', '1.00000', NULL, NULL, NULL, '49', '2021-06-21 22:52:04', NULL, '1', '1', NULL, NULL, NULL, '0', NULL),
('df4e5cd3-2855-4fb4-8d35-bd605b801b9e', 'f9d0b90d-631a-4f45-982c-d8223bd65c0d', 91, '2021-08-09', 2021, '7', NULL, '-', '1', '1.00000', 'adsaada', NULL, NULL, '8', '2021-08-09 11:59:07', NULL, '1', '1', NULL, 'Posted', NULL, '0', NULL),
('df65a309-fa5c-4fcf-b867-9dc4ff85fe92', 'f9d0b90d-631a-4f45-982c-d8223bd65c0d', 6, '2021-07-15', 2021, '5', NULL, NULL, '1', '1.00000', NULL, NULL, NULL, '8', '2021-07-15 10:56:24', NULL, '1', '1', NULL, 'Posted', NULL, '0', NULL),
('df87cd47-6321-4445-bb1a-b04b88352c9e', 'f9d0b90d-631a-4f45-982c-d8223bd65c0d', 68, '2021-04-22', 2021, '7', NULL, '-', '1', '1.00000', NULL, NULL, NULL, '49', '2021-06-22 20:52:10', NULL, '1', '1', NULL, NULL, NULL, '0', NULL),
('df8d3abf-57ad-4651-a2cb-a89f8c8715e9', 'f9d0b90d-631a-4f45-982c-d8223bd65c0d', 7, '2021-08-05', 2021, '3', NULL, NULL, '1', '1.00000', 'afasfda', NULL, NULL, '8', '2021-08-05 12:41:38', NULL, '1', '1', NULL, 'Posted', NULL, '1', NULL),
('dfc753fc-9c66-43ae-9097-7ac4a3f79392', 'f9d0b90d-631a-4f45-982c-d8223bd65c0d', 51, '2021-03-12', 2021, '7', NULL, '-', '1', '1.00000', NULL, NULL, NULL, '49', '2021-06-21 22:52:04', NULL, '1', '1', NULL, 'Posted', NULL, '0', NULL),
('e0b02c23-d6a9-4aac-be37-2c36f0fd5a46', 'f9d0b90d-631a-4f45-982c-d8223bd65c0d', 100, '2021-07-16', 2021, '1', NULL, NULL, '1', '1.00000', NULL, NULL, NULL, '8', '2021-07-16 14:16:34', NULL, '1', '1', NULL, 'Posted', NULL, '1', NULL),
('e14c0cc3-a1ae-47b8-b1a4-398f13aef999', 'f9d0b90d-631a-4f45-982c-d8223bd65c0d', 53, '2021-04-28', 2021, '1', NULL, '-', '1', '1.00000', 'Trust Pack Pvt Ltd	WS Traders	04427901635203\r\nNasirabad', NULL, NULL, '49', '2021-06-28 21:54:02', NULL, '1', '1', NULL, 'Posted', NULL, '0', NULL),
('e204685d-f82b-43bc-82e1-2c2c08bc5e09', 'f9d0b90d-631a-4f45-982c-d8223bd65c0d', 72, '2021-07-16', 2021, '1', NULL, NULL, '1', '1.00000', NULL, NULL, NULL, '8', '2021-07-16 09:47:13', NULL, '1', '1', NULL, 'Posted', NULL, '1', NULL),
('e51c8f21-0491-4b6b-83a5-26cd8f7ac83b', 'f9d0b90d-631a-4f45-982c-d8223bd65c0d', 71, '2021-07-16', 2021, '1', NULL, NULL, '1', '1.00000', NULL, NULL, NULL, '8', '2021-07-16 09:40:11', NULL, '1', '1', NULL, 'Posted', NULL, '1', NULL),
('e5bab705-295a-449a-9ef0-4f109b6abe17', 'f9d0b90d-631a-4f45-982c-d8223bd65c0d', 2, '2021-08-06', 2021, '6', NULL, '-', '1', '1.00000', 'note one', NULL, NULL, '8', '2021-08-06 17:11:27', NULL, '1', '1', NULL, NULL, NULL, '0', NULL),
('e660e043-876a-433a-8184-bc500b33084b', 'f9d0b90d-631a-4f45-982c-d8223bd65c0d', 54, '2021-04-30', 2021, '1', NULL, '-', '1', '1.00000', 'Everyday Food	Everyday Food Industries	16020104870774\r\nLarkana', NULL, NULL, '49', '2021-06-28 21:54:07', NULL, '1', '1', NULL, 'Posted', NULL, '0', NULL),
('e8c97069-a3de-47e4-bc37-d1bb3809e38c', 'f9d0b90d-631a-4f45-982c-d8223bd65c0d', 94, '2021-07-16', 2021, '1', NULL, NULL, '1', '1.00000', NULL, NULL, NULL, '8', '2021-07-16 13:12:44', NULL, '1', '1', NULL, NULL, NULL, '1', NULL),
('e9930f21-45b0-4628-a9dd-b91e9e60e44e', 'f9d0b90d-631a-4f45-982c-d8223bd65c0d', 1, '2021-07-13', 2021, '2', NULL, NULL, '1', '1.00000', 'aaaaa', NULL, NULL, '8', '2021-07-13 13:03:12', NULL, '1', '1', NULL, NULL, NULL, '1', NULL),
('e9cb38bf-7481-478f-8516-a046c7bc9fef', 'f9d0b90d-631a-4f45-982c-d8223bd65c0d', 21, '2021-07-16', 2021, '2', NULL, NULL, '1', '1.00000', NULL, NULL, NULL, '8', '2021-07-16 12:16:04', NULL, '1', '1', NULL, NULL, NULL, '1', NULL),
('ea0e10e5-612c-40b0-a28c-e8ee8b462b8d', 'f9d0b90d-631a-4f45-982c-d8223bd65c0d', 36, '2021-03-31', 2021, '7', NULL, '-', '1', '1.00000', NULL, NULL, NULL, '49', '2021-06-20 22:49:33', NULL, '1', '1', NULL, NULL, NULL, '0', NULL),
('ea714be7-24dc-4dea-bbdb-02ec0a717cc4', 'f9d0b90d-631a-4f45-982c-d8223bd65c0d', 21, '2021-03-15', 2021, '1', NULL, '-', '1', '1.00000', 'Publico Printers	Kamran Afzal	55150115000013010\r\nSLIP # 448243	Gambat', NULL, NULL, '49', '2021-06-21 16:22:02', NULL, '1', '1', NULL, 'Posted', NULL, '0', NULL),
('ea772e49-e1bc-4388-a694-7b7ff45cfc5f', 'f9d0b90d-631a-4f45-982c-d8223bd65c0d', 27, '2021-03-17', 2021, '1', NULL, '-', '1', '1.00000', 'Trust Pack Pvt Ltd	WS Traders	0477001006975016\r\nSlip # 3076360	Hyderabad', NULL, NULL, '49', '2021-06-21 18:11:26', NULL, '1', '1', NULL, 'Posted', NULL, '0', NULL),
('eccaecb9-3a26-4070-a19b-c5abaea1ab49', 'f9d0b90d-631a-4f45-982c-d8223bd65c0d', 63, '2021-07-13', 2021, '1', NULL, NULL, '1', '1.00000', 'aaaa', NULL, NULL, '8', '2021-07-05 19:58:42', 8, '1', '1', NULL, 'Posted', NULL, '1', NULL),
('ed3e0ce6-2bb8-4341-ab3f-367d484b1970', 'f9d0b90d-631a-4f45-982c-d8223bd65c0d', 13, '2021-07-15', 2021, '5', NULL, NULL, '1', '1.00000', NULL, NULL, NULL, '8', '2021-07-15 12:53:56', NULL, '1', '1', NULL, NULL, NULL, '0', NULL),
('ed6026e1-ff20-4a9c-a8f1-014a0456bc15', 'f9d0b90d-631a-4f45-982c-d8223bd65c0d', 22, '2021-02-23', 2021, '7', NULL, '-', '1', '1.00000', NULL, NULL, NULL, '49', '2021-06-16 00:35:13', NULL, '1', '1', NULL, 'posted', NULL, '0', NULL),
('ed958f11-362f-4884-b1e4-ba1a7532ce68', 'f9d0b90d-631a-4f45-982c-d8223bd65c0d', 6, '2021-07-13', 2021, '2', NULL, NULL, '1', '1.00000', 'bbbbbbb', NULL, NULL, '8', '2021-07-13 13:17:49', 8, '1', '1', NULL, NULL, NULL, '1', NULL),
('ef9f5ef4-8a8d-4d83-a94e-e7e8cc99c018', 'f9d0b90d-631a-4f45-982c-d8223bd65c0d', 91, '2021-07-16', 2021, '1', NULL, NULL, '1', '1.00000', NULL, NULL, NULL, '8', '2021-07-16 13:04:33', NULL, '1', '1', NULL, NULL, NULL, '1', NULL),
('efb657ee-b159-4d24-be5c-3e35f88ece0a', 'f9d0b90d-631a-4f45-982c-d8223bd65c0d', 24, '2021-02-23', 2021, '7', NULL, '-', '1', '1.00000', NULL, NULL, NULL, '49', '2021-06-16 15:55:06', NULL, '1', '1', NULL, 'posted', NULL, '0', NULL),
('f09b472f-bdfb-4976-b295-97c6251c93e2', 'f9d0b90d-631a-4f45-982c-d8223bd65c0d', 3, '2021-02-17', 2021, '1', NULL, '-', '1', '1.00000', 'Pay To: Prime Corporation HBL ( Aiman Foods) Slip # 759463 From Panjgoor', NULL, NULL, '49', '2021-06-20 16:33:44', NULL, '1', '1', NULL, 'posted', NULL, '0', NULL),
('f15b8dfa-2547-46ed-8ebe-53823eedc78d', 'f9d0b90d-631a-4f45-982c-d8223bd65c0d', 92, '2021-07-16', 2021, '1', NULL, NULL, '1', '1.00000', NULL, NULL, NULL, '8', '2021-07-16 13:05:07', NULL, '1', '1', NULL, NULL, NULL, '1', NULL),
('f193c672-24f7-4219-a891-887104893291', 'f9d0b90d-631a-4f45-982c-d8223bd65c0d', 93, '2021-08-09', 2021, '7', NULL, '-', '1', '1.00000', 'adsaada', NULL, NULL, '8', '2021-08-09 12:01:28', NULL, '1', '1', NULL, 'Posted', NULL, '0', NULL),
('f2d9bc69-5ce9-4827-ad08-6f0a3868a106', 'f9d0b90d-631a-4f45-982c-d8223bd65c0d', 25, '2021-02-23', 2021, '7', NULL, '-', '1', '1.00000', NULL, NULL, NULL, '49', '2021-06-16 15:55:06', NULL, '1', '1', NULL, NULL, NULL, '0', NULL),
('f32a08ec-699f-4aed-b1f4-f9df8ce53c1a', 'f9d0b90d-631a-4f45-982c-d8223bd65c0d', 11, '2021-03-02', 2021, '1', NULL, '-', '1', '1.00000', 'Trust Pack Pvt Ltd	WS Traders	04427901635203\r\n5847675	Mehar', NULL, NULL, '49', '2021-06-21 16:04:43', NULL, '1', '1', NULL, 'Posted', NULL, '0', NULL),
('f4556247-1c87-4e4a-a50b-1318dd85d519', 'f9d0b90d-631a-4f45-982c-d8223bd65c0d', 5, '2021-08-07', 2021, '6', NULL, '-', '1', '1.00000', 'First purchase invoice today', NULL, NULL, '8', '2021-08-07 11:45:51', NULL, '1', '1', NULL, NULL, NULL, '0', NULL),
('f4672331-9c54-435e-8478-59d300c00a10', 'f9d0b90d-631a-4f45-982c-d8223bd65c0d', 9, '2021-07-15', 2021, '5', NULL, NULL, '1', '1.00000', NULL, NULL, NULL, '8', '2021-07-15 12:39:14', NULL, '1', '1', NULL, NULL, NULL, '0', NULL),
('f510bfa2-328b-4d91-b036-5414ce553ed5', 'f9d0b90d-631a-4f45-982c-d8223bd65c0d', 83, '2021-08-09', 2021, '7', NULL, '-', '1', '1.00000', 'fffffffff', NULL, NULL, '8', '2021-08-09 11:30:09', NULL, '1', '1', NULL, 'Posted', NULL, '0', NULL),
('f6124af4-c0aa-433e-8b90-f9324fb6c33a', 'f9d0b90d-631a-4f45-982c-d8223bd65c0d', 49, '2021-04-15', 2021, '1', NULL, '-', '1', '1.00000', 'Aiman Foods	Prime Corporation	01140104366919\r\nMobile Banking', NULL, NULL, '49', '2021-06-28 21:53:38', NULL, '1', '1', NULL, 'Posted', NULL, '0', NULL),
('f734f595-823e-455f-873b-adba81b38bb1', 'f9d0b90d-631a-4f45-982c-d8223bd65c0d', 78, '2021-07-16', 2021, '1', NULL, NULL, '1', '1.00000', NULL, NULL, NULL, '8', '2021-07-16 12:34:41', NULL, '1', '1', NULL, 'Posted', NULL, '1', NULL),
('f84cfc69-1746-439e-b46a-4d77879d5e2d', 'f9d0b90d-631a-4f45-982c-d8223bd65c0d', 41, '2021-03-31', 2021, '1', NULL, '-', '1', '1.00000', 'Aiman Foods	Prime Corporation	01140104366919\r\nSlip # 1399584	Hyderabad', NULL, NULL, '49', '2021-06-21 18:33:05', NULL, '1', '1', NULL, 'Posted', NULL, '0', NULL),
('f904dc65-d274-4658-8931-eeec8685a392', 'f9d0b90d-631a-4f45-982c-d8223bd65c0d', 81, '2021-07-16', 2021, '1', NULL, NULL, '1', '1.00000', NULL, NULL, NULL, '8', '2021-07-16 12:40:35', NULL, '1', '1', NULL, NULL, NULL, '1', NULL),
('f9d4f55d-25b3-410f-8cf7-3621760002a2', 'f9d0b90d-631a-4f45-982c-d8223bd65c0d', 13, '2021-03-04', 2021, '1', NULL, '-', '1', '1.00000', 'Aiman Foods	Prime Corporation	00027900371055\r\nSlip # Mobile Acct', NULL, NULL, '49', '2021-06-21 16:09:01', NULL, '1', '1', NULL, 'Posted', NULL, '0', NULL),
('fafe6ebb-7f59-4b57-a901-4c1d16c62141', 'f9d0b90d-631a-4f45-982c-d8223bd65c0d', 73, '2021-07-16', 2021, '1', NULL, NULL, '1', '1.00000', NULL, NULL, NULL, '8', '2021-07-16 10:53:56', NULL, '1', '1', NULL, 'Posted', NULL, '1', NULL),
('fb3a94d4-dd4d-4e52-b852-50827841a74d', 'f9d0b90d-631a-4f45-982c-d8223bd65c0d', 4, '2021-07-05', 2021, '8', NULL, '-', '1', '1.00000', NULL, NULL, NULL, '8', '2021-07-05 19:51:41', NULL, '1', '1', NULL, NULL, NULL, '0', NULL),
('fb419226-5475-415d-b162-2f9c241b474e', 'f9d0b90d-631a-4f45-982c-d8223bd65c0d', 3, '2021-08-06', 2021, '6', NULL, '-', '1', '1.00000', 'jV Invoice', NULL, NULL, '8', '2021-08-06 17:16:49', NULL, '1', '1', NULL, NULL, NULL, '0', NULL),
('fcc1a26b-db8e-44a0-ba5f-4e9621ed2007', 'f9d0b90d-631a-4f45-982c-d8223bd65c0d', 35, '2021-03-31', 2021, '7', NULL, '-', '1', '1.00000', NULL, NULL, NULL, '49', '2021-06-20 22:41:53', NULL, '1', '1', NULL, NULL, NULL, '0', NULL),
('fd4ba216-007c-440d-8b5d-a1e681be869c', 'f9d0b90d-631a-4f45-982c-d8223bd65c0d', 62, '2021-04-20', 2021, '7', NULL, '-', '1', '1.00000', NULL, NULL, NULL, '49', '2021-06-22 17:34:20', NULL, '1', '1', NULL, NULL, NULL, '0', NULL),
('fd5e3a5e-8d86-4412-8f3a-1821b041d4a8', 'f9d0b90d-631a-4f45-982c-d8223bd65c0d', 8, '2021-02-21', 2021, '7', NULL, '-', '1', '1.00000', NULL, NULL, NULL, '49', '2021-06-15 23:47:51', NULL, '1', '1', NULL, 'posted', NULL, '0', NULL),
('fe0e9e00-1178-4470-a059-6b2b3a3a97e4', 'f9d0b90d-631a-4f45-982c-d8223bd65c0d', 79, '2021-07-16', 2021, '1', NULL, NULL, '1', '1.00000', NULL, NULL, NULL, '8', '2021-07-16 12:38:32', NULL, '1', '1', NULL, NULL, NULL, '1', NULL),
('fe1a0f8e-afde-4fee-adfa-9394f9a38dc9', 'f9d0b90d-631a-4f45-982c-d8223bd65c0d', 4, '2021-02-19', 2021, '7', NULL, '-', '1', '1.00000', NULL, NULL, NULL, '49', '2021-06-15 21:42:02', NULL, '1', '1', NULL, NULL, NULL, '0', NULL),
('feb79084-e773-40c3-8b8b-3d0566473b9c', 'f9d0b90d-631a-4f45-982c-d8223bd65c0d', 52, '2021-04-28', 2021, '1', NULL, '-', '1', '1.00000', 'Trust Pack Pvt Ltd	WS Traders	04427901635203', NULL, NULL, '49', '2021-06-28 21:53:56', NULL, '1', '1', NULL, 'Posted', NULL, '0', NULL),
('ff6000f4-8bbc-4b9e-a37f-1ea19adb865c', 'f9d0b90d-631a-4f45-982c-d8223bd65c0d', 39, '2021-03-31', 2021, '1', NULL, '-', '1', '1.00000', 'Aiman Foods	Prime Corporation	00027900371055\r\nSlip # 3157046	Nasirabad', NULL, NULL, '49', '2021-06-21 18:31:39', NULL, '1', '1', NULL, 'Posted', NULL, '0', NULL),
('df48fc71-ad0b-4250-8cdb-fa5082bfc62e', 'f9d0b90d-631a-4f45-982c-d8223bd65c0d', 8, '2021-08-25', 2021, '3', NULL, '25142', '1', '1.00000', 'note 001', NULL, NULL, '8', '2021-08-26 01:09:06', 8, '1', '1', NULL, 'Posted', NULL, '1', NULL),
('497ddd41-9838-4b69-80ef-8b8b36900be3', 'f9d0b90d-631a-4f45-982c-d8223bd65c0d', 32, '2021-08-26', 2021, '2', NULL, NULL, '1', '1.00000', 'dfasdf', NULL, NULL, '8', '2021-08-26 03:01:15', 8, '1', '1', NULL, 'Posted', NULL, '1', NULL),
('06d8daeb-6740-47e3-b615-b02fcc4c62d8', 'f9d0b90d-631a-4f45-982c-d8223bd65c0d', 9, '2021-08-26', 2021, '3', NULL, NULL, '1', '1.00000', NULL, NULL, NULL, '8', '2021-08-26 18:16:50', NULL, '1', '1', NULL, 'Posted', NULL, '1', NULL),
('b0b96807-766f-413f-b668-20a52d86fffc', 'f9d0b90d-631a-4f45-982c-d8223bd65c0d', 120, '2021-08-26', 2021, '1', NULL, NULL, '1', '1.00000', NULL, NULL, NULL, '8', '2021-08-26 18:17:40', NULL, '1', '1', NULL, 'Posted', NULL, '1', NULL),
('9f52e052-1fff-4e7f-822e-9e80c4465679', 'f9d0b90d-631a-4f45-982c-d8223bd65c0d', 121, '2021-08-26', 2021, '1', NULL, NULL, '1', '1.00000', NULL, NULL, NULL, '8', '2021-08-26 18:18:14', NULL, '1', '1', NULL, 'Posted', NULL, '1', NULL),
('961d3938-ecd9-46e3-ad30-a4f7a49b983a', 'f9d0b90d-631a-4f45-982c-d8223bd65c0d', 10, '2021-08-26', 2021, '3', NULL, NULL, '1', '1.00000', NULL, NULL, NULL, '8', '2021-08-26 18:19:23', NULL, '1', '1', NULL, 'Posted', NULL, '1', NULL),
('4f9a19d2-f42f-48d9-8086-4b9d93c56782', 'f9d0b90d-631a-4f45-982c-d8223bd65c0d', 122, '2021-08-27', 2021, '1', NULL, NULL, '1', '1.00000', NULL, NULL, NULL, '8', '2021-08-27 22:26:08', NULL, '1', '1', NULL, 'Posted', NULL, '1', NULL),
('175d49d8-883e-4ecf-98c4-7fcc1b57728e', 'f9d0b90d-631a-4f45-982c-d8223bd65c0d', 123, '2021-08-27', 2021, '1', NULL, NULL, '1', '1.00000', NULL, NULL, NULL, '8', '2021-08-27 22:37:37', NULL, '1', '1', NULL, 'Posted', NULL, '1', NULL),
('7057c72b-937c-4c6d-b028-4e6c7ba39584', 'f9d0b90d-631a-4f45-982c-d8223bd65c0d', 11, '2021-08-27', 2021, '3', NULL, NULL, '1', '1.00000', NULL, NULL, NULL, '8', '2021-08-27 22:58:56', NULL, '1', '1', NULL, 'Posted', NULL, '1', NULL),
('18903dc8-7cb3-4679-8170-0b57651dc88e', 'f9d0b90d-631a-4f45-982c-d8223bd65c0d', 9, '2021-08-27', 2021, '6', NULL, '-', '1', '1.00000', '-', NULL, NULL, '8', '2021-08-27 23:18:47', NULL, '1', '1', NULL, 'Posted', NULL, '0', NULL),
('c00e75d3-d41d-4984-9a51-f82be09fbdd1', 'f9d0b90d-631a-4f45-982c-d8223bd65c0d', 31, '2021-08-30', 2021, '4', NULL, NULL, '1', '1.00000', 'Lahore to isb trave', NULL, NULL, '8', '2021-08-31 03:30:05', NULL, '1', '1', NULL, NULL, NULL, '1', NULL),
('41bbc4a9-d15f-4c00-89ad-3c21495ac459', 'f9d0b90d-631a-4f45-982c-d8223bd65c0d', 33, '2021-08-30', 2021, '2', NULL, NULL, '1', '1.00000', 'Samress Traveling', NULL, NULL, '8', '2021-08-31 03:35:09', NULL, '1', '1', NULL, NULL, NULL, '1', NULL),
('39202b2e-9779-4714-a070-73ea05430c3e', 'f9d0b90d-631a-4f45-982c-d8223bd65c0d', 99, '2021-11-01', 2021, '7', NULL, '-', '1', '1.00000', NULL, NULL, NULL, '8', '2021-11-01 12:52:32', NULL, '1', '1', NULL, 'Posted', NULL, '0', NULL),
('a0420c59-8b12-4d34-b3d5-a7cf0fe41c5f', 'f9d0b90d-631a-4f45-982c-d8223bd65c0d', 100, '2021-11-01', 2021, '7', NULL, '-', '1', '1.00000', NULL, NULL, NULL, '8', '2021-11-01 13:14:33', NULL, '1', '1', NULL, 'Posted', NULL, '0', NULL),
('6f3c4244-a8c1-48fb-8c95-1c348505eb04', 'f9d0b90d-631a-4f45-982c-d8223bd65c0d', 101, '2021-11-01', 2021, '7', NULL, '-', '1', '1.00000', NULL, NULL, NULL, '8', '2021-11-01 13:15:06', NULL, '1', '1', NULL, 'Posted', NULL, '0', NULL),
('b97f74c8-b3c5-4733-b578-39b603937362', 'f9d0b90d-631a-4f45-982c-d8223bd65c0d', 102, '2021-11-01', 2021, '7', NULL, 'NULL', '1', '1.00000', 'ddd', NULL, NULL, '8', '2021-11-02 00:08:16', 8, '1', '1', NULL, 'posted', NULL, '0', NULL),
('58a8918d-1078-41ac-b14d-ccbcd88581aa', 'f9d0b90d-631a-4f45-982c-d8223bd65c0d', 1, '2022-08-10', 2022, '3', NULL, NULL, '1', '1.00000', NULL, NULL, NULL, '8', '2022-08-10 17:49:03', NULL, '1', '1', NULL, NULL, NULL, '1', NULL),
('aa3c9878-4c29-49e2-85fa-21c6414cffdc', 'f9d0b90d-631a-4f45-982c-d8223bd65c0d', 1, '2022-08-10', 2022, '1', NULL, 'ewr', '1', '1.00000', NULL, NULL, NULL, '8', '2022-08-10 17:49:36', NULL, '1', '1', NULL, NULL, NULL, '1', NULL),
('31a6ddd3-7f3e-4345-82ae-c3d6ef1a8634', 'f9d0b90d-631a-4f45-982c-d8223bd65c0d', 1, '2023-03-10', 2023, '1', NULL, NULL, '1', '1.00000', NULL, NULL, NULL, '8', '2023-03-10 10:50:45', NULL, '1', '1', NULL, NULL, NULL, '1', NULL),
('f72ae474-f868-4e10-b492-298763ae0794', 'f9d0b90d-631a-4f45-982c-d8223bd65c0d', 1, '2023-03-11', 2023, '6', NULL, '-', '1', '1.00000', 'fsdfsdf', NULL, NULL, '8', '2023-03-11 11:45:05', NULL, '1', '1', NULL, NULL, NULL, '0', NULL);

-- --------------------------------------------------------

--
-- Table structure for table `fs_voucher_types`
--

CREATE TABLE `fs_voucher_types` (
  `id` bigint(20) UNSIGNED NOT NULL,
  `type` varchar(50) COLLATE utf8mb4_unicode_ci DEFAULT NULL,
  `code` varchar(5) COLLATE utf8mb4_unicode_ci DEFAULT NULL,
  `created_at` timestamp NULL DEFAULT NULL,
  `updated_at` timestamp NULL DEFAULT NULL
) ENGINE=InnoDB DEFAULT CHARSET=utf8mb4 COLLATE=utf8mb4_unicode_ci;

--
-- Dumping data for table `fs_voucher_types`
--

INSERT INTO `fs_voucher_types` (`id`, `type`, `code`, `created_at`, `updated_at`) VALUES
(1, ' Reciept', 'CR', NULL, NULL),
(2, ' Payment', 'CP', NULL, NULL),
(5, 'JV', 'JV', NULL, NULL),
(6, 'Purchase Invoice', 'PV', NULL, NULL),
(7, 'Purchase Return', 'PR', NULL, NULL),
(8, 'Sale Invoice', 'SV', NULL, NULL),
(9, 'Sale Return', 'SR', NULL, NULL),
(10, 'Consumtion', 'CV', NULL, NULL),
(11, NULL, NULL, NULL, NULL),
(12, NULL, NULL, NULL, NULL),
(13, NULL, NULL, NULL, NULL),
(14, NULL, NULL, NULL, NULL),
(15, NULL, NULL, NULL, NULL),
(99, 'Opening Balance', 'OB', NULL, NULL);

-- --------------------------------------------------------

--
-- Table structure for table `geo_locations`
--

CREATE TABLE `geo_locations` (
  `id` bigint(20) UNSIGNED NOT NULL,
  `location_id` int(11) DEFAULT NULL,
  `name` varchar(100) COLLATE utf8mb4_unicode_ci DEFAULT NULL,
  `label` varchar(40) COLLATE utf8mb4_unicode_ci DEFAULT NULL,
  `trans` char(4) COLLATE utf8mb4_unicode_ci DEFAULT NULL,
  `created_at` timestamp NULL DEFAULT NULL,
  `updated_at` timestamp NULL DEFAULT NULL
) ENGINE=InnoDB DEFAULT CHARSET=utf8mb4 COLLATE=utf8mb4_unicode_ci;

--
-- Dumping data for table `geo_locations`
--

INSERT INTO `geo_locations` (`id`, `location_id`, `name`, `label`, `trans`, `created_at`, `updated_at`) VALUES
(1, -1, 'Karachi', 'Region', NULL, NULL, NULL);

-- --------------------------------------------------------

--
-- Table structure for table `gin_wip_returns`
--

CREATE TABLE `gin_wip_returns` (
  `id` varchar(36) COLLATE utf8mb4_unicode_ci NOT NULL,
  `date` date DEFAULT NULL,
  `month` int(11) DEFAULT NULL,
  `number` int(11) DEFAULT NULL,
  `gin_id` varchar(36) COLLATE utf8mb4_unicode_ci DEFAULT NULL,
  `warehouse_id` varchar(36) COLLATE utf8mb4_unicode_ci DEFAULT NULL,
  `department_id` varchar(36) COLLATE utf8mb4_unicode_ci DEFAULT NULL,
  `company_id` varchar(36) COLLATE utf8mb4_unicode_ci DEFAULT NULL,
  `note` varchar(255) COLLATE utf8mb4_unicode_ci DEFAULT NULL,
  `user_id` int(11) DEFAULT NULL,
  `created_at` timestamp NULL DEFAULT NULL,
  `updated_at` timestamp NULL DEFAULT NULL
) ENGINE=InnoDB DEFAULT CHARSET=utf8mb4 COLLATE=utf8mb4_unicode_ci;

-- --------------------------------------------------------

--
-- Table structure for table `gin_wip_return_details`
--

CREATE TABLE `gin_wip_return_details` (
  `id` varchar(36) COLLATE utf8mb4_unicode_ci NOT NULL,
  `gwr_id` varchar(36) COLLATE utf8mb4_unicode_ci DEFAULT NULL,
  `prod_id` varchar(36) COLLATE utf8mb4_unicode_ci DEFAULT NULL,
  `description` varchar(255) COLLATE utf8mb4_unicode_ci DEFAULT NULL,
  `unit` varchar(255) COLLATE utf8mb4_unicode_ci DEFAULT NULL,
  `qty_issue` decimal(12,5) DEFAULT NULL,
  `qty_return` decimal(12,5) DEFAULT NULL,
  `display` int(11) DEFAULT NULL
) ENGINE=InnoDB DEFAULT CHARSET=utf8mb4 COLLATE=utf8mb4_unicode_ci;

-- --------------------------------------------------------

--
-- Table structure for table `hcm_employee`
--

CREATE TABLE `hcm_employee` (
  `id` varchar(36) COLLATE utf8mb4_unicode_ci NOT NULL,
  `title` varchar(10) COLLATE utf8mb4_unicode_ci DEFAULT NULL,
  `first_name` varchar(36) COLLATE utf8mb4_unicode_ci DEFAULT NULL,
  `last_name` varchar(36) COLLATE utf8mb4_unicode_ci DEFAULT NULL,
  `designation` varchar(20) COLLATE utf8mb4_unicode_ci DEFAULT NULL,
  `number` varchar(36) COLLATE utf8mb4_unicode_ci DEFAULT NULL,
  `dob` date DEFAULT NULL,
  `gender` varchar(10) COLLATE utf8mb4_unicode_ci DEFAULT NULL,
  `phone` varchar(36) COLLATE utf8mb4_unicode_ci DEFAULT NULL,
  `email` varchar(50) COLLATE utf8mb4_unicode_ci DEFAULT NULL,
  `emergency_contact` varchar(50) COLLATE utf8mb4_unicode_ci DEFAULT NULL,
  `address_one` varchar(50) COLLATE utf8mb4_unicode_ci DEFAULT NULL,
  `address_two` varchar(50) COLLATE utf8mb4_unicode_ci DEFAULT NULL,
  `city` varchar(50) COLLATE utf8mb4_unicode_ci DEFAULT NULL,
  `country` varchar(50) COLLATE utf8mb4_unicode_ci DEFAULT NULL,
  `state` varchar(36) COLLATE utf8mb4_unicode_ci DEFAULT NULL,
  `code` varchar(10) COLLATE utf8mb4_unicode_ci DEFAULT NULL,
  `color` varchar(50) COLLATE utf8mb4_unicode_ci DEFAULT NULL,
  `role_id` varchar(36) COLLATE utf8mb4_unicode_ci DEFAULT NULL,
  `user_id` int(11) DEFAULT NULL,
  `status` varchar(36) COLLATE utf8mb4_unicode_ci DEFAULT NULL,
  `company_id` varchar(36) COLLATE utf8mb4_unicode_ci DEFAULT NULL,
  `created_by` int(11) DEFAULT NULL,
  `created_at` timestamp NULL DEFAULT NULL,
  `updated_at` timestamp NULL DEFAULT NULL
) ENGINE=InnoDB DEFAULT CHARSET=utf8mb4 COLLATE=utf8mb4_unicode_ci;

--
-- Dumping data for table `hcm_employee`
--

INSERT INTO `hcm_employee` (`id`, `title`, `first_name`, `last_name`, `designation`, `number`, `dob`, `gender`, `phone`, `email`, `emergency_contact`, `address_one`, `address_two`, `city`, `country`, `state`, `code`, `color`, `role_id`, `user_id`, `status`, `company_id`, `created_by`, `created_at`, `updated_at`) VALUES
('bcb413a4-5316-41ca-a66d-fa4071324b54', 'Mr.', 'Ali', 'Azhar', 'Manager', '0300-1234567', '2021-06-29', 'Male', '0300-1234567', 'Ali@gmail.com', '0300-1234567', 'lahore', 'lahore', 'lahore', 'Pakistan', 'punjab', '123', NULL, NULL, NULL, NULL, 'f9d0b90d-631a-4f45-982c-d8223bd65c0d', 8, '2021-06-29 01:26:20', '2021-06-29 01:52:04'),
('e8f3cd8a-461e-4823-bbae-e677fc9f9202', 'Eng.', 'Intezar', 'Jafari', 'Manager', '0300-0000000', '2021-06-29', 'Male', '0300-0000000', 'jafari@gmail.com', '0300-0000000', 'sydney', 'sydney', 'Sydney', 'Australia', 'Sydney', '1233', 'bg-warning', 'Admin', 68, NULL, 'f9d0b90d-631a-4f45-982c-d8223bd65c0d', 8, '2021-06-29 01:29:44', '2021-06-29 01:43:54'),
('fbb5a15f-c5d6-456d-9d54-0ee3fc95b2cc', 'Dr.', 'Fakhar', 'Abbas', 'Manager', '00000-00000000-0', '2021-06-29', NULL, '0300-12346567', 'fakher@gmail.com', '0300-12346567', 'Johr town', 'johr town', 'Lahore', 'Pakistan', 'Punjab', '12345', '', '', NULL, NULL, 'f9d0b90d-631a-4f45-982c-d8223bd65c0d', 8, '2021-06-29 01:13:34', '2021-06-29 01:14:30');

-- --------------------------------------------------------

--
-- Table structure for table `inv_brands`
--

CREATE TABLE `inv_brands` (
  `id` varchar(255) COLLATE utf8mb4_unicode_ci NOT NULL,
  `name` varchar(25) COLLATE utf8mb4_unicode_ci DEFAULT NULL
) ENGINE=InnoDB DEFAULT CHARSET=utf8mb4 COLLATE=utf8mb4_unicode_ci;

--
-- Dumping data for table `inv_brands`
--

INSERT INTO `inv_brands` (`id`, `name`) VALUES
('0cb75774-e77b-4ee6-881c-837000381df3', 'CHOTA SULTAN'),
('f09a5c12-ab05-4d23-8538-07473bab8621', 'MR JUICY'),
('6e0903fa-9c32-4742-b3b4-568087ab96ab', 'GENERAL');

-- --------------------------------------------------------

--
-- Table structure for table `inv_categories`
--

CREATE TABLE `inv_categories` (
  `id` bigint(20) UNSIGNED NOT NULL,
  `category` varchar(50) COLLATE utf8mb4_unicode_ci DEFAULT NULL,
  `created_at` timestamp NULL DEFAULT NULL,
  `updated_at` timestamp NULL DEFAULT NULL
) ENGINE=InnoDB DEFAULT CHARSET=utf8mb4 COLLATE=utf8mb4_unicode_ci;

--
-- Dumping data for table `inv_categories`
--

INSERT INTO `inv_categories` (`id`, `category`, `created_at`, `updated_at`) VALUES
(1, 'JUICE-TETRA', NULL, NULL);

-- --------------------------------------------------------

--
-- Table structure for table `inv_delivery_order`
--

CREATE TABLE `inv_delivery_order` (
  `id` varchar(36) COLLATE utf8mb4_unicode_ci NOT NULL,
  `date` date DEFAULT NULL,
  `month` int(11) DEFAULT NULL,
  `inv_id` varchar(36) COLLATE utf8mb4_unicode_ci DEFAULT NULL,
  `sale_orders_id` varchar(36) COLLATE utf8mb4_unicode_ci DEFAULT NULL,
  `cust_coa_id` varchar(36) COLLATE utf8mb4_unicode_ci DEFAULT NULL,
  `warehouse` varchar(36) COLLATE utf8mb4_unicode_ci DEFAULT NULL,
  `veh_no` varchar(30) COLLATE utf8mb4_unicode_ci DEFAULT NULL,
  `delivery_name` varchar(30) COLLATE utf8mb4_unicode_ci DEFAULT NULL,
  `trucking_company` varchar(30) COLLATE utf8mb4_unicode_ci DEFAULT NULL,
  `bilty_no` varchar(30) COLLATE utf8mb4_unicode_ci DEFAULT NULL,
  `remarks` varchar(255) COLLATE utf8mb4_unicode_ci DEFAULT NULL,
  `receiving_detail` varchar(255) COLLATE utf8mb4_unicode_ci DEFAULT NULL,
  `delivery_status` varchar(10) COLLATE utf8mb4_unicode_ci DEFAULT NULL,
  `company_id` varchar(36) COLLATE utf8mb4_unicode_ci DEFAULT NULL,
  `user_id` int(11) DEFAULT NULL,
  `created_at` timestamp NULL DEFAULT NULL,
  `updated_at` timestamp NULL DEFAULT NULL,
  `number` int(11) DEFAULT NULL
) ENGINE=InnoDB DEFAULT CHARSET=utf8mb4 COLLATE=utf8mb4_unicode_ci;

--
-- Dumping data for table `inv_delivery_order`
--

INSERT INTO `inv_delivery_order` (`id`, `date`, `month`, `inv_id`, `sale_orders_id`, `cust_coa_id`, `warehouse`, `veh_no`, `delivery_name`, `trucking_company`, `bilty_no`, `remarks`, `receiving_detail`, `delivery_status`, `company_id`, `user_id`, `created_at`, `updated_at`, `number`) VALUES
('0aff871a-668a-40fe-8112-35fa706ce89d', '2021-08-10', 2021, 'dbc0b589-8241-4f13-bb1d-d9290fb4d579', NULL, '149', 'ae3b0fe8-5f4c-4327-8624-748d572e9c27', '002', 'Zohaib', 'Aimen  Food', '002', 'Order Issue', 'Order Issue', NULL, 'f9d0b90d-631a-4f45-982c-d8223bd65c0d', 8, '2021-08-10 00:49:34', NULL, NULL),
('0dd8c6f7-884d-4c9d-8665-f6c51fd0ef69', '2021-08-10', 2021, 'dbc0b589-8241-4f13-bb1d-d9290fb4d579', NULL, '149', 'ae3b0fe8-5f4c-4327-8624-748d572e9c27', '002', 'Zohaib', 'Aimen  Food', '002', 'Order Issue', 'Order Issue', NULL, 'f9d0b90d-631a-4f45-982c-d8223bd65c0d', 8, '2021-08-10 00:40:52', NULL, NULL),
('7398e6fd-4741-46d0-b7f8-34ee9547b309', '2021-07-08', 2021, NULL, NULL, NULL, 'ae3b0fe8-5f4c-4327-8624-748d572e9c27', '211', 'boss', 'ggggggg', '4445', 'hfhjhjhjhj', 'hjhjhjhhjjj', NULL, 'f9d0b90d-631a-4f45-982c-d8223bd65c0d', 8, '2021-07-08 08:03:43', NULL, NULL),
('89325130-140d-49b5-8a9c-f26dd256397f', '2021-08-10', 2021, 'dbc0b589-8241-4f13-bb1d-d9290fb4d579', NULL, '149', 'ae3b0fe8-5f4c-4327-8624-748d572e9c27', 'ww', 'ww', 'ww', 'ww', NULL, NULL, NULL, 'f9d0b90d-631a-4f45-982c-d8223bd65c0d', 8, '2021-08-10 00:53:47', NULL, NULL),
('975326bd-3abc-43f0-a4f1-3ecbca5e8d8f', '2021-08-10', 2021, 'dbc0b589-8241-4f13-bb1d-d9290fb4d579', NULL, '149', 'ae3b0fe8-5f4c-4327-8624-748d572e9c27', '002', 'Zohaib', 'Aimen  Food', '002', 'Order Issue', 'Order Issue', NULL, 'f9d0b90d-631a-4f45-982c-d8223bd65c0d', 8, '2021-08-10 00:48:43', NULL, NULL),
('afc8c91d-a811-453d-a123-804d22594d15', '2021-08-10', 2021, 'dbc0b589-8241-4f13-bb1d-d9290fb4d579', NULL, '149', 'ae3b0fe8-5f4c-4327-8624-748d572e9c27', '002', 'Zohaib', 'Aimen  Food', '002', 'Order Issue', 'Order Issue', NULL, 'f9d0b90d-631a-4f45-982c-d8223bd65c0d', 8, '2021-08-10 00:52:08', NULL, NULL),
('d1fc0286-9ae7-4a87-b1a2-7830dc75be70', '2021-07-08', 2021, NULL, NULL, NULL, 'ae3b0fe8-5f4c-4327-8624-748d572e9c27', '111', 'boss', 'gggggg', '345', 'hfhjhjhjhj', 'hjhjhjhhjjj', NULL, 'f9d0b90d-631a-4f45-982c-d8223bd65c0d', 8, '2021-07-08 07:58:33', NULL, NULL),
('96eff3d6-b951-4970-8bad-6f928465259e', '2021-09-12', 2021, NULL, NULL, NULL, 'ae3b0fe8-5f4c-4327-8624-748d572e9c27', 'vn', 'dn', 'tc', 'bn', 're', 'rd', NULL, 'f9d0b90d-631a-4f45-982c-d8223bd65c0d', 8, '2021-09-12 13:46:25', NULL, NULL),
('55384c6f-10eb-450f-8c1f-f920f9a2915c', '2021-09-12', 2021, NULL, '9c26eb73-9e9c-490f-8315-75c8c490b19f', '140', 'ae3b0fe8-5f4c-4327-8624-748d572e9c27', 'vh', 'dn', 'tc', 'bn', 'rm', 'dd', NULL, 'f9d0b90d-631a-4f45-982c-d8223bd65c0d', 8, '2021-09-12 13:59:56', NULL, NULL),
('8dd059c8-5c9a-4be8-a83e-207abaec3b80', '2021-09-12', 2021, NULL, '9c26eb73-9e9c-490f-8315-75c8c490b19f', '140', 'ae3b0fe8-5f4c-4327-8624-748d572e9c27', 'vh', 'dn', 'tc', 'nn', 'rs', 'rd', NULL, 'f9d0b90d-631a-4f45-982c-d8223bd65c0d', 8, '2021-09-12 14:21:24', NULL, NULL),
('6e21166e-9313-4fee-abd5-c2d1bf478a84', '2021-09-12', 2021, NULL, '9c26eb73-9e9c-490f-8315-75c8c490b19f', '140', 'ae3b0fe8-5f4c-4327-8624-748d572e9c27', 'v', 'd', 't', 'b', 'r', 'rd', NULL, 'f9d0b90d-631a-4f45-982c-d8223bd65c0d', 8, '2021-09-12 14:27:13', NULL, NULL),
('bcb7d77e-2acb-4328-9c69-88b1ee8ab7b8', '2021-09-12', 2021, NULL, '9c26eb73-9e9c-490f-8315-75c8c490b19f', '140', 'ae3b0fe8-5f4c-4327-8624-748d572e9c27', 'v', 'd', 't', 'b', 'r', 'rd', NULL, 'f9d0b90d-631a-4f45-982c-d8223bd65c0d', 8, '2021-09-12 14:35:22', NULL, NULL),
('edbb09fe-bb5d-42b2-998c-4c774a73be31', '2021-09-12', 2021, NULL, '6c5dbf2f-ab37-4fa2-bb83-db2ece72351c', '147', 'ae3b0fe8-5f4c-4327-8624-748d572e9c27', 'veh', 'dn', 'tc', 'BN', 'Demo Note by ote', 'rd', NULL, 'f9d0b90d-631a-4f45-982c-d8223bd65c0d', 8, '2021-09-12 16:01:57', NULL, 1),
('d022b568-9536-4f11-9867-8740f3ac5e76', '2021-09-12', 2021, NULL, '6c5dbf2f-ab37-4fa2-bb83-db2ece72351c', '147', 'ae3b0fe8-5f4c-4327-8624-748d572e9c27', 'aa', 'b', 'cc', 'dd', 'Demo Note by ote', 'dd', NULL, 'f9d0b90d-631a-4f45-982c-d8223bd65c0d', 8, '2021-09-12 16:39:10', NULL, 2),
('e52ecdd1-cca2-4f58-af77-c4e3d84e545f', '2021-09-13', 2021, NULL, '5639c21c-2213-4d88-9d52-e0a62f27c3b4', '135', 'ae3b0fe8-5f4c-4327-8624-748d572e9c27', 'asdf', 'asdf', 'adsf', 'asdf', 'Same order with diff value of 2021-0555', 'sdfsd', NULL, 'f9d0b90d-631a-4f45-982c-d8223bd65c0d', 8, '2021-09-13 14:49:34', '2021-09-14 02:33:11', 3),
('922bda3b-b5f7-42a1-8308-6423f346132f', '2021-09-14', 2021, NULL, '6688e8f5-ef54-441d-8462-e75789d9c217', '135', 'ae3b0fe8-5f4c-4327-8624-748d572e9c27', 'veh', 'dev', 'tk', 'nl', 'Note one', 'RD one', NULL, 'f9d0b90d-631a-4f45-982c-d8223bd65c0d', 8, '2021-09-14 16:50:21', '2021-09-14 16:53:42', 4),
('11ef9094-5f32-4af6-b502-d2d5b6740d2e', '2021-09-18', 2021, NULL, '6688e8f5-ef54-441d-8462-e75789d9c217', '135', 'ae3b0fe8-5f4c-4327-8624-748d572e9c27', 'rate', 'tate', 'tc', 'bn-rate', 'Note one', 'rate wise', NULL, 'f9d0b90d-631a-4f45-982c-d8223bd65c0d', 8, '2021-09-17 22:17:15', NULL, 5);

-- --------------------------------------------------------

--
-- Table structure for table `inv_delivery_order_detail`
--

CREATE TABLE `inv_delivery_order_detail` (
  `id` varchar(36) COLLATE utf8mb4_unicode_ci NOT NULL,
  `do_id` varchar(36) COLLATE utf8mb4_unicode_ci DEFAULT NULL,
  `prod_id` varchar(36) COLLATE utf8mb4_unicode_ci DEFAULT NULL,
  `description` varchar(200) COLLATE utf8mb4_unicode_ci DEFAULT NULL,
  `unit` varchar(20) COLLATE utf8mb4_unicode_ci DEFAULT NULL,
  `qty_stock` decimal(12,5) DEFAULT NULL,
  `qty` decimal(12,5) DEFAULT NULL,
  `inventory_rate` decimal(12,5) DEFAULT NULL,
  `required_date` date DEFAULT NULL,
  `instruction` varchar(200) COLLATE utf8mb4_unicode_ci DEFAULT NULL,
  `display` int(11) DEFAULT NULL
) ENGINE=InnoDB DEFAULT CHARSET=utf8mb4 COLLATE=utf8mb4_unicode_ci;

--
-- Dumping data for table `inv_delivery_order_detail`
--

INSERT INTO `inv_delivery_order_detail` (`id`, `do_id`, `prod_id`, `description`, `unit`, `qty_stock`, `qty`, `inventory_rate`, `required_date`, `instruction`, `display`) VALUES
('1ddfc447-485a-4c09-a329-0f26d36f88c3', '89325130-140d-49b5-8a9c-f26dd256397f', 'ba1b0ca7-9cfd-4d61-a5a0-b95949117feb', '200ML-STRAW', 'null', NULL, '200.00000', NULL, NULL, NULL, 1),
('6b9c7282-957e-4b03-82f1-50c1eaf15e3a', 'afc8c91d-a811-453d-a123-804d22594d15', 'ba1b0ca7-9cfd-4d61-a5a0-b95949117feb', '200ML-STRAW', 'null', NULL, '200.00000', NULL, NULL, NULL, 1),
('a91429ec-61b9-48c4-8178-51b0045e719a', '0aff871a-668a-40fe-8112-35fa706ce89d', 'ba1b0ca7-9cfd-4d61-a5a0-b95949117feb', '200ML-STRAW', 'null', NULL, '200.00000', NULL, NULL, NULL, 1),
('aa190117-d854-49e7-aa0b-bd774e5a42ec', '8dd059c8-5c9a-4be8-a83e-207abaec3b80', 'f598a2d8-bf18-420d-9b40-80f60d090c8d', '125ML-STRAW-1', 'Pcs', NULL, '12.00000', NULL, NULL, 'no inst', 1),
('9bf7f24e-f6fa-48d7-9d9f-58b1f4a54266', '6e21166e-9313-4fee-abd5-c2d1bf478a84', 'f598a2d8-bf18-420d-9b40-80f60d090c8d', '125ML-STRAW-1', 'Pcs', NULL, '1.00000', NULL, NULL, 'no inst', 1),
('c8dce92f-c95b-49f2-b094-a1abdc65105b', 'bcb7d77e-2acb-4328-9c69-88b1ee8ab7b8', 'f598a2d8-bf18-420d-9b40-80f60d090c8d', '125ML-STRAW-1', 'Pcs', NULL, '1.00000', NULL, NULL, 'no inst', 1),
('1159da7c-78bf-494d-8d1c-19b867bf3bea', 'bcb7d77e-2acb-4328-9c69-88b1ee8ab7b8', '0928fe94-c46c-4316-a575-63fd0530a665', '250ML-STRAW-2', 'Pcs', NULL, '2.00000', NULL, NULL, 'Goo to deliver', 2),
('20d82008-d85f-4a5c-bf62-46e1cf83d283', 'bcb7d77e-2acb-4328-9c69-88b1ee8ab7b8', '26ac4b22-28ea-49eb-97fc-18eb3cf10907', 'APPLE CONCENTRATE', 'KG', NULL, '3.00000', NULL, NULL, 'dsafa', 3),
('1e8e450e-1688-4b32-a789-376766abe631', 'bcb7d77e-2acb-4328-9c69-88b1ee8ab7b8', '1a94e739-6a47-4d58-bb4e-725c5375903c', '200ML-1X24-CARTON', 'Pcs', NULL, '4.00000', NULL, '2021-09-12', 'asdf', 4),
('4eeafe55-8677-4adf-99e1-81a20d2f876a', 'edbb09fe-bb5d-42b2-998c-4c774a73be31', '26ac4b22-28ea-49eb-97fc-18eb3cf10907', 'APPLE CONCENTRATE', '5KGs', NULL, '3.00000', NULL, NULL, 'NA', 1),
('dc79ee21-41a9-4fac-8b06-a918d4a9ffdf', 'd022b568-9536-4f11-9867-8740f3ac5e76', '26ac4b22-28ea-49eb-97fc-18eb3cf10907', 'APPLE CONCENTRATE', '5KGs', NULL, '2.00000', NULL, NULL, 'NA', 1),
('b46b1f92-6c44-4649-89ac-9043b04f4640', 'e52ecdd1-cca2-4f58-af77-c4e3d84e545f', 'f598a2d8-bf18-420d-9b40-80f60d090c8d', '125ML-STRAW', '10Pcs', NULL, '15.00000', NULL, NULL, 'no', 1),
('6f08df26-3acb-4949-8dc4-e2187f08fdb3', 'e52ecdd1-cca2-4f58-af77-c4e3d84e545f', '0928fe94-c46c-4316-a575-63fd0530a665', '250ML-STRAW-G', '10Pcs', NULL, '2.00000', NULL, NULL, '0', 2),
('e0967d56-b0e0-4a42-bc74-6edf8617b11d', 'e52ecdd1-cca2-4f58-af77-c4e3d84e545f', '26ac4b22-28ea-49eb-97fc-18eb3cf10907', 'APPLE CONCENTRATE', '5KGs', NULL, '4.00000', NULL, NULL, '0', 3),
('cfcb62b4-bca5-430f-9bae-f3880b734c4d', 'e52ecdd1-cca2-4f58-af77-c4e3d84e545f', '1a94e739-6a47-4d58-bb4e-725c5375903c', '200ML-1X24-CARTON', 'TRAY', NULL, '98.00000', NULL, NULL, '0', 4),
('18f7d514-3d27-43ba-939a-534eefaddf75', '922bda3b-b5f7-42a1-8308-6423f346132f', 'a3157a27-0e5c-41c1-a5c8-61b78fcacf62', '125ML-1X24-CARTON', '10Pcs', NULL, '100.00000', NULL, NULL, '0', 1),
('a071dcee-d97b-40e8-89df-af1b77491714', '922bda3b-b5f7-42a1-8308-6423f346132f', 'f918cfd1-43cc-46a0-9390-6119da495d02', 'CS-125ML-APPLE-PAPER', '10Pcs', NULL, '3500.00000', NULL, NULL, '0', 2),
('b7d357a0-c138-4e4e-8857-dd2f0feaa48a', '11ef9094-5f32-4af6-b502-d2d5b6740d2e', 'a3157a27-0e5c-41c1-a5c8-61b78fcacf62', '125ML-1X24-CARTON', '10Pcs', NULL, '50.00000', '5.95000', NULL, '0', 1),
('db61c7eb-afe0-4ce6-9fa7-cca828640eaa', '11ef9094-5f32-4af6-b502-d2d5b6740d2e', 'f918cfd1-43cc-46a0-9390-6119da495d02', 'CS-125ML-APPLE-PAPER', '10Pcs', NULL, '564.20000', '3.33000', NULL, '0', 2);

-- --------------------------------------------------------

--
-- Table structure for table `inv_delivery_order_detail_fmcg`
--

CREATE TABLE `inv_delivery_order_detail_fmcg` (
  `id` varchar(36) COLLATE utf8mb4_unicode_ci NOT NULL,
  `do_id` varchar(36) COLLATE utf8mb4_unicode_ci DEFAULT NULL,
  `soa_detail_id` varchar(36) COLLATE utf8mb4_unicode_ci DEFAULT NULL,
  `prod_id` varchar(36) COLLATE utf8mb4_unicode_ci DEFAULT NULL,
  `unit` varchar(20) COLLATE utf8mb4_unicode_ci DEFAULT NULL,
  `qty_approved` decimal(8,2) DEFAULT NULL,
  `qty_delivery` decimal(8,2) DEFAULT NULL,
  `batch_no` decimal(8,2) DEFAULT NULL,
  `expiry_date` date DEFAULT NULL,
  `remarks` varchar(100) COLLATE utf8mb4_unicode_ci DEFAULT NULL,
  `qty_delivered` decimal(8,2) DEFAULT NULL,
  `remarks_delivered` varchar(100) COLLATE utf8mb4_unicode_ci DEFAULT NULL,
  `display` int(11) DEFAULT NULL
) ENGINE=InnoDB DEFAULT CHARSET=utf8mb4 COLLATE=utf8mb4_unicode_ci;

--
-- Dumping data for table `inv_delivery_order_detail_fmcg`
--

INSERT INTO `inv_delivery_order_detail_fmcg` (`id`, `do_id`, `soa_detail_id`, `prod_id`, `unit`, `qty_approved`, `qty_delivery`, `batch_no`, `expiry_date`, `remarks`, `qty_delivered`, `remarks_delivered`, `display`) VALUES
('20f0dc4e-ff66-4b45-8764-8a129a26f716', '500cf88a-f732-4c0b-b107-fe7653ab6b32', 'aa295b88-2799-4bd8-b734-37722d6b902e', '964c865f-ebb6-48d2-95cb-6d460e30c297', 'Ctn', '500.00', '500.00', NULL, NULL, NULL, '500.00', NULL, 2),
('24d8d0d9-0e4f-4325-aab5-c208de3887f1', '89b1ba17-9426-476c-8441-1b6c17e123a0', 'd9c20ff9-a3ee-4e27-a10d-1cd6e81b9fd1', '332a9e3d-a1fb-4250-ae29-a8cd1fd2cdc6', 'TRAY', '5000.00', '5000.00', NULL, NULL, NULL, '5000.00', NULL, 1),
('2fc6349d-d8db-4e08-a796-eb2e683f310b', '7a8f3f8d-5d67-499e-87bf-fd861c70d8f8', '179f68aa-b570-44d1-b86f-a0b949ee6b7d', '964c865f-ebb6-48d2-95cb-6d460e30c297', 'Ctn', '119.00', '119.00', NULL, NULL, NULL, '119.00', NULL, 2),
('3cd6800b-945a-4c98-830d-abc89b3513cc', '90dd6506-8439-4cc2-9d61-a7c6b96b6c9d', '073d78cb-cd24-4398-8840-616cf79dfdef', '71b6bcc8-0436-41e2-8ceb-ade9a3065845', 'TRAY', '606.00', '606.00', NULL, NULL, NULL, '606.00', NULL, 1),
('454b2f51-778f-4208-b31d-4e7ed3e7c3ed', '11681244-c7a9-4117-a713-54d1dce6cbf7', '5f493229-c275-497b-b7a4-9d339ab7ca8e', '70377159-1d37-41d7-86fd-ec24afbb19e2', 'Ctn', '900.00', '900.00', NULL, NULL, NULL, '900.00', NULL, 1),
('4a78ab60-6b45-4b09-b2ce-5038151d4254', '09036e8a-6c2a-43a1-a92f-4f3fc43a68fe', 'b905c512-0acc-44d7-8229-6895d5c0ceb7', '332a9e3d-a1fb-4250-ae29-a8cd1fd2cdc6', 'TRAY', '3500.00', '3500.00', NULL, NULL, NULL, '3500.00', NULL, 1),
('4e3cae3c-f183-401d-b9d7-2d88a36e0fa4', '7a8f3f8d-5d67-499e-87bf-fd861c70d8f8', 'c10a0e2b-331d-474c-ac49-43e3260b32a7', '70377159-1d37-41d7-86fd-ec24afbb19e2', 'Ctn', '232.00', '232.00', NULL, NULL, NULL, '232.00', NULL, 1),
('5306d9c9-08b6-44c4-8daf-9c27e3776dce', 'ccd598fc-2be6-43a6-9901-f1c76ca84ee1', 'a6ad8e82-7e5e-4439-b22d-c40b16059877', '964c865f-ebb6-48d2-95cb-6d460e30c297', 'Ctn', '246.00', '246.00', NULL, NULL, NULL, '246.00', NULL, 2),
('572e5644-57c2-4a53-9315-4c7aded8c150', '9fa9b5ae-f31e-4447-bc93-cca4e12f589b', '36ce49d7-c4f6-4cdb-b67b-4ddbfe9ecb23', '70377159-1d37-41d7-86fd-ec24afbb19e2', 'Ctn', '1300.00', '1300.00', NULL, NULL, NULL, '1300.00', NULL, 1),
('644e5f90-2b43-4828-a329-7dd357fcd838', 'c7480ccf-491d-4204-9930-a5b4c77ab06b', 'ff8f6535-d1f8-4c60-9ab7-267f5abdfd35', '332a9e3d-a1fb-4250-ae29-a8cd1fd2cdc6', 'TRAY', '353.00', '353.00', NULL, NULL, NULL, '353.00', NULL, 1),
('6f5dcbc4-d292-4803-801b-f91c6ac09577', 'dca20c74-d7be-4556-8eee-e9302f6ca87a', '628b8246-39d9-4323-9794-c0edb9ba538f', '71b6bcc8-0436-41e2-8ceb-ade9a3065845', 'TRAY', '1000.00', '1000.00', NULL, NULL, NULL, '1000.00', NULL, 1),
('761b7f2d-b84d-450a-8e45-4f459d8a503c', 'eea40ddb-6050-4b4d-8bfd-e72cec65946b', '77924741-bb97-456a-9e9e-c9b83742a2d6', '964c865f-ebb6-48d2-95cb-6d460e30c297', 'Ctn', '1100.00', '1100.00', NULL, NULL, NULL, '1100.00', NULL, 2),
('7b1f89ac-2cff-4b74-968a-6f4cb4f58ae5', '3fa39f52-b7c3-4dd8-9364-6ea21175559e', '802539d6-8db4-484f-b79f-c77c700e402a', '332a9e3d-a1fb-4250-ae29-a8cd1fd2cdc6', 'TRAY', '20.00', '20.00', NULL, NULL, 'remark2', '20.00', 'remark', 2),
('9d0c8423-5f14-4bca-bc6f-e2aefc0cce91', '89b1ba17-9426-476c-8441-1b6c17e123a0', '1ad82ca6-678c-45b9-96f0-47429321e61c', '71b6bcc8-0436-41e2-8ceb-ade9a3065845', 'TRAY', '483.00', '483.00', NULL, NULL, NULL, '483.00', NULL, 2),
('a001b6ea-6933-43cc-bcf2-0eaf60204ae8', '89b1ba17-9426-476c-8441-1b6c17e123a0', 'd1fda5ca-5d46-4c10-be3d-ff84bd0a455d', '2964bb13-9fa9-448f-8282-69dbf8bd2a20', 'TRAY', '500.00', '500.00', NULL, NULL, NULL, '500.00', NULL, 3),
('b24fdea5-436c-4e69-a407-aaaaf47c1438', 'c7480ccf-491d-4204-9930-a5b4c77ab06b', '4ecea4ea-df73-4f71-9ca4-b56a0a5867f6', '2964bb13-9fa9-448f-8282-69dbf8bd2a20', 'TRAY', '2951.00', '2951.00', NULL, NULL, NULL, '2951.00', NULL, 2),
('b26ee67c-63a1-4160-8965-df9fd54d637a', '4d3766a5-a893-42d4-9bc4-5155c097d5d2', '47deb7e2-d2a6-48f6-892a-14e6eeaa5351', '332a9e3d-a1fb-4250-ae29-a8cd1fd2cdc6', 'TRAY', '1000.00', '1000.00', NULL, NULL, NULL, '1000.00', NULL, 2),
('b6c6f5ad-8daa-4236-be15-1b1278bccb19', 'c7480ccf-491d-4204-9930-a5b4c77ab06b', '7ea6327f-9da4-4e67-bd8a-52236c5cba59', '71b6bcc8-0436-41e2-8ceb-ade9a3065845', 'TRAY', '1066.00', '1066.00', NULL, NULL, NULL, '1066.00', NULL, 3),
('b91fd067-cac0-403e-80cf-df7aae2c9236', '4d3766a5-a893-42d4-9bc4-5155c097d5d2', '941ce106-21a2-4db5-97de-31867c807d4a', '71b6bcc8-0436-41e2-8ceb-ade9a3065845', 'TRAY', '30.00', '30.00', NULL, NULL, NULL, '30.00', NULL, 3),
('bd62cd18-c91d-4177-9f22-ff99ef88944d', 'f16c6344-567f-40e8-be3a-7f5a43d51976', '7f9eebbe-4a42-4b89-be47-53a579161355', '332a9e3d-a1fb-4250-ae29-a8cd1fd2cdc6', 'TRAY', '3581.00', '3581.00', NULL, NULL, NULL, '3581.00', NULL, 2),
('bf3c6792-6582-4e0f-a4bf-35c3afc8811a', 'f16c6344-567f-40e8-be3a-7f5a43d51976', 'b4fed8a9-c69a-479c-bd41-0ce70f14287d', '2964bb13-9fa9-448f-8282-69dbf8bd2a20', 'TRAY', '2799.00', '2799.00', NULL, NULL, NULL, '2799.00', NULL, 1),
('c803a433-4696-448d-880f-9d669cdf0fd1', '500cf88a-f732-4c0b-b107-fe7653ab6b32', '733f8fd7-d6c1-4f0b-96ed-a34df40c922a', '70377159-1d37-41d7-86fd-ec24afbb19e2', 'Ctn', '1300.00', '1300.00', NULL, NULL, NULL, '1300.00', NULL, 1),
('cce073e0-69c7-4628-a92a-2bab5bf6c3aa', '0c31da63-4dbc-49f1-aa51-3fc5c85e9c8e', 'ccc6c4e5-8912-48cc-a8ee-2a165025bf3b', '71b6bcc8-0436-41e2-8ceb-ade9a3065845', 'TRAY', '1000.00', '1000.00', NULL, NULL, NULL, '1000.00', NULL, 1),
('d030c96f-dfb4-47a2-b91c-9c7cb9ee0131', '11681244-c7a9-4117-a713-54d1dce6cbf7', '3cbaaac1-150c-4557-b3ed-66e70506a1f7', '964c865f-ebb6-48d2-95cb-6d460e30c297', 'Ctn', '300.00', '300.00', NULL, NULL, NULL, '300.00', NULL, 2),
('d0459164-e5f6-4516-80c4-91767acf3038', '4d3766a5-a893-42d4-9bc4-5155c097d5d2', '0a932bb7-3983-4f9f-87a5-0cbaf7b348d1', '2964bb13-9fa9-448f-8282-69dbf8bd2a20', 'TRAY', '500.00', '500.00', NULL, NULL, NULL, '500.00', NULL, 1),
('d5a52176-859d-446b-96c3-d622689d23f2', '9fa9b5ae-f31e-4447-bc93-cca4e12f589b', '73873eb9-b3fc-4617-829e-d0ec60823ac9', '964c865f-ebb6-48d2-95cb-6d460e30c297', 'Ctn', '500.00', '500.00', NULL, NULL, NULL, '500.00', NULL, 2),
('d6e4520e-0e43-4280-8f65-078b2e4ed888', '3fa39f52-b7c3-4dd8-9364-6ea21175559e', 'd4e369b1-a51e-49a3-9cc1-36253f5eb976', '2964bb13-9fa9-448f-8282-69dbf8bd2a20', 'TRAY', '20.00', '20.00', NULL, NULL, 'remark1', '20.00', 'remark', 1),
('d79727e3-63d8-4973-8880-607ab6dfcd55', '09036e8a-6c2a-43a1-a92f-4f3fc43a68fe', '29e525ff-ba9f-4d45-a9bb-5cbf80a2a969', '2964bb13-9fa9-448f-8282-69dbf8bd2a20', 'TRAY', '3500.00', '3500.00', NULL, NULL, NULL, '3500.00', NULL, 2),
('ee7a0d64-2c5e-4708-93d9-96abb82c9bf4', '7640958f-bcc9-4e0c-b6a4-a9d8aa23e154', 'd20a356c-5268-40f8-8fec-a541a985a81d', '71b6bcc8-0436-41e2-8ceb-ade9a3065845', 'TRAY', '517.00', '517.00', NULL, NULL, NULL, '517.00', NULL, 1),
('eea85f8b-175d-47e0-9f73-5a661cc45bce', '9d948ede-c233-41bb-840e-86d61ae4f7e8', '26d6a870-edca-4ce6-a019-c6dd2f6ea1e6', '71b6bcc8-0436-41e2-8ceb-ade9a3065845', 'TRAY', '970.00', '970.00', NULL, NULL, NULL, '970.00', NULL, 1),
('f1981c94-9e88-41f4-82c6-04e1eec62504', 'eea40ddb-6050-4b4d-8bfd-e72cec65946b', '73d75d50-5b24-4fe8-95b6-2592075a84d9', '70377159-1d37-41d7-86fd-ec24afbb19e2', 'Ctn', '1100.00', '1100.00', NULL, NULL, NULL, '1100.00', NULL, 1),
('ff61b919-7293-4c2d-a30d-bc0cf8834b80', 'ccd598fc-2be6-43a6-9901-f1c76ca84ee1', '59b6866e-2959-481f-a305-58768e67efd2', '70377159-1d37-41d7-86fd-ec24afbb19e2', 'Ctn', '254.00', '254.00', NULL, NULL, NULL, '254.00', NULL, 1);

-- --------------------------------------------------------

--
-- Table structure for table `inv_delivery_order_fmcg`
--

CREATE TABLE `inv_delivery_order_fmcg` (
  `id` varchar(36) COLLATE utf8mb4_unicode_ci NOT NULL,
  `soa_id` varchar(36) COLLATE utf8mb4_unicode_ci DEFAULT NULL,
  `month` int(11) DEFAULT NULL,
  `date` date DEFAULT NULL,
  `cust_id` varchar(36) COLLATE utf8mb4_unicode_ci DEFAULT NULL,
  `warehouse` varchar(36) COLLATE utf8mb4_unicode_ci DEFAULT NULL,
  `status` varchar(20) COLLATE utf8mb4_unicode_ci DEFAULT NULL,
  `company_id` varchar(36) COLLATE utf8mb4_unicode_ci DEFAULT NULL,
  `veh_no` varchar(15) COLLATE utf8mb4_unicode_ci DEFAULT NULL,
  `bilty_no` varchar(20) COLLATE utf8mb4_unicode_ci DEFAULT NULL,
  `delivery_name` varchar(50) COLLATE utf8mb4_unicode_ci DEFAULT NULL,
  `trucking_company` varchar(50) COLLATE utf8mb4_unicode_ci DEFAULT NULL,
  `delivery_date` date DEFAULT NULL,
  `do_tracking_date` date DEFAULT NULL,
  `freight` decimal(10,2) DEFAULT NULL,
  `transit_loss` decimal(10,2) DEFAULT NULL,
  `other_amount` decimal(10,2) DEFAULT NULL,
  `delivery_confirm_by` varchar(50) COLLATE utf8mb4_unicode_ci DEFAULT NULL,
  `created_by` int(11) DEFAULT NULL,
  `remarks` varchar(250) COLLATE utf8mb4_unicode_ci DEFAULT NULL,
  `created_at` timestamp NULL DEFAULT NULL,
  `updated_at` timestamp NULL DEFAULT NULL,
  `number` int(11) NOT NULL,
  `editable` int(11) NOT NULL DEFAULT 1,
  `do_return_status` int(11) NOT NULL DEFAULT 1,
  `do_tracking_edit` tinyint(4) NOT NULL DEFAULT 1,
  `close_status` int(11) NOT NULL DEFAULT 0
) ENGINE=InnoDB DEFAULT CHARSET=utf8mb4 COLLATE=utf8mb4_unicode_ci;

--
-- Dumping data for table `inv_delivery_order_fmcg`
--

INSERT INTO `inv_delivery_order_fmcg` (`id`, `soa_id`, `month`, `date`, `cust_id`, `warehouse`, `status`, `company_id`, `veh_no`, `bilty_no`, `delivery_name`, `trucking_company`, `delivery_date`, `do_tracking_date`, `freight`, `transit_loss`, `other_amount`, `delivery_confirm_by`, `created_by`, `remarks`, `created_at`, `updated_at`, `number`, `editable`, `do_return_status`, `do_tracking_edit`, `close_status`) VALUES
('09036e8a-6c2a-43a1-a92f-4f3fc43a68fe', '093da516-55df-4168-9c25-f2fd97ee36c9', 2021, '2021-02-14', '135', 'ea05b523-f673-4b0a-af93-4696ef68589a', 'Delivered', 'f9d0b90d-631a-4f45-982c-d8223bd65c0d', 'LHP-4545', NULL, 'Man', NULL, '2021-02-14', '2021-02-14', NULL, NULL, NULL, 'Faheem', 49, 'Dispatch at Larkana & Gaaji Khawar.', '2021-06-15 06:20:23', NULL, 1, 0, 1, 0, 1),
('0c31da63-4dbc-49f1-aa51-3fc5c85e9c8e', '1ff7572b-8b7e-4cd3-862c-a66674a560e7', 2021, '2021-02-28', '135', 'ea05b523-f673-4b0a-af93-4696ef68589a', 'Delivered', 'f9d0b90d-631a-4f45-982c-d8223bd65c0d', NULL, 'GP# 7363', NULL, NULL, '2021-02-28', '2021-02-28', NULL, NULL, NULL, NULL, 49, NULL, '2021-06-15 12:28:17', NULL, 9, 0, 1, 0, 1),
('11681244-c7a9-4117-a713-54d1dce6cbf7', '78be6fcb-4744-4792-983e-f6f82581004f', 2021, '2021-03-14', '144', 'ae3b0fe8-5f4c-4327-8624-748d572e9c27', 'Delivered', 'f9d0b90d-631a-4f45-982c-d8223bd65c0d', NULL, NULL, NULL, NULL, NULL, '2021-03-14', '20000.00', NULL, NULL, NULL, 49, NULL, '2021-06-21 12:42:47', NULL, 17, 0, 1, 0, 1),
('3fa39f52-b7c3-4dd8-9364-6ea21175559e', '3b96b9ab-7ec3-478d-8a3b-118672a774bd', 2021, '2021-06-29', '139', 'ea05b523-f673-4b0a-af93-4696ef68589a', 'Delivered', 'f9d0b90d-631a-4f45-982c-d8223bd65c0d', 'veh-000', 'bilty-000', 'boy-000', NULL, '2021-06-29', '2021-06-29', '200.00', '0.00', '0.00', 'ali', 8, 'sale order,approvel', '2021-06-29 03:51:36', NULL, 18, 0, 1, 0, 1),
('4d3766a5-a893-42d4-9bc4-5155c097d5d2', 'a8c096ae-c94a-4975-860d-9ec9d9112b58', 2021, '2021-02-21', '137', 'ea05b523-f673-4b0a-af93-4696ef68589a', 'Delivered', 'f9d0b90d-631a-4f45-982c-d8223bd65c0d', NULL, 'GP # 7440', NULL, NULL, '2021-02-21', '2021-02-21', '13000.00', NULL, NULL, 'M. Jameel', 49, NULL, '2021-06-15 06:29:46', '2021-06-15 12:36:55', 3, 0, 1, 0, 1),
('500cf88a-f732-4c0b-b107-fe7653ab6b32', '84e9f8c0-979d-4a42-a7ed-1661d952eb8a', 2021, '2021-02-27', '135', 'ea05b523-f673-4b0a-af93-4696ef68589a', 'Delivered', 'f9d0b90d-631a-4f45-982c-d8223bd65c0d', NULL, 'GP # 7363', NULL, NULL, '2021-02-27', '2021-02-27', '43000.00', NULL, NULL, 'Tariq Ali Abro', 49, NULL, '2021-06-15 06:30:41', '2021-06-15 12:45:18', 5, 0, 1, 0, 1),
('7640958f-bcc9-4e0c-b6a4-a9d8aa23e154', 'a57fd3d1-7320-4bb3-bff4-c50c1d3ceda4', 2021, '2021-02-23', '135', 'ea05b523-f673-4b0a-af93-4696ef68589a', 'Delivered', 'f9d0b90d-631a-4f45-982c-d8223bd65c0d', NULL, 'GP# 7343', NULL, NULL, '2021-02-23', '2021-02-23', NULL, NULL, NULL, NULL, 49, NULL, '2021-06-15 12:28:41', '2021-06-15 13:26:53', 10, 0, 1, 0, 1),
('7a8f3f8d-5d67-499e-87bf-fd861c70d8f8', 'd6929885-97f6-4191-8016-f7a68fc1b551', 2021, '2021-02-28', '139', 'ea05b523-f673-4b0a-af93-4696ef68589a', 'Delivered', 'f9d0b90d-631a-4f45-982c-d8223bd65c0d', NULL, 'GP# 7369', NULL, NULL, '2021-02-28', '2021-02-28', '46000.00', NULL, NULL, NULL, 49, NULL, '2021-06-15 12:27:15', NULL, 7, 0, 1, 0, 1),
('89b1ba17-9426-476c-8441-1b6c17e123a0', 'a811f122-3c1b-4557-aecc-d3542aff8f8b', 2021, '2021-02-22', '135', 'ea05b523-f673-4b0a-af93-4696ef68589a', 'Delivered', 'f9d0b90d-631a-4f45-982c-d8223bd65c0d', NULL, 'GP # 7443', NULL, NULL, '2021-02-22', '2021-02-22', '45000.00', NULL, NULL, 'Tariq ALi Abro', 49, NULL, '2021-06-15 06:30:20', '2021-06-15 12:44:58', 4, 0, 1, 0, 1),
('90dd6506-8439-4cc2-9d61-a7c6b96b6c9d', 'a20f3828-f7fb-4254-b591-5cd44834a12b', 2021, '2021-02-28', '139', 'ea05b523-f673-4b0a-af93-4696ef68589a', 'Delivered', 'f9d0b90d-631a-4f45-982c-d8223bd65c0d', NULL, 'GP# 7443', NULL, NULL, '2021-02-28', '2021-02-28', NULL, NULL, NULL, NULL, 49, 'Remaining Order ( 2021-0007) of 606 CTN GST', '2021-06-15 12:30:15', NULL, 11, 0, 1, 0, 1),
('9d948ede-c233-41bb-840e-86d61ae4f7e8', '93d3bef3-df92-4de3-91d2-016e605e6b9c', 2021, '2021-03-06', '145', 'ea05b523-f673-4b0a-af93-4696ef68589a', 'Delivered', 'f9d0b90d-631a-4f45-982c-d8223bd65c0d', NULL, NULL, NULL, NULL, NULL, '2021-03-06', '11000.00', NULL, NULL, NULL, 49, NULL, '2021-06-21 12:34:11', NULL, 14, 0, 0, 0, 1),
('9fa9b5ae-f31e-4447-bc93-cca4e12f589b', '9332fd16-ce7a-41ad-8db0-b80b61b3f8e9', 2021, '2021-02-27', '135', 'ea05b523-f673-4b0a-af93-4696ef68589a', 'Delivered', 'f9d0b90d-631a-4f45-982c-d8223bd65c0d', NULL, 'GP# 7363', NULL, NULL, '2021-02-27', '2021-02-27', '47000.00', NULL, NULL, NULL, 49, '.', '2021-06-15 12:26:31', NULL, 6, 0, 1, 0, 1),
('c7480ccf-491d-4204-9930-a5b4c77ab06b', '8130ed23-1641-4305-9664-af881004506f', 2021, '2021-03-02', '144', 'ea05b523-f673-4b0a-af93-4696ef68589a', 'Delivered', 'f9d0b90d-631a-4f45-982c-d8223bd65c0d', NULL, NULL, NULL, NULL, NULL, '2021-03-02', '35000.00', NULL, NULL, NULL, 49, 'Gate Pass # 7373.', '2021-06-21 12:33:37', NULL, 13, 0, 1, 0, 1),
('ccd598fc-2be6-43a6-9901-f1c76ca84ee1', '3bb465d3-731d-4ef9-8085-93e4d3edb5b4', 2021, '2021-03-14', '147', 'ae3b0fe8-5f4c-4327-8624-748d572e9c27', 'Delivered', 'f9d0b90d-631a-4f45-982c-d8223bd65c0d', NULL, NULL, NULL, NULL, NULL, '2021-03-14', '19000.00', NULL, NULL, NULL, 49, 'Gate Pass # 7398.', '2021-06-21 12:42:02', NULL, 16, 0, 1, 0, 1),
('dca20c74-d7be-4556-8eee-e9302f6ca87a', '8c5f63e9-2bb4-4c4d-aff6-9e778354c613', 2021, '2021-02-23', '135', 'ea05b523-f673-4b0a-af93-4696ef68589a', 'Delivered', 'f9d0b90d-631a-4f45-982c-d8223bd65c0d', NULL, 'GP # 7363', NULL, NULL, NULL, '2021-02-23', NULL, NULL, NULL, NULL, 49, NULL, '2021-06-15 13:08:23', NULL, 12, 0, 1, 0, 1),
('eea40ddb-6050-4b4d-8bfd-e72cec65946b', '939e54fd-1da7-47c0-a4c1-6f08379343c1', 2021, '2021-03-12', '146', 'ae3b0fe8-5f4c-4327-8624-748d572e9c27', 'Delivered', 'f9d0b90d-631a-4f45-982c-d8223bd65c0d', NULL, NULL, NULL, NULL, NULL, '2021-03-12', '69000.00', NULL, NULL, NULL, 49, NULL, '2021-06-21 12:39:18', NULL, 15, 0, 1, 0, 1),
('f16c6344-567f-40e8-be3a-7f5a43d51976', '8a1188d2-5f5c-4804-8456-38dadacec923', 2021, '2021-02-14', '136', 'ea05b523-f673-4b0a-af93-4696ef68589a', 'Delivered', 'f9d0b90d-631a-4f45-982c-d8223bd65c0d', NULL, 'GP # 1755', NULL, NULL, '2021-02-15', '2021-02-15', '53000.00', NULL, NULL, 'Ghulam Mujtaba', 49, NULL, '2021-06-15 06:28:59', '2021-06-15 12:36:13', 2, 0, 1, 0, 1);

-- --------------------------------------------------------

--
-- Table structure for table `inv_gins`
--

CREATE TABLE `inv_gins` (
  `id` varchar(255) COLLATE utf8mb4_unicode_ci NOT NULL,
  `inv_id` varchar(36) COLLATE utf8mb4_unicode_ci DEFAULT NULL,
  `prj_id` varchar(36) COLLATE utf8mb4_unicode_ci DEFAULT NULL,
  `trans_id` varchar(36) COLLATE utf8mb4_unicode_ci DEFAULT NULL,
  `wip_coa_id` varchar(36) COLLATE utf8mb4_unicode_ci DEFAULT NULL,
  `date` date DEFAULT NULL,
  `month` int(11) DEFAULT NULL,
  `cst_coa_id` varchar(36) COLLATE utf8mb4_unicode_ci DEFAULT NULL,
  `warehouse` varchar(36) COLLATE utf8mb4_unicode_ci DEFAULT NULL,
  `status` varchar(32) COLLATE utf8mb4_unicode_ci DEFAULT NULL,
  `company_id` varchar(36) COLLATE utf8mb4_unicode_ci DEFAULT NULL,
  `user_id` varchar(36) COLLATE utf8mb4_unicode_ci DEFAULT NULL,
  `update_user_id` varchar(36) COLLATE utf8mb4_unicode_ci DEFAULT NULL,
  `wip_id` varchar(36) COLLATE utf8mb4_unicode_ci DEFAULT NULL,
  `chrg_account_id` varchar(36) COLLATE utf8mb4_unicode_ci DEFAULT NULL,
  `note` varchar(150) COLLATE utf8mb4_unicode_ci DEFAULT NULL,
  `created_at` timestamp NULL DEFAULT NULL,
  `updated_at` timestamp NULL DEFAULT NULL,
  `number` int(11) DEFAULT NULL,
  `close_status` int(11) DEFAULT NULL,
  `gin_wip_return_status` int(11) NOT NULL DEFAULT 1,
  `batch` varchar(36) COLLATE utf8mb4_unicode_ci DEFAULT NULL
) ENGINE=InnoDB DEFAULT CHARSET=utf8mb4 COLLATE=utf8mb4_unicode_ci;

--
-- Dumping data for table `inv_gins`
--

INSERT INTO `inv_gins` (`id`, `inv_id`, `prj_id`, `trans_id`, `wip_coa_id`, `date`, `month`, `cst_coa_id`, `warehouse`, `status`, `company_id`, `user_id`, `update_user_id`, `wip_id`, `chrg_account_id`, `note`, `created_at`, `updated_at`, `number`, `close_status`, `gin_wip_return_status`, `batch`) VALUES
('01eb0073-9b8f-4338-a5fe-4736bb93cafc', NULL, NULL, '7fffa3d3-1a90-413c-b921-c8a472572655', '133', '2021-03-29', 2021, NULL, 'ae3b0fe8-5f4c-4327-8624-748d572e9c27', 'Completed', 'f9d0b90d-631a-4f45-982c-d8223bd65c0d', '49', NULL, '98c43ecd-939c-4c00-9923-5b07009246da', NULL, NULL, NULL, NULL, 3, NULL, 1, NULL),
('662d96c8-9eef-482b-ae6d-763c3da1d842', NULL, NULL, '68f1f0c9-61ba-4f06-9b71-e56fd684e277', '133', '2021-02-17', 2021, NULL, 'ae3b0fe8-5f4c-4327-8624-748d572e9c27', 'Completed', 'f9d0b90d-631a-4f45-982c-d8223bd65c0d', '49', NULL, 'e631ccf7-f35c-4b0b-8e6b-6416b20b4ad5', NULL, 'MIR # 2021-0003', NULL, NULL, 2, NULL, 1, NULL),
('a66cd017-0f72-4cf0-a283-4037841572b2', NULL, NULL, NULL, NULL, '2021-02-08', 2021, NULL, 'ae3b0fe8-5f4c-4327-8624-748d572e9c27', 'Completed', NULL, '45', '31', 'ea353c20-9d5e-4e90-805e-4459fe2fed75', NULL, NULL, NULL, NULL, 1, NULL, 1, NULL),
('b797a3cf-abca-4943-acc6-7df14ee2f223', NULL, NULL, '86e0163f-89a7-417b-b737-34c089a91821', '133', '2021-04-17', 2021, NULL, 'ae3b0fe8-5f4c-4327-8624-748d572e9c27', 'Completed', 'f9d0b90d-631a-4f45-982c-d8223bd65c0d', '49', NULL, 'b249a227-3555-4c0d-8358-2edf0355beb0', NULL, 'All Issued April-2021 MIR.', NULL, NULL, 4, NULL, 1, NULL),
('c74a9b95-c6f7-4906-b87c-f31ce3499d9b', NULL, NULL, 'c7ac5305-a43a-4966-88a1-309046e40dd8', '134', '2021-02-19', 2021, NULL, 'ae3b0fe8-5f4c-4327-8624-748d572e9c27', 'Completed', 'f9d0b90d-631a-4f45-982c-d8223bd65c0d', '49', NULL, '847ce384-ee7c-4fc8-bfa3-094fb5de01d1', NULL, 'FC', NULL, NULL, 1, NULL, 1, NULL);

-- --------------------------------------------------------

--
-- Table structure for table `inv_gin_attachments`
--

CREATE TABLE `inv_gin_attachments` (
  `id` varchar(36) CHARACTER SET utf8mb4 COLLATE utf8mb4_unicode_ci NOT NULL,
  `gin_id` varchar(36) CHARACTER SET utf8mb4 COLLATE utf8mb4_unicode_ci DEFAULT NULL,
  `file` varchar(100) CHARACTER SET utf8mb4 COLLATE utf8mb4_unicode_ci DEFAULT NULL
) ENGINE=InnoDB DEFAULT CHARSET=latin1;

-- --------------------------------------------------------

--
-- Table structure for table `inv_gin_details`
--

CREATE TABLE `inv_gin_details` (
  `id` varchar(36) COLLATE utf8mb4_unicode_ci NOT NULL,
  `gin_id` varchar(36) COLLATE utf8mb4_unicode_ci DEFAULT NULL,
  `inv_id` varchar(36) COLLATE utf8mb4_unicode_ci DEFAULT NULL,
  `inv_detail_id` varchar(36) COLLATE utf8mb4_unicode_ci DEFAULT NULL,
  `prod_id` varchar(36) COLLATE utf8mb4_unicode_ci DEFAULT NULL,
  `description` varchar(250) COLLATE utf8mb4_unicode_ci DEFAULT NULL,
  `unit` varchar(12) COLLATE utf8mb4_unicode_ci DEFAULT NULL,
  `qty_order` decimal(12,2) DEFAULT NULL,
  `qty_issue` int(11) DEFAULT NULL,
  `base_rate` decimal(12,4) DEFAULT NULL,
  `operator_val` int(11) DEFAULT NULL,
  `required_by_date` date DEFAULT NULL,
  `packing_detail` varchar(250) COLLATE utf8mb4_unicode_ci DEFAULT NULL,
  `created_at` timestamp NULL DEFAULT NULL,
  `updated_at` timestamp NULL DEFAULT NULL,
  `display` int(11) DEFAULT NULL,
  `mir_detail_id` varchar(36) COLLATE utf8mb4_unicode_ci DEFAULT NULL
) ENGINE=InnoDB DEFAULT CHARSET=utf8mb4 COLLATE=utf8mb4_unicode_ci;

--
-- Dumping data for table `inv_gin_details`
--

INSERT INTO `inv_gin_details` (`id`, `gin_id`, `inv_id`, `inv_detail_id`, `prod_id`, `description`, `unit`, `qty_order`, `qty_issue`, `base_rate`, `operator_val`, `required_by_date`, `packing_detail`, `created_at`, `updated_at`, `display`, `mir_detail_id`) VALUES
('04a36f87-1526-4268-91d0-aa99265238d4', 'c74a9b95-c6f7-4906-b87c-f31ce3499d9b', NULL, NULL, 'a762acbf-7c99-4239-a236-2fb14836dc03', 'MR-250ML-MANGO-PAPER', 'Pcs', '86328.00', 86328, '5.0700', 1, NULL, NULL, NULL, NULL, 4, 'bab1b4cb-c784-4064-88ef-4c9d0a3c765a'),
('053248f9-5bfd-45ce-82e7-504fb493d770', 'a66cd017-0f72-4cf0-a283-4037841572b2', NULL, NULL, 'a762acbf-7c99-4239-a236-2fb14836dc03', 'MR-250ML-MANGO-PAPER', 'Pcs', '55232.00', 55232, '5.0700', 1, NULL, NULL, NULL, NULL, 7, 'fe6404c6-d40f-4531-b620-fd2d308616c7'),
('0c125ea9-4b61-47f1-894b-03b84df899e1', 'a66cd017-0f72-4cf0-a283-4037841572b2', NULL, NULL, 'daa2dddb-b342-4ab0-b8dd-a952d7bd52be', 'MR-200ML-MANGO-PAPER', 'Pcs', '12309.00', 12309, '4.8300', 1, NULL, NULL, NULL, NULL, 4, '1d2c91ff-facb-4f8f-9eab-24630f04f42e'),
('12addc8c-f37c-4a05-9b62-90370186a143', 'c74a9b95-c6f7-4906-b87c-f31ce3499d9b', NULL, NULL, 'cb5a1a7d-9dc6-49b7-9711-c007985762a5', '250ML-1X36-CARTON', 'Pcs', '2398.00', 2398, '24.5000', 1, NULL, NULL, NULL, NULL, 2, '917ba2e1-0dc5-4281-9938-271ad5a37958'),
('1db26f0a-aa0d-41bc-b089-1ebbd456945a', '01eb0073-9b8f-4338-a5fe-4736bb93cafc', NULL, NULL, 'ff37340f-a17f-4c24-9ccd-9d26c11f0232', 'MR-250ML-APPLE-PAPER', 'Pcs', '1000.00', 1000, '5.7400', 1, NULL, NULL, NULL, NULL, 1, 'c4be26eb-2064-4735-ab88-e63b3ef1f684'),
('2ef8ac51-b6da-4a53-87c0-9c97e9021b0e', '662d96c8-9eef-482b-ae6d-763c3da1d842', NULL, NULL, 'ff37340f-a17f-4c24-9ccd-9d26c11f0232', 'MR-250ML-APPLE-PAPER', 'Pcs', '158858.00', 158858, '5.7400', 1, NULL, NULL, NULL, NULL, 8, '23a166f5-6134-4a95-985b-0c5ea3dd5f0e'),
('39b1bab6-dc66-4c24-a45e-dc2cfe38e219', 'a66cd017-0f72-4cf0-a283-4037841572b2', NULL, NULL, 'f918cfd1-43cc-46a0-9390-6119da495d02', 'CS-125ML-APPLE-PAPER', 'Pcs', '246096.00', 246096, '3.3300', 1, NULL, NULL, NULL, NULL, 6, 'eeb1de79-abc6-4318-9886-7e1e2ff3060e'),
('47881a81-0914-4a0e-842d-dbba6388ddf1', 'c74a9b95-c6f7-4906-b87c-f31ce3499d9b', NULL, NULL, '1a94e739-6a47-4d58-bb4e-725c5375903c', '200ML-1X24-CARTON', 'Pcs', '5553.00', 5553, '9.0000', 1, NULL, NULL, NULL, NULL, 1, 'c8ab0b6d-0f06-4a5c-aacc-958671d5bab8'),
('479d75c4-439f-4bcc-ac82-6684985e66ce', 'a66cd017-0f72-4cf0-a283-4037841572b2', NULL, NULL, '8df7c58f-9091-4a4c-b9d0-1c65fb5992c7', 'CS-125ML-MANGO-PAPER', 'Pcs', '322440.00', 322440, '3.3300', 1, NULL, NULL, NULL, NULL, 5, 'fc6d63d0-7827-47f3-a571-ab3fd2e96e42'),
('47e83cc1-4c27-4a7b-aa40-7348baf46a2a', 'b797a3cf-abca-4943-acc6-7df14ee2f223', NULL, NULL, 'a762acbf-7c99-4239-a236-2fb14836dc03', 'MR-250ML-MANGO-PAPER', 'Pcs', '98760.00', 98760, '5.3424', 1, NULL, NULL, NULL, NULL, 3, '7cab78df-ac4b-494c-aac7-8df4f05cc0a0'),
('49b995af-71af-4ab4-bfb1-c08707c2faed', '662d96c8-9eef-482b-ae6d-763c3da1d842', NULL, NULL, '8df7c58f-9091-4a4c-b9d0-1c65fb5992c7', 'CS-125ML-MANGO-PAPER', 'Pcs', '67080.00', 67080, '3.3300', 1, NULL, NULL, NULL, NULL, 5, '581beeb2-96ab-4373-8f83-78872154dcb0'),
('532dd0a7-43fa-43f2-bdd4-a34a8ffe7de9', '662d96c8-9eef-482b-ae6d-763c3da1d842', NULL, NULL, 'cb5a1a7d-9dc6-49b7-9711-c007985762a5', '250ML-1X36-CARTON', 'Pcs', '8726.00', 8726, '24.5000', 1, NULL, NULL, NULL, NULL, 3, 'a2aa70d1-1e52-4f14-90ad-fbd7ab50d6e6'),
('579f4d83-2ab1-446b-a29b-a17849b20d6f', '662d96c8-9eef-482b-ae6d-763c3da1d842', NULL, NULL, 'a3157a27-0e5c-41c1-a5c8-61b78fcacf62', '125ML-1X24-CARTON', 'Pcs', '2795.00', 2795, '5.9500', 1, NULL, NULL, NULL, NULL, 1, 'cc757587-1a18-40ec-abae-413b11c7f45c'),
('5dbf281c-92f9-42ce-a202-8dd0e3c244bb', 'b797a3cf-abca-4943-acc6-7df14ee2f223', NULL, NULL, 'c8d5d6f6-b614-4899-a78b-48fef22699e2', 'MR-250ML-ORANGE MANGO-PAPER', 'Pcs', '61848.00', 61848, '5.6028', 1, NULL, NULL, NULL, NULL, 5, '79d43b3a-8a5b-4283-9301-59bc9ff88ce2'),
('61b9e6ec-db42-4e98-aa13-64056fe20829', 'c74a9b95-c6f7-4906-b87c-f31ce3499d9b', NULL, NULL, 'daa2dddb-b342-4ab0-b8dd-a952d7bd52be', 'MR-200ML-MANGO-PAPER', 'Pcs', '133272.00', 133272, '4.8300', 1, NULL, NULL, NULL, NULL, 3, '0a0ba50d-2bc4-4b85-88ba-3aeefd513db0'),
('69970169-9c28-43bd-87a6-1cb7c212eef6', '662d96c8-9eef-482b-ae6d-763c3da1d842', NULL, NULL, 'a762acbf-7c99-4239-a236-2fb14836dc03', 'MR-250ML-MANGO-PAPER', 'Pcs', '226971.00', 226971, '5.5210', 1, NULL, NULL, NULL, NULL, 7, 'f22d18b7-7e81-42c4-8008-7eadd7753b4e'),
('907aa517-7eac-4939-a2d0-c6b1969a0923', 'a66cd017-0f72-4cf0-a283-4037841572b2', NULL, NULL, 'cb5a1a7d-9dc6-49b7-9711-c007985762a5', '250ML-1X36-CARTON', 'Pcs', '5151.00', 5151, '24.5000', 1, NULL, NULL, NULL, NULL, 3, '504e5fe6-e06f-41f0-825d-ea0243548d57'),
('99174842-ee3b-41c4-a939-94402ad711ee', 'b797a3cf-abca-4943-acc6-7df14ee2f223', NULL, NULL, 'ddbeb847-9738-424d-b5cd-817ea8c280f2', '250ML-1X27-CARTON', 'Pcs', '2182.00', 2182, '9.5000', 1, NULL, NULL, NULL, NULL, 2, 'bcd0f4a7-9d09-4acb-ad70-0cab33d77ffb'),
('9a145a8d-a173-4cc0-8208-1c64e9d7c867', 'b797a3cf-abca-4943-acc6-7df14ee2f223', NULL, NULL, 'ff37340f-a17f-4c24-9ccd-9d26c11f0232', 'MR-250ML-APPLE-PAPER', 'Pcs', '79191.00', 79191, '5.7400', 1, NULL, NULL, NULL, NULL, 4, '774b5b01-97ab-462a-8e22-21e2cc3142c1'),
('a120e654-ea20-448f-a40b-acfa2b7a6bf8', 'a66cd017-0f72-4cf0-a283-4037841572b2', NULL, NULL, '1a94e739-6a47-4d58-bb4e-725c5375903c', '200ML-1X24-CARTON', 'Pcs', '6066.00', 6066, '9.0000', 1, NULL, NULL, NULL, NULL, 2, '1da6dac2-28a6-41a7-b7e0-3781467f83c9'),
('c90eb8ef-3ba1-4b44-bf7e-bbaf0e7f7496', '662d96c8-9eef-482b-ae6d-763c3da1d842', NULL, NULL, 'ddbeb847-9738-424d-b5cd-817ea8c280f2', '250ML-1X27-CARTON', 'Pcs', '4887.00', 4887, '9.5000', 1, NULL, NULL, NULL, NULL, 4, '1b397cd4-335b-4ead-a989-43a13d0157fe'),
('ca72b811-cd71-44d4-98ca-fa01294f00fc', 'a66cd017-0f72-4cf0-a283-4037841572b2', NULL, NULL, 'a3157a27-0e5c-41c1-a5c8-61b78fcacf62', '125ML-1X24-CARTON', 'Pcs', '23689.00', 23689, '5.9500', 1, NULL, NULL, NULL, NULL, 1, 'd4314058-1157-4d3a-8ba0-4ceeab538fa3'),
('cfa84266-c024-4164-b65f-f8a566dfcdf4', '662d96c8-9eef-482b-ae6d-763c3da1d842', NULL, NULL, 'daa2dddb-b342-4ab0-b8dd-a952d7bd52be', 'MR-200ML-MANGO-PAPER', 'Pcs', '24480.00', 24480, '4.8300', 1, NULL, NULL, NULL, NULL, 6, '86963fd6-23b8-4cf1-af91-c892988c6ede'),
('e3ca7ac0-5652-401b-b65b-564c88f69c24', 'b797a3cf-abca-4943-acc6-7df14ee2f223', NULL, NULL, 'cb5a1a7d-9dc6-49b7-9711-c007985762a5', '250ML-1X36-CARTON', 'Pcs', '5025.00', 5025, '24.5000', 1, NULL, NULL, NULL, NULL, 1, '9530d202-62ac-4c9f-8ad3-756e950c9231'),
('e50128fb-cb7e-44cb-b122-dcd839af766d', 'a66cd017-0f72-4cf0-a283-4037841572b2', NULL, NULL, 'c8d5d6f6-b614-4899-a78b-48fef22699e2', 'MR-250ML-ORANGE MANGO-PAPER', 'Pcs', '43884.00', 43884, '5.0700', 1, NULL, NULL, NULL, NULL, 8, '9b64c766-fbd8-4dc8-a30d-8d789015cd4f'),
('e87bc748-f8da-47c6-b000-8f6b34df637c', '662d96c8-9eef-482b-ae6d-763c3da1d842', NULL, NULL, '1a94e739-6a47-4d58-bb4e-725c5375903c', '200ML-1X24-CARTON', 'Pcs', '1020.00', 1020, '9.0000', 1, NULL, NULL, NULL, NULL, 2, '65d88ddc-47ff-4323-9b0e-68a8504caa3f'),
('f8ac5cf4-b2ab-4fef-ac6d-e463de82c3b1', '662d96c8-9eef-482b-ae6d-763c3da1d842', NULL, NULL, 'c8d5d6f6-b614-4899-a78b-48fef22699e2', 'MR-250ML-ORANGE MANGO-PAPER', 'Pcs', '59256.00', 59256, '5.0700', 1, NULL, NULL, NULL, NULL, 9, '6cc2c55b-9d15-4cf8-8ffd-bb3a825eca8e');

-- --------------------------------------------------------

--
-- Table structure for table `inv_grns`
--

CREATE TABLE `inv_grns` (
  `id` varchar(36) COLLATE utf8mb4_unicode_ci NOT NULL,
  `pr_id` varchar(36) COLLATE utf8mb4_unicode_ci DEFAULT NULL,
  `po_id` varchar(36) COLLATE utf8mb4_unicode_ci DEFAULT NULL,
  `igp_id` varchar(36) COLLATE utf8mb4_unicode_ci DEFAULT NULL,
  `date` date DEFAULT NULL,
  `month` smallint(6) DEFAULT NULL,
  `ven_id` varchar(36) COLLATE utf8mb4_unicode_ci DEFAULT NULL,
  `trm_id` varchar(36) COLLATE utf8mb4_unicode_ci DEFAULT NULL,
  `pur_inv_id` varchar(36) COLLATE utf8mb4_unicode_ci DEFAULT NULL,
  `wip_coa_id` varchar(36) COLLATE utf8mb4_unicode_ci DEFAULT NULL,
  `warehouse` varchar(64) COLLATE utf8mb4_unicode_ci DEFAULT NULL,
  `status` varchar(32) COLLATE utf8mb4_unicode_ci DEFAULT NULL,
  `do_ref` varchar(64) COLLATE utf8mb4_unicode_ci DEFAULT NULL,
  `note` varchar(512) COLLATE utf8mb4_unicode_ci DEFAULT NULL,
  `user_id` varchar(36) COLLATE utf8mb4_unicode_ci DEFAULT NULL,
  `last_updated` date DEFAULT NULL,
  `update_user_id` varchar(36) COLLATE utf8mb4_unicode_ci DEFAULT NULL,
  `created_at` timestamp NULL DEFAULT NULL,
  `updated_at` timestamp NULL DEFAULT NULL,
  `number` int(11) NOT NULL,
  `company_id` varchar(36) COLLATE utf8mb4_unicode_ci NOT NULL,
  `editable` int(11) NOT NULL DEFAULT 1
) ENGINE=InnoDB DEFAULT CHARSET=utf8mb4 COLLATE=utf8mb4_unicode_ci;

--
-- Dumping data for table `inv_grns`
--

INSERT INTO `inv_grns` (`id`, `pr_id`, `po_id`, `igp_id`, `date`, `month`, `ven_id`, `trm_id`, `pur_inv_id`, `wip_coa_id`, `warehouse`, `status`, `do_ref`, `note`, `user_id`, `last_updated`, `update_user_id`, `created_at`, `updated_at`, `number`, `company_id`, `editable`) VALUES
('032a2363-e637-4431-ba4a-e505afecbc0d', NULL, '61dc76f2-2c65-4057-9325-f3bd151f68c5', '71532032-3a27-4ab2-b842-1834f6b3982b', '2021-03-22', 2103, '0dfa24c7-a9a3-423c-b995-bd88fff823b1', NULL, NULL, NULL, 'ae3b0fe8-5f4c-4327-8624-748d572e9c27', NULL, 'DA-21020728', NULL, '45', NULL, '45', '2021-03-22 15:23:58', '2021-03-22 15:23:58', 19, 'f9d0b90d-631a-4f45-982c-d8223bd65c0d', 0),
('032d8a5e-6161-4ea6-87c2-011abaadeb0c', NULL, 'dde152e1-e136-4ceb-bf7a-478efca05703', '6581cb9e-9cab-46b4-9a5e-7db105a5a66a', '2021-01-08', 2101, '5b092654-c987-40f9-9185-194ae46edad5', NULL, NULL, NULL, 'ae3b0fe8-5f4c-4327-8624-748d572e9c27', NULL, '1989', NULL, '31', NULL, '31', '2021-03-22 16:22:33', '2021-04-13 08:35:47', 2, 'f9d0b90d-631a-4f45-982c-d8223bd65c0d', 0),
('03a75fae-d2a0-4995-9a12-53fdcdedfe11', NULL, NULL, NULL, '2021-04-20', 2021, NULL, 'fd4ba216-007c-440d-8b5d-a1e681be869c', NULL, '133', 'ae3b0fe8-5f4c-4327-8624-748d572e9c27', 'Completed', NULL, NULL, '49', NULL, '49', '2021-06-22 07:34:20', '2021-06-22 10:17:48', 20, 'f9d0b90d-631a-4f45-982c-d8223bd65c0d', 1),
('0a74fd7d-04f3-4887-a593-24f8453b7db9', NULL, NULL, NULL, '2021-04-17', 2021, NULL, 'baa1e8d6-7742-4318-b6a6-06648fa8e85a', NULL, '133', 'ae3b0fe8-5f4c-4327-8624-748d572e9c27', 'Completed', NULL, NULL, '49', NULL, NULL, '2021-06-22 06:20:32', NULL, 19, 'f9d0b90d-631a-4f45-982c-d8223bd65c0d', 1),
('0d2a5275-0828-4f9d-8ecc-e917449c589d', NULL, '5cc78117-fea9-48cc-8e0a-b96544a364d6', '2d568f51-a82f-4bc7-8d64-2aa9395a29f0', '2021-08-06', 2021, '0dfa24c7-a9a3-423c-b995-bd88fff823b1', NULL, '2edadd5e-dafc-454c-9159-16c3a5d27901', NULL, 'ae3b0fe8-5f4c-4327-8624-748d572e9c27', NULL, NULL, 'ddddd', '8', NULL, NULL, '2021-08-06 02:38:50', NULL, 32, 'f9d0b90d-631a-4f45-982c-d8223bd65c0d', 1),
('14466fc4-6e50-4f23-bedc-444066990a8c', NULL, 'dde152e1-e136-4ceb-bf7a-478efca05703', '43126046-fdc6-4f27-bdf2-7ded1552e059', '2021-02-27', 2102, '5b092654-c987-40f9-9185-194ae46edad5', NULL, NULL, NULL, 'ae3b0fe8-5f4c-4327-8624-748d572e9c27', NULL, '2117', NULL, '45', NULL, '45', '2021-03-22 16:28:59', '2021-03-22 16:28:59', 14, 'f9d0b90d-631a-4f45-982c-d8223bd65c0d', 0),
('1506f4da-9ab2-4798-b99e-6c35b862f405', NULL, NULL, NULL, '2021-02-28', 2021, NULL, NULL, NULL, NULL, 'ea05b523-f673-4b0a-af93-4696ef68589a', 'Completed', NULL, NULL, '49', NULL, '49', '2021-06-05 10:53:59', '2021-06-05 10:53:59', 1, 'f9d0b90d-631a-4f45-982c-d8223bd65c0d', 0),
('1757d615-350e-4a16-906b-097aa1cfaa2c', NULL, '85f13647-011d-4342-bae8-3f12e8346552', '1667ae6a-c13f-407c-b306-4ecc3bc096d8', '2021-03-29', 2103, '5b092654-c987-40f9-9185-194ae46edad5', NULL, NULL, NULL, 'ae3b0fe8-5f4c-4327-8624-748d572e9c27', NULL, '\'0033', NULL, '45', NULL, '45', '2021-03-29 09:22:53', '2021-03-29 09:22:53', 27, 'f9d0b90d-631a-4f45-982c-d8223bd65c0d', 0),
('17ae33e5-edbf-473a-9722-3f3ff12665b4', NULL, NULL, NULL, '2021-03-27', 2021, NULL, '27da4e8a-2b66-4d49-8d85-e542257a2ced', NULL, '133', 'ae3b0fe8-5f4c-4327-8624-748d572e9c27', 'Completed', NULL, NULL, '49', NULL, '49', '2021-06-20 11:37:50', '2021-06-20 11:48:25', 12, 'f9d0b90d-631a-4f45-982c-d8223bd65c0d', 1),
('1e7c8e45-d3ee-48cb-a4f6-a51fee06354f', NULL, 'e0a166e5-3489-4aa8-814e-062db39702a6', 'c826dc23-2ed1-4a5c-884c-b80d66606c04', '2021-03-31', 2103, '5b092654-c987-40f9-9185-194ae46edad5', NULL, NULL, NULL, 'ae3b0fe8-5f4c-4327-8624-748d572e9c27', NULL, '\'0054', 'AAA', '45', NULL, '45', '2021-04-01 06:24:13', '2021-04-01 06:24:13', 26, 'f9d0b90d-631a-4f45-982c-d8223bd65c0d', 0),
('1fb94ae4-02f0-4af7-9356-187e076798f6', NULL, NULL, NULL, '2021-08-06', 2021, NULL, '7f8c722f-7b51-417c-a47c-fdc559c48a28', NULL, NULL, 'ae3b0fe8-5f4c-4327-8624-748d572e9c27', 'Hold', NULL, NULL, '8', NULL, NULL, '2021-08-06 02:11:11', NULL, 28, 'f9d0b90d-631a-4f45-982c-d8223bd65c0d', 1),
('2129769c-9134-4a15-b00d-0d814ab56144', NULL, NULL, NULL, '2021-04-29', 2021, NULL, 'b7ac0cce-76da-4e02-9ea1-80b183463b08', NULL, '133', 'ae3b0fe8-5f4c-4327-8624-748d572e9c27', 'Completed', NULL, NULL, '49', NULL, NULL, '2021-06-22 11:01:58', NULL, 22, 'f9d0b90d-631a-4f45-982c-d8223bd65c0d', 1),
('23a5f014-9f10-499f-ad92-a8844aa67c01', NULL, NULL, NULL, '2021-03-30', 2021, NULL, '0c2fef18-e2b4-4b15-9db4-93a7b76eabd3', NULL, '133', 'ae3b0fe8-5f4c-4327-8624-748d572e9c27', 'Completed', NULL, NULL, '49', NULL, '49', '2021-06-20 13:43:00', '2021-06-20 14:18:06', 17, 'f9d0b90d-631a-4f45-982c-d8223bd65c0d', 1),
('263476fc-75a4-4437-bffb-09f2c2229970', NULL, NULL, NULL, '2021-02-22', 2102, NULL, NULL, NULL, NULL, 'ea05b523-f673-4b0a-af93-4696ef68589a', 'Completed', NULL, NULL, '45', NULL, '45', '2021-05-27 16:08:04', '2021-05-27 16:12:03', 45, 'f9d0b90d-631a-4f45-982c-d8223bd65c0d', 0),
('2caa0a06-781e-45f8-83a3-3e35ad70bcc6', NULL, 'df815bd3-7825-43bd-9cf5-a2a59e67226f', 'cb957632-d13c-4209-8057-e96b2837a7bf', '2021-08-06', 2021, '093b47d6-62c9-4086-a15f-4fd5d8487dea', NULL, '3f77247a-cbac-4107-906f-ca74f1251a62', NULL, 'ae3b0fe8-5f4c-4327-8624-748d572e9c27', NULL, '1', 'checked', '8', NULL, NULL, '2021-08-06 05:07:46', NULL, 35, 'f9d0b90d-631a-4f45-982c-d8223bd65c0d', 1),
('2f29b48b-1a36-474b-8ac1-db3e1991e5c8', NULL, 'dde152e1-e136-4ceb-bf7a-478efca05703', '68e7441c-d167-456a-83c8-d15badae6666', '2021-02-06', 2102, '5b092654-c987-40f9-9185-194ae46edad5', NULL, NULL, NULL, 'ae3b0fe8-5f4c-4327-8624-748d572e9c27', NULL, '1988', NULL, '45', NULL, '45', '2021-03-22 16:22:02', '2021-03-22 16:22:02', 25, 'f9d0b90d-631a-4f45-982c-d8223bd65c0d', 0),
('313b84be-a2b5-4f97-a5cd-78c5606ee558', NULL, NULL, NULL, '2021-02-28', 2021, NULL, NULL, NULL, NULL, 'ea05b523-f673-4b0a-af93-4696ef68589a', 'Completed', NULL, NULL, '49', NULL, NULL, '2021-06-13 06:04:02', NULL, 4, 'f9d0b90d-631a-4f45-982c-d8223bd65c0d', 0),
('38748091-72d4-4ef7-bdd0-c338bc343080', NULL, 'c737e3ed-1809-4380-b841-3151ea984db8', 'bfe9ae8f-da54-4315-b801-b8caae5138fb', '2021-08-06', 2021, '0dfa24c7-a9a3-423c-b995-bd88fff823b1', NULL, '98b9d8c6-7b01-49b0-b32b-8eed43a4f9ed', NULL, 'ae3b0fe8-5f4c-4327-8624-748d572e9c27', NULL, 'adfa', NULL, '8', NULL, NULL, '2021-08-06 01:48:44', NULL, 25, 'f9d0b90d-631a-4f45-982c-d8223bd65c0d', 1),
('3dd34ac1-265a-4165-ba1c-0fbef8273292', NULL, NULL, NULL, '2021-03-25', 2103, NULL, NULL, NULL, NULL, 'ae3b0fe8-5f4c-4327-8624-748d572e9c27', 'Completed', NULL, NULL, '31', NULL, '31', '2021-03-25 08:59:59', '2021-03-25 08:59:59', 22, 'f9d0b90d-631a-4f45-982c-d8223bd65c0d', 1),
('3f331745-466d-4eee-b5a7-2b8c9e0676b7', NULL, NULL, NULL, '2021-03-16', 2021, NULL, '549ef5c4-f8f3-4658-8f7f-b553d79a2a46', NULL, '133', 'ae3b0fe8-5f4c-4327-8624-748d572e9c27', 'Completed', NULL, NULL, '49', NULL, NULL, '2021-06-20 10:39:25', NULL, 10, 'f9d0b90d-631a-4f45-982c-d8223bd65c0d', 0),
('456a31a2-7b64-456b-aafd-52e249fcb45c', NULL, 'c737e3ed-1809-4380-b841-3151ea984db8', 'db0494bd-9682-4c8d-a416-7afe39e7711d', '2021-03-29', 2103, '0dfa24c7-a9a3-423c-b995-bd88fff823b1', NULL, NULL, NULL, 'ae3b0fe8-5f4c-4327-8624-748d572e9c27', NULL, 'DA-21031017-OFF', 'AAA', '45', NULL, '45', '2021-03-31 16:10:27', '2021-03-31 16:10:27', 24, 'f9d0b90d-631a-4f45-982c-d8223bd65c0d', 0),
('4d594a5c-4a91-496d-99ff-af9848b97cea', NULL, 'c737e3ed-1809-4380-b841-3151ea984db8', 'a5ab48a4-5267-4ca6-a088-0470bb813e6a', '2021-05-25', 2105, '0dfa24c7-a9a3-423c-b995-bd88fff823b1', NULL, NULL, NULL, 'ae3b0fe8-5f4c-4327-8624-748d572e9c27', NULL, 'DA-21051249-OFF', 'AAA', '45', NULL, '45', '2021-05-25 15:18:04', NULL, 42, 'f9d0b90d-631a-4f45-982c-d8223bd65c0d', 0),
('4db373a2-70ce-4304-8f4c-a7c423042a4a', NULL, 'eb82b351-5927-4aad-8a8f-514f24bcc3cf', '3ba485b7-fda0-47f8-bf7e-87de52a817e8', '2021-08-06', 2021, '0dfa24c7-a9a3-423c-b995-bd88fff823b1', NULL, NULL, NULL, 'ae3b0fe8-5f4c-4327-8624-748d572e9c27', NULL, '004', 'Mubashir Ali', '8', NULL, '8', '2021-08-06 06:52:13', '2021-08-06 06:52:52', 39, 'f9d0b90d-631a-4f45-982c-d8223bd65c0d', 1),
('4db4f75e-0d12-478c-b1ae-2705401c8fe7', NULL, 'eb82b351-5927-4aad-8a8f-514f24bcc3cf', '9de07fbb-ced0-4f6f-9951-18291e26b131', '2021-08-09', 2021, '0dfa24c7-a9a3-423c-b995-bd88fff823b1', NULL, NULL, NULL, 'ea05b523-f673-4b0a-af93-4696ef68589a', NULL, '11111', 'Approved Quantity', '8', NULL, NULL, '2021-08-09 00:01:05', NULL, 41, 'f9d0b90d-631a-4f45-982c-d8223bd65c0d', 1),
('524d032a-f5af-4411-bfe2-5cd9d9b002c8', NULL, 'eb82b351-5927-4aad-8a8f-514f24bcc3cf', '61d98afb-51f9-4b7e-be3b-6ec65a6ebc50', '2021-08-06', 2021, '0dfa24c7-a9a3-423c-b995-bd88fff823b1', NULL, 'fe1fcb09-5eaa-42af-ab1f-e0979b0016f2', NULL, 'ae3b0fe8-5f4c-4327-8624-748d572e9c27', NULL, NULL, 'ddddd', '8', NULL, NULL, '2021-08-06 02:30:22', NULL, 31, 'f9d0b90d-631a-4f45-982c-d8223bd65c0d', 1),
('551b8fb7-6015-4ecd-9d86-413f8ea1f5ca', NULL, 'dde152e1-e136-4ceb-bf7a-478efca05703', '3c7881de-7626-4131-a65f-bae0fe2a547c', '2021-02-17', 2102, '5b092654-c987-40f9-9185-194ae46edad5', NULL, NULL, NULL, 'ae3b0fe8-5f4c-4327-8624-748d572e9c27', NULL, '2064', NULL, '45', NULL, '45', '2021-03-22 16:26:09', '2021-03-22 16:26:09', 7, 'f9d0b90d-631a-4f45-982c-d8223bd65c0d', 0),
('55e33ec2-dd8f-4e55-8166-91adbb01b1c3', NULL, 'dde152e1-e136-4ceb-bf7a-478efca05703', 'e89f073e-a8c8-49f2-8cdf-0dfe58aa0de0', '2021-02-21', 2102, '5b092654-c987-40f9-9185-194ae46edad5', NULL, 'c8b5ef69-d230-4062-8c9c-349f9e6ff75d', NULL, 'ae3b0fe8-5f4c-4327-8624-748d572e9c27', NULL, '2077', NULL, '45', NULL, '45', '2021-03-22 16:26:48', '2021-03-22 16:26:48', 9, 'f9d0b90d-631a-4f45-982c-d8223bd65c0d', 1),
('5f32dc5b-a044-45a8-94e3-0013886d2bcc', NULL, NULL, NULL, '2021-03-29', 2021, NULL, '8d08882e-8991-4e91-94b3-0a1ffbe1f215', NULL, '133', 'ae3b0fe8-5f4c-4327-8624-748d572e9c27', 'Completed', NULL, NULL, '49', NULL, '49', '2021-06-20 13:04:02', '2021-06-20 13:37:37', 15, 'f9d0b90d-631a-4f45-982c-d8223bd65c0d', 1),
('5f68f2a4-de07-4997-9cad-900ade7aceef', NULL, NULL, NULL, '2021-02-19', 2021, NULL, NULL, NULL, NULL, 'ea05b523-f673-4b0a-af93-4696ef68589a', 'Completed', NULL, NULL, '49', NULL, NULL, '2021-06-13 07:30:57', NULL, 5, 'f9d0b90d-631a-4f45-982c-d8223bd65c0d', 1),
('689112f5-3915-4981-9e28-72b6be8a6121', NULL, '5f708878-b704-4abe-88e0-a83f3ad9a219', 'ebec9527-ea5f-42d7-9443-cb77daac79d3', '2021-03-25', 2103, '5b092654-c987-40f9-9185-194ae46edad5', NULL, NULL, NULL, 'ae3b0fe8-5f4c-4327-8624-748d572e9c27', NULL, '\'0031', NULL, '45', NULL, '45', '2021-03-29 09:20:59', '2021-03-29 09:20:59', 23, 'f9d0b90d-631a-4f45-982c-d8223bd65c0d', 0),
('6ab7eb3c-019f-4f04-afcf-c2b7f124b723', NULL, '990a813a-216c-489e-a72c-36d2135d416b', '31a38e5e-46be-4701-abfb-d8303881de2e', '2021-05-24', 2105, '5b092654-c987-40f9-9185-194ae46edad5', NULL, NULL, NULL, 'ae3b0fe8-5f4c-4327-8624-748d572e9c27', NULL, '-', NULL, '8', NULL, '8', '2021-05-24 02:56:53', NULL, 38, 'f9d0b90d-631a-4f45-982c-d8223bd65c0d', 0),
('7112242d-8177-4e99-9b84-9259fc54fa9f', NULL, NULL, NULL, '2021-02-19', 2021, NULL, 'fe1a0f8e-afde-4fee-adfa-9394f9a38dc9', NULL, NULL, 'ea05b523-f673-4b0a-af93-4696ef68589a', 'Completed', NULL, NULL, '49', NULL, NULL, '2021-06-15 11:42:02', NULL, 7, 'f9d0b90d-631a-4f45-982c-d8223bd65c0d', 0),
('720ff8c1-4e7f-4bf2-8b04-72dbd10c94ce', NULL, NULL, NULL, '2021-02-08', 2102, NULL, NULL, NULL, NULL, 'ae3b0fe8-5f4c-4327-8624-748d572e9c27', 'Completed', NULL, NULL, '45', NULL, '45', '2021-05-25 10:58:19', '2021-05-25 11:48:32', 41, 'f9d0b90d-631a-4f45-982c-d8223bd65c0d', 1),
('74dd1029-3221-4c95-aae5-217ad0c95c79', NULL, 'eb82b351-5927-4aad-8a8f-514f24bcc3cf', '1c616ce9-f724-4dd3-adc4-47f2cc6a49fa', '2021-08-06', 2021, '0dfa24c7-a9a3-423c-b995-bd88fff823b1', NULL, NULL, NULL, 'ae3b0fe8-5f4c-4327-8624-748d572e9c27', NULL, '002', 'checked 2', '8', NULL, NULL, '2021-08-06 04:33:29', NULL, 34, 'f9d0b90d-631a-4f45-982c-d8223bd65c0d', 0),
('77e04074-72c9-47e2-8840-b1ad063af866', NULL, 'eb82b351-5927-4aad-8a8f-514f24bcc3cf', '4fcd42a5-ae49-4b99-96a2-738ce942831a', '2021-08-06', 2021, '0dfa24c7-a9a3-423c-b995-bd88fff823b1', NULL, '7eed36df-bb58-4b55-927b-801152b648e1', NULL, 'ae3b0fe8-5f4c-4327-8624-748d572e9c27', NULL, NULL, 'ZZZ', '8', NULL, '8', '2021-08-06 07:02:51', '2021-08-06 07:03:42', 40, 'f9d0b90d-631a-4f45-982c-d8223bd65c0d', 0),
('79920932-e66a-4e09-9d52-09daa91265f6', NULL, 'c737e3ed-1809-4380-b841-3151ea984db8', '50779112-cb9e-4a40-9ee6-4f23a6d9c0f1', '2021-03-13', 2103, '0dfa24c7-a9a3-423c-b995-bd88fff823b1', NULL, NULL, NULL, 'ae3b0fe8-5f4c-4327-8624-748d572e9c27', NULL, 'DA-21030944', NULL, '45', NULL, '45', '2021-03-22 16:21:25', '2021-03-22 16:21:25', 18, 'f9d0b90d-631a-4f45-982c-d8223bd65c0d', 0),
('7e7d13a2-c798-443b-861a-335f1fc5536a', NULL, '61dc76f2-2c65-4057-9325-f3bd151f68c5', 'fe857bf8-7673-4a87-b679-cddb16a17dca', '2021-02-25', 2102, '0dfa24c7-a9a3-423c-b995-bd88fff823b1', NULL, NULL, NULL, 'ae3b0fe8-5f4c-4327-8624-748d572e9c27', NULL, 'DA-21020837', NULL, '45', NULL, '45', '2021-03-22 15:26:16', '2021-03-22 15:26:16', 12, 'f9d0b90d-631a-4f45-982c-d8223bd65c0d', 0),
('8033b120-f714-4879-a3fe-2cb6a52397e3', NULL, 'df815bd3-7825-43bd-9cf5-a2a59e67226f', 'cb957632-d13c-4209-8057-e96b2837a7bf', '2021-08-06', 2021, '093b47d6-62c9-4086-a15f-4fd5d8487dea', NULL, NULL, NULL, 'ae3b0fe8-5f4c-4327-8624-748d572e9c27', NULL, '1', 'checked', '8', NULL, NULL, '2021-08-06 05:09:43', NULL, 36, 'f9d0b90d-631a-4f45-982c-d8223bd65c0d', 1),
('80ff0b1c-4da4-4113-8de6-684d9b1e1c9c', NULL, NULL, NULL, '2021-03-11', 2021, NULL, 'c5337494-fd52-45e8-b39d-0352ea406bd2', NULL, NULL, 'ae3b0fe8-5f4c-4327-8624-748d572e9c27', 'Completed', NULL, NULL, '49', NULL, '49', '2021-06-20 10:14:15', '2021-06-20 10:15:44', 9, 'f9d0b90d-631a-4f45-982c-d8223bd65c0d', 0),
('82ac3ecf-0f43-413f-8bb0-aabdf89531ce', NULL, 'eb82b351-5927-4aad-8a8f-514f24bcc3cf', '61d98afb-51f9-4b7e-be3b-6ec65a6ebc50', '2021-08-06', 2021, '0dfa24c7-a9a3-423c-b995-bd88fff823b1', NULL, NULL, NULL, 'ae3b0fe8-5f4c-4327-8624-748d572e9c27', NULL, NULL, 'ddddd', '8', NULL, NULL, '2021-08-06 02:30:06', NULL, 30, 'f9d0b90d-631a-4f45-982c-d8223bd65c0d', 1),
('87830bd6-4a1c-4b5f-8273-e229a6b5b5f1', NULL, '5f708878-b704-4abe-88e0-a83f3ad9a219', '3715e02c-022b-4acc-b24a-875d3fc2183f', '2021-03-24', 2103, '5b092654-c987-40f9-9185-194ae46edad5', NULL, NULL, NULL, 'ae3b0fe8-5f4c-4327-8624-748d572e9c27', NULL, '\'0026', NULL, '45', NULL, '45', '2021-03-29 09:19:53', '2021-03-29 09:19:53', 21, 'f9d0b90d-631a-4f45-982c-d8223bd65c0d', 0),
('8891e3bb-b9cd-4c4e-94db-346c5be8e458', NULL, NULL, NULL, '2021-02-18', 2021, NULL, '7453f4d8-642b-47c3-98b8-7e4312bf925d', NULL, NULL, 'ea05b523-f673-4b0a-af93-4696ef68589a', 'Completed', NULL, NULL, '49', NULL, NULL, '2021-06-15 11:52:15', NULL, 8, 'f9d0b90d-631a-4f45-982c-d8223bd65c0d', 0),
('935505c7-4577-4e19-8eed-f8a754890203', NULL, NULL, NULL, '2021-03-28', 2021, NULL, '9bd9fdf0-4772-4ab4-aefd-da97f1b2b2ba', NULL, '133', 'ae3b0fe8-5f4c-4327-8624-748d572e9c27', 'Completed', NULL, NULL, '49', NULL, NULL, '2021-06-20 11:45:49', NULL, 13, 'f9d0b90d-631a-4f45-982c-d8223bd65c0d', 0),
('98699792-9d3b-4e9e-8525-6036781f9139', NULL, '5f708878-b704-4abe-88e0-a83f3ad9a219', 'c313b60a-10a9-4836-96cc-09d3dbf02168', '2021-03-23', 2103, '5b092654-c987-40f9-9185-194ae46edad5', NULL, NULL, NULL, 'ae3b0fe8-5f4c-4327-8624-748d572e9c27', NULL, '\'0022 & \'0023', NULL, '45', NULL, '45', '2021-03-29 09:19:09', '2021-03-29 09:19:09', 20, 'f9d0b90d-631a-4f45-982c-d8223bd65c0d', 0),
('a39b182d-63cd-4f90-93ff-ec2b646a8d13', NULL, NULL, NULL, '2021-03-31', 2021, NULL, 'fcc1a26b-db8e-44a0-ba5f-4e9621ed2007', NULL, '133', 'ae3b0fe8-5f4c-4327-8624-748d572e9c27', 'Completed', NULL, NULL, '49', NULL, '49', '2021-06-20 12:41:53', '2021-06-20 12:49:33', 14, 'f9d0b90d-631a-4f45-982c-d8223bd65c0d', 1),
('aaab20a0-ee97-414f-b3be-b1d1ac50bbcd', NULL, NULL, '765761a3-e183-4acf-ad94-d24e83100234', '2021-08-06', 2021, '5b092654-c987-40f9-9185-194ae46edad5', NULL, NULL, NULL, 'ea05b523-f673-4b0a-af93-4696ef68589a', NULL, NULL, NULL, '8', NULL, NULL, '2021-08-06 06:29:07', NULL, 38, 'f9d0b90d-631a-4f45-982c-d8223bd65c0d', 1),
('ac1d3912-b392-4748-bb8d-e37c3646c559', NULL, NULL, NULL, '2021-04-17', 2021, NULL, '4b399706-cc5f-4240-bdcb-8f7be34b43f1', NULL, '133', 'ae3b0fe8-5f4c-4327-8624-748d572e9c27', 'Completed', NULL, NULL, '49', NULL, '49', '2021-06-22 06:02:45', '2021-06-22 06:17:25', 18, 'f9d0b90d-631a-4f45-982c-d8223bd65c0d', 1),
('b382d239-7805-48a8-9295-37c9c0773dbb', NULL, '5cc78117-fea9-48cc-8e0a-b96544a364d6', '2d568f51-a82f-4bc7-8d64-2aa9395a29f0', '2021-08-06', 2021, '0dfa24c7-a9a3-423c-b995-bd88fff823b1', NULL, NULL, NULL, 'ae3b0fe8-5f4c-4327-8624-748d572e9c27', NULL, NULL, 'ddddd', '8', NULL, NULL, '2021-08-06 02:50:14', NULL, 33, 'f9d0b90d-631a-4f45-982c-d8223bd65c0d', 0),
('b39685b2-8017-44d7-9e25-58301cc207e8', NULL, 'dde152e1-e136-4ceb-bf7a-478efca05703', 'c947cf57-0947-443c-bcd2-3ade249f6ea0', '2021-02-09', 2102, '5b092654-c987-40f9-9185-194ae46edad5', NULL, NULL, NULL, 'ae3b0fe8-5f4c-4327-8624-748d572e9c27', NULL, '1991', NULL, '45', NULL, '45', '2021-03-22 16:24:12', '2021-03-22 16:24:12', 3, 'f9d0b90d-631a-4f45-982c-d8223bd65c0d', 0),
('bc05831e-29ac-4019-8481-fa5a2ae148f6', NULL, '5f708878-b704-4abe-88e0-a83f3ad9a219', '3a80c3a2-033f-4231-a06a-fd8783722495', '2021-03-26', 2103, '5b092654-c987-40f9-9185-194ae46edad5', NULL, NULL, NULL, 'ae3b0fe8-5f4c-4327-8624-748d572e9c27', NULL, '\'0033', NULL, '45', NULL, '45', '2021-03-29 09:21:51', '2021-03-29 09:21:51', 30, 'f9d0b90d-631a-4f45-982c-d8223bd65c0d', 0),
('bde74393-f655-4d58-b232-a63cd8cb8e3d', NULL, NULL, NULL, '2021-03-30', 2021, NULL, '3bc8f9b2-4fe2-438e-bc50-f75bbb9031f5', NULL, '133', 'ae3b0fe8-5f4c-4327-8624-748d572e9c27', 'Completed', NULL, NULL, '49', NULL, '49', '2021-06-20 13:25:46', '2021-06-20 13:37:02', 16, 'f9d0b90d-631a-4f45-982c-d8223bd65c0d', 0),
('c21cd1ad-b7f0-4f00-b6e5-d96c559a337b', NULL, 'c737e3ed-1809-4380-b841-3151ea984db8', 'cca736a1-622f-4ef2-ab5a-76018f3951e8', '2021-03-25', 2103, '0dfa24c7-a9a3-423c-b995-bd88fff823b1', NULL, NULL, NULL, 'ae3b0fe8-5f4c-4327-8624-748d572e9c27', NULL, 'DA-21031000-OFF', NULL, '45', NULL, '45', '2021-03-29 09:24:54', '2021-03-29 09:24:54', 29, 'f9d0b90d-631a-4f45-982c-d8223bd65c0d', 0),
('c2ac0f33-bfba-40dd-99fd-8af04ceb767d', NULL, 'eb82b351-5927-4aad-8a8f-514f24bcc3cf', 'f89145dc-b3d7-4b36-b3cb-38be6d176faa', '2021-08-06', 2021, '0dfa24c7-a9a3-423c-b995-bd88fff823b1', NULL, NULL, NULL, 'ea05b523-f673-4b0a-af93-4696ef68589a', NULL, '3', 'quqntity 40', '8', NULL, NULL, '2021-08-06 05:15:53', NULL, 37, 'f9d0b90d-631a-4f45-982c-d8223bd65c0d', 1),
('c30a1527-9139-4a58-b70f-a952c5de95b7', NULL, NULL, NULL, '2021-02-18', 2021, NULL, NULL, NULL, NULL, 'ea05b523-f673-4b0a-af93-4696ef68589a', 'Completed', NULL, NULL, '49', NULL, NULL, '2021-06-13 05:59:23', NULL, 3, 'f9d0b90d-631a-4f45-982c-d8223bd65c0d', 0),
('c4dbdf63-298b-43bd-bbd1-b4b6ce8deb1a', NULL, 'dde152e1-e136-4ceb-bf7a-478efca05703', '688d594b-1246-4d87-b9ff-24f3b52ba1c7', '2021-02-27', 2102, '5b092654-c987-40f9-9185-194ae46edad5', NULL, NULL, NULL, 'ae3b0fe8-5f4c-4327-8624-748d572e9c27', NULL, '2106', NULL, '45', NULL, '45', '2021-03-22 16:28:28', '2021-03-22 16:28:28', 15, 'f9d0b90d-631a-4f45-982c-d8223bd65c0d', 0),
('c4e8b8ff-47a1-49f6-957e-3e99a1008f80', NULL, NULL, NULL, '2021-03-24', 2021, NULL, '874c46ff-1cd8-4934-a617-83b1333de5ae', NULL, '133', 'ae3b0fe8-5f4c-4327-8624-748d572e9c27', 'Completed', NULL, NULL, '49', NULL, '49', '2021-06-20 10:58:49', '2021-06-20 10:59:34', 11, 'f9d0b90d-631a-4f45-982c-d8223bd65c0d', 1),
('c7aa6a3c-46a1-4813-8c9c-831a50ed7684', NULL, NULL, 'ac9173a9-7a96-4a51-aaea-5005a6a1e9cd', '2021-02-06', 2021, '5b092654-c987-40f9-9185-194ae46edad5', NULL, NULL, NULL, 'ae3b0fe8-5f4c-4327-8624-748d572e9c27', NULL, '1234', 'ddddd', '8', NULL, NULL, '2021-08-06 02:05:16', NULL, 27, 'f9d0b90d-631a-4f45-982c-d8223bd65c0d', 1),
('c948adc7-efcc-4f61-8a9b-2d3d37c2fdce', NULL, 'c737e3ed-1809-4380-b841-3151ea984db8', 'b4ab10a2-2ac7-4c15-8f82-34cf8a818cfc', '2021-08-06', 2021, '0dfa24c7-a9a3-423c-b995-bd88fff823b1', NULL, NULL, NULL, 'ae3b0fe8-5f4c-4327-8624-748d572e9c27', NULL, 'adfa', NULL, '8', NULL, NULL, '2021-08-06 00:47:49', NULL, 24, 'f9d0b90d-631a-4f45-982c-d8223bd65c0d', 1),
('ce96a752-38ce-4eab-9750-a6c7f61bb5dd', NULL, NULL, NULL, '2021-02-19', 2021, NULL, NULL, NULL, NULL, 'ea05b523-f673-4b0a-af93-4696ef68589a', 'Completed', NULL, NULL, '49', NULL, '49', '2021-06-13 07:52:15', '2021-06-13 08:09:22', 6, 'f9d0b90d-631a-4f45-982c-d8223bd65c0d', 0),
('d294aef4-f18a-4f48-b42a-5b0a05539289', NULL, '61dc76f2-2c65-4057-9325-f3bd151f68c5', '0ec0f821-9395-498b-b66b-fba92bcb21c3', '2021-02-16', 2102, '0dfa24c7-a9a3-423c-b995-bd88fff823b1', NULL, NULL, NULL, 'ae3b0fe8-5f4c-4327-8624-748d572e9c27', NULL, NULL, NULL, '45', NULL, '45', '2021-03-22 15:24:57', '2021-03-22 15:24:57', 5, 'f9d0b90d-631a-4f45-982c-d8223bd65c0d', 0),
('d697d98b-c00d-40e1-8ea7-985b9f113f42', NULL, NULL, NULL, '2021-04-22', 2021, NULL, '70093938-7605-474d-bd34-496c09f2b69f', NULL, '133', 'ae3b0fe8-5f4c-4327-8624-748d572e9c27', 'Completed', NULL, NULL, '49', NULL, '49', '2021-06-22 07:40:12', '2021-06-22 10:54:15', 21, 'f9d0b90d-631a-4f45-982c-d8223bd65c0d', 1),
('dabc1a8d-47e5-4627-89c9-4a6b4ceca35c', NULL, NULL, NULL, '2021-02-11', 2102, NULL, NULL, NULL, NULL, 'ea05b523-f673-4b0a-af93-4696ef68589a', 'Completed', NULL, NULL, '45', NULL, '45', '2021-05-27 15:21:28', '2021-05-27 15:21:28', 44, 'f9d0b90d-631a-4f45-982c-d8223bd65c0d', 0),
('dbbbcb16-de04-4da2-bd57-9a9d94085ef3', NULL, '61dc76f2-2c65-4057-9325-f3bd151f68c5', 'a80860ac-4189-4911-bc24-69f32f40251b', '2021-02-28', 2102, '0dfa24c7-a9a3-423c-b995-bd88fff823b1', NULL, NULL, NULL, 'ae3b0fe8-5f4c-4327-8624-748d572e9c27', NULL, NULL, NULL, '45', NULL, '45', '2021-03-22 15:27:56', '2021-03-22 15:27:56', 17, 'f9d0b90d-631a-4f45-982c-d8223bd65c0d', 0),
('df5c27c6-84ed-4ddf-91a9-abf74535ddd3', NULL, NULL, NULL, '2021-02-10', 2102, NULL, NULL, NULL, NULL, 'ea05b523-f673-4b0a-af93-4696ef68589a', 'Completed', NULL, NULL, '45', NULL, '45', '2021-05-26 09:18:22', '2021-05-26 09:18:22', 43, 'f9d0b90d-631a-4f45-982c-d8223bd65c0d', 0),
('e2d680b3-e3a3-41c2-9af3-031748f8f6f9', NULL, 'dde152e1-e136-4ceb-bf7a-478efca05703', 'a47936e3-b02d-48e8-a76e-c0c1d70f016f', '2021-02-16', 2102, '5b092654-c987-40f9-9185-194ae46edad5', NULL, NULL, NULL, 'ae3b0fe8-5f4c-4327-8624-748d572e9c27', NULL, '2059', NULL, '45', NULL, '45', '2021-03-22 16:25:15', '2021-03-22 16:25:15', 6, 'f9d0b90d-631a-4f45-982c-d8223bd65c0d', 0),
('e67da0f5-bd55-432c-9ffe-8465e2db19e5', NULL, 'dde152e1-e136-4ceb-bf7a-478efca05703', '43568170-9701-4a3b-9f6a-19a4383f7632', '2021-02-22', 2102, '5b092654-c987-40f9-9185-194ae46edad5', NULL, NULL, NULL, 'ae3b0fe8-5f4c-4327-8624-748d572e9c27', NULL, '2081', NULL, '45', NULL, '45', '2021-03-22 16:27:21', '2021-03-22 16:27:21', 11, 'f9d0b90d-631a-4f45-982c-d8223bd65c0d', 0),
('e8e33049-0a19-4fea-93fb-eebd2dc97b3c', NULL, 'dde152e1-e136-4ceb-bf7a-478efca05703', 'a9a3108f-eb34-4257-8b5d-37d326ea8550', '2021-02-11', 2102, '5b092654-c987-40f9-9185-194ae46edad5', NULL, NULL, NULL, 'ae3b0fe8-5f4c-4327-8624-748d572e9c27', NULL, '2052', NULL, '45', NULL, '45', '2021-03-22 16:24:45', '2021-03-22 16:24:45', 4, 'f9d0b90d-631a-4f45-982c-d8223bd65c0d', 0),
('ecceb6d7-7a11-4fdd-bb03-8593570d8074', NULL, NULL, NULL, '2021-08-06', 2021, NULL, '4867272f-c877-4853-8aa8-5a271e64014e', NULL, '117', 'ae3b0fe8-5f4c-4327-8624-748d572e9c27', 'Hold', NULL, NULL, '8', NULL, NULL, '2021-08-06 02:01:45', NULL, 26, 'f9d0b90d-631a-4f45-982c-d8223bd65c0d', 1),
('eecc9cb5-fc78-4ef1-9c9a-cbee88bb4f85', NULL, '5acb0a82-6ef3-4052-a6b6-253252154926', '48af5020-1a19-4597-9d30-b17166afbb9e', '2021-08-06', 2021, '5b092654-c987-40f9-9185-194ae46edad5', NULL, NULL, NULL, 'ae3b0fe8-5f4c-4327-8624-748d572e9c27', NULL, NULL, 'note note 2021-08-06', '8', NULL, '8', '2021-07-05 01:18:30', '2021-08-06 01:46:21', 23, 'f9d0b90d-631a-4f45-982c-d8223bd65c0d', 1),
('f44e550b-b392-4edd-b714-e2b816806d7c', NULL, 'eb82b351-5927-4aad-8a8f-514f24bcc3cf', '61d98afb-51f9-4b7e-be3b-6ec65a6ebc50', '2021-08-06', 2021, '0dfa24c7-a9a3-423c-b995-bd88fff823b1', NULL, 'f2269191-e3db-4d33-a21e-9270c337d5a6', NULL, 'ae3b0fe8-5f4c-4327-8624-748d572e9c27', NULL, NULL, NULL, '8', NULL, NULL, '2021-08-06 02:23:49', NULL, 29, 'f9d0b90d-631a-4f45-982c-d8223bd65c0d', 1),
('f511e4bd-9437-4e69-b73b-5f1970bdd380', NULL, 'dde152e1-e136-4ceb-bf7a-478efca05703', '4e1d6180-7573-444c-9df5-07aa86232f7f', '2021-02-25', 2102, '5b092654-c987-40f9-9185-194ae46edad5', NULL, NULL, NULL, 'ae3b0fe8-5f4c-4327-8624-748d572e9c27', NULL, '2096', NULL, '45', NULL, '45', '2021-03-22 16:27:57', '2021-03-22 16:27:57', 13, 'f9d0b90d-631a-4f45-982c-d8223bd65c0d', 0),
('fd698e3e-bfbc-4823-b502-10978440c3e0', NULL, NULL, NULL, '2021-02-28', 2021, NULL, NULL, NULL, NULL, 'ea05b523-f673-4b0a-af93-4696ef68589a', 'Completed', NULL, NULL, '49', NULL, '49', '2021-06-09 02:07:09', '2021-06-09 02:13:31', 2, 'f9d0b90d-631a-4f45-982c-d8223bd65c0d', 1);

-- --------------------------------------------------------

--
-- Table structure for table `inv_grn_attachments`
--

CREATE TABLE `inv_grn_attachments` (
  `id` varchar(36) COLLATE utf8mb4_unicode_ci NOT NULL,
  `grn_id` varchar(36) COLLATE utf8mb4_unicode_ci DEFAULT NULL,
  `file` varchar(100) COLLATE utf8mb4_unicode_ci DEFAULT NULL
) ENGINE=InnoDB DEFAULT CHARSET=utf8mb4 COLLATE=utf8mb4_unicode_ci;

-- --------------------------------------------------------

--
-- Table structure for table `inv_grn_details`
--

CREATE TABLE `inv_grn_details` (
  `id` varchar(36) COLLATE utf8mb4_unicode_ci NOT NULL,
  `grn_id` varchar(36) COLLATE utf8mb4_unicode_ci DEFAULT NULL,
  `po_id` varchar(36) COLLATE utf8mb4_unicode_ci DEFAULT NULL,
  `prod_id` varchar(36) COLLATE utf8mb4_unicode_ci DEFAULT NULL,
  `igp_detail_id` varchar(36) COLLATE utf8mb4_unicode_ci DEFAULT NULL,
  `qty_approved` decimal(12,5) DEFAULT NULL,
  `qty_rejected` decimal(12,5) DEFAULT NULL,
  `description` varchar(250) COLLATE utf8mb4_unicode_ci DEFAULT NULL,
  `unit` varchar(12) COLLATE utf8mb4_unicode_ci DEFAULT NULL,
  `qty_received` decimal(12,5) DEFAULT NULL,
  `rate` decimal(12,4) DEFAULT NULL,
  `amount` decimal(12,5) DEFAULT NULL,
  `required_by_date` date DEFAULT NULL,
  `packing_detail` varchar(250) COLLATE utf8mb4_unicode_ci DEFAULT NULL,
  `created_at` timestamp NULL DEFAULT NULL,
  `updated_at` timestamp NULL DEFAULT NULL,
  `display` int(11) DEFAULT NULL
) ENGINE=InnoDB DEFAULT CHARSET=utf8mb4 COLLATE=utf8mb4_unicode_ci;

--
-- Dumping data for table `inv_grn_details`
--

INSERT INTO `inv_grn_details` (`id`, `grn_id`, `po_id`, `prod_id`, `igp_detail_id`, `qty_approved`, `qty_rejected`, `description`, `unit`, `qty_received`, `rate`, `amount`, `required_by_date`, `packing_detail`, `created_at`, `updated_at`, `display`) VALUES
('02b65557-4c68-4baa-b627-ffc7a408ebd4', '2f29b48b-1a36-474b-8ac1-db3e1991e5c8', '68e7441c-d167-456a-83c8-d15badae6666', 'a3157a27-0e5c-41c1-a5c8-61b78fcacf62', 'aeacb99d-fc0b-4043-9c37-2a4334a2fbf1', '10039.00000', '0.00000', '125ML-1X24-CARTON', 'Pcs', '10039.00000', '0.0000', NULL, NULL, '125ML-1X24-CARTON', NULL, NULL, NULL),
('032a5f7a-70a1-4694-89a3-b077a389ad1a', '456a31a2-7b64-456b-aafd-52e249fcb45c', 'db0494bd-9682-4c8d-a416-7afe39e7711d', '29f3b48a-364e-4513-95ab-5ba86ca5dae4', '1cf31b74-0c5f-47db-9ee2-369b240b04ba', '0.00000', '0.00000', 'MR-200ML-ANNAR-PAPER', 'Pcs', '0.00000', '0.0000', NULL, NULL, 'MR-200ML-ANNAR-PAPER', NULL, NULL, NULL),
('0602a89e-ff0b-45ee-9e59-d27878e0c3b0', 'dbbbcb16-de04-4da2-bd57-9a9d94085ef3', 'a80860ac-4189-4911-bc24-69f32f40251b', 'a762acbf-7c99-4239-a236-2fb14836dc03', '23a96655-6406-4292-8718-b5ea0f626f65', '160505.00000', '0.00000', 'MR-250ML-MANGO-PAPER', 'Pcs', '160505.00000', '0.0000', NULL, NULL, 'MR-250ML-MANGO-PAPER', NULL, NULL, NULL),
('075e2903-4682-4cf2-b640-b9e80336770a', 'aaab20a0-ee97-414f-b3be-b1d1ac50bbcd', NULL, 'cb5a1a7d-9dc6-49b7-9711-c007985762a5', '4f720ba9-7a4d-4d4c-849e-d162cdf814fa', '13.00000', '0.00000', '250ML-1X36-CARTON', 'Pcs', '13.00000', '100.0000', '1300.00000', NULL, '250ML-1X36-CARTON', NULL, NULL, 1),
('0815afd4-6e1d-4998-aab6-77f5bf812da5', '456a31a2-7b64-456b-aafd-52e249fcb45c', 'db0494bd-9682-4c8d-a416-7afe39e7711d', 'daa2dddb-b342-4ab0-b8dd-a952d7bd52be', '41996359-1474-4b30-b55d-5fe45fcde52c', '0.00000', '0.00000', 'MR-200ML-MANGO-PAPER', 'Pcs', '0.00000', '0.0000', NULL, NULL, 'MR-200ML-MANGO-PAPER', NULL, NULL, NULL),
('09d3dc94-e4ba-4ff7-be57-fb3d0a8aafdb', '2caa0a06-781e-45f8-83a3-3e35ad70bcc6', 'df815bd3-7825-43bd-9cf5-a2a59e67226f', 'a3157a27-0e5c-41c1-a5c8-61b78fcacf62', '02b69121-0094-49b9-a195-6e1a6a0412c1', '25.00000', '0.00000', '125ML-1X24-CARTON', 'Pcs', '25.00000', '612.5000', '15312.50000', NULL, '125ML-1X24-CARTON', NULL, NULL, 1),
('0a3cc137-e8fb-470f-8d39-7b3af4b17ac8', '4db373a2-70ce-4304-8f4c-a7c423042a4a', 'eb82b351-5927-4aad-8a8f-514f24bcc3cf', 'dbc1529a-cfee-484d-b9c4-8cbb45d30ca3', '98271994-18c9-4008-b18a-edff4948c8c5', '30.00000', '0.00000', '250ML-STRAW', 'Pcs', '30.00000', '90.0000', '2700.00000', NULL, '250ML-STRAW', NULL, NULL, 1),
('0bad1fbc-4557-42f8-8b6e-4dc77729e7d8', 'e67da0f5-bd55-432c-9ffe-8465e2db19e5', '43568170-9701-4a3b-9f6a-19a4383f7632', 'a3157a27-0e5c-41c1-a5c8-61b78fcacf62', '5e2157d6-8a62-4600-beaf-36c900bafbff', '0.00000', '0.00000', '125ML-1X24-CARTON', 'Pcs', '0.00000', '0.0000', NULL, NULL, '125ML-1X24-CARTON', NULL, NULL, NULL),
('0e1039c0-0ade-4898-87c8-dade4d1cd341', '032a2363-e637-4431-ba4a-e505afecbc0d', '71532032-3a27-4ab2-b842-1834f6b3982b', 'a762acbf-7c99-4239-a236-2fb14836dc03', '16863c13-d50f-41f6-9b13-2478b7d2a411', '0.00000', '0.00000', 'MR-250ML-MANGO-PAPER', 'Pcs', '0.00000', '0.0000', NULL, NULL, 'MR-250ML-MANGO-PAPER', NULL, NULL, NULL),
('0ec2eb3c-beaf-4dab-9624-bb08aaf4d70a', '4d594a5c-4a91-496d-99ff-af9848b97cea', 'c737e3ed-1809-4380-b841-3151ea984db8', 'ff37340f-a17f-4c24-9ccd-9d26c11f0232', '9aeae00a-197c-4e7c-a182-1a53ad2a1576', '0.00000', '0.00000', 'MR-250ML-APPLE-PAPER', 'Pcs', '0.00000', '0.0000', NULL, NULL, 'MR-250ML-APPLE-PAPER', NULL, NULL, 8),
('125998db-7616-40cb-a543-10c0625b28f0', '032a2363-e637-4431-ba4a-e505afecbc0d', '71532032-3a27-4ab2-b842-1834f6b3982b', 'f918cfd1-43cc-46a0-9390-6119da495d02', '8bbd1ec3-cd0b-4554-8b8e-2ab2e4288aa3', '171770.00000', '0.00000', 'CS-125ML-APPLE-PAPER', 'Pcs', '171770.00000', '0.0000', NULL, NULL, 'CS-125ML-APPLE-PAPER', NULL, NULL, NULL),
('13293388-f70c-4049-9ca1-4fb27e942917', 'd294aef4-f18a-4f48-b42a-5b0a05539289', '0ec0f821-9395-498b-b66b-fba92bcb21c3', 'c8d5d6f6-b614-4899-a78b-48fef22699e2', '49137128-fc34-4c1a-8ac2-75209af060c0', '0.00000', '0.00000', 'MR-250ML-ORANGE MANGO-PAPER', 'Pcs', '0.00000', '0.0000', NULL, NULL, 'MR-250ML-ORANGE MANGO-PAPER', NULL, NULL, NULL),
('1366e962-e1f8-459c-a6b4-74ec11895965', '2f29b48b-1a36-474b-8ac1-db3e1991e5c8', '68e7441c-d167-456a-83c8-d15badae6666', 'cb5a1a7d-9dc6-49b7-9711-c007985762a5', '683dd3b4-1d50-41a3-b19a-a2a7cc95b2e0', '0.00000', '0.00000', '250ML-1X36-CARTON', 'Pcs', '0.00000', '0.0000', NULL, NULL, '250ML-1X36-CARTON', NULL, NULL, NULL),
('13ce8b0a-d05d-4d47-baa1-ca51d099582e', '032d8a5e-6161-4ea6-87c2-011abaadeb0c', '6581cb9e-9cab-46b4-9a5e-7db105a5a66a', '1a94e739-6a47-4d58-bb4e-725c5375903c', '1913a529-bfe1-45c6-8d26-42c7e2c7fa4d', '0.00000', '0.00000', '200ML-1X24-CARTON', 'Pcs', '0.00000', '0.0000', NULL, NULL, '200ML-1X24-CARTON', NULL, NULL, NULL),
('16db01ee-80a8-45fe-8a2a-6a442894641c', 'e2d680b3-e3a3-41c2-9af3-031748f8f6f9', 'a47936e3-b02d-48e8-a76e-c0c1d70f016f', '1a94e739-6a47-4d58-bb4e-725c5375903c', '73c8a953-16bf-4a43-aab1-563356199e49', '0.00000', '0.00000', '200ML-1X24-CARTON', 'Pcs', '0.00000', '0.0000', NULL, NULL, '200ML-1X24-CARTON', NULL, NULL, NULL),
('181a6629-fb0b-4ee7-ae0a-41ce29256cb7', '4d594a5c-4a91-496d-99ff-af9848b97cea', 'c737e3ed-1809-4380-b841-3151ea984db8', 'c8d5d6f6-b614-4899-a78b-48fef22699e2', 'a6398532-dc63-48c0-a1d1-369fe2c0c9ff', '106130.00000', '0.00000', 'MR-250ML-ORANGE MANGO-PAPER', 'Pcs', '106130.00000', '0.0000', NULL, NULL, 'MR-250ML-ORANGE MANGO-PAPER', NULL, NULL, 7),
('1a7e0998-8396-40e2-aec3-d262ca1bd969', '032a2363-e637-4431-ba4a-e505afecbc0d', '71532032-3a27-4ab2-b842-1834f6b3982b', 'c8d5d6f6-b614-4899-a78b-48fef22699e2', '068132b5-9568-4a64-8ab1-ffb59c82e87a', '0.00000', '0.00000', 'MR-250ML-ORANGE MANGO-PAPER', 'Pcs', '0.00000', '0.0000', NULL, NULL, 'MR-250ML-ORANGE MANGO-PAPER', NULL, NULL, NULL),
('20c8b934-2f0c-413b-b20f-29a351306d57', '4db373a2-70ce-4304-8f4c-a7c423042a4a', 'eb82b351-5927-4aad-8a8f-514f24bcc3cf', '8df7c58f-9091-4a4c-b9d0-1c65fb5992c7', 'febb35ec-54a1-44f6-a775-f24c3098ff75', '25.00000', '0.00000', '250ML-1X36-CARTON', 'Pcs', '25.00000', '100.0000', '2500.00000', NULL, '250ML-1X36-CARTON', NULL, NULL, 2),
('21a896e4-ccbf-4ae9-8aa4-9f96d5f1b655', '4db4f75e-0d12-478c-b1ae-2705401c8fe7', 'eb82b351-5927-4aad-8a8f-514f24bcc3cf', '0928fe94-c46c-4316-a575-63fd0530a665', '099b113b-4652-45ae-b56f-55a1ba28ab9c', '200.00000', '50.00000', '250ML-STRAW', 'Pcs', '250.00000', '73.0000', '14600.00000', NULL, '250ML-STRAW', NULL, NULL, 2),
('21d7eb58-5039-465a-a09c-0bea249012c7', 'c21cd1ad-b7f0-4f00-b6e5-d96c559a337b', 'cca736a1-622f-4ef2-ab5a-76018f3951e8', '8df7c58f-9091-4a4c-b9d0-1c65fb5992c7', '1c1fced5-fbb0-4434-ab10-562b47ef5470', '0.00000', '0.00000', 'CS-125ML-MANGO-PAPER', 'Pcs', '0.00000', '0.0000', NULL, NULL, 'CS-125ML-MANGO-PAPER', NULL, NULL, NULL),
('2423c1e7-1e59-4170-9432-8856b04c6624', '87830bd6-4a1c-4b5f-8273-e229a6b5b5f1', '3715e02c-022b-4acc-b24a-875d3fc2183f', 'ddbeb847-9738-424d-b5cd-817ea8c280f2', '293540b2-a2e0-4271-8af1-bf397fbe2df2', '5825.00000', '0.00000', '250ML-1X27-CARTON', 'Pcs', '5825.00000', '0.0000', NULL, NULL, '250ML-1X27-CARTON', NULL, NULL, NULL),
('24410021-c297-436c-a1f9-35a47f679e45', 'd294aef4-f18a-4f48-b42a-5b0a05539289', '0ec0f821-9395-498b-b66b-fba92bcb21c3', 'f918cfd1-43cc-46a0-9390-6119da495d02', 'f6287aee-bc10-4187-8d58-73888ee9447a', '86680.00000', '0.00000', 'CS-125ML-APPLE-PAPER', 'Pcs', '86680.00000', '0.0000', NULL, NULL, 'CS-125ML-APPLE-PAPER', NULL, NULL, NULL),
('2a8634d9-8a21-40bb-a120-394252428bdd', 'b39685b2-8017-44d7-9e25-58301cc207e8', 'c947cf57-0947-443c-bcd2-3ade249f6ea0', '1a94e739-6a47-4d58-bb4e-725c5375903c', '71628fc4-3c8a-4897-87b7-c6781a2deecc', '0.00000', '0.00000', '200ML-1X24-CARTON', 'Pcs', '0.00000', '0.0000', NULL, NULL, '200ML-1X24-CARTON', NULL, NULL, NULL),
('2cb739f6-943c-4399-9d37-94141d885b4a', 'c4dbdf63-298b-43bd-bbd1-b4b6ce8deb1a', '688d594b-1246-4d87-b9ff-24f3b52ba1c7', '1a94e739-6a47-4d58-bb4e-725c5375903c', '0866936c-30ff-4ddd-aec5-2257ae9e3db5', '0.00000', '0.00000', '200ML-1X24-CARTON', 'Pcs', '0.00000', '0.0000', NULL, NULL, '200ML-1X24-CARTON', NULL, NULL, NULL),
('2eaf5b67-b57a-4775-a65d-530de74e91af', 'd294aef4-f18a-4f48-b42a-5b0a05539289', '0ec0f821-9395-498b-b66b-fba92bcb21c3', 'a762acbf-7c99-4239-a236-2fb14836dc03', '13e334eb-5a32-4c39-87c8-abe934c82e48', '0.00000', '0.00000', 'MR-250ML-MANGO-PAPER', 'Pcs', '0.00000', '0.0000', NULL, NULL, 'MR-250ML-MANGO-PAPER', NULL, NULL, NULL),
('303dee49-f155-4b98-91f5-bef880b3f617', '8033b120-f714-4879-a3fe-2cb6a52397e3', 'df815bd3-7825-43bd-9cf5-a2a59e67226f', 'c1fd2b49-0aec-457e-aef6-f8af33604d34', '16713a8e-af6c-4939-9136-f9536bb97e2c', '30.00000', '0.00000', '250ML-1X24-CARTON', 'Pcs', '30.00000', '396.0000', '11880.00000', NULL, '250ML-1X24-CARTON', NULL, NULL, 2),
('3371bccf-c33b-48f4-9ec3-e3b79ccc85ed', '55e33ec2-dd8f-4e55-8166-91adbb01b1c3', 'e89f073e-a8c8-49f2-8cdf-0dfe58aa0de0', '1a94e739-6a47-4d58-bb4e-725c5375903c', '8ade36a1-e7a3-4abb-b196-d52b72ae7803', '0.00000', '0.00000', '200ML-1X24-CARTON', 'Pcs', '0.00000', '0.0000', NULL, NULL, '200ML-1X24-CARTON', NULL, NULL, NULL),
('3476379a-c5a5-473d-8a86-ebf756766280', '74dd1029-3221-4c95-aae5-217ad0c95c79', 'eb82b351-5927-4aad-8a8f-514f24bcc3cf', '0928fe94-c46c-4316-a575-63fd0530a665', '0dc58f7d-00d6-41ba-a7ee-9100764dd9a1', '15.00000', '0.00000', '250ML-STRAW', 'Pcs', '15.00000', '90.0000', '1350.00000', NULL, '250ML-STRAW', NULL, NULL, 2),
('36bf74d7-c6ac-4a1b-9c5c-62a2a5185d3b', '0d2a5275-0828-4f9d-8ecc-e917449c589d', '5cc78117-fea9-48cc-8e0a-b96544a364d6', '26ac4b22-28ea-49eb-97fc-18eb3cf10907', '92fcc194-e9c9-425e-83d7-d65de3f2936c', '20.00000', '0.00000', 'APPLE CONCENTRATE', 'KG', '20.00000', '100.0000', '2000.00000', NULL, 'APPLE CONCENTRATE', NULL, NULL, 1),
('36fe8bf4-9228-4e4c-90bb-02d31f54c5e0', '2f29b48b-1a36-474b-8ac1-db3e1991e5c8', '68e7441c-d167-456a-83c8-d15badae6666', '1a94e739-6a47-4d58-bb4e-725c5375903c', '75d29fd2-e359-4e2d-882a-1a374e8e8279', '0.00000', '0.00000', '200ML-1X24-CARTON', 'Pcs', '0.00000', '0.0000', NULL, NULL, '200ML-1X24-CARTON', NULL, NULL, NULL),
('370bda37-7e99-437b-826b-09032b3898ad', '4d594a5c-4a91-496d-99ff-af9848b97cea', 'c737e3ed-1809-4380-b841-3151ea984db8', 'a7546905-c250-4ac3-ac07-8d940e811433', '9353df11-3d30-46a5-aea6-63161198d517', '0.00000', '0.00000', 'MR-200ML-APPLE-PAPER', 'Pcs', '0.00000', '0.0000', NULL, NULL, 'MR-200ML-APPLE-PAPER', NULL, NULL, 3),
('39cef0e5-f697-49b7-8cca-0a23b2f2db0a', '1e7c8e45-d3ee-48cb-a4f6-a51fee06354f', 'c826dc23-2ed1-4a5c-884c-b80d66606c04', 'cb5a1a7d-9dc6-49b7-9711-c007985762a5', 'ed787e86-d825-439b-8ecf-2dbe4e84d63d', '3270.00000', '0.00000', '250ML-1X36-CARTON', 'Pcs', '3270.00000', '0.0000', NULL, NULL, '250ML-1X36-CARTON', NULL, NULL, NULL),
('3ab411ba-3fc2-45c1-8e43-f4dd94065956', '456a31a2-7b64-456b-aafd-52e249fcb45c', 'db0494bd-9682-4c8d-a416-7afe39e7711d', 'ce1dd112-3270-4861-acb6-70c4f02bb1f2', '10794e72-7725-4b45-9a78-366c88106f33', '0.00000', '0.00000', 'MR-200ML-RED GRAPES-PAPER', 'Pcs', '0.00000', '0.0000', NULL, NULL, 'MR-200ML-RED GRAPES-PAPER', NULL, NULL, NULL),
('3b38e5dd-d984-49f7-9661-2965cb714a19', 'c21cd1ad-b7f0-4f00-b6e5-d96c559a337b', 'cca736a1-622f-4ef2-ab5a-76018f3951e8', 'c8d5d6f6-b614-4899-a78b-48fef22699e2', '051baa86-2729-48ce-b0b4-ff603f1b3968', '53700.00000', '0.00000', 'MR-250ML-ORANGE MANGO-PAPER', 'Pcs', '53700.00000', '0.0000', NULL, NULL, 'MR-250ML-ORANGE MANGO-PAPER', NULL, NULL, NULL),
('3d20609f-c8b2-4714-8d60-c05d2215e464', 'e2d680b3-e3a3-41c2-9af3-031748f8f6f9', 'a47936e3-b02d-48e8-a76e-c0c1d70f016f', 'a3157a27-0e5c-41c1-a5c8-61b78fcacf62', 'c064d93a-8749-4f12-ad6e-25938bdfca85', '0.00000', '0.00000', '125ML-1X24-CARTON', 'Pcs', '0.00000', '0.0000', NULL, NULL, '125ML-1X24-CARTON', NULL, NULL, NULL),
('3edb7984-89f8-4ba0-bc72-abd7feb1ac01', '4d594a5c-4a91-496d-99ff-af9848b97cea', 'c737e3ed-1809-4380-b841-3151ea984db8', 'c404d9b7-b7f5-46d6-bef7-4b8f2c99be91', '5d78b453-03aa-4ec8-8463-fbcf88e7f7ab', '0.00000', '0.00000', 'MR-250ML-MIX FRUIT-PAPER', 'Pcs', '0.00000', '0.0000', NULL, NULL, 'MR-250ML-MIX FRUIT-PAPER', NULL, NULL, 2),
('418f1e29-e954-49be-a57d-9e66ae870300', '4d594a5c-4a91-496d-99ff-af9848b97cea', 'c737e3ed-1809-4380-b841-3151ea984db8', 'f918cfd1-43cc-46a0-9390-6119da495d02', '3087c397-b422-4a82-8a7e-37688638996e', '0.00000', '0.00000', 'CS-125ML-APPLE-PAPER', 'Pcs', '0.00000', '0.0000', NULL, NULL, 'CS-125ML-APPLE-PAPER', NULL, NULL, 6),
('4400a997-bdbf-4744-a07f-1df758fa95fa', 'dbbbcb16-de04-4da2-bd57-9a9d94085ef3', 'a80860ac-4189-4911-bc24-69f32f40251b', 'c8d5d6f6-b614-4899-a78b-48fef22699e2', '44d14655-55ec-4a23-b8df-6a4b836ddf5c', '53505.00000', '0.00000', 'MR-250ML-ORANGE MANGO-PAPER', 'Pcs', '53505.00000', '0.0000', NULL, NULL, 'MR-250ML-ORANGE MANGO-PAPER', NULL, NULL, NULL),
('453051f1-47da-48f7-953a-f9b11d81dfa6', '77e04074-72c9-47e2-8840-b1ad063af866', 'eb82b351-5927-4aad-8a8f-514f24bcc3cf', 'cb5a1a7d-9dc6-49b7-9711-c007985762a5', 'abb0b999-1934-449d-8302-45daec468654', '100.00000', '0.00000', '250ML-1X36-CARTON', 'Pcs', '100.00000', '100.0000', '10000.00000', NULL, '250ML-1X36-CARTON', NULL, NULL, 1),
('4bad33f3-44e0-421b-b5da-564765681082', 'e8e33049-0a19-4fea-93fb-eebd2dc97b3c', 'a9a3108f-eb34-4257-8b5d-37d326ea8550', 'cb5a1a7d-9dc6-49b7-9711-c007985762a5', 'a45db16d-40c8-481f-8093-cf5d8ea1b873', '0.00000', '0.00000', '250ML-1X36-CARTON', 'Pcs', '0.00000', '0.0000', NULL, NULL, '250ML-1X36-CARTON', NULL, NULL, NULL),
('4c7610bf-bcb6-416d-86d9-15f8437cd867', '1757d615-350e-4a16-906b-097aa1cfaa2c', '1667ae6a-c13f-407c-b306-4ecc3bc096d8', 'ddbeb847-9738-424d-b5cd-817ea8c280f2', '1f7f6017-3ae2-452a-a359-0c6dadfeff10', '133.00000', '0.00000', '250ML-1X27-CARTON', 'Pcs', '133.00000', '0.0000', NULL, NULL, '250ML-1X27-CARTON', NULL, NULL, NULL),
('4de1c881-69cb-40f9-8984-5cd962946df9', '98699792-9d3b-4e9e-8525-6036781f9139', 'c313b60a-10a9-4836-96cc-09d3dbf02168', 'ddbeb847-9738-424d-b5cd-817ea8c280f2', 'c25f4603-f599-4ea2-b9f9-4c8d4fd8e68c', '5500.00000', '0.00000', '250ML-1X27-CARTON', 'Pcs', '5500.00000', '0.0000', NULL, NULL, '250ML-1X27-CARTON', NULL, NULL, NULL),
('511725f1-bb6c-4f44-9e6c-0bcc5bba50aa', '87830bd6-4a1c-4b5f-8273-e229a6b5b5f1', '3715e02c-022b-4acc-b24a-875d3fc2183f', '1a94e739-6a47-4d58-bb4e-725c5375903c', 'ac393ffd-8d7c-4a32-a495-334406c10cdd', '0.00000', '0.00000', '200ML-1X24-CARTON', 'Pcs', '0.00000', '0.0000', NULL, NULL, '200ML-1X24-CARTON', NULL, NULL, NULL),
('52979b7d-a548-4773-905e-4a5b50d3181c', '79920932-e66a-4e09-9d52-09daa91265f6', '50779112-cb9e-4a40-9ee6-4f23a6d9c0f1', 'dbc1529a-cfee-484d-b9c4-8cbb45d30ca3', '49773280-de6d-4cef-b548-f65fe022c7d1', '0.00000', '0.00000', 'CS-125ML-MIX FRUIT-PAPER', 'Pcs', '0.00000', '0.0000', NULL, NULL, 'CS-125ML-MIX FRUIT-PAPER', NULL, NULL, NULL),
('52dbeb7d-a29d-45cf-8844-1f34355791c7', '551b8fb7-6015-4ecd-9d86-413f8ea1f5ca', '3c7881de-7626-4131-a65f-bae0fe2a547c', 'a3157a27-0e5c-41c1-a5c8-61b78fcacf62', 'a165e8cb-b9f2-4a07-a590-6a2596b37057', '3275.00000', '0.00000', '125ML-1X24-CARTON', 'Pcs', '3275.00000', '0.0000', NULL, NULL, '125ML-1X24-CARTON', NULL, NULL, NULL),
('53a09178-ccf9-4d56-b241-9f3bb86d41f5', '4d594a5c-4a91-496d-99ff-af9848b97cea', 'c737e3ed-1809-4380-b841-3151ea984db8', 'dbc1529a-cfee-484d-b9c4-8cbb45d30ca3', 'acecd3a7-7b2f-4b07-b099-2230e4158d65', '0.00000', '0.00000', 'CS-125ML-MIX FRUIT-PAPER', 'Pcs', '0.00000', '0.0000', NULL, NULL, 'CS-125ML-MIX FRUIT-PAPER', NULL, NULL, 9),
('54970946-a971-44c1-9239-820c18fd5aed', '79920932-e66a-4e09-9d52-09daa91265f6', '50779112-cb9e-4a40-9ee6-4f23a6d9c0f1', 'c8d5d6f6-b614-4899-a78b-48fef22699e2', '9cd4235c-c20c-4a1a-b0e6-b89f4f1662aa', '0.00000', '0.00000', 'MR-250ML-ORANGE MANGO-PAPER', 'Pcs', '0.00000', '0.0000', NULL, NULL, 'MR-250ML-ORANGE MANGO-PAPER', NULL, NULL, NULL),
('54ca67d6-e720-4eb3-9bd1-0ea5105d5649', '4d594a5c-4a91-496d-99ff-af9848b97cea', 'c737e3ed-1809-4380-b841-3151ea984db8', 'ce1dd112-3270-4861-acb6-70c4f02bb1f2', '26e92931-e634-4b90-aa14-522617ab460a', '0.00000', '0.00000', 'MR-200ML-RED GRAPES-PAPER', 'Pcs', '0.00000', '0.0000', NULL, NULL, 'MR-200ML-RED GRAPES-PAPER', NULL, NULL, 5),
('562b6a69-8833-436e-9601-e587a90c3fe8', 'c2ac0f33-bfba-40dd-99fd-8af04ceb767d', 'eb82b351-5927-4aad-8a8f-514f24bcc3cf', 'cb5a1a7d-9dc6-49b7-9711-c007985762a5', '13090601-9481-45ea-88bc-368cf00d2b19', '40.00000', '0.00000', '250ML-1X36-CARTON', 'Pcs', '40.00000', '100.0000', '4000.00000', NULL, '250ML-1X36-CARTON', NULL, NULL, 1),
('595ae2bc-a91e-4b77-b2d3-68df3660a58d', 'c21cd1ad-b7f0-4f00-b6e5-d96c559a337b', 'cca736a1-622f-4ef2-ab5a-76018f3951e8', 'ce1dd112-3270-4861-acb6-70c4f02bb1f2', '7da323b7-b2da-48c5-9360-87d730d8ddcc', '0.00000', '0.00000', 'MR-200ML-RED GRAPES-PAPER', 'Pcs', '0.00000', '0.0000', NULL, NULL, 'MR-200ML-RED GRAPES-PAPER', NULL, NULL, NULL),
('5e6f982a-085e-44e6-9c60-dc4654fbfa4b', '79920932-e66a-4e09-9d52-09daa91265f6', '50779112-cb9e-4a40-9ee6-4f23a6d9c0f1', '8df7c58f-9091-4a4c-b9d0-1c65fb5992c7', 'd5f260d1-d7dd-4c61-a763-a97c3f616ff0', '0.00000', '0.00000', 'CS-125ML-MANGO-PAPER', 'Pcs', '0.00000', '0.0000', NULL, NULL, 'CS-125ML-MANGO-PAPER', NULL, NULL, NULL),
('5f548b89-af94-45dd-9e15-8c8b50569df9', '79920932-e66a-4e09-9d52-09daa91265f6', '50779112-cb9e-4a40-9ee6-4f23a6d9c0f1', 'ce1dd112-3270-4861-acb6-70c4f02bb1f2', '1729e95b-a4d0-4175-b8a2-1d9760a487ed', '0.00000', '0.00000', 'MR-200ML-RED GRAPES-PAPER', 'Pcs', '0.00000', '0.0000', NULL, NULL, 'MR-200ML-RED GRAPES-PAPER', NULL, NULL, NULL),
('5f6ee1e0-14ae-4560-a39d-221b5385c5ac', '38748091-72d4-4ef7-bdd0-c338bc343080', 'c737e3ed-1809-4380-b841-3151ea984db8', '8df7c58f-9091-4a4c-b9d0-1c65fb5992c7', '28e8edd6-97cf-4445-84ad-128f657bf62d', '10.00000', '0.00000', 'CS-125ML-MANGO-PAPER', 'Pcs', '10.00000', '3.6700', '36.70000', NULL, 'CS-125ML-MANGO-PAPER', NULL, NULL, 1),
('6105d4c4-e321-4348-b0ea-d97ce2f9bd6c', 'e2d680b3-e3a3-41c2-9af3-031748f8f6f9', 'a47936e3-b02d-48e8-a76e-c0c1d70f016f', 'cb5a1a7d-9dc6-49b7-9711-c007985762a5', '8c8f2c3c-8bb8-49da-a127-985ca762d471', '3330.00000', '0.00000', '250ML-1X36-CARTON', 'Pcs', '3330.00000', '0.0000', NULL, NULL, '250ML-1X36-CARTON', NULL, NULL, NULL),
('611968e8-40e9-4d68-9394-fe43aab18ea2', '032a2363-e637-4431-ba4a-e505afecbc0d', '71532032-3a27-4ab2-b842-1834f6b3982b', '8df7c58f-9091-4a4c-b9d0-1c65fb5992c7', '3947d91e-6052-4a8d-ac47-d7de4ad4b48d', '171770.00000', '0.00000', 'CS-125ML-MANGO-PAPER', 'Pcs', '171770.00000', '0.0000', NULL, NULL, 'CS-125ML-MANGO-PAPER', NULL, NULL, NULL),
('63c27cdf-cac7-4e17-b84a-439774a3a6ee', '032d8a5e-6161-4ea6-87c2-011abaadeb0c', '6581cb9e-9cab-46b4-9a5e-7db105a5a66a', 'a3157a27-0e5c-41c1-a5c8-61b78fcacf62', '64108150-cf9d-4547-be95-c6f7edcfa75b', '6400.00000', '0.00000', '125ML-1X24-CARTON', 'Pcs', '6400.00000', '0.0000', NULL, NULL, '125ML-1X24-CARTON', NULL, NULL, NULL),
('6452cd44-2d61-4fcb-8499-691f3df9cbc7', '456a31a2-7b64-456b-aafd-52e249fcb45c', 'db0494bd-9682-4c8d-a416-7afe39e7711d', 'a7546905-c250-4ac3-ac07-8d940e811433', '1583bc0b-ae48-487c-8763-6107865a64de', '0.00000', '0.00000', 'MR-200ML-APPLE-PAPER', 'Pcs', '0.00000', '0.0000', NULL, NULL, 'MR-200ML-APPLE-PAPER', NULL, NULL, NULL),
('660d622c-6f6b-41bb-833c-91a3aaba859a', '7e7d13a2-c798-443b-861a-335f1fc5536a', 'fe857bf8-7673-4a87-b679-cddb16a17dca', '8df7c58f-9091-4a4c-b9d0-1c65fb5992c7', '7de7b6be-bb39-49f5-bd80-7acb5ec3f61b', '0.00000', '0.00000', 'CS-125ML-MANGO-PAPER', 'Pcs', '0.00000', '0.0000', NULL, NULL, 'CS-125ML-MANGO-PAPER', NULL, NULL, NULL),
('6ac4e71e-d756-4841-b5c2-4b437b428c77', 'e8e33049-0a19-4fea-93fb-eebd2dc97b3c', 'a9a3108f-eb34-4257-8b5d-37d326ea8550', 'a3157a27-0e5c-41c1-a5c8-61b78fcacf62', 'd3f04846-e393-4e96-9757-b47cfe523813', '0.00000', '0.00000', '125ML-1X24-CARTON', 'Pcs', '0.00000', '0.0000', NULL, NULL, '125ML-1X24-CARTON', NULL, NULL, NULL),
('6f11382d-bc17-4390-8571-5e21005471a3', '55e33ec2-dd8f-4e55-8166-91adbb01b1c3', 'e89f073e-a8c8-49f2-8cdf-0dfe58aa0de0', 'a3157a27-0e5c-41c1-a5c8-61b78fcacf62', '7f5cbee2-17b3-4fc1-afc1-5e01a17b02c9', '5700.00000', '0.00000', '125ML-1X24-CARTON', 'Pcs', '5700.00000', '0.0000', NULL, NULL, '125ML-1X24-CARTON', NULL, NULL, NULL),
('7651e1d2-fd3c-4c0f-b1be-ebfb61dbf40f', '456a31a2-7b64-456b-aafd-52e249fcb45c', 'db0494bd-9682-4c8d-a416-7afe39e7711d', 'a762acbf-7c99-4239-a236-2fb14836dc03', 'cac6965d-df60-4dc5-bfce-494081689bf8', '0.00000', '0.00000', 'MR-250ML-MANGO-PAPER', 'Pcs', '0.00000', '0.0000', NULL, NULL, 'MR-250ML-MANGO-PAPER', NULL, NULL, NULL),
('796305f6-ef28-4e8b-81c1-7aded48534ec', '6ab7eb3c-019f-4f04-afcf-c2b7f124b723', '990a813a-216c-489e-a72c-36d2135d416b', 'cb5a1a7d-9dc6-49b7-9711-c007985762a5', '82385773-a79f-491a-b8fc-d853cfc565b3', '2850.00000', '0.00000', '250ML-1X36-CARTON', 'Pcs', '2850.00000', '0.0000', NULL, NULL, '250ML-1X36-CARTON', NULL, NULL, 1),
('7b7e8ee8-80a5-4acd-857a-39ef146c012a', 'bc05831e-29ac-4019-8481-fa5a2ae148f6', '3a80c3a2-033f-4231-a06a-fd8783722495', 'ddbeb847-9738-424d-b5cd-817ea8c280f2', '5e1ca15e-d7a2-4cf1-9405-e15b816f1749', '3075.00000', '0.00000', '250ML-1X27-CARTON', 'Pcs', '3075.00000', '0.0000', NULL, NULL, '250ML-1X27-CARTON', NULL, NULL, NULL),
('7c06a3a4-f682-4b64-9774-ef586f845edb', '456a31a2-7b64-456b-aafd-52e249fcb45c', 'db0494bd-9682-4c8d-a416-7afe39e7711d', 'c404d9b7-b7f5-46d6-bef7-4b8f2c99be91', 'fd5f513d-4ad4-4b18-ae3e-73f21936ca78', '0.00000', '0.00000', 'MR-250ML-MIX FRUIT-PAPER', 'Pcs', '0.00000', '0.0000', NULL, NULL, 'MR-250ML-MIX FRUIT-PAPER', NULL, NULL, NULL),
('8272b836-076d-4903-a3c8-f39742b0eec2', 'f511e4bd-9437-4e69-b73b-5f1970bdd380', '4e1d6180-7573-444c-9df5-07aa86232f7f', 'a3157a27-0e5c-41c1-a5c8-61b78fcacf62', '33dcc358-2092-4a39-ae47-c7e00bf8d256', '6225.00000', '0.00000', '125ML-1X24-CARTON', 'Pcs', '6225.00000', '0.0000', NULL, NULL, '125ML-1X24-CARTON', NULL, NULL, NULL),
('86ce3a75-2a2d-4b52-8deb-f3e9566e9483', 'b39685b2-8017-44d7-9e25-58301cc207e8', 'c947cf57-0947-443c-bcd2-3ade249f6ea0', 'cb5a1a7d-9dc6-49b7-9711-c007985762a5', '9e2e21ce-60b9-4d6a-9f48-a4d2b6cb131f', '5790.00000', '0.00000', '250ML-1X36-CARTON', 'Pcs', '5790.00000', '0.0000', NULL, NULL, '250ML-1X36-CARTON', NULL, NULL, NULL),
('8a7f3ce9-4338-4fa7-b923-3c519fb674da', '79920932-e66a-4e09-9d52-09daa91265f6', '50779112-cb9e-4a40-9ee6-4f23a6d9c0f1', 'a762acbf-7c99-4239-a236-2fb14836dc03', '30b9c720-eca4-4e3b-9499-ad49eeadf93d', '106800.00000', '0.00000', 'MR-250ML-MANGO-PAPER', 'Pcs', '106800.00000', '0.0000', NULL, NULL, 'MR-250ML-MANGO-PAPER', NULL, NULL, NULL),
('8f1b871c-3d55-4c55-b4f3-f64528d2b16a', '456a31a2-7b64-456b-aafd-52e249fcb45c', 'db0494bd-9682-4c8d-a416-7afe39e7711d', 'f918cfd1-43cc-46a0-9390-6119da495d02', '4645dc46-e6f4-43c6-a0d8-8d6f15cc568e', '0.00000', '0.00000', 'CS-125ML-APPLE-PAPER', 'Pcs', '0.00000', '0.0000', NULL, NULL, 'CS-125ML-APPLE-PAPER', NULL, NULL, NULL),
('92a8a08b-f2b8-430a-bacf-3ac471beb58b', '79920932-e66a-4e09-9d52-09daa91265f6', '50779112-cb9e-4a40-9ee6-4f23a6d9c0f1', 'f918cfd1-43cc-46a0-9390-6119da495d02', '0d04d66a-b21f-439a-b572-db33f50ed1ed', '0.00000', '0.00000', 'CS-125ML-APPLE-PAPER', 'Pcs', '0.00000', '0.0000', NULL, NULL, 'CS-125ML-APPLE-PAPER', NULL, NULL, NULL),
('94576e11-49d9-470b-94c1-15781122241c', 'c21cd1ad-b7f0-4f00-b6e5-d96c559a337b', 'cca736a1-622f-4ef2-ab5a-76018f3951e8', '29f3b48a-364e-4513-95ab-5ba86ca5dae4', '120b850b-7f2a-451e-98dc-6841de18c1a4', '0.00000', '0.00000', 'MR-200ML-ANNAR-PAPER', 'Pcs', '0.00000', '0.0000', NULL, NULL, 'MR-200ML-ANNAR-PAPER', NULL, NULL, NULL),
('985c9558-8ddc-4dbd-ab87-74f6355babb2', 'b382d239-7805-48a8-9295-37c9c0773dbb', '5cc78117-fea9-48cc-8e0a-b96544a364d6', '26ac4b22-28ea-49eb-97fc-18eb3cf10907', '92fcc194-e9c9-425e-83d7-d65de3f2936c', '20.00000', '0.00000', 'APPLE CONCENTRATE', 'KG', '20.00000', '100.0000', '2000.00000', NULL, 'APPLE CONCENTRATE', NULL, NULL, 1),
('99ca5d85-602c-4f8b-9d77-9c88ccd63b92', '55e33ec2-dd8f-4e55-8166-91adbb01b1c3', 'e89f073e-a8c8-49f2-8cdf-0dfe58aa0de0', 'cb5a1a7d-9dc6-49b7-9711-c007985762a5', '7ca54bba-ebe1-4e64-abc9-a451c65201f3', '0.00000', '0.00000', '250ML-1X36-CARTON', 'Pcs', '0.00000', '0.0000', NULL, NULL, '250ML-1X36-CARTON', NULL, NULL, NULL),
('9a57503a-f9dd-48a1-b35e-d4c0bcdf8f9d', '689112f5-3915-4981-9e28-72b6be8a6121', 'ebec9527-ea5f-42d7-9443-cb77daac79d3', '1a94e739-6a47-4d58-bb4e-725c5375903c', '340c947a-ec74-4b9a-b6b5-9926450643fa', '0.00000', '0.00000', '200ML-1X24-CARTON', 'Pcs', '0.00000', '0.0000', NULL, NULL, '200ML-1X24-CARTON', NULL, NULL, NULL),
('9c12c247-3450-4f8c-863d-417a1a37c395', '2caa0a06-781e-45f8-83a3-3e35ad70bcc6', 'df815bd3-7825-43bd-9cf5-a2a59e67226f', 'c1fd2b49-0aec-457e-aef6-f8af33604d34', '16713a8e-af6c-4939-9136-f9536bb97e2c', '30.00000', '0.00000', '250ML-1X24-CARTON', 'Pcs', '30.00000', '396.0000', '11880.00000', NULL, '250ML-1X24-CARTON', NULL, NULL, 2),
('9ecbf419-d715-4710-a8ff-8ad6ce9e14ff', '8033b120-f714-4879-a3fe-2cb6a52397e3', 'df815bd3-7825-43bd-9cf5-a2a59e67226f', 'a3157a27-0e5c-41c1-a5c8-61b78fcacf62', '02b69121-0094-49b9-a195-6e1a6a0412c1', '25.00000', '0.00000', '125ML-1X24-CARTON', 'Pcs', '25.00000', '612.5000', '15312.50000', NULL, '125ML-1X24-CARTON', NULL, NULL, 1),
('9efbebc2-f88b-4f91-b229-ac504b8643ac', '79920932-e66a-4e09-9d52-09daa91265f6', '50779112-cb9e-4a40-9ee6-4f23a6d9c0f1', '29f3b48a-364e-4513-95ab-5ba86ca5dae4', '1ac6d64b-e3a6-4bf6-848f-69aad64da7f1', '0.00000', '0.00000', 'MR-200ML-ANNAR-PAPER', 'Pcs', '0.00000', '0.0000', NULL, NULL, 'MR-200ML-ANNAR-PAPER', NULL, NULL, NULL),
('9f46126a-2f0c-46dd-ab93-398a67f877fb', '74dd1029-3221-4c95-aae5-217ad0c95c79', 'eb82b351-5927-4aad-8a8f-514f24bcc3cf', 'cb5a1a7d-9dc6-49b7-9711-c007985762a5', '8b765a2f-c70f-4563-a1f2-c07ff8023af6', '20.00000', '0.00000', '250ML-1X36-CARTON', 'Pcs', '20.00000', '100.0000', '2000.00000', NULL, '250ML-1X36-CARTON', NULL, NULL, 1),
('a017ba9a-f959-40df-a889-cfc8858d6440', '4d594a5c-4a91-496d-99ff-af9848b97cea', 'c737e3ed-1809-4380-b841-3151ea984db8', '8df7c58f-9091-4a4c-b9d0-1c65fb5992c7', '470ca963-d684-4298-ab03-9852c4124d61', '84850.00000', '0.00000', 'CS-125ML-MANGO-PAPER', 'Pcs', '84850.00000', '0.0000', NULL, NULL, 'CS-125ML-MANGO-PAPER', NULL, NULL, 11),
('a1c20265-f350-47bf-a323-cd0482648211', '98699792-9d3b-4e9e-8525-6036781f9139', 'c313b60a-10a9-4836-96cc-09d3dbf02168', '1a94e739-6a47-4d58-bb4e-725c5375903c', 'b3eb0cfa-0daf-4781-bc17-4a3999a45810', '6275.00000', '0.00000', '200ML-1X24-CARTON', 'Pcs', '6275.00000', '0.0000', NULL, NULL, '200ML-1X24-CARTON', NULL, NULL, NULL),
('a471547b-4d64-401e-9559-ee7b572df482', 'eecc9cb5-fc78-4ef1-9c9a-cbee88bb4f85', '5acb0a82-6ef3-4052-a6b6-253252154926', 'a3157a27-0e5c-41c1-a5c8-61b78fcacf62', 'f891739a-048a-44b1-8f49-8ef71ccdd036', '500.00000', '0.00000', '125ML-1X24-CARTON', 'Pcs', '500.00000', '100.0000', '50000.00000', NULL, '125ML-1X24-CARTON', NULL, NULL, 1),
('a62c509b-f7d0-409d-b048-304b5de48b6c', 'd294aef4-f18a-4f48-b42a-5b0a05539289', '0ec0f821-9395-498b-b66b-fba92bcb21c3', 'daa2dddb-b342-4ab0-b8dd-a952d7bd52be', '4e70813a-d547-42b2-b6c7-5a92137213a8', '48375.00000', '0.00000', 'MR-200ML-MANGO-PAPER', 'Pcs', '48375.00000', '0.0000', NULL, NULL, 'MR-200ML-MANGO-PAPER', NULL, NULL, NULL),
('a7231a51-36c1-4cbc-9d3f-0e3fb760a018', 'c21cd1ad-b7f0-4f00-b6e5-d96c559a337b', 'cca736a1-622f-4ef2-ab5a-76018f3951e8', 'f918cfd1-43cc-46a0-9390-6119da495d02', '412cc5a0-db31-4a9c-b1dd-4e64502c415d', '0.00000', '0.00000', 'CS-125ML-APPLE-PAPER', 'Pcs', '0.00000', '0.0000', NULL, NULL, 'CS-125ML-APPLE-PAPER', NULL, NULL, NULL),
('a727fe71-801d-417b-a9c1-d51d0f04ab2a', '524d032a-f5af-4411-bfe2-5cd9d9b002c8', 'eb82b351-5927-4aad-8a8f-514f24bcc3cf', 'cb5a1a7d-9dc6-49b7-9711-c007985762a5', '34e17e28-fe6e-4656-a801-43d184cd81e4', '10.00000', '0.00000', '250ML-1X36-CARTON', 'Pcs', '10.00000', '100.0000', '1000.00000', NULL, '250ML-1X36-CARTON', NULL, NULL, 1),
('a80b9fbe-1cb3-4597-a670-346994b61d9e', '7e7d13a2-c798-443b-861a-335f1fc5536a', 'fe857bf8-7673-4a87-b679-cddb16a17dca', 'a762acbf-7c99-4239-a236-2fb14836dc03', '3ed0aae3-3078-41fb-8af6-2a97229e4485', '143880.00000', '0.00000', 'MR-250ML-MANGO-PAPER', 'Pcs', '143880.00000', '0.0000', NULL, NULL, 'MR-250ML-MANGO-PAPER', NULL, NULL, NULL),
('a8e99552-3b53-41ee-aa49-b89f2eca52b0', '4db4f75e-0d12-478c-b1ae-2705401c8fe7', 'eb82b351-5927-4aad-8a8f-514f24bcc3cf', 'cb5a1a7d-9dc6-49b7-9711-c007985762a5', 'b9485256-84bb-486c-aba8-f9cf540a3808', '150.00000', '50.00000', '250ML-1X36-CARTON', 'Pcs', '200.00000', '100.0000', '15000.00000', NULL, '250ML-1X36-CARTON', NULL, NULL, 1),
('adcf7f24-4f4a-4db1-bbb6-17f7d8aeabe6', 'f511e4bd-9437-4e69-b73b-5f1970bdd380', '4e1d6180-7573-444c-9df5-07aa86232f7f', '1a94e739-6a47-4d58-bb4e-725c5375903c', '23d196ae-2474-483c-a2ba-87568431f21b', '0.00000', '0.00000', '200ML-1X24-CARTON', 'Pcs', '0.00000', '0.0000', NULL, NULL, '200ML-1X24-CARTON', NULL, NULL, NULL),
('addca20b-98a9-45c0-b843-6fc46c5beed5', '456a31a2-7b64-456b-aafd-52e249fcb45c', 'db0494bd-9682-4c8d-a416-7afe39e7711d', '8df7c58f-9091-4a4c-b9d0-1c65fb5992c7', 'ab85d812-a34b-4bec-a265-4beb606a701a', '0.00000', '0.00000', 'CS-125ML-MANGO-PAPER', 'Pcs', '0.00000', '0.0000', NULL, NULL, 'CS-125ML-MANGO-PAPER', NULL, NULL, NULL),
('aec2ccb1-7814-42bb-a5a7-d6364ba79ee7', 'b382d239-7805-48a8-9295-37c9c0773dbb', '5cc78117-fea9-48cc-8e0a-b96544a364d6', '18ec96b0-93c3-4d4b-9a14-7d637d33636e', 'eb7e3308-f709-4c7c-9137-aa5629137504', '15.00000', '0.00000', 'CITRIC ACID', 'KG', '15.00000', '150.0000', '2250.00000', NULL, 'CITRIC ACID', NULL, NULL, 2),
('b0c3a4d5-4174-4dab-b003-cde6c917335d', 'c4dbdf63-298b-43bd-bbd1-b4b6ce8deb1a', '688d594b-1246-4d87-b9ff-24f3b52ba1c7', 'a3157a27-0e5c-41c1-a5c8-61b78fcacf62', '14965afb-97a2-452c-b557-bce777215266', '13875.00000', '0.00000', '125ML-1X24-CARTON', 'Pcs', '13875.00000', '0.0000', NULL, NULL, '125ML-1X24-CARTON', NULL, NULL, NULL),
('b2070357-9b9c-4ab9-89e1-b901e646a3c3', 'c21cd1ad-b7f0-4f00-b6e5-d96c559a337b', 'cca736a1-622f-4ef2-ab5a-76018f3951e8', 'ff37340f-a17f-4c24-9ccd-9d26c11f0232', '4c740598-136d-41a5-bc6a-2f3ae023acf1', '53840.00000', '0.00000', 'MR-250ML-APPLE-PAPER', 'Pcs', '53840.00000', '0.0000', NULL, NULL, 'MR-250ML-APPLE-PAPER', NULL, NULL, NULL),
('b387c3e6-aa5e-4713-87c2-48355d85884c', '4d594a5c-4a91-496d-99ff-af9848b97cea', 'c737e3ed-1809-4380-b841-3151ea984db8', 'daa2dddb-b342-4ab0-b8dd-a952d7bd52be', 'ad82da16-f854-4967-8b72-d4353981a337', '0.00000', '0.00000', 'MR-200ML-MANGO-PAPER', 'Pcs', '0.00000', '0.0000', NULL, NULL, 'MR-200ML-MANGO-PAPER', NULL, NULL, 1),
('b7aabc19-2a96-40cf-9bca-d7a709f435c8', 'f44e550b-b392-4edd-b714-e2b816806d7c', 'eb82b351-5927-4aad-8a8f-514f24bcc3cf', 'cb5a1a7d-9dc6-49b7-9711-c007985762a5', '34e17e28-fe6e-4656-a801-43d184cd81e4', '10.00000', '0.00000', '250ML-1X36-CARTON', 'Pcs', '10.00000', '100.0000', '1000.00000', NULL, '250ML-1X36-CARTON', NULL, NULL, 1),
('b7c3d372-60b4-440a-8ab8-76db2f12b069', 'c21cd1ad-b7f0-4f00-b6e5-d96c559a337b', 'cca736a1-622f-4ef2-ab5a-76018f3951e8', 'daa2dddb-b342-4ab0-b8dd-a952d7bd52be', '3d6b8943-e8a9-4d18-9686-a7a908c9a005', '0.00000', '0.00000', 'MR-200ML-MANGO-PAPER', 'Pcs', '0.00000', '0.0000', NULL, NULL, 'MR-200ML-MANGO-PAPER', NULL, NULL, NULL),
('b83ee4d9-7753-48d2-b35e-9d690f1abbe5', '79920932-e66a-4e09-9d52-09daa91265f6', '50779112-cb9e-4a40-9ee6-4f23a6d9c0f1', 'a7546905-c250-4ac3-ac07-8d940e811433', '74b83408-66ae-471b-a5ea-e7dfa6fe9fa0', '0.00000', '0.00000', 'MR-200ML-APPLE-PAPER', 'Pcs', '0.00000', '0.0000', NULL, NULL, 'MR-200ML-APPLE-PAPER', NULL, NULL, NULL),
('b9195944-daba-489d-a7c4-dc8c2b301549', '79920932-e66a-4e09-9d52-09daa91265f6', '50779112-cb9e-4a40-9ee6-4f23a6d9c0f1', 'ff37340f-a17f-4c24-9ccd-9d26c11f0232', 'b4f54901-8c2c-458d-bfaf-c833d8351a4b', '108790.00000', '0.00000', 'MR-250ML-APPLE-PAPER', 'Pcs', '108790.00000', '0.0000', NULL, NULL, 'MR-250ML-APPLE-PAPER', NULL, NULL, NULL),
('b93d6438-3668-46aa-a898-6a55931e2bf7', 'bc05831e-29ac-4019-8481-fa5a2ae148f6', '3a80c3a2-033f-4231-a06a-fd8783722495', '1a94e739-6a47-4d58-bb4e-725c5375903c', 'f39e8486-f672-4a3f-8194-15734c539f16', '1043.00000', '0.00000', '200ML-1X24-CARTON', 'Pcs', '1043.00000', '0.0000', NULL, NULL, '200ML-1X24-CARTON', NULL, NULL, NULL),
('ba639f0c-8e36-49fa-b47d-52d8ea6f148b', 'e8e33049-0a19-4fea-93fb-eebd2dc97b3c', 'a9a3108f-eb34-4257-8b5d-37d326ea8550', '1a94e739-6a47-4d58-bb4e-725c5375903c', 'ccd8a7ef-9ac2-4236-98ee-028c9ca3a1f9', '6291.00000', '0.00000', '200ML-1X24-CARTON', 'Pcs', '6291.00000', '0.0000', NULL, NULL, '200ML-1X24-CARTON', NULL, NULL, NULL),
('be327e7c-20e5-4cc2-a3fc-c04b2e4b430d', '032d8a5e-6161-4ea6-87c2-011abaadeb0c', '6581cb9e-9cab-46b4-9a5e-7db105a5a66a', 'cb5a1a7d-9dc6-49b7-9711-c007985762a5', 'b397fddd-79ba-41d7-9efe-c14edeb93faa', '0.00000', '0.00000', '250ML-1X36-CARTON', 'Pcs', '0.00000', '0.0000', NULL, NULL, '250ML-1X36-CARTON', NULL, NULL, NULL),
('bfa24189-45d9-4a8a-8563-c3eb12a8e078', '4d594a5c-4a91-496d-99ff-af9848b97cea', 'c737e3ed-1809-4380-b841-3151ea984db8', 'a762acbf-7c99-4239-a236-2fb14836dc03', '6e2627ed-9b4b-4147-8d2e-91e956456e01', '108460.00000', '0.00000', 'MR-250ML-MANGO-PAPER', 'Pcs', '108460.00000', '0.0000', NULL, NULL, 'MR-250ML-MANGO-PAPER', NULL, NULL, 4),
('bfdeef1b-e6b9-4a44-94e6-8ffcf3d12b75', 'e67da0f5-bd55-432c-9ffe-8465e2db19e5', '43568170-9701-4a3b-9f6a-19a4383f7632', 'cb5a1a7d-9dc6-49b7-9711-c007985762a5', 'a21b7615-ac62-4724-811e-131a162d1faf', '4230.00000', '0.00000', '250ML-1X36-CARTON', 'Pcs', '4230.00000', '0.0000', NULL, NULL, '250ML-1X36-CARTON', NULL, NULL, NULL),
('c84634bf-ded6-4d56-a62a-09a28ab4846f', 'c21cd1ad-b7f0-4f00-b6e5-d96c559a337b', 'cca736a1-622f-4ef2-ab5a-76018f3951e8', 'c404d9b7-b7f5-46d6-bef7-4b8f2c99be91', '6a0dc2d0-822f-475e-b98d-3912187fe796', '0.00000', '0.00000', 'MR-250ML-MIX FRUIT-PAPER', 'Pcs', '0.00000', '0.0000', NULL, NULL, 'MR-250ML-MIX FRUIT-PAPER', NULL, NULL, NULL),
('c9c03243-811f-409d-8032-ae5f2f542ab9', '456a31a2-7b64-456b-aafd-52e249fcb45c', 'db0494bd-9682-4c8d-a416-7afe39e7711d', 'c8d5d6f6-b614-4899-a78b-48fef22699e2', 'a6eec24d-0fcc-424c-b72c-9c860b171166', '0.00000', '0.00000', 'MR-250ML-ORANGE MANGO-PAPER', 'Pcs', '0.00000', '0.0000', NULL, NULL, 'MR-250ML-ORANGE MANGO-PAPER', NULL, NULL, NULL),
('cb51dbdb-e8df-411e-860e-4b27c407dd5c', '032a2363-e637-4431-ba4a-e505afecbc0d', '71532032-3a27-4ab2-b842-1834f6b3982b', 'daa2dddb-b342-4ab0-b8dd-a952d7bd52be', '99eaf5bc-cb90-4572-b48e-f82ba6d35b6a', '133275.00000', '0.00000', 'MR-200ML-MANGO-PAPER', 'Pcs', '133275.00000', '0.0000', NULL, NULL, 'MR-200ML-MANGO-PAPER', NULL, NULL, NULL),
('cd9cfd84-50cf-4cb8-87bd-8f89ef22b9b3', '456a31a2-7b64-456b-aafd-52e249fcb45c', 'db0494bd-9682-4c8d-a416-7afe39e7711d', 'ff37340f-a17f-4c24-9ccd-9d26c11f0232', '2c8d7122-9a14-498c-bd98-01a4f75e6be8', '87725.00000', '0.00000', 'MR-250ML-APPLE-PAPER', 'Pcs', '87725.00000', '0.0000', NULL, NULL, 'MR-250ML-APPLE-PAPER', NULL, NULL, NULL),
('d052474a-ca1e-4783-865e-2ad453c95f91', 'e67da0f5-bd55-432c-9ffe-8465e2db19e5', '43568170-9701-4a3b-9f6a-19a4383f7632', '1a94e739-6a47-4d58-bb4e-725c5375903c', '70320227-15db-410f-be7a-b9fc7d96fe60', '0.00000', '0.00000', '200ML-1X24-CARTON', 'Pcs', '0.00000', '0.0000', NULL, NULL, '200ML-1X24-CARTON', NULL, NULL, NULL),
('d06ed687-8efb-4da0-addc-879b65e26bde', 'c21cd1ad-b7f0-4f00-b6e5-d96c559a337b', 'cca736a1-622f-4ef2-ab5a-76018f3951e8', 'dbc1529a-cfee-484d-b9c4-8cbb45d30ca3', 'aa47addf-39f3-45a3-84bc-4464c52c685d', '0.00000', '0.00000', 'CS-125ML-MIX FRUIT-PAPER', 'Pcs', '0.00000', '0.0000', NULL, NULL, 'CS-125ML-MIX FRUIT-PAPER', NULL, NULL, NULL),
('d0a9dc18-9646-4844-af7e-714f91f1398d', 'c2ac0f33-bfba-40dd-99fd-8af04ceb767d', 'eb82b351-5927-4aad-8a8f-514f24bcc3cf', '0928fe94-c46c-4316-a575-63fd0530a665', 'c0198ce9-730e-4cf0-a687-94014c8adad0', '40.00000', '0.00000', '250ML-STRAW', 'Pcs', '40.00000', '73.0000', '2920.00000', NULL, '250ML-STRAW', NULL, NULL, 2),
('d3683350-7ad1-400f-8010-7d75a65e703f', '14466fc4-6e50-4f23-bedc-444066990a8c', '43126046-fdc6-4f27-bdf2-7ded1552e059', '1a94e739-6a47-4d58-bb4e-725c5375903c', '64962846-5e86-4060-8419-641cb0984f64', '0.00000', '0.00000', '200ML-1X24-CARTON', 'Pcs', '0.00000', '0.0000', NULL, NULL, '200ML-1X24-CARTON', NULL, NULL, NULL),
('d711213d-f5df-4956-b70c-e4399ec00fd3', 'dbbbcb16-de04-4da2-bd57-9a9d94085ef3', 'a80860ac-4189-4911-bc24-69f32f40251b', '8df7c58f-9091-4a4c-b9d0-1c65fb5992c7', 'd299e893-d3fa-48b7-9ab8-4033f073e362', '57740.00000', '0.00000', 'CS-125ML-MANGO-PAPER', 'Pcs', '57740.00000', '0.0000', NULL, NULL, 'CS-125ML-MANGO-PAPER', NULL, NULL, NULL),
('d775b376-2440-4191-8ee1-c8aa47a9302b', '14466fc4-6e50-4f23-bedc-444066990a8c', '43126046-fdc6-4f27-bdf2-7ded1552e059', 'a3157a27-0e5c-41c1-a5c8-61b78fcacf62', 'ca6b4889-55e0-4fc7-b7ca-25a2de673f6d', '1850.00000', '0.00000', '125ML-1X24-CARTON', 'Pcs', '1850.00000', '0.0000', NULL, NULL, '125ML-1X24-CARTON', NULL, NULL, NULL),
('d8cdcfcc-93a6-4f0c-bae7-02b586aa6940', '82ac3ecf-0f43-413f-8bb0-aabdf89531ce', 'eb82b351-5927-4aad-8a8f-514f24bcc3cf', 'cb5a1a7d-9dc6-49b7-9711-c007985762a5', '34e17e28-fe6e-4656-a801-43d184cd81e4', '10.00000', '0.00000', '250ML-1X36-CARTON', 'Pcs', '10.00000', '100.0000', '1000.00000', NULL, '250ML-1X36-CARTON', NULL, NULL, 1),
('d8d70057-16c2-48ab-a4e9-4467c80b5c35', '7e7d13a2-c798-443b-861a-335f1fc5536a', 'fe857bf8-7673-4a87-b679-cddb16a17dca', 'c8d5d6f6-b614-4899-a78b-48fef22699e2', 'b3a76a0a-d290-4b25-8560-79805dbe191c', '71920.00000', '0.00000', 'MR-250ML-ORANGE MANGO-PAPER', 'Pcs', '71920.00000', '0.0000', NULL, NULL, 'MR-250ML-ORANGE MANGO-PAPER', NULL, NULL, NULL),
('e0cd0eba-45fb-4ea9-b6cc-5ca466216e83', '79920932-e66a-4e09-9d52-09daa91265f6', '50779112-cb9e-4a40-9ee6-4f23a6d9c0f1', 'daa2dddb-b342-4ab0-b8dd-a952d7bd52be', '8fa0f0d6-64a6-4723-84d3-dc0376fbb30d', '0.00000', '0.00000', 'MR-200ML-MANGO-PAPER', 'Pcs', '0.00000', '0.0000', NULL, NULL, 'MR-200ML-MANGO-PAPER', NULL, NULL, NULL),
('e1bd5e76-b1f7-4636-9969-04c2d8dfd0ac', '4d594a5c-4a91-496d-99ff-af9848b97cea', 'c737e3ed-1809-4380-b841-3151ea984db8', '29f3b48a-364e-4513-95ab-5ba86ca5dae4', '3c748cff-8856-4cd3-be07-78aec8a23dee', '0.00000', '0.00000', 'MR-200ML-ANNAR-PAPER', 'Pcs', '0.00000', '0.0000', NULL, NULL, 'MR-200ML-ANNAR-PAPER', NULL, NULL, 10),
('e2870d42-cbb2-493a-a90a-e52de5b7bf04', '77e04074-72c9-47e2-8840-b1ad063af866', 'eb82b351-5927-4aad-8a8f-514f24bcc3cf', '0928fe94-c46c-4316-a575-63fd0530a665', 'a6da0ace-0a87-4559-bb19-79a48de2f69e', '90.00000', '20.00000', '250ML-STRAW', 'Pcs', '110.00000', '90.0000', '8100.00000', NULL, '250ML-STRAW', NULL, NULL, 2),
('e7304698-4647-4c88-a8de-8185a5533ec6', 'b39685b2-8017-44d7-9e25-58301cc207e8', 'c947cf57-0947-443c-bcd2-3ade249f6ea0', 'a3157a27-0e5c-41c1-a5c8-61b78fcacf62', '98480275-bffc-45e8-92ee-9755dfc96ce1', '0.00000', '0.00000', '125ML-1X24-CARTON', 'Pcs', '0.00000', '0.0000', NULL, NULL, '125ML-1X24-CARTON', NULL, NULL, NULL),
('eb715757-6eee-491b-9fbd-ad08404c3c65', '551b8fb7-6015-4ecd-9d86-413f8ea1f5ca', '3c7881de-7626-4131-a65f-bae0fe2a547c', '1a94e739-6a47-4d58-bb4e-725c5375903c', '79c0e7cc-ec8c-4c49-840c-7ffc5e69408d', '0.00000', '0.00000', '200ML-1X24-CARTON', 'Pcs', '0.00000', '0.0000', NULL, NULL, '200ML-1X24-CARTON', NULL, NULL, NULL),
('ebd3b1f3-332d-409e-9843-f6dfa5655ddf', '689112f5-3915-4981-9e28-72b6be8a6121', 'ebec9527-ea5f-42d7-9443-cb77daac79d3', 'ddbeb847-9738-424d-b5cd-817ea8c280f2', '350472c9-54db-45bf-9a58-54b6fe6c3ca0', '5600.00000', '0.00000', '250ML-1X27-CARTON', 'Pcs', '5600.00000', '0.0000', NULL, NULL, '250ML-1X27-CARTON', NULL, NULL, NULL),
('ecc0fc16-4553-4d5f-bcb0-dbf0b33f35e8', '551b8fb7-6015-4ecd-9d86-413f8ea1f5ca', '3c7881de-7626-4131-a65f-bae0fe2a547c', 'cb5a1a7d-9dc6-49b7-9711-c007985762a5', '6ca233c7-ded7-40a9-9755-d83e0a128053', '900.00000', '0.00000', '250ML-1X36-CARTON', 'Pcs', '900.00000', '0.0000', NULL, NULL, '250ML-1X36-CARTON', NULL, NULL, NULL),
('ef24febd-8764-4517-b52e-4f9a99c07096', '456a31a2-7b64-456b-aafd-52e249fcb45c', 'db0494bd-9682-4c8d-a416-7afe39e7711d', 'dbc1529a-cfee-484d-b9c4-8cbb45d30ca3', '027cf3b1-0d95-4326-815c-8414858c3250', '0.00000', '0.00000', 'CS-125ML-MIX FRUIT-PAPER', 'Pcs', '0.00000', '0.0000', NULL, NULL, 'CS-125ML-MIX FRUIT-PAPER', NULL, NULL, NULL),
('f30566bb-b9e1-481f-9717-a707aecc972d', 'd294aef4-f18a-4f48-b42a-5b0a05539289', '0ec0f821-9395-498b-b66b-fba92bcb21c3', '8df7c58f-9091-4a4c-b9d0-1c65fb5992c7', 'ae9520cf-7633-40d0-94b8-12dc35cf538e', '172575.00000', '0.00000', 'CS-125ML-MANGO-PAPER', 'Pcs', '172575.00000', '0.0000', NULL, NULL, 'CS-125ML-MANGO-PAPER', NULL, NULL, NULL),
('f311f7d5-b6ff-407f-95f5-55cae6fb53ec', 'c21cd1ad-b7f0-4f00-b6e5-d96c559a337b', 'cca736a1-622f-4ef2-ab5a-76018f3951e8', 'a7546905-c250-4ac3-ac07-8d940e811433', '02d54717-eab8-46df-a37e-a281e6478db0', '0.00000', '0.00000', 'MR-200ML-APPLE-PAPER', 'Pcs', '0.00000', '0.0000', NULL, NULL, 'MR-200ML-APPLE-PAPER', NULL, NULL, NULL),
('f664486a-2756-4148-aa51-fa508a570fd8', '79920932-e66a-4e09-9d52-09daa91265f6', '50779112-cb9e-4a40-9ee6-4f23a6d9c0f1', 'c404d9b7-b7f5-46d6-bef7-4b8f2c99be91', '4b6a06f3-bab1-4f8f-a8be-28b356ea9174', '0.00000', '0.00000', 'MR-250ML-MIX FRUIT-PAPER', 'Pcs', '0.00000', '0.0000', NULL, NULL, 'MR-250ML-MIX FRUIT-PAPER', NULL, NULL, NULL),
('fb3dc25a-f423-4944-a7a8-37efdaf1ce8f', 'c21cd1ad-b7f0-4f00-b6e5-d96c559a337b', 'cca736a1-622f-4ef2-ab5a-76018f3951e8', 'a762acbf-7c99-4239-a236-2fb14836dc03', 'beec8dd6-df54-4671-b012-eabee0ea8833', '86150.00000', '0.00000', 'MR-250ML-MANGO-PAPER', 'Pcs', '86150.00000', '0.0000', NULL, NULL, 'MR-250ML-MANGO-PAPER', NULL, NULL, NULL);

-- --------------------------------------------------------

--
-- Table structure for table `inv_grn_wip_outsource`
--

CREATE TABLE `inv_grn_wip_outsource` (
  `id` varchar(36) COLLATE utf8mb4_unicode_ci NOT NULL,
  `display` int(11) DEFAULT NULL,
  `grn_id` varchar(36) COLLATE utf8mb4_unicode_ci DEFAULT NULL,
  `mir_id` varchar(36) COLLATE utf8mb4_unicode_ci DEFAULT NULL,
  `batch` varchar(100) COLLATE utf8mb4_unicode_ci NOT NULL,
  `project` varchar(36) COLLATE utf8mb4_unicode_ci DEFAULT NULL,
  `type` varchar(36) COLLATE utf8mb4_unicode_ci DEFAULT NULL,
  `category` varchar(512) COLLATE utf8mb4_unicode_ci DEFAULT NULL,
  `name` varchar(40) COLLATE utf8mb4_unicode_ci DEFAULT NULL,
  `prod_id` varchar(36) COLLATE utf8mb4_unicode_ci DEFAULT NULL,
  `description` varchar(100) COLLATE utf8mb4_unicode_ci DEFAULT NULL,
  `unit` varchar(20) COLLATE utf8mb4_unicode_ci DEFAULT NULL,
  `pre_qty` decimal(12,5) DEFAULT NULL,
  `qty` decimal(15,5) DEFAULT NULL,
  `rate` decimal(15,5) DEFAULT NULL,
  `amount` decimal(15,5) DEFAULT NULL
) ENGINE=InnoDB DEFAULT CHARSET=utf8mb4 COLLATE=utf8mb4_unicode_ci;

--
-- Dumping data for table `inv_grn_wip_outsource`
--

INSERT INTO `inv_grn_wip_outsource` (`id`, `display`, `grn_id`, `mir_id`, `batch`, `project`, `type`, `category`, `name`, `prod_id`, `description`, `unit`, `pre_qty`, `qty`, `rate`, `amount`) VALUES
('0085a82e-9549-4877-b2e7-b661d5b69f1c', 4, 'd697d98b-c00d-40e1-8ea7-985b9f113f42', NULL, 'MR-250ML-21-00020', NULL, NULL, 'Product', 'Ven Product', '94feec8d-cdd7-4f0a-94ee-735836a021f0', 'SODIUM BENZOATE', 'KG', '0.00135', '1.49000', '278.00000', '414.22000'),
('014ab4f7-0344-40ef-ac79-30a3ff23bdda', 4, '5f68f2a4-de07-4997-9cad-900ade7aceef', NULL, 'MR-200ML-21-00004', NULL, NULL, 'Product', 'Ven Product', '75b3f18e-55a5-459d-b839-77d37d3145e1', 'SODIUM CITRATE', 'KG', '0.00038', '0.24000', '200.00000', '48.00000'),
('02907bc9-a5a3-43ad-abe7-5a7abf24c52b', 10, 'a39b182d-63cd-4f90-93ff-ec2b646a8d13', NULL, 'MR-250ML-21-00016', NULL, NULL, 'Product', 'Ven Product', 'd00f5a79-854e-433c-879f-b033783e25d3', 'POLYBAG', 'KG', '0.01400', '29.40000', '363.00000', '10672.20000'),
('02ae54fa-35d5-40d6-b47d-1fac3cebd7aa', 12, '935505c7-4577-4e19-8eed-f8a754890203', NULL, 'CS-125ML-21-00012', NULL, NULL, 'Product', 'Ven Product', 'b72b0ce8-c2aa-4d81-ad3e-124b246d3c14', 'TARTRAZINE', 'KG', '0.00002', '0.02520', '2000.00000', '50.40000'),
('03e50472-1061-440f-969f-190ef0b76a31', 14, 'fd698e3e-bfbc-4823-b502-10978440c3e0', NULL, 'MR-250ML-21-00007', NULL, NULL, 'Product', 'Ven Product', 'faf7282c-ef82-4f8c-bf4d-baf8f88b8d27', '250ML-STRAW', 'Pcs', NULL, '44760.00000', '0.29000', '12726.36000'),
('04183e6a-9e8f-45c0-98a1-5579787952e1', 13, '2129769c-9134-4a15-b00d-0d814ab56144', NULL, 'MR-250ML-21-00021', NULL, NULL, 'Product', 'Ven Product', '74028493-c436-4e77-a7fd-b27e5eae7cda', 'ORANGE FLAVOR', 'KG', '0.00180', '3.00000', '1450.00000', '4350.00000'),
('04a9e22a-3067-49d6-9bf9-7c9acb900061', 5, '23a5f014-9f10-499f-ad92-a8844aa67c01', NULL, 'MR-250ML-21-00015', NULL, NULL, 'Product', 'Ven Product', '75b3f18e-55a5-459d-b839-77d37d3145e1', 'SODIUM CITRATE', 'KG', '0.00068', '1.87000', '200.00000', '374.00000'),
('04b65d6d-8453-4080-b9cf-86f624ea7e17', 3, '2129769c-9134-4a15-b00d-0d814ab56144', NULL, 'MR-250ML-21-00021', NULL, NULL, 'Product', 'Ven Product', '18ec96b0-93c3-4d4b-9a14-7d637d33636e', 'CITRIC ACID', 'KG', '0.02160', '36.00000', '250.00000', '9000.00000'),
('05240eab-d239-41b9-a4be-9c888df4ca9e', 1, 'c30a1527-9139-4a58-b70f-a952c5de95b7', NULL, 'CS-125ML-21-00003', NULL, NULL, 'Service', 'Filling', '0', 'Gate Pass # 7424 & 7425', '1', NULL, '3951.00000', '35.00000', '138285.00000'),
('0554ab5e-842c-477a-817c-b6b0c00cba8f', 5, 'a39b182d-63cd-4f90-93ff-ec2b646a8d13', NULL, 'MR-250ML-21-00016', NULL, NULL, 'Product', 'Ven Product', 'e36069a5-b88c-44f9-9856-f465e104a25d', 'SWEETENER', 'KG', '0.00074', '16.50000', '1008.00000', '16632.00000'),
('057d26e6-9745-4ebf-ab8b-d2c98e060214', 4, '17ae33e5-edbf-473a-9722-3f3ff12665b4', NULL, 'MR-200ML-21-00011', NULL, NULL, 'Product', 'Ven Product', '75b3f18e-55a5-459d-b839-77d37d3145e1', 'SODIUM CITRATE', 'KG', '0.00038', '0.51000', '200.00000', '102.00000'),
('060e56fe-d6c1-495f-a543-76b2da3cbf99', 3, '5f68f2a4-de07-4997-9cad-900ade7aceef', NULL, 'MR-200ML-21-00004', NULL, NULL, 'Product', 'Ven Product', '94feec8d-cdd7-4f0a-94ee-735836a021f0', 'SODIUM BENZOATE', 'KG', '0.00096', '0.48000', '295.00000', '141.60000'),
('06ee294b-7db0-4874-b0e8-a701838334e0', 5, 'ce96a752-38ce-4eab-9750-a6c7f61bb5dd', NULL, 'MR-200ML-21-00004', NULL, NULL, 'Product', 'Ven Product', '6b0ddec9-6fa7-43cb-9112-7a1e4f622fe9', 'ASCORBIC ACID', 'KG', '0.00048', '0.23000', '1500.00000', '345.00000'),
('073bcc1f-5621-4586-a183-c29f1ccf515e', 7, 'ac1d3912-b392-4748-bb8d-e37c3646c559', NULL, 'MR-250ML-21-00017', NULL, NULL, 'Product', 'Ven Product', 'a698985e-880d-4ed4-aa99-8e7e7715d208', 'CARAMEL COLOR', 'KG', '0.00216', '2.92896', '260.00000', '761.52960'),
('075b5c75-338f-44d5-9d05-f6200b81615f', 12, '1506f4da-9ab2-4798-b99e-6c35b862f405', NULL, 'MR-250ML-21-00006', NULL, NULL, 'Product', 'Ven Product', 'd58748ab-557f-473b-8208-4eb55be72890', 'MANGO FLAVOR 463S', 'KG', NULL, '9.66420', '1630.00000', '15752.64600'),
('0761513d-a4e0-447e-a3e8-a0e89e8c988a', 2, 'c30a1527-9139-4a58-b70f-a952c5de95b7', NULL, 'CS-125ML-21-00003', NULL, NULL, 'Product', 'Own Product', 'f918cfd1-43cc-46a0-9390-6119da495d02', 'CS-125ML-APPLE-PAPER', 'Pcs', '24.00000', '94824.00000', '3.33000', '315763.92000'),
('079fb665-2b27-423b-bd45-d90feefe9478', 1, '5f68f2a4-de07-4997-9cad-900ade7aceef', NULL, 'MR-200ML-21-00004', NULL, NULL, 'Product', 'Own Product', '1a94e739-6a47-4d58-bb4e-725c5375903c', '200ML-1X24-CARTON', 'Pcs', '1.00000', '513.00000', '8.50000', '4360.50000'),
('099f7ceb-c39b-44e3-bd24-78396f3e16be', 2, '935505c7-4577-4e19-8eed-f8a754890203', NULL, 'CS-125ML-21-00012', NULL, NULL, 'Product', 'Own Product', '8df7c58f-9091-4a4c-b9d0-1c65fb5992c7', 'CS-125ML-MANGO-PAPER', 'Pcs', '24.00000', '30240.00000', '3.33000', '100699.20000'),
('0a0f2466-d396-4582-a0c6-e2cc7916123f', 9, 'fd698e3e-bfbc-4823-b502-10978440c3e0', NULL, 'MR-250ML-21-00007', NULL, NULL, 'Product', 'Ven Product', 'ca5318cc-d430-4336-9271-496edbcec9c1', 'SUNSET YELLOW COLOR', 'KG', NULL, '0.07000', '2000.00000', '243.80000'),
('0be303ec-f862-4842-a1a1-4936653fa269', 3, '7112242d-8177-4e99-9b84-9259fc54fa9f', NULL, 'MR-200ML-21-00004', NULL, NULL, 'Product', 'Ven Product', '94feec8d-cdd7-4f0a-94ee-735836a021f0', 'SODIUM BENZOATE', 'KG', '0.00096', '5.22000', '295.00000', '1539.90000'),
('0c617136-132d-4b5e-bed8-edab35726473', 12, 'bde74393-f655-4d58-b232-a63cd8cb8e3d', NULL, 'MR-250ML-21-00014', NULL, NULL, 'Product', 'Ven Product', 'd58748ab-557f-473b-8208-4eb55be72890', 'MANGO FLAVOR 463S', 'KG', '0.00630', '3.87450', '1750.00000', '6780.37500'),
('0cf122b9-1d73-44f4-ac3c-ce89d2431058', 5, '0a74fd7d-04f3-4887-a593-24f8453b7db9', NULL, 'MR-250ML-21-00018', NULL, NULL, 'Product', 'Ven Product', 'e36069a5-b88c-44f9-9856-f465e104a25d', 'SWEETENER', 'KG', '0.00074', '0.86000', '1008.00000', '866.88000'),
('0d3d8c4a-daa9-4385-b08d-b07a39287cdd', 1, '0a74fd7d-04f3-4887-a593-24f8453b7db9', NULL, 'MR-250ML-21-00018', NULL, NULL, 'Product', 'Ven Product', '9a8eaeb7-7884-41b5-979b-390233831321', 'SUGAR', 'KG', '0.64800', '788.42000', '103.00000', '81207.26000'),
('0da9f3df-7116-4f56-b332-8c0a827f7bfd', 11, '17ae33e5-edbf-473a-9722-3f3ff12665b4', NULL, 'MR-200ML-21-00011', NULL, NULL, 'Product', 'Ven Product', '72b56809-0b30-4519-9614-ec21013f5229', 'MANGO PULP', 'KG', '0.28800', '304.84000', '75.00000', '22863.00000'),
('0f7e9aac-e23b-43b5-83ed-690e5d23e82a', 11, 'c30a1527-9139-4a58-b70f-a952c5de95b7', NULL, 'CS-125ML-21-00003', NULL, NULL, 'Product', 'Ven Product', 'd00f5a79-854e-433c-879f-b033783e25d3', 'POLYBAG', 'KG', '0.01000', '39.90000', '270.00000', '10773.00000'),
('0fb1cb6e-438a-43d4-94c4-6ab1f2c35846', 2, '03a75fae-d2a0-4995-9a12-53fdcdedfe11', NULL, 'MR-250ML-21-00019', NULL, NULL, 'Product', 'Own Product', 'a762acbf-7c99-4239-a236-2fb14836dc03', 'MR-250ML-MANGO-PAPER', 'Pcs', '36.00000', '70236.00000', '5.34242', '375230.21112'),
('0fcacb17-6fad-4362-99f4-0ee50314a32b', 2, '3f331745-466d-4eee-b5a7-2b8c9e0676b7', NULL, 'MR-250ML-21-00009', NULL, NULL, 'Product', 'Own Product', 'a762acbf-7c99-4239-a236-2fb14836dc03', 'MR-250ML-MANGO-PAPER', 'Pcs', '36.00000', '129528.00000', '5.07000', '656706.96000'),
('10199a03-19e8-4611-a095-9192c86fc6c4', 10, 'fd698e3e-bfbc-4823-b502-10978440c3e0', NULL, 'MR-250ML-21-00007', NULL, NULL, 'Product', 'Ven Product', 'b72b0ce8-c2aa-4d81-ad3e-124b246d3c14', 'TARTRAZINE', 'KG', NULL, '0.02000', '2000.00000', '48.76000'),
('10b1fa81-3aa8-4a37-87b5-08ec49e26e4d', 5, '7112242d-8177-4e99-9b84-9259fc54fa9f', NULL, 'MR-200ML-21-00004', NULL, NULL, 'Product', 'Ven Product', '6b0ddec9-6fa7-43cb-9112-7a1e4f622fe9', 'ASCORBIC ACID', 'KG', '0.00048', '0.23000', '1500.00000', '345.00000'),
('11b52e5f-7191-481b-bfe2-7b6b16f99ef7', 3, '3f331745-466d-4eee-b5a7-2b8c9e0676b7', NULL, 'MR-250ML-21-00009', NULL, NULL, 'Product', 'Ven Product', '18ec96b0-93c3-4d4b-9a14-7d637d33636e', 'CITRIC ACID', 'KG', '0.01350', '57.50000', '200.00000', '11500.00000'),
('11f01bb9-fb14-4790-9799-2a2bcea78183', 1, '313b84be-a2b5-4f97-a5cd-78c5606ee558', NULL, 'MR-250ML-21-00007', NULL, NULL, 'Product', 'Ven Product', '72b56809-0b30-4519-9614-ec21013f5229', 'MANGO PULP', 'KG', '0.45000', '500.00000', '75.00000', '37500.00000'),
('12eccfff-66ff-4ed9-9a05-dd3934fc28b2', 8, '03a75fae-d2a0-4995-9a12-53fdcdedfe11', NULL, 'MR-250ML-21-00019', NULL, NULL, 'Product', 'Ven Product', '9e55e4ee-ed2d-41bd-974f-bf2e1378d78f', 'CMC (CHINA)', 'KG', '0.01260', '24.58260', '683.00000', '16789.91580'),
('157075b6-1eba-4b2f-8bb4-7d3039a27089', 3, '5f32dc5b-a044-45a8-94e3-0013886d2bcc', NULL, 'MR-250ML-21-00013', NULL, NULL, 'Product', 'Ven Product', '94feec8d-cdd7-4f0a-94ee-735836a021f0', 'SODIUM BENZOATE', 'KG', '0.00162', '4.64454', '278.00000', '1291.18212'),
('15dc85da-088e-4772-acac-ca3b381db389', 14, 'df5c27c6-84ed-4ddf-91a9-abf74535ddd3', NULL, 'CS-125ML-21-00001', NULL, NULL, 'Product', 'Ven Product', 'd00f5a79-854e-433c-879f-b033783e25d3', 'POLYBAG', 'KG', NULL, '71.50000', '270.00000', '19305.00000'),
('16e9ff48-82ca-49cd-a9a5-a348db082018', 7, 'fd698e3e-bfbc-4823-b502-10978440c3e0', NULL, 'MR-250ML-21-00007', NULL, NULL, 'Product', 'Ven Product', 'e36069a5-b88c-44f9-9856-f465e104a25d', 'SWEETENER', 'KG', NULL, '1.25000', '982.00000', '1316.76380'),
('17db2ed8-6b75-454b-8292-a4e220173ef8', 5, '935505c7-4577-4e19-8eed-f8a754890203', NULL, 'CS-125ML-21-00012', NULL, NULL, 'Product', 'Ven Product', '6b0ddec9-6fa7-43cb-9112-7a1e4f622fe9', 'ASCORBIC ACID', 'KG', '0.00012', '0.15120', '1500.00000', '226.80000'),
('18ea4247-188b-4daf-847e-ebe09ae9d0d7', 6, '0a74fd7d-04f3-4887-a593-24f8453b7db9', NULL, 'MR-250ML-21-00018', NULL, NULL, 'Product', 'Ven Product', '9e55e4ee-ed2d-41bd-974f-bf2e1378d78f', 'CMC (CHINA)', 'KG', '0.00810', '9.36000', '683.00000', '6392.88000'),
('19406646-c542-413e-90c7-a4bbc862716e', 2, 'dabc1a8d-47e5-4627-89c9-4a6b4ceca35c', NULL, 'CS-125ML-21-00002', NULL, NULL, 'Product', 'Own Product', 'f918cfd1-43cc-46a0-9390-6119da495d02', 'CS-125ML-APPLE-PAPER', 'Pcs', NULL, '151272.00000', '3.33333', '504239.49576'),
('1a87c157-23b5-4d77-ba50-de04d6a391da', 1, '80ff0b1c-4da4-4113-8de6-684d9b1e1c9c', NULL, 'MR-250ML-21-00008', NULL, NULL, 'Product', 'Own Product', 'cb5a1a7d-9dc6-49b7-9711-c007985762a5', '250ML-1X36-CARTON', 'Pcs', '1.00000', '1646.00000', '24.50000', '40327.00000'),
('1aac72a3-9918-42ea-b001-e1b451dc97c5', 6, 'c4e8b8ff-47a1-49f6-957e-3e99a1008f80', NULL, 'CS-125ML-21-00010', NULL, NULL, 'Product', 'Ven Product', 'e36069a5-b88c-44f9-9856-f465e104a25d', 'SWEETENER', 'KG', '0.00120', '2.00000', '1008.00000', '2016.00000'),
('1aafd3ab-e145-4200-ae35-4ae31c9f7628', 9, '80ff0b1c-4da4-4113-8de6-684d9b1e1c9c', NULL, 'MR-250ML-21-00008', NULL, NULL, 'Product', 'Ven Product', 'ca5318cc-d430-4336-9271-496edbcec9c1', 'SUNSET YELLOW COLOR', 'KG', '0.00010', '0.11000', '2000.00000', '220.00000'),
('1b2dbceb-f915-49fc-882c-a980e5da1d88', 7, '313b84be-a2b5-4f97-a5cd-78c5606ee558', NULL, 'MR-250ML-21-00007', NULL, NULL, 'Product', 'Ven Product', 'e36069a5-b88c-44f9-9856-f465e104a25d', 'SWEETENER', 'KG', '0.00110', '1.25000', '982.00000', '1227.50000'),
('1c52c1bb-095b-4d95-8f64-e9ecad7195d0', 1, 'c30a1527-9139-4a58-b70f-a952c5de95b7', NULL, 'CS-125ML-21-00003', NULL, NULL, 'Product', 'Ven Product', '9a8eaeb7-7884-41b5-979b-390233831321', 'SUGAR', 'KG', '0.15300', '604.50300', '95.00000', '57427.78500'),
('1ccb76bd-737b-4855-a74d-eb82dde92224', 13, '7112242d-8177-4e99-9b84-9259fc54fa9f', NULL, 'MR-200ML-21-00004', NULL, NULL, 'Product', 'Ven Product', 'ba1b0ca7-9cfd-4d61-a5a0-b95949117feb', '200ML-STRAW', 'Pcs', '24.00000', '133895.00000', '0.27000', '36151.65000'),
('1d048430-e871-437c-953e-6b34b19703e2', 15, '2129769c-9134-4a15-b00d-0d814ab56144', NULL, 'MR-250ML-21-00021', NULL, NULL, 'Product', 'Ven Product', 'd00f5a79-854e-433c-879f-b033783e25d3', 'POLYBAG', 'KG', '0.02800', '62.46000', '363.00000', '22672.98000'),
('1d72d9b9-a7f7-4ef3-8100-169248c64e15', 9, '5f32dc5b-a044-45a8-94e3-0013886d2bcc', NULL, 'MR-250ML-21-00013', NULL, NULL, 'Product', 'Ven Product', 'aae77964-0163-4e37-b75e-1410512bc52b', 'GREEN APPLE FLAVOR', 'KG', '0.00450', '12.50000', '1300.00000', '16250.00000'),
('1d8a5c89-32ce-4e0d-b044-8be95275e28d', 17, '313b84be-a2b5-4f97-a5cd-78c5606ee558', NULL, 'MR-250ML-21-00007', NULL, NULL, 'Product', 'Ven Product', '3ca12da4-93a5-4bb0-8120-98f696e1f758', 'TAPE SOLUTION', 'Pcs', '1.32800', '1243.00000', '1.45000', '1802.35000'),
('1dcd1bc2-feb0-48e1-b940-63d8e6adb8d0', 6, '2129769c-9134-4a15-b00d-0d814ab56144', NULL, 'MR-250ML-21-00021', NULL, NULL, 'Product', 'Ven Product', '6b0ddec9-6fa7-43cb-9112-7a1e4f622fe9', 'ASCORBIC ACID', 'KG', '0.00090', '1.50000', '300.00000', '450.00000'),
('1df8f06d-969e-48c6-8679-9993783622b0', 8, '935505c7-4577-4e19-8eed-f8a754890203', NULL, 'CS-125ML-21-00012', NULL, NULL, 'Product', 'Ven Product', 'eea5716d-010e-4d9a-90b6-1a3503f1ce25', 'XANTHAN GUM', 'KG', '0.00060', '0.75600', '630.00000', '476.28000'),
('1e124628-fe4e-4190-967a-956bbbb07f30', 1, '8891e3bb-b9cd-4c4e-94db-346c5be8e458', NULL, 'MR-250ML-21-00006', NULL, NULL, 'Product', 'Own Product', 'cb5a1a7d-9dc6-49b7-9711-c007985762a5', '250ML-1X36-CARTON', 'Pcs', '1.00000', '2398.00000', '24.50000', '58751.00000'),
('1f94985a-997b-42fe-8dc9-343997c8dfed', 4, '263476fc-75a4-4437-bffb-09f2c2229970', NULL, 'CS-125ML-21-00005', NULL, NULL, 'Product', 'Ven Product', '75b3f18e-55a5-459d-b839-77d37d3145e1', 'SODIUM CITRATE', 'KG', NULL, '1.20000', '200.00000', '240.00000'),
('2100177d-8df7-4114-acd1-f3e267347cf8', 13, '263476fc-75a4-4437-bffb-09f2c2229970', NULL, 'CS-125ML-21-00005', NULL, NULL, 'Product', 'Ven Product', 'f598a2d8-bf18-420d-9b40-80f60d090c8d', '125ML-STRAW', 'Pcs', NULL, '155960.00000', '0.28600', NULL),
('211da896-948f-48e3-9937-0d16d7fd19ba', 14, '5f32dc5b-a044-45a8-94e3-0013886d2bcc', NULL, 'MR-250ML-21-00013', NULL, NULL, 'Product', 'Ven Product', '9d59003f-8e13-4ed7-9220-191effc4dd41', 'STRETCH FILM ROLL', 'KG', '0.29510', '300.00000', '4.50000', '1350.00000'),
('21990f8d-2d0f-4ae8-a4df-30fb3081a7cb', 15, 'bde74393-f655-4d58-b232-a63cd8cb8e3d', NULL, 'MR-250ML-21-00014', NULL, NULL, 'Product', 'Ven Product', '0a3e66f2-8e5d-40ea-914e-8348636144bc', 'HOTMELT', 'KG', '0.00380', '5.00000', '1265.00000', '6325.00000'),
('21e63898-513f-44b8-a359-9348aa370193', 7, '935505c7-4577-4e19-8eed-f8a754890203', NULL, 'CS-125ML-21-00012', NULL, NULL, 'Product', 'Ven Product', '9e55e4ee-ed2d-41bd-974f-bf2e1378d78f', 'CMC (CHINA)', 'KG', '0.00300', '3.78000', '683.00000', '2581.74000'),
('222f6a1c-ae63-40f7-abb6-2807a5dbf000', 11, 'ce96a752-38ce-4eab-9750-a6c7f61bb5dd', NULL, 'MR-200ML-21-00004', NULL, NULL, 'Product', 'Ven Product', '72b56809-0b30-4519-9614-ec21013f5229', 'MANGO PULP', 'KG', '0.28800', '126.85000', '75.00000', '9513.75000'),
('22a9aa0a-5658-46ab-ba25-6895c472a4d1', 2, '80ff0b1c-4da4-4113-8de6-684d9b1e1c9c', NULL, 'MR-250ML-21-00008', NULL, NULL, 'Product', 'Ven Product', '9a8eaeb7-7884-41b5-979b-390233831321', 'SUGAR', 'KG', '0.84600', '1440.00000', '102.38000', '147427.20000'),
('22b46a8b-0d10-47aa-854f-5ffd9657f5c2', 4, 'fd698e3e-bfbc-4823-b502-10978440c3e0', NULL, 'MR-250ML-21-00007', NULL, NULL, 'Product', 'Ven Product', '94feec8d-cdd7-4f0a-94ee-735836a021f0', 'SODIUM BENZOATE', 'KG', NULL, '2.00000', '295.00000', '647.28900'),
('22b5b014-df4a-491c-815d-e2b7d2bf3f5c', 10, '935505c7-4577-4e19-8eed-f8a754890203', NULL, 'CS-125ML-21-00012', NULL, NULL, 'Product', 'Ven Product', '72b56809-0b30-4519-9614-ec21013f5229', 'MANGO PULP', 'KG', '0.06600', '83.16000', '75.00000', '6237.00000'),
('22ce641d-6aaf-4b34-bcf8-af53d17c1ab2', 3, '1506f4da-9ab2-4798-b99e-6c35b862f405', NULL, 'MR-250ML-21-00006', NULL, NULL, 'Product', 'Ven Product', '18ec96b0-93c3-4d4b-9a14-7d637d33636e', 'CITRIC ACID', 'KG', NULL, '23.60300', '200.00000', '4720.60000'),
('22f94cca-ef67-4e0f-971c-38370d3e96b6', 9, 'd697d98b-c00d-40e1-8ea7-985b9f113f42', NULL, 'MR-250ML-21-00020', NULL, NULL, 'Product', 'Ven Product', 'eea5716d-010e-4d9a-90b6-1a3503f1ce25', 'XANTHAN GUM', 'KG', '0.00270', '2.98000', '630.00000', '1877.40000'),
('23418130-0357-4334-a336-3c3c7b220297', 12, '5f32dc5b-a044-45a8-94e3-0013886d2bcc', NULL, 'MR-250ML-21-00013', NULL, NULL, 'Product', 'Ven Product', '0a3e66f2-8e5d-40ea-914e-8348636144bc', 'HOTMELT', 'KG', '0.00380', '21.00000', '1265.00000', '26565.00000'),
('23f3145c-1c34-472e-9c2d-1e603f1e0a4a', 6, '7112242d-8177-4e99-9b84-9259fc54fa9f', NULL, 'MR-200ML-21-00004', NULL, NULL, 'Product', 'Ven Product', 'e36069a5-b88c-44f9-9856-f465e104a25d', 'SWEETENER', 'KG', '0.00072', '3.91000', '582.00000', '2275.62000'),
('2469a521-5e30-477a-92ef-19c644f98efa', 5, 'c4e8b8ff-47a1-49f6-957e-3e99a1008f80', NULL, 'CS-125ML-21-00010', NULL, NULL, 'Product', 'Ven Product', '6b0ddec9-6fa7-43cb-9112-7a1e4f622fe9', 'ASCORBIC ACID', 'KG', '0.00012', '0.20000', '1500.00000', '300.00000'),
('2537a9cc-52f9-4ffa-8d90-bc238be1c6f1', 1, 'df5c27c6-84ed-4ddf-91a9-abf74535ddd3', NULL, 'CS-125ML-21-00001', NULL, NULL, 'Service', 'Filling', '0', 'Gate Pass # 7498', NULL, NULL, '7082.00000', '35.00000', '247870.00000'),
('261b2011-26c5-4d5e-938e-faf7dc3dad7a', 16, '80ff0b1c-4da4-4113-8de6-684d9b1e1c9c', NULL, 'MR-250ML-21-00008', NULL, NULL, 'Product', 'Ven Product', '0a3e66f2-8e5d-40ea-914e-8348636144bc', 'HOTMELT', 'KG', '0.00380', '6.00000', '1265.00000', '7590.00000'),
('263f9b53-9194-48ac-83d6-ac3005e53210', 3, '313b84be-a2b5-4f97-a5cd-78c5606ee558', NULL, 'MR-250ML-21-00007', NULL, NULL, 'Product', 'Ven Product', '18ec96b0-93c3-4d4b-9a14-7d637d33636e', 'CITRIC ACID', 'KG', '0.02160', '24.00000', '200.00000', '4800.00000'),
('27186481-c0e1-4c30-ab9d-e5ec5a8d33bc', 14, '7112242d-8177-4e99-9b84-9259fc54fa9f', NULL, 'MR-200ML-21-00004', NULL, NULL, 'Product', 'Ven Product', 'd00f5a79-854e-433c-879f-b033783e25d3', 'POLYBAG', 'KG', '0.01200', '66.38000', '270.00000', '17922.60000'),
('2852d453-ed0e-4a3f-9b63-4099c894ac1c', 5, '313b84be-a2b5-4f97-a5cd-78c5606ee558', NULL, 'MR-250ML-21-00007', NULL, NULL, 'Product', 'Ven Product', '75b3f18e-55a5-459d-b839-77d37d3145e1', 'SODIUM CITRATE', 'KG', '0.00090', '1.00000', '200.00000', '200.00000'),
('28a43a74-e2c0-416d-87f6-e2be8b6e526f', 13, '935505c7-4577-4e19-8eed-f8a754890203', NULL, 'CS-125ML-21-00012', NULL, NULL, 'Product', 'Ven Product', 'f598a2d8-bf18-420d-9b40-80f60d090c8d', '125ML-STRAW', 'Pcs', '24.00000', '30240.00000', '0.30000', '9072.00000'),
('28adea93-3b84-428e-96c5-e22ee1dea286', 2, '1506f4da-9ab2-4798-b99e-6c35b862f405', NULL, 'MR-250ML-21-00006', NULL, NULL, 'Product', 'Ven Product', '9a8eaeb7-7884-41b5-979b-390233831321', 'SUGAR', 'KG', NULL, '1556.23000', '95.00000', '147841.85000'),
('28e0473d-0e2d-4458-a483-44a8dbff6f0c', 1, 'ac1d3912-b392-4748-bb8d-e37c3646c559', NULL, 'MR-250ML-21-00017', NULL, NULL, 'Service', 'Filling', '0', 'Gate Pass # 7577', 'Ctn', NULL, '1356.00000', '47.00000', '63732.00000'),
('29b237a5-dc14-40f4-9ef8-04cd463f1b75', 6, '3f331745-466d-4eee-b5a7-2b8c9e0676b7', NULL, 'MR-250ML-21-00009', NULL, NULL, 'Product', 'Ven Product', '6b0ddec9-6fa7-43cb-9112-7a1e4f622fe9', 'ASCORBIC ACID', 'KG', '0.00900', '3.50000', '1500.00000', '5250.00000'),
('29c11cea-95a4-4a2b-9030-390d649df4fa', 1, 'dabc1a8d-47e5-4627-89c9-4a6b4ceca35c', NULL, 'CS-125ML-21-00002', NULL, NULL, 'Product', 'Ven Product', '9a8eaeb7-7884-41b5-979b-390233831321', 'SUGAR', 'KG', NULL, '1000.00000', '95.00000', '95000.00000'),
('29e1815d-b08b-4b59-8538-0575bf3e094b', 13, '80ff0b1c-4da4-4113-8de6-684d9b1e1c9c', NULL, 'MR-250ML-21-00008', NULL, NULL, 'Product', 'Ven Product', '74028493-c436-4e77-a7fd-b27e5eae7cda', 'ORANGE FLAVOR', 'KG', '0.00180', '3.60000', '1500.00000', '5400.00000'),
('2b04dae6-a0a3-4e73-93ad-44325e714f6f', 1, '935505c7-4577-4e19-8eed-f8a754890203', NULL, 'CS-125ML-21-00012', NULL, NULL, 'Service', 'Filling', '0', 'Gate Pass # 7269', 'Tray', NULL, '1260.00000', '35.00000', '44100.00000'),
('2b246768-c3ed-4602-ac11-dd46e677aa30', 16, 'ce96a752-38ce-4eab-9750-a6c7f61bb5dd', NULL, 'MR-200ML-21-00004', NULL, NULL, 'Product', 'Ven Product', '9d59003f-8e13-4ed7-9220-191effc4dd41', 'STRETCH FILM ROLL', 'KG', '0.10000', '52.56000', '3.50000', '183.96000'),
('2bbf5611-81ba-441c-963b-db8d6b009329', 16, 'df5c27c6-84ed-4ddf-91a9-abf74535ddd3', NULL, 'CS-125ML-21-00001', NULL, NULL, 'Product', 'Ven Product', '9d59003f-8e13-4ed7-9220-191effc4dd41', 'STRETCH FILM ROLL', 'KG', NULL, '600.00000', '3.50000', '2100.00000'),
('2bf55920-7456-4d9f-ac08-b7b924a96f75', 2, '7112242d-8177-4e99-9b84-9259fc54fa9f', NULL, 'MR-200ML-21-00004', NULL, NULL, 'Product', 'Own Product', 'daa2dddb-b342-4ab0-b8dd-a952d7bd52be', 'MR-200ML-MANGO-PAPER', 'Pcs', '24.00000', '133272.00000', '4.83000', '643703.76000'),
('2d95aeca-6d26-4602-a2b0-0075d1dac850', 14, '23a5f014-9f10-499f-ad92-a8844aa67c01', NULL, 'MR-250ML-21-00015', NULL, NULL, 'Product', 'Ven Product', 'd00f5a79-854e-433c-879f-b033783e25d3', 'POLYBAG', 'KG', '0.01400', '39.80000', '363.00000', '14447.40000'),
('2e74e6ec-24e1-483e-9f9a-fd9038188bb8', 15, '935505c7-4577-4e19-8eed-f8a754890203', NULL, 'CS-125ML-21-00012', NULL, NULL, 'Product', 'Ven Product', '0a3e66f2-8e5d-40ea-914e-8348636144bc', 'HOTMELT', 'KG', '0.00100', '1.26000', '1265.00000', '1593.90000'),
('2e856940-a28c-4393-be3b-a3963ada8965', 10, 'bde74393-f655-4d58-b232-a63cd8cb8e3d', NULL, 'MR-250ML-21-00014', NULL, NULL, 'Product', 'Ven Product', 'ca5318cc-d430-4336-9271-496edbcec9c1', 'SUNSET YELLOW COLOR', 'KG', '0.00010', '0.06150', '2000.00000', '123.00000'),
('2f2477d3-73a3-46b7-bee9-05dd89ae2476', 1, '03a75fae-d2a0-4995-9a12-53fdcdedfe11', NULL, 'MR-250ML-21-00019', NULL, NULL, 'Product', 'Own Product', 'cb5a1a7d-9dc6-49b7-9711-c007985762a5', '250ML-1X36-CARTON', 'Pcs', '1.00000', '1951.00000', '24.50000', '47799.50000'),
('2f2b58d9-a5c6-4db1-9437-08ed441b9c8f', 1, '935505c7-4577-4e19-8eed-f8a754890203', NULL, 'CS-125ML-21-00012', NULL, NULL, 'Product', 'Own Product', 'a3157a27-0e5c-41c1-a5c8-61b78fcacf62', '125ML-1X24-CARTON', 'Pcs', '1.00000', '1260.00000', '5.95000', '7497.00000'),
('2fbe504c-16a6-4d6c-9389-af7c5cdaabb7', 10, '313b84be-a2b5-4f97-a5cd-78c5606ee558', NULL, 'MR-250ML-21-00007', NULL, NULL, 'Product', 'Ven Product', 'b72b0ce8-c2aa-4d81-ad3e-124b246d3c14', 'TARTRAZINE', 'KG', '0.00002', '0.02000', '2000.00000', '40.00000'),
('309e5336-4035-45ab-a289-205257f2b148', 5, '03a75fae-d2a0-4995-9a12-53fdcdedfe11', NULL, 'MR-250ML-21-00019', NULL, NULL, 'Product', 'Ven Product', '75b3f18e-55a5-459d-b839-77d37d3145e1', 'SODIUM CITRATE', 'KG', '0.00090', '1.75590', '200.00000', '351.18000'),
('30f56768-3888-48f2-ac10-564d06132912', 8, 'a39b182d-63cd-4f90-93ff-ec2b646a8d13', NULL, 'MR-250ML-21-00016', NULL, NULL, 'Product', 'Ven Product', 'aae77964-0163-4e37-b75e-1410512bc52b', 'GREEN APPLE FLAVOR', 'KG', '0.00338', '7.50000', '1300.00000', '9750.00000'),
('314c1a30-0ad4-4085-8f43-18e2e62e3ffe', 4, '5f32dc5b-a044-45a8-94e3-0013886d2bcc', NULL, 'MR-250ML-21-00013', NULL, NULL, 'Product', 'Ven Product', '75b3f18e-55a5-459d-b839-77d37d3145e1', 'SODIUM CITRATE', 'KG', '0.00090', '2.58030', '200.00000', '516.06000'),
('3162cf66-2e7a-4b91-907b-ad0afa258385', 9, 'c4e8b8ff-47a1-49f6-957e-3e99a1008f80', NULL, 'CS-125ML-21-00010', NULL, NULL, 'Product', 'Ven Product', 'ca5318cc-d430-4336-9271-496edbcec9c1', 'SUNSET YELLOW COLOR', 'KG', '0.00002', '0.04000', '2000.00000', '80.00000'),
('3190e3b2-c182-460e-bbfa-7701552a60d4', 2, 'ce96a752-38ce-4eab-9750-a6c7f61bb5dd', NULL, 'MR-200ML-21-00004', NULL, NULL, 'Product', 'Ven Product', '18ec96b0-93c3-4d4b-9a14-7d637d33636e', 'CITRIC ACID', 'KG', '0.00816', '3.69000', '200.00000', '1204.00000'),
('32d06812-eb57-48f4-9131-5572206ef286', 16, '03a75fae-d2a0-4995-9a12-53fdcdedfe11', NULL, 'MR-250ML-21-00019', NULL, NULL, 'Product', 'Ven Product', '3ca12da4-93a5-4bb0-8120-98f696e1f758', 'TAPE SOLUTION', 'Pcs', '1.32800', '2926.00000', '1.80000', '5266.80000'),
('32dd99db-e571-4c32-a1c6-516c9631dde8', 4, '935505c7-4577-4e19-8eed-f8a754890203', NULL, 'CS-125ML-21-00012', NULL, NULL, 'Product', 'Ven Product', '75b3f18e-55a5-459d-b839-77d37d3145e1', 'SODIUM CITRATE', 'KG', '0.00018', '0.22680', '200.00000', '45.36000'),
('335d5d7b-c60b-4cf2-8dc5-5ef8bfb09972', 2, '23a5f014-9f10-499f-ad92-a8844aa67c01', NULL, 'MR-250ML-21-00015', NULL, NULL, 'Product', 'Ven Product', '9a8eaeb7-7884-41b5-979b-390233831321', 'SUGAR', 'KG', '0.63450', '1763.70000', '103.00000', '181661.10000'),
('358fd07e-9c59-4b36-b08b-d55e1a7d3330', 10, '1506f4da-9ab2-4798-b99e-6c35b862f405', NULL, 'MR-250ML-21-00006', NULL, NULL, 'Product', 'Ven Product', 'ca5318cc-d430-4336-9271-496edbcec9c1', 'SUNSET YELLOW COLOR', 'KG', NULL, '0.12289', '2000.00000', '245.78000'),
('35fe2c7d-88bc-4b21-96a8-95e6f82aeb6e', 9, 'a39b182d-63cd-4f90-93ff-ec2b646a8d13', NULL, 'MR-250ML-21-00016', NULL, NULL, 'Product', 'Ven Product', '0928fe94-c46c-4316-a575-63fd0530a665', '250ML-STRAW', 'Pcs', '27.00000', '56800.00000', '0.31000', '17608.00000'),
('368d175c-a4ef-4d05-b726-a969ea380719', 2, '17ae33e5-edbf-473a-9722-3f3ff12665b4', NULL, 'MR-200ML-21-00011', NULL, NULL, 'Product', 'Own Product', 'daa2dddb-b342-4ab0-b8dd-a952d7bd52be', 'MR-200ML-MANGO-PAPER', 'Pcs', '24.00000', '24480.00000', '4.83000', '118238.40000'),
('36ae9111-69cf-4516-a2c6-6d342b2d8a48', 2, '313b84be-a2b5-4f97-a5cd-78c5606ee558', NULL, 'MR-250ML-21-00007', NULL, NULL, 'Product', 'Ven Product', '9a8eaeb7-7884-41b5-979b-390233831321', 'SUGAR', 'KG', '0.84600', '980.00000', '95.00000', '93100.00000'),
('379eb866-13e0-4c94-bb80-dd696cae3688', 1, 'bde74393-f655-4d58-b232-a63cd8cb8e3d', NULL, 'MR-250ML-21-00014', NULL, NULL, 'Service', 'Filling', '0', 'Gate Pass # 7281 & 7289', 'Ctn', NULL, '615.00000', '47.00000', '28905.00000'),
('37b056ca-318a-4649-b4e8-1e8a14e95e14', 5, 'c30a1527-9139-4a58-b70f-a952c5de95b7', NULL, 'CS-125ML-21-00003', NULL, NULL, 'Product', 'Ven Product', 'e36069a5-b88c-44f9-9856-f465e104a25d', 'SWEETENER', 'KG', '0.00120', '4.74120', '982.00000', '4655.85840'),
('3804dc24-1e70-4481-8b27-6454bb3e1eaa', 5, '1506f4da-9ab2-4798-b99e-6c35b862f405', NULL, 'MR-250ML-21-00006', NULL, NULL, 'Product', 'Ven Product', '75b3f18e-55a5-459d-b839-77d37d3145e1', 'SODIUM CITRATE', 'KG', NULL, '1.36550', '200.00000', '273.10000'),
('38f22cf6-9550-4728-8a9e-0bcb25b6851c', 14, '263476fc-75a4-4437-bffb-09f2c2229970', NULL, 'CS-125ML-21-00005', NULL, NULL, 'Product', 'Ven Product', 'd00f5a79-854e-433c-879f-b033783e25d3', 'POLYBAG', 'KG', NULL, '64.90000', '315.00000', NULL),
('3b5895a3-1ead-4bfe-8ac9-fda93b76aa02', 3, 'ac1d3912-b392-4748-bb8d-e37c3646c559', NULL, 'MR-250ML-21-00017', NULL, NULL, 'Product', 'Ven Product', '94feec8d-cdd7-4f0a-94ee-735836a021f0', 'SODIUM BENZOATE', 'KG', '0.00162', '2.19672', '278.00000', '610.68816'),
('3bb45346-cd71-4aae-b98f-7dd33e152082', 1, 'a39b182d-63cd-4f90-93ff-ec2b646a8d13', NULL, 'MR-250ML-21-00016', NULL, NULL, 'Product', 'Own Product', 'ddbeb847-9738-424d-b5cd-817ea8c280f2', '250ML-1X27-CARTON', 'Pcs', '1.00000', '2098.00000', '9.50000', '19931.00000'),
('3c65e9f6-dccc-435b-8fee-982482154c5c', 2, '263476fc-75a4-4437-bffb-09f2c2229970', NULL, 'CS-125ML-21-00005', NULL, NULL, 'Product', 'Own Product', '8df7c58f-9091-4a4c-b9d0-1c65fb5992c7', 'CS-125ML-MANGO-PAPER', 'Pcs', NULL, '152472.00000', '3.33330', '508234.91760'),
('3d7d7d1b-daba-412c-bb1f-907584069ba9', 11, 'bde74393-f655-4d58-b232-a63cd8cb8e3d', NULL, 'MR-250ML-21-00014', NULL, NULL, 'Product', 'Ven Product', 'b72b0ce8-c2aa-4d81-ad3e-124b246d3c14', 'TARTRAZINE', 'KG', '0.00010', '0.06150', '2000.00000', '123.00000'),
('3d899133-7eaa-41b9-b281-0ce52342fd8e', 13, 'ce96a752-38ce-4eab-9750-a6c7f61bb5dd', NULL, 'MR-200ML-21-00004', NULL, NULL, 'Product', 'Ven Product', 'ba1b0ca7-9cfd-4d61-a5a0-b95949117feb', '200ML-STRAW', 'Pcs', '24.00000', '12370.00000', '0.27000', '3339.90000'),
('3e5b3572-9ab3-4a19-b83b-7552ffd7331b', 1, 'd697d98b-c00d-40e1-8ea7-985b9f113f42', NULL, 'MR-250ML-21-00020', NULL, NULL, 'Service', 'Filling', '0', 'Gate Pas # 7643 & 7668', 'Tray', NULL, '1057.00000', '35.00000', '36995.00000'),
('402307a0-a036-479b-bc53-ca622b551f8e', 15, '1506f4da-9ab2-4798-b99e-6c35b862f405', NULL, 'MR-250ML-21-00006', NULL, NULL, 'Product', 'Ven Product', '0a3e66f2-8e5d-40ea-914e-8348636144bc', 'HOTMELT', 'KG', NULL, '6.82730', '1265.00000', '8636.53450'),
('4072be69-954c-4540-8f7b-8253cdd2033d', 2, '2129769c-9134-4a15-b00d-0d814ab56144', NULL, 'MR-250ML-21-00021', NULL, NULL, 'Product', 'Ven Product', '9a8eaeb7-7884-41b5-979b-390233831321', 'SUGAR', 'KG', '0.84600', '1470.00000', '103.00000', '151410.00000'),
('40f25d1b-7e4e-457e-9b87-2d14b7a339f6', 7, '2129769c-9134-4a15-b00d-0d814ab56144', NULL, 'MR-250ML-21-00021', NULL, NULL, 'Product', 'Ven Product', 'e36069a5-b88c-44f9-9856-f465e104a25d', 'SWEETENER', 'KG', '0.00110', '1.88000', '1008.00000', '1895.04000'),
('413b85c4-3a5f-4956-bb79-95d7bfd86384', 4, '03a75fae-d2a0-4995-9a12-53fdcdedfe11', NULL, 'MR-250ML-21-00019', NULL, NULL, 'Product', 'Ven Product', '94feec8d-cdd7-4f0a-94ee-735836a021f0', 'SODIUM BENZOATE', 'KG', '0.00180', '3.51180', '278.00000', '976.28040'),
('421f1bf7-c5a4-4198-a87c-f70612ea3d98', 2, '313b84be-a2b5-4f97-a5cd-78c5606ee558', NULL, 'MR-250ML-21-00007', NULL, NULL, 'Product', 'Own Product', 'c8d5d6f6-b614-4899-a78b-48fef22699e2', 'MR-250ML-ORANGE MANGO-PAPER', 'Pcs', '36.00000', '43884.00000', '5.07000', '222491.88000'),
('430c935c-0447-4a53-917f-a3ad67340070', 11, '5f68f2a4-de07-4997-9cad-900ade7aceef', NULL, 'MR-200ML-21-00004', NULL, NULL, 'Product', 'Ven Product', '72b56809-0b30-4519-9614-ec21013f5229', 'MANGO PULP', 'KG', '0.28800', '126.85000', '75.00000', '9513.75000'),
('437be9aa-fd2c-494f-ab26-bca42f65b98a', 12, '8891e3bb-b9cd-4c4e-94db-346c5be8e458', NULL, 'MR-250ML-21-00006', NULL, NULL, 'Product', 'Ven Product', 'd58748ab-557f-473b-8208-4eb55be72890', 'MANGO FLAVOR 463S', 'KG', '0.00630', '14.94000', '1630.00000', '24352.20000'),
('43e91bc6-93ef-4093-9ce7-38e0c6203c4d', 10, 'df5c27c6-84ed-4ddf-91a9-abf74535ddd3', NULL, 'CS-125ML-21-00001', NULL, NULL, 'Product', 'Ven Product', '72b56809-0b30-4519-9614-ec21013f5229', 'MANGO PULP', 'KG', NULL, '710.00000', '75.00000', '53250.00000'),
('44f5daa8-9450-45d2-a0ea-0b0a7e261630', 2, 'ac1d3912-b392-4748-bb8d-e37c3646c559', NULL, 'MR-250ML-21-00017', NULL, NULL, 'Product', 'Own Product', 'cb5a1a7d-9dc6-49b7-9711-c007985762a5', '250ML-1X36-CARTON', 'Pcs', '1.00000', '1356.00000', '24.50000', '33222.00000'),
('4547ba19-8f51-4861-8feb-439c01138a4b', 18, 'fd698e3e-bfbc-4823-b502-10978440c3e0', NULL, 'MR-250ML-21-00007', NULL, NULL, 'Product', 'Ven Product', '9d59003f-8e13-4ed7-9220-191effc4dd41', 'STRETCH FILM ROLL', 'KG', NULL, '300.00000', '3.50000', '7526.10600'),
('45906e23-3727-4377-8754-6a99a13c0ef8', 11, '8891e3bb-b9cd-4c4e-94db-346c5be8e458', NULL, 'MR-250ML-21-00006', NULL, NULL, 'Product', 'Ven Product', 'b72b0ce8-c2aa-4d81-ad3e-124b246d3c14', 'TARTRAZINE', 'KG', '0.00010', '0.14900', '2000.00000', '298.00000'),
('45990591-cbfe-4149-8c8a-b833dd52f525', 2, '23a5f014-9f10-499f-ad92-a8844aa67c01', NULL, 'MR-250ML-21-00015', NULL, NULL, 'Product', 'Own Product', 'ddbeb847-9738-424d-b5cd-817ea8c280f2', '250ML-1X27-CARTON', 'Pcs', '1.00000', '2789.00000', '9.50000', '26495.50000'),
('45c01ed6-ee2b-437d-9948-176e82b16c08', 10, '7112242d-8177-4e99-9b84-9259fc54fa9f', NULL, 'MR-200ML-21-00004', NULL, NULL, 'Product', 'Ven Product', 'b72b0ce8-c2aa-4d81-ad3e-124b246d3c14', 'TARTRAZINE', 'KG', '0.00034', '0.17000', '2000.00000', '340.00000'),
('4614d0c3-870e-4df2-968f-5d6703123adc', 8, '1506f4da-9ab2-4798-b99e-6c35b862f405', NULL, 'MR-250ML-21-00006', NULL, NULL, 'Product', 'Ven Product', '9e55e4ee-ed2d-41bd-974f-bf2e1378d78f', 'CMC (CHINA)', 'KG', NULL, '19.11600', '651.00000', '12444.51600'),
('48ca89a6-7991-4ac1-8969-670c4ecbf583', 8, 'df5c27c6-84ed-4ddf-91a9-abf74535ddd3', NULL, 'CS-125ML-21-00001', NULL, NULL, 'Product', 'Ven Product', 'eea5716d-010e-4d9a-90b6-1a3503f1ce25', 'XANTHAN GUM', 'KG', NULL, '5.00000', '630.00000', '3150.00000'),
('48fc0c0d-41f8-41b5-9483-fefface45046', 1, 'dabc1a8d-47e5-4627-89c9-4a6b4ceca35c', NULL, 'CS-125ML-21-00002', NULL, NULL, 'Service', 'Filling', '0', 'Gate Pass # 7403', NULL, NULL, '6303.00000', '35.00000', '220605.00000'),
('4916390e-18a0-4490-8f0c-bccc9189efd7', 2, '8891e3bb-b9cd-4c4e-94db-346c5be8e458', NULL, 'MR-250ML-21-00006', NULL, NULL, 'Product', 'Own Product', 'a762acbf-7c99-4239-a236-2fb14836dc03', 'MR-250ML-MANGO-PAPER', 'Pcs', '36.00000', '86328.00000', '5.07000', '437682.96000'),
('4abf3bfb-5177-48b8-af05-9b50d3a5f812', 3, '17ae33e5-edbf-473a-9722-3f3ff12665b4', NULL, 'MR-200ML-21-00011', NULL, NULL, 'Product', 'Ven Product', '94feec8d-cdd7-4f0a-94ee-735836a021f0', 'SODIUM BENZOATE', 'KG', '0.00096', '1.04000', '278.00000', '289.12000'),
('4b1494f8-41ec-4754-bace-004365860683', 2, '5f32dc5b-a044-45a8-94e3-0013886d2bcc', NULL, 'MR-250ML-21-00013', NULL, NULL, 'Product', 'Ven Product', '18ec96b0-93c3-4d4b-9a14-7d637d33636e', 'CITRIC ACID', 'KG', '0.02700', '77.40900', '250.00000', '19352.25000'),
('4b36b12e-d2e9-4b18-84c6-f64cc101b9be', 1, '0a74fd7d-04f3-4887-a593-24f8453b7db9', NULL, 'MR-250ML-21-00018', NULL, NULL, 'Service', 'Filling', '0', 'Gate pass # 7577', 'Tray', NULL, '1125.00000', '35.00000', '39375.00000'),
('4b36ec7a-e52f-4733-abb1-fb1c3c011fca', 1, '23a5f014-9f10-499f-ad92-a8844aa67c01', NULL, 'MR-250ML-21-00015', NULL, NULL, 'Service', 'Filling', '0', 'Gate Pass # 7281 & 7289', 'Tray', NULL, '2789.00000', '47.00000', '131083.00000'),
('4b8351d7-c802-4a10-a553-a22c4c217549', 1, 'fd698e3e-bfbc-4823-b502-10978440c3e0', NULL, 'MR-250ML-21-00007', NULL, NULL, 'Service', 'Filling', '0', 'Gate Pass # 7366', '1', NULL, '1219.00000', '47.00000', '57293.00000'),
('4e1f3fce-decb-4df2-9f4e-fb16d76d567b', 1, 'c4e8b8ff-47a1-49f6-957e-3e99a1008f80', NULL, 'CS-125ML-21-00010', NULL, NULL, 'Product', 'Ven Product', '9a8eaeb7-7884-41b5-979b-390233831321', 'SUGAR', 'KG', '0.14400', '250.00000', '103.00000', '25750.00000'),
('4e522799-807e-40e6-8b84-39948515e076', 4, '80ff0b1c-4da4-4113-8de6-684d9b1e1c9c', NULL, 'MR-250ML-21-00008', NULL, NULL, 'Product', 'Ven Product', '94feec8d-cdd7-4f0a-94ee-735836a021f0', 'SODIUM BENZOATE', 'KG', '0.00180', '3.00000', '295.00000', '885.00000'),
('4fc77af4-1b39-4854-ab1b-b31e3772a4c8', 2, 'd697d98b-c00d-40e1-8ea7-985b9f113f42', NULL, 'MR-250ML-21-00020', NULL, NULL, 'Product', 'Own Product', 'ddbeb847-9738-424d-b5cd-817ea8c280f2', '250ML-1X27-CARTON', 'Pcs', '1.00000', '1057.00000', '9.50000', '10041.50000'),
('504524d6-4d21-450c-b38e-9f66b819e807', 3, 'a39b182d-63cd-4f90-93ff-ec2b646a8d13', NULL, 'MR-250ML-21-00016', NULL, NULL, 'Product', 'Ven Product', '94feec8d-cdd7-4f0a-94ee-735836a021f0', 'SODIUM BENZOATE', 'KG', '0.00122', '2.70000', '278.00000', '750.60000'),
('506b26ba-fe2b-4e9a-95f2-a6040e364556', 1, 'df5c27c6-84ed-4ddf-91a9-abf74535ddd3', NULL, 'CS-125ML-21-00001', NULL, NULL, 'Product', 'Own Product', 'a3157a27-0e5c-41c1-a5c8-61b78fcacf62', '125ML-1X24-CARTON', 'Pcs', NULL, '7082.00000', '5.95000', '42137.90000'),
('5123b87d-8e2d-495a-99aa-9b84c69ae229', 1, '17ae33e5-edbf-473a-9722-3f3ff12665b4', NULL, 'MR-200ML-21-00011', NULL, NULL, 'Service', 'Filling', '0', 'Gate Pass # 7269', 'Tray', NULL, '1020.00000', '35.00000', '35700.00000'),
('514cacae-1884-4d85-8db0-4c7226ebfae0', 1, '3f331745-466d-4eee-b5a7-2b8c9e0676b7', NULL, 'MR-250ML-21-00009', NULL, NULL, 'Product', 'Ven Product', '72b56809-0b30-4519-9614-ec21013f5229', 'MANGO PULP', 'KG', '0.54000', '2100.00000', '75.00000', '157500.00000'),
('52dcbf6e-6350-466b-bd74-a1861e207b88', 12, '5f68f2a4-de07-4997-9cad-900ade7aceef', NULL, 'MR-200ML-21-00004', NULL, NULL, 'Product', 'Ven Product', 'd58748ab-557f-473b-8208-4eb55be72890', 'MANGO FLAVOR 463S', 'KG', '0.00360', '2.86000', '1630.00000', '4661.80000'),
('53d18037-3844-439f-9955-22b843307742', 6, '263476fc-75a4-4437-bffb-09f2c2229970', NULL, 'CS-125ML-21-00005', NULL, NULL, 'Product', 'Ven Product', 'e36069a5-b88c-44f9-9856-f465e104a25d', 'SWEETENER', 'KG', NULL, '8.00000', '982.00000', '7856.00000'),
('54489319-8ac6-40f0-a01b-ac352c5c95e0', 7, 'd697d98b-c00d-40e1-8ea7-985b9f113f42', NULL, 'MR-250ML-21-00020', NULL, NULL, 'Product', 'Ven Product', 'e36069a5-b88c-44f9-9856-f465e104a25d', 'SWEETENER', 'KG', '0.00101', '1.12000', '1008.00000', '1128.96000'),
('54640686-6d5b-4fb8-a7d0-10a119769c39', 3, '263476fc-75a4-4437-bffb-09f2c2229970', NULL, 'CS-125ML-21-00005', NULL, NULL, 'Product', 'Ven Product', '94feec8d-cdd7-4f0a-94ee-735836a021f0', 'SODIUM BENZOATE', 'KG', NULL, '3.20000', '295.00000', '944.00000'),
('546b2850-7039-422d-94f9-7038b710abce', 9, '17ae33e5-edbf-473a-9722-3f3ff12665b4', NULL, 'MR-200ML-21-00011', NULL, NULL, 'Product', 'Ven Product', 'ca5318cc-d430-4336-9271-496edbcec9c1', 'SUNSET YELLOW COLOR', 'KG', '0.00043', '0.05000', '2000.00000', '100.00000'),
('54da0ad5-83a4-4579-a83e-206243d25cf8', 14, '17ae33e5-edbf-473a-9722-3f3ff12665b4', NULL, 'MR-200ML-21-00011', NULL, NULL, 'Product', 'Ven Product', 'd00f5a79-854e-433c-879f-b033783e25d3', 'POLYBAG', 'KG', '0.01200', '12.30000', '345.00000', '4243.50000'),
('554a8743-1d7b-4b03-8109-084fd0ec5897', 1, '5f68f2a4-de07-4997-9cad-900ade7aceef', NULL, 'MR-200ML-21-00004', NULL, NULL, 'Product', 'Ven Product', '9a8eaeb7-7884-41b5-979b-390233831321', 'SUGAR', 'KG', '0.44160', '202.30000', '95.00000', '19218.50000'),
('567ef231-0c10-49ac-9cb7-9be1ba859a06', 1, 'd697d98b-c00d-40e1-8ea7-985b9f113f42', NULL, 'MR-250ML-21-00020', NULL, NULL, 'Product', 'Ven Product', '72b56809-0b30-4519-9614-ec21013f5229', 'MANGO PULP', 'KG', '0.34425', '329.50000', '75.00000', '24712.50000'),
('56f7f4f8-4944-4533-b7dd-054241686ce5', 4, '1506f4da-9ab2-4798-b99e-6c35b862f405', NULL, 'MR-250ML-21-00006', NULL, NULL, 'Product', 'Ven Product', '94feec8d-cdd7-4f0a-94ee-735836a021f0', 'SODIUM BENZOATE', 'KG', NULL, '2.73090', '295.00000', '805.61550'),
('5764bbab-c7c2-4ec8-b365-3c67b89cfb1c', 6, 'ac1d3912-b392-4748-bb8d-e37c3646c559', NULL, 'MR-250ML-21-00017', NULL, NULL, 'Product', 'Ven Product', '9e55e4ee-ed2d-41bd-974f-bf2e1378d78f', 'CMC (CHINA)', 'KG', '0.01080', '14.64480', '683.00000', '10002.39840'),
('5793cb93-e1dd-4197-9470-77965e41d979', 2, 'c30a1527-9139-4a58-b70f-a952c5de95b7', NULL, 'CS-125ML-21-00003', NULL, NULL, 'Product', 'Ven Product', '18ec96b0-93c3-4d4b-9a14-7d637d33636e', 'CITRIC ACID', 'KG', '0.00960', '37.92960', '200.00000', '7585.92000'),
('5be10bd6-c032-4988-8813-9c2e69e96650', 1, 'ac1d3912-b392-4748-bb8d-e37c3646c559', NULL, 'MR-250ML-21-00017', NULL, NULL, 'Product', 'Ven Product', '9a8eaeb7-7884-41b5-979b-390233831321', 'SUGAR', 'KG', '0.86400', '1171.58400', '103.00000', '120673.15200'),
('5c0521f9-2969-4867-a1aa-5654ab6e3e43', 13, 'ac1d3912-b392-4748-bb8d-e37c3646c559', NULL, 'MR-250ML-21-00017', NULL, NULL, 'Product', 'Ven Product', '3ca12da4-93a5-4bb0-8120-98f696e1f758', 'TAPE SOLUTION', 'Pcs', '1.32800', '2034.00000', '1.80000', '3661.20000'),
('5c175e03-0c31-4a07-8573-1806bdb03d21', 12, 'd697d98b-c00d-40e1-8ea7-985b9f113f42', NULL, 'MR-250ML-21-00020', NULL, NULL, 'Product', 'Ven Product', 'd58748ab-557f-473b-8208-4eb55be72890', 'MANGO FLAVOR 463S', 'KG', '0.00506', '5.59000', '1630.00000', '9111.70000'),
('5d0bf3e9-a45c-4a87-ab78-ad2eaaa314b7', 7, '17ae33e5-edbf-473a-9722-3f3ff12665b4', NULL, 'MR-200ML-21-00011', NULL, NULL, 'Product', 'Ven Product', '9e55e4ee-ed2d-41bd-974f-bf2e1378d78f', 'CMC (CHINA)', 'KG', '0.00672', '7.22000', '683.00000', '4931.26000'),
('5e05c198-c2f6-4603-aef1-be7f926b0beb', 12, 'fd698e3e-bfbc-4823-b502-10978440c3e0', NULL, 'MR-250ML-21-00007', NULL, NULL, 'Product', 'Ven Product', 'd58748ab-557f-473b-8208-4eb55be72890', 'MANGO FLAVOR 463S', 'KG', NULL, '6.00000', '1630.00000', '10729.63800'),
('5e188a2b-0266-4ccf-af62-ce6a94262973', 11, '80ff0b1c-4da4-4113-8de6-684d9b1e1c9c', NULL, 'MR-250ML-21-00008', NULL, NULL, 'Product', 'Ven Product', '316f24b0-ddda-4ccc-bab7-9e40f4ed1d86', 'ORANGE CONCENTRATE', 'KG', '0.01800', '30.00000', '430.00000', '12900.00000'),
('5e1bfa75-c97d-49db-b590-decbc74dd15d', 10, '3f331745-466d-4eee-b5a7-2b8c9e0676b7', NULL, 'MR-250ML-21-00009', NULL, NULL, 'Product', 'Ven Product', 'ca5318cc-d430-4336-9271-496edbcec9c1', 'SUNSET YELLOW COLOR', 'KG', '0.00010', '0.32000', '2000.00000', '640.00000'),
('5ea170da-7ab2-4d4f-b0b4-ff995e69612a', 8, '23a5f014-9f10-499f-ad92-a8844aa67c01', NULL, 'MR-250ML-21-00015', NULL, NULL, 'Product', 'Ven Product', '9e55e4ee-ed2d-41bd-974f-bf2e1378d78f', 'CMC (CHINA)', 'KG', '0.00945', '27.29000', '683.00000', '18639.07000'),
('60101695-ad47-41bc-a9d7-5043c5f997a2', 11, 'd697d98b-c00d-40e1-8ea7-985b9f113f42', NULL, 'MR-250ML-21-00020', NULL, NULL, 'Product', 'Ven Product', 'b72b0ce8-c2aa-4d81-ad3e-124b246d3c14', 'TARTRAZINE', 'KG', '0.00005', '0.06000', '2000.00000', '120.00000'),
('6069b81b-d166-4e68-a4c0-3eba1e4f7e4c', 9, '8891e3bb-b9cd-4c4e-94db-346c5be8e458', NULL, 'MR-250ML-21-00006', NULL, NULL, 'Product', 'Ven Product', 'eea5716d-010e-4d9a-90b6-1a3503f1ce25', 'XANTHAN GUM', 'KG', '0.00270', '6.40360', '630.00000', '4034.26800'),
('61d22ca6-b6a3-468b-a826-b487a68c5b71', 9, '7112242d-8177-4e99-9b84-9259fc54fa9f', NULL, 'MR-200ML-21-00004', NULL, NULL, 'Product', 'Ven Product', 'ca5318cc-d430-4336-9271-496edbcec9c1', 'SUNSET YELLOW COLOR', 'KG', '0.00043', '0.22000', '2000.00000', '440.00000'),
('6261d326-f202-4e8c-bcc3-94020df82ea0', 3, 'c4e8b8ff-47a1-49f6-957e-3e99a1008f80', NULL, 'CS-125ML-21-00010', NULL, NULL, 'Product', 'Ven Product', '94feec8d-cdd7-4f0a-94ee-735836a021f0', 'SODIUM BENZOATE', 'KG', '0.00048', '0.80000', '278.00000', '222.40000'),
('62ce4b5c-c86f-4402-93d4-7096a37f9d87', 3, 'd697d98b-c00d-40e1-8ea7-985b9f113f42', NULL, 'MR-250ML-21-00020', NULL, NULL, 'Product', 'Ven Product', '18ec96b0-93c3-4d4b-9a14-7d637d33636e', 'CITRIC ACID', 'KG', '0.01013', '16.17000', '250.00000', '4042.50000'),
('62ec46e7-1695-4add-89e7-c7c53c1c7ea8', 1, '2129769c-9134-4a15-b00d-0d814ab56144', NULL, 'MR-250ML-21-00021', NULL, NULL, 'Product', 'Own Product', 'cb5a1a7d-9dc6-49b7-9711-c007985762a5', '250ML-1X36-CARTON', 'Pcs', '1.00000', '1718.00000', '24.50000', '42091.00000'),
('635f258a-0619-4fa9-889b-0c2da2b2145a', 18, '313b84be-a2b5-4f97-a5cd-78c5606ee558', NULL, 'MR-250ML-21-00007', NULL, NULL, 'Product', 'Ven Product', '9d59003f-8e13-4ed7-9220-191effc4dd41', 'STRETCH FILM ROLL', 'KG', '1.76400', '300.00000', '3.50000', '1050.00000'),
('64359ccc-7124-4d93-9aa5-d85228bbea99', 9, '5f68f2a4-de07-4997-9cad-900ade7aceef', NULL, 'MR-200ML-21-00004', NULL, NULL, 'Product', 'Ven Product', 'ca5318cc-d430-4336-9271-496edbcec9c1', 'SUNSET YELLOW COLOR', 'KG', '0.00043', '0.02000', '2000.00000', '40.00000'),
('65623097-387a-4f9e-b4bd-dbbc2fa3bbdd', 14, 'c4e8b8ff-47a1-49f6-957e-3e99a1008f80', NULL, 'CS-125ML-21-00010', NULL, NULL, 'Product', 'Ven Product', 'd00f5a79-854e-433c-879f-b033783e25d3', 'POLYBAG', 'KG', '0.01000', '15.50000', '331.00000', '5130.50000'),
('65d153d7-735f-458a-bd38-3cb6ee9e1802', 1, 'a39b182d-63cd-4f90-93ff-ec2b646a8d13', NULL, 'MR-250ML-21-00016', NULL, NULL, 'Product', 'Ven Product', '9a8eaeb7-7884-41b5-979b-390233831321', 'SUGAR', 'KG', '0.64800', '1470.00000', '103.00000', '151410.00000'),
('66cee5c7-834b-4aea-8436-beafeeb56543', 8, '0a74fd7d-04f3-4887-a593-24f8453b7db9', NULL, 'MR-250ML-21-00018', NULL, NULL, 'Product', 'Ven Product', 'aae77964-0163-4e37-b75e-1410512bc52b', 'GREEN APPLE FLAVOR', 'KG', '0.00338', '3.90000', '1300.00000', '5070.00000'),
('675c4c7a-3ed1-42e9-aab6-75e34478d67d', 12, 'dabc1a8d-47e5-4627-89c9-4a6b4ceca35c', NULL, 'CS-125ML-21-00002', NULL, NULL, 'Product', 'Ven Product', '9d59003f-8e13-4ed7-9220-191effc4dd41', 'STRETCH FILM ROLL', 'KG', NULL, '300.00000', '3.50000', '1050.00000'),
('683b5068-4ec7-4641-ad8e-51fcc191b05d', 2, '263476fc-75a4-4437-bffb-09f2c2229970', NULL, 'CS-125ML-21-00005', NULL, NULL, 'Product', 'Ven Product', '18ec96b0-93c3-4d4b-9a14-7d637d33636e', 'CITRIC ACID', 'KG', NULL, '32.00000', '200.00000', '6400.00000'),
('68473e03-c38e-497d-8290-67a3eea87af8', 13, 'fd698e3e-bfbc-4823-b502-10978440c3e0', NULL, 'MR-250ML-21-00007', NULL, NULL, 'Product', 'Ven Product', '74028493-c436-4e77-a7fd-b27e5eae7cda', 'ORANGE FLAVOR', 'KG', NULL, '2.00000', '1502.00000', '3295.68840'),
('684ad683-13e3-49b0-b5e8-a7703bc953e2', 12, '2129769c-9134-4a15-b00d-0d814ab56144', NULL, 'MR-250ML-21-00021', NULL, NULL, 'Product', 'Ven Product', 'd58748ab-557f-473b-8208-4eb55be72890', 'MANGO FLAVOR 463S', 'KG', '0.00540', '9.00000', '1630.00000', '14670.00000'),
('694176d7-02a6-498a-8c11-b9cf0b2962ea', 1, 'fd698e3e-bfbc-4823-b502-10978440c3e0', NULL, 'MR-250ML-21-00007', NULL, NULL, 'Product', 'Own Product', 'cb5a1a7d-9dc6-49b7-9711-c007985762a5', '250ML-1X36-CARTON', 'Pcs', NULL, '1219.00000', '24.50000', '29865.50000'),
('696e06ed-4c25-4f5e-abd7-511c3d9ae47c', 14, '80ff0b1c-4da4-4113-8de6-684d9b1e1c9c', NULL, 'MR-250ML-21-00008', NULL, NULL, 'Product', 'Ven Product', 'faf7282c-ef82-4f8c-bf4d-baf8f88b8d27', '250ML-STRAW', 'Pcs', '36.00000', '66500.00000', '0.30000', '19950.00000'),
('69a6f9f0-c086-4437-8b01-29eed6dfc5c9', 10, '8891e3bb-b9cd-4c4e-94db-346c5be8e458', NULL, 'MR-250ML-21-00006', NULL, NULL, 'Product', 'Ven Product', 'ca5318cc-d430-4336-9271-496edbcec9c1', 'SUNSET YELLOW COLOR', 'KG', '0.00010', '0.19200', '2000.00000', '384.00000'),
('69b23be8-2a13-42ad-b66c-bd169c70f4a4', 5, 'dabc1a8d-47e5-4627-89c9-4a6b4ceca35c', NULL, 'CS-125ML-21-00002', NULL, NULL, 'Product', 'Ven Product', 'e36069a5-b88c-44f9-9856-f465e104a25d', 'SWEETENER', 'KG', NULL, '8.00000', '982.00000', '7856.00000'),
('6af0c089-718a-49ef-8f56-ca20de6c2cc3', 6, 'c30a1527-9139-4a58-b70f-a952c5de95b7', NULL, 'CS-125ML-21-00003', NULL, NULL, 'Product', 'Ven Product', '9e55e4ee-ed2d-41bd-974f-bf2e1378d78f', 'CMC (CHINA)', 'KG', '0.00300', '11.85300', '651.00000', '7716.30300'),
('6b254d17-ea6a-4fe7-b8b8-f84bb36a120b', 6, '80ff0b1c-4da4-4113-8de6-684d9b1e1c9c', NULL, 'MR-250ML-21-00008', NULL, NULL, 'Product', 'Ven Product', '6b0ddec9-6fa7-43cb-9112-7a1e4f622fe9', 'ASCORBIC ACID', 'KG', '0.00090', '1.50000', '1500.00000', '2250.00000'),
('6b7cf5de-71c9-4270-8648-60b42669b959', 11, '313b84be-a2b5-4f97-a5cd-78c5606ee558', NULL, 'MR-250ML-21-00007', NULL, NULL, 'Product', 'Ven Product', '316f24b0-ddda-4ccc-bab7-9e40f4ed1d86', 'ORANGE CONCENTRATE', 'KG', '0.01800', '20.00000', '430.00000', '8600.00000'),
('6bdb31a6-ceb5-40b8-a1c1-fb88c7b4c70a', 11, '1506f4da-9ab2-4798-b99e-6c35b862f405', NULL, 'MR-250ML-21-00006', NULL, NULL, 'Product', 'Ven Product', 'b72b0ce8-c2aa-4d81-ad3e-124b246d3c14', 'TARTRAZINE', 'KG', NULL, '0.09558', '2000.00000', '191.16000'),
('6d1c8186-9460-41a4-94b4-016d53ef1747', 7, '8891e3bb-b9cd-4c4e-94db-346c5be8e458', NULL, 'MR-250ML-21-00006', NULL, NULL, 'Product', 'Ven Product', 'e36069a5-b88c-44f9-9856-f465e104a25d', 'SWEETENER', 'KG', '0.00130', '2.99000', '982.00000', '2936.18000'),
('6d404d63-0e9c-4bfc-ac49-d432432f9349', 14, '03a75fae-d2a0-4995-9a12-53fdcdedfe11', NULL, 'MR-250ML-21-00019', NULL, NULL, 'Product', 'Ven Product', 'd00f5a79-854e-433c-879f-b033783e25d3', 'POLYBAG', 'KG', '0.02800', '70.80000', '363.00000', '25700.40000'),
('6da6ba0b-fd72-4cca-8abc-636c67455949', 3, 'bde74393-f655-4d58-b232-a63cd8cb8e3d', NULL, 'MR-250ML-21-00014', NULL, NULL, 'Product', 'Ven Product', '18ec96b0-93c3-4d4b-9a14-7d637d33636e', 'CITRIC ACID', 'KG', '0.01350', '8.30250', '250.00000', '2075.62500'),
('6e13bca4-a989-4213-a504-e9c4b4ec5573', 3, '935505c7-4577-4e19-8eed-f8a754890203', NULL, 'CS-125ML-21-00012', NULL, NULL, 'Product', 'Ven Product', '94feec8d-cdd7-4f0a-94ee-735836a021f0', 'SODIUM BENZOATE', 'KG', '0.00048', '0.60480', '278.00000', '168.13440'),
('6e2bea39-56e4-4564-b85f-d7bd6f5f23a1', 4, '8891e3bb-b9cd-4c4e-94db-346c5be8e458', NULL, 'MR-250ML-21-00006', NULL, NULL, 'Product', 'Ven Product', '94feec8d-cdd7-4f0a-94ee-735836a021f0', 'SODIUM BENZOATE', 'KG', '0.00180', '4.27000', '295.00000', '1259.65000'),
('6f971caf-0a58-4643-92c5-f73964c3b9f9', 5, '2129769c-9134-4a15-b00d-0d814ab56144', NULL, 'MR-250ML-21-00021', NULL, NULL, 'Product', 'Ven Product', '75b3f18e-55a5-459d-b839-77d37d3145e1', 'SODIUM CITRATE', 'KG', '0.00090', '1.50000', '200.00000', '300.00000'),
('71581759-9012-4c72-8121-0622a575d6ae', 4, 'c4e8b8ff-47a1-49f6-957e-3e99a1008f80', NULL, 'CS-125ML-21-00010', NULL, NULL, 'Product', 'Ven Product', '75b3f18e-55a5-459d-b839-77d37d3145e1', 'SODIUM CITRATE', 'KG', '0.00018', '0.30000', '200.00000', '60.00000'),
('71bc5202-87a2-4248-b96f-884e8d832f1e', 15, 'd697d98b-c00d-40e1-8ea7-985b9f113f42', NULL, 'MR-250ML-21-00020', NULL, NULL, 'Product', 'Ven Product', '9d59003f-8e13-4ed7-9220-191effc4dd41', 'STRETCH FILM ROLL', 'KG', '0.28600', '25.00000', '4.50000', '112.50000'),
('71e62f4d-54b2-449a-89fb-9279e2a97305', 1, 'ac1d3912-b392-4748-bb8d-e37c3646c559', NULL, 'MR-250ML-21-00017', NULL, NULL, 'Product', 'Own Product', 'ff37340f-a17f-4c24-9ccd-9d26c11f0232', 'MR-250ML-APPLE-PAPER', 'Pcs', '36.00000', '48816.00000', '5.74000', '280203.84000'),
('71ee3794-809d-4523-a5d2-c25c55b4bc0e', 1, '263476fc-75a4-4437-bffb-09f2c2229970', NULL, 'CS-125ML-21-00005', NULL, NULL, 'Product', 'Own Product', 'a3157a27-0e5c-41c1-a5c8-61b78fcacf62', '125ML-1X24-CARTON', 'Pcs', NULL, '6353.00000', '6.50000', '41294.50000'),
('73610ca2-1087-4df5-b8d7-cc96efc18776', 9, '23a5f014-9f10-499f-ad92-a8844aa67c01', NULL, 'MR-250ML-21-00015', NULL, NULL, 'Product', 'Ven Product', 'eea5716d-010e-4d9a-90b6-1a3503f1ce25', 'XANTHAN GUM', 'KG', '0.00270', '5.84000', '630.00000', '3679.20000'),
('737113fd-8487-4056-8c3b-a36b19032ecb', 2, 'df5c27c6-84ed-4ddf-91a9-abf74535ddd3', NULL, 'CS-125ML-21-00001', NULL, NULL, 'Product', 'Own Product', '8df7c58f-9091-4a4c-b9d0-1c65fb5992c7', 'CS-125ML-MANGO-PAPER', 'Pcs', NULL, '169968.00000', '3.33333', '566559.43344'),
('73927b5a-435f-4af7-afad-952f46c91a43', 1, '5f32dc5b-a044-45a8-94e3-0013886d2bcc', NULL, 'MR-250ML-21-00013', NULL, NULL, 'Product', 'Own Product', 'ff37340f-a17f-4c24-9ccd-9d26c11f0232', 'MR-250ML-APPLE-PAPER', 'Pcs', '36.00000', '103212.00000', '5.74000', '592436.88000'),
('745d12a5-9b73-443d-bb68-0321881e707a', 1, '23a5f014-9f10-499f-ad92-a8844aa67c01', NULL, 'MR-250ML-21-00015', NULL, NULL, 'Product', 'Own Product', 'a762acbf-7c99-4239-a236-2fb14836dc03', 'MR-250ML-MANGO-PAPER', 'Pcs', '27.00000', '75303.00000', '5.07000', '381786.21000');
INSERT INTO `inv_grn_wip_outsource` (`id`, `display`, `grn_id`, `mir_id`, `batch`, `project`, `type`, `category`, `name`, `prod_id`, `description`, `unit`, `pre_qty`, `qty`, `rate`, `amount`) VALUES
('74660cd2-c3ee-42cf-b86b-bb59faa3aee6', 2, '0a74fd7d-04f3-4887-a593-24f8453b7db9', NULL, 'MR-250ML-21-00018', NULL, NULL, 'Product', 'Ven Product', '18ec96b0-93c3-4d4b-9a14-7d637d33636e', 'CITRIC ACID', 'KG', '0.02025', '23.39000', '250.00000', '5847.50000'),
('74806044-69d6-4e60-8145-578e1f8c0971', 8, 'c4e8b8ff-47a1-49f6-957e-3e99a1008f80', NULL, 'CS-125ML-21-00010', NULL, NULL, 'Product', 'Ven Product', 'eea5716d-010e-4d9a-90b6-1a3503f1ce25', 'XANTHAN GUM', 'KG', '0.00060', '1.00000', '630.00000', '630.00000'),
('74ec4039-14cb-4152-83ca-61213a24bf45', 1, '935505c7-4577-4e19-8eed-f8a754890203', NULL, 'CS-125ML-21-00012', NULL, NULL, 'Product', 'Ven Product', '9a8eaeb7-7884-41b5-979b-390233831321', 'SUGAR', 'KG', '0.14400', '181.44000', '103.00000', '18688.32000'),
('75243935-f31c-4688-9c4d-b39356f85cfb', 9, '03a75fae-d2a0-4995-9a12-53fdcdedfe11', NULL, 'MR-250ML-21-00019', NULL, NULL, 'Product', 'Ven Product', 'eea5716d-010e-4d9a-90b6-1a3503f1ce25', 'XANTHAN GUM', 'KG', '0.00360', '7.02360', '630.00000', '4424.86800'),
('758c465b-64ce-471c-8a07-4ac2faa49bdf', 16, '1506f4da-9ab2-4798-b99e-6c35b862f405', NULL, 'MR-250ML-21-00006', NULL, NULL, 'Product', 'Ven Product', '3ca12da4-93a5-4bb0-8120-98f696e1f758', 'TAPE SOLUTION', 'Pcs', NULL, '1547.26000', '1.45000', '2243.52700'),
('75d6015b-1d9a-4570-b7bb-881941a21eeb', 2, '03a75fae-d2a0-4995-9a12-53fdcdedfe11', NULL, 'MR-250ML-21-00019', NULL, NULL, 'Product', 'Ven Product', '9a8eaeb7-7884-41b5-979b-390233831321', 'SUGAR', 'KG', '0.86400', '1685.66400', '103.00000', '173623.39200'),
('76041e13-94fe-45f0-af43-a788a1c9a34d', 4, 'dabc1a8d-47e5-4627-89c9-4a6b4ceca35c', NULL, 'CS-125ML-21-00002', NULL, NULL, 'Product', 'Ven Product', '75b3f18e-55a5-459d-b839-77d37d3145e1', 'SODIUM CITRATE', 'KG', NULL, '1.20000', '200.00000', '240.00000'),
('775f47d1-39a6-47e5-822b-bf2a932aa88b', 4, 'c30a1527-9139-4a58-b70f-a952c5de95b7', NULL, 'CS-125ML-21-00003', NULL, NULL, 'Product', 'Ven Product', '75b3f18e-55a5-459d-b839-77d37d3145e1', 'SODIUM CITRATE', 'KG', '0.00018', '0.71118', '200.00000', '142.23600'),
('7764dd3c-52d1-4393-a798-09aa63c10c91', 5, 'df5c27c6-84ed-4ddf-91a9-abf74535ddd3', NULL, 'CS-125ML-21-00001', NULL, NULL, 'Product', 'Ven Product', '6b0ddec9-6fa7-43cb-9112-7a1e4f622fe9', 'ASCORBIC ACID', 'KG', NULL, '1.00000', '1500.00000', '1500.00000'),
('77e840a1-4408-4a6b-ad3f-17d3d93cdd71', 2, 'df5c27c6-84ed-4ddf-91a9-abf74535ddd3', NULL, 'CS-125ML-21-00001', NULL, NULL, 'Product', 'Ven Product', '18ec96b0-93c3-4d4b-9a14-7d637d33636e', 'CITRIC ACID', 'KG', NULL, '40.00000', '200.00000', '8000.00000'),
('7826244e-428b-49bc-9432-c9b4b336148a', 2, '3f331745-466d-4eee-b5a7-2b8c9e0676b7', NULL, 'MR-250ML-21-00009', NULL, NULL, 'Product', 'Ven Product', '9a8eaeb7-7884-41b5-979b-390233831321', 'SUGAR', 'KG', '0.82800', '3360.00000', '102.38000', '343996.80000'),
('790f8966-29a5-492a-a102-71ce93f882aa', 17, 'bde74393-f655-4d58-b232-a63cd8cb8e3d', NULL, 'MR-250ML-21-00014', NULL, NULL, 'Product', 'Ven Product', '9d59003f-8e13-4ed7-9220-191effc4dd41', 'STRETCH FILM ROLL', 'KG', '0.29510', '100.00000', '4.50000', '450.00000'),
('79365768-60c0-4a6d-913c-0c58128c38b9', 4, '23a5f014-9f10-499f-ad92-a8844aa67c01', NULL, 'MR-250ML-21-00015', NULL, NULL, 'Product', 'Ven Product', '94feec8d-cdd7-4f0a-94ee-735836a021f0', 'SODIUM BENZOATE', 'KG', '0.00135', '3.75000', '278.00000', '1042.50000'),
('7ab6ae81-51bc-4d10-8e03-cbeb0e703284', 2, 'fd698e3e-bfbc-4823-b502-10978440c3e0', NULL, 'MR-250ML-21-00007', NULL, NULL, 'Product', 'Ven Product', '9a8eaeb7-7884-41b5-979b-390233831321', 'SUGAR', 'KG', NULL, '980.00000', '95.00000', '97971.03000'),
('7af26088-aaf0-40e7-9250-583f87b7ca89', 8, 'bde74393-f655-4d58-b232-a63cd8cb8e3d', NULL, 'MR-250ML-21-00014', NULL, NULL, 'Product', 'Ven Product', '9e55e4ee-ed2d-41bd-974f-bf2e1378d78f', 'CMC (CHINA)', 'KG', '0.01260', '7.74900', '683.00000', '5292.56700'),
('7b0279dd-05e5-4113-b265-01ef9f890471', 13, 'bde74393-f655-4d58-b232-a63cd8cb8e3d', NULL, 'MR-250ML-21-00014', NULL, NULL, 'Product', 'Ven Product', '2aaa995b-d5f6-42d2-a078-228ded1cc5da', '250ML-STRAW', 'Pcs', '36.00000', '22140.00000', '0.30000', '6642.00000'),
('7b925534-41d2-41f4-8a51-3d7d1bf77aa8', 6, '23a5f014-9f10-499f-ad92-a8844aa67c01', NULL, 'MR-250ML-21-00015', NULL, NULL, 'Product', 'Ven Product', '6b0ddec9-6fa7-43cb-9112-7a1e4f622fe9', 'ASCORBIC ACID', 'KG', '0.00041', '0.00000', '1500.00000', '0.00000'),
('7bfb8d52-e538-4e67-ba0c-08316225ff7e', 2, '2129769c-9134-4a15-b00d-0d814ab56144', NULL, 'MR-250ML-21-00021', NULL, NULL, 'Product', 'Own Product', 'c8d5d6f6-b614-4899-a78b-48fef22699e2', 'MR-250ML-ORANGE MANGO-PAPER', 'Pcs', '36.00000', '61848.00000', '5.60281', '346522.59288'),
('7c1f51b4-baec-44bb-b6fa-ecc07176ccc6', 3, '8891e3bb-b9cd-4c4e-94db-346c5be8e458', NULL, 'MR-250ML-21-00006', NULL, NULL, 'Product', 'Ven Product', '18ec96b0-93c3-4d4b-9a14-7d637d33636e', 'CITRIC ACID', 'KG', '0.01350', '36.89700', '200.00000', '7379.40000'),
('7c2c7d3c-afe9-41bd-b19e-f12bdeab873e', 10, 'c30a1527-9139-4a58-b70f-a952c5de95b7', NULL, 'CS-125ML-21-00003', NULL, NULL, 'Product', 'Ven Product', 'f598a2d8-bf18-420d-9b40-80f60d090c8d', '125ML-STRAW', 'Pcs', '24.00000', '94500.00000', '0.27000', '25515.00000'),
('7c34f0cf-307b-40b9-9382-44f55e7aa5d4', 16, '8891e3bb-b9cd-4c4e-94db-346c5be8e458', NULL, 'MR-250ML-21-00006', NULL, NULL, 'Product', 'Ven Product', '3ca12da4-93a5-4bb0-8120-98f696e1f758', 'TAPE SOLUTION', 'Pcs', '1.32800', '2418.74000', '1.45000', '3507.17300'),
('7ca8adcd-882c-4e6b-b6a3-81567b7bb309', 8, 'c30a1527-9139-4a58-b70f-a952c5de95b7', NULL, 'CS-125ML-21-00003', NULL, NULL, 'Product', 'Ven Product', '26ac4b22-28ea-49eb-97fc-18eb3cf10907', 'APPLE CONCENTRATE', 'KG', '0.01500', '62.50000', '380.00000', '23750.00000'),
('7d582b5b-70b0-41aa-9086-ca9e023874b2', 1, 'c30a1527-9139-4a58-b70f-a952c5de95b7', NULL, 'CS-125ML-21-00003', NULL, NULL, 'Product', 'Own Product', 'a3157a27-0e5c-41c1-a5c8-61b78fcacf62', '125ML-1X24-CARTON', 'Pcs', '1.00000', '3951.00000', '5.95000', '23508.45000'),
('7f3f7c08-0b01-44b1-83f7-8c1a29a27fda', 17, '1506f4da-9ab2-4798-b99e-6c35b862f405', NULL, 'MR-250ML-21-00006', NULL, NULL, 'Product', 'Ven Product', '9d59003f-8e13-4ed7-9220-191effc4dd41', 'STRETCH FILM ROLL', 'KG', NULL, '234.08000', '3.50000', '819.28000'),
('80190747-859d-4572-8ff2-c46df6d580c1', 1, '8891e3bb-b9cd-4c4e-94db-346c5be8e458', NULL, 'MR-250ML-21-00006', NULL, NULL, 'Service', 'Filling', '0', 'Gate Pass # 7365', '1', NULL, '2398.00000', '47.00000', '112706.00000'),
('802ff218-0de1-497b-9ce0-2577eb13567e', 13, '3f331745-466d-4eee-b5a7-2b8c9e0676b7', NULL, 'MR-250ML-21-00009', NULL, NULL, 'Product', 'Ven Product', '2aaa995b-d5f6-42d2-a078-228ded1cc5da', '250ML-STRAW', 'Pcs', '36.00000', '128400.00000', '0.30000', '38520.00000'),
('813d83c2-3a60-4970-b5fb-019eb35d7214', 12, '23a5f014-9f10-499f-ad92-a8844aa67c01', NULL, 'MR-250ML-21-00015', NULL, NULL, 'Product', 'Ven Product', 'd58748ab-557f-473b-8208-4eb55be72890', 'MANGO FLAVOR 463S', 'KG', '0.00506', '13.63000', '1750.00000', '23852.50000'),
('818c061e-4299-4694-aade-5ce114e8a42c', 8, 'ce96a752-38ce-4eab-9750-a6c7f61bb5dd', NULL, 'MR-200ML-21-00004', NULL, NULL, 'Product', 'Ven Product', 'eea5716d-010e-4d9a-90b6-1a3503f1ce25', 'XANTHAN GUM', 'KG', '0.00144', '0.72000', '630.00000', '453.60000'),
('829015db-2b80-4391-a804-8ffe1b4194ca', 4, 'ac1d3912-b392-4748-bb8d-e37c3646c559', NULL, 'MR-250ML-21-00017', NULL, NULL, 'Product', 'Ven Product', '75b3f18e-55a5-459d-b839-77d37d3145e1', 'SODIUM CITRATE', 'KG', '0.00090', '1.22040', '200.00000', '244.08000'),
('837c5137-a401-469c-b4d1-af73836cc6ba', 8, '3f331745-466d-4eee-b5a7-2b8c9e0676b7', NULL, 'MR-250ML-21-00009', NULL, NULL, 'Product', 'Ven Product', '9e55e4ee-ed2d-41bd-974f-bf2e1378d78f', 'CMC (CHINA)', 'KG', '0.01260', '49.00000', '651.00000', '31899.00000'),
('839946c6-2293-471e-ab27-2b0c7a379cd8', 7, '1506f4da-9ab2-4798-b99e-6c35b862f405', NULL, 'MR-250ML-21-00006', NULL, NULL, 'Product', 'Ven Product', 'e36069a5-b88c-44f9-9856-f465e104a25d', 'SWEETENER', 'KG', NULL, '1.91165', '982.00000', '1877.24030'),
('83a46a35-0bc3-4d1f-9b9e-64e4a72e8397', 11, '23a5f014-9f10-499f-ad92-a8844aa67c01', NULL, 'MR-250ML-21-00015', NULL, NULL, 'Product', 'Ven Product', 'b72b0ce8-c2aa-4d81-ad3e-124b246d3c14', 'TARTRAZINE', 'KG', '0.00005', '0.11000', '2000.00000', '220.00000'),
('83c13c97-a82d-4f23-88e4-a8a1ed8e1e4b', 1, '03a75fae-d2a0-4995-9a12-53fdcdedfe11', NULL, 'MR-250ML-21-00019', NULL, NULL, 'Service', 'Filling', '0', 'Gate Pas # 7643 & 7668', 'Ctn', NULL, '1951.00000', '47.00000', '91697.00000'),
('84564425-5f7e-4b6d-ba97-068c090ab00a', 1, '1506f4da-9ab2-4798-b99e-6c35b862f405', NULL, 'MR-250ML-21-00006', NULL, NULL, 'Product', 'Ven Product', '72b56809-0b30-4519-9614-ec21013f5229', 'MANGO PULP', 'KG', NULL, '819.27800', '75.00000', '61445.85000'),
('84ca27cf-47a1-491e-9155-0e83a0f8046d', 14, '3f331745-466d-4eee-b5a7-2b8c9e0676b7', NULL, 'MR-250ML-21-00009', NULL, NULL, 'Product', 'Ven Product', 'd00f5a79-854e-433c-879f-b033783e25d3', 'POLYBAG', 'KG', '0.28000', '128.00000', '345.00000', '44160.00000'),
('84f48617-f8fe-4457-998e-dbf04359a522', 1, '263476fc-75a4-4437-bffb-09f2c2229970', NULL, 'CS-125ML-21-00005', NULL, NULL, 'Service', 'Filling', '0', 'Gate Pass # 7351', 'Tray', NULL, '6353.00000', '35.00000', '222355.00000'),
('85e84e9c-6772-465b-91e3-82c40f3e7ceb', 16, '7112242d-8177-4e99-9b84-9259fc54fa9f', NULL, 'MR-200ML-21-00004', NULL, NULL, 'Product', 'Ven Product', '9d59003f-8e13-4ed7-9220-191effc4dd41', 'STRETCH FILM ROLL', 'KG', '0.10000', '568.90000', '3.50000', '1991.15000'),
('8699d8c6-185f-42e9-afc2-a82cbf777315', 5, '263476fc-75a4-4437-bffb-09f2c2229970', NULL, 'CS-125ML-21-00005', NULL, NULL, 'Product', 'Ven Product', '6b0ddec9-6fa7-43cb-9112-7a1e4f622fe9', 'ASCORBIC ACID', 'KG', NULL, '0.80000', '1500.00000', '1200.00000'),
('8799dbb2-0daa-48aa-827b-8282e8e72298', 15, 'df5c27c6-84ed-4ddf-91a9-abf74535ddd3', NULL, 'CS-125ML-21-00001', NULL, NULL, 'Product', 'Ven Product', '0a3e66f2-8e5d-40ea-914e-8348636144bc', 'HOTMELT', 'KG', NULL, '7.20000', '1265.00000', '9108.00000'),
('87ce0e1e-2c6f-45cb-82ed-c58569de7b0f', 10, '23a5f014-9f10-499f-ad92-a8844aa67c01', NULL, 'MR-250ML-21-00015', NULL, NULL, 'Product', 'Ven Product', 'ca5318cc-d430-4336-9271-496edbcec9c1', 'SUNSET YELLOW COLOR', 'KG', '0.00006', '0.16000', '2000.00000', '320.00000'),
('87d5b5fb-f70d-4fb6-9ea7-d40dfc8c4d21', 2, 'bde74393-f655-4d58-b232-a63cd8cb8e3d', NULL, 'MR-250ML-21-00014', NULL, NULL, 'Product', 'Own Product', 'a762acbf-7c99-4239-a236-2fb14836dc03', 'MR-250ML-MANGO-PAPER', 'Pcs', '36.00000', '22140.00000', '5.07000', '112249.80000'),
('87deab2b-0dcb-4169-b17d-f98ef544fd14', 4, 'df5c27c6-84ed-4ddf-91a9-abf74535ddd3', NULL, 'CS-125ML-21-00001', NULL, NULL, 'Product', 'Ven Product', '75b3f18e-55a5-459d-b839-77d37d3145e1', 'SODIUM CITRATE', 'KG', NULL, '1.50000', '200.00000', '300.00000'),
('88548f2f-b56c-4d54-90cd-382c9f0e9b53', 2, '5f32dc5b-a044-45a8-94e3-0013886d2bcc', NULL, 'MR-250ML-21-00013', NULL, NULL, 'Product', 'Own Product', 'cb5a1a7d-9dc6-49b7-9711-c007985762a5', '250ML-1X36-CARTON', 'Pcs', '1.00000', '2867.00000', '24.50000', '70241.50000'),
('898130e2-3b0f-4ec8-b455-7185b3b9c343', 7, 'df5c27c6-84ed-4ddf-91a9-abf74535ddd3', NULL, 'CS-125ML-21-00001', NULL, NULL, 'Product', 'Ven Product', '9e55e4ee-ed2d-41bd-974f-bf2e1378d78f', 'CMC (CHINA)', 'KG', NULL, '25.00000', '651.00000', '16275.00000'),
('89f0d94f-cb6c-4ceb-8b4f-d62028535f32', 9, '2129769c-9134-4a15-b00d-0d814ab56144', NULL, 'MR-250ML-21-00021', NULL, NULL, 'Product', 'Ven Product', 'ca5318cc-d430-4336-9271-496edbcec9c1', 'SUNSET YELLOW COLOR', 'KG', '0.00010', '0.11000', '2000.00000', '220.00000'),
('8a348b78-6b15-48d4-ad96-c33cf962e773', 1, '7112242d-8177-4e99-9b84-9259fc54fa9f', NULL, 'MR-200ML-21-00004', NULL, NULL, 'Product', 'Ven Product', '9a8eaeb7-7884-41b5-979b-390233831321', 'SUGAR', 'KG', '0.44160', '2165.96000', '95.00000', '205766.20000'),
('8bf50238-3a0c-4285-b88a-0d80fced6d27', 15, 'c4e8b8ff-47a1-49f6-957e-3e99a1008f80', NULL, 'CS-125ML-21-00010', NULL, NULL, 'Product', 'Ven Product', '0a3e66f2-8e5d-40ea-914e-8348636144bc', 'HOTMELT', 'KG', '0.00100', '2.00000', '1265.00000', '2530.00000'),
('8d86d812-f194-4091-8456-e3f30f391c26', 11, 'ac1d3912-b392-4748-bb8d-e37c3646c559', NULL, 'MR-250ML-21-00017', NULL, NULL, 'Product', 'Ven Product', 'd00f5a79-854e-433c-879f-b033783e25d3', 'POLYBAG', 'KG', '0.02800', '49.30000', '363.00000', '17895.90000'),
('8d8a1026-85eb-4337-bd60-84b499be04aa', 16, '2129769c-9134-4a15-b00d-0d814ab56144', NULL, 'MR-250ML-21-00021', NULL, NULL, 'Product', 'Ven Product', '0a3e66f2-8e5d-40ea-914e-8348636144bc', 'HOTMELT', 'KG', '0.00380', '6.00000', '1265.00000', '7590.00000'),
('8d9878a3-eda8-45ce-ae18-f4941e4d6a0c', 16, '3f331745-466d-4eee-b5a7-2b8c9e0676b7', NULL, 'MR-250ML-21-00009', NULL, NULL, 'Product', 'Ven Product', '3ca12da4-93a5-4bb0-8120-98f696e1f758', 'TAPE SOLUTION', 'Pcs', '1.32800', '5258.00000', '1.50000', '7887.00000'),
('8dc664e2-56d7-4961-9386-cac5e61f1e0a', 7, '5f68f2a4-de07-4997-9cad-900ade7aceef', NULL, 'MR-200ML-21-00004', NULL, NULL, 'Product', 'Ven Product', '9e55e4ee-ed2d-41bd-974f-bf2e1378d78f', 'CMC (CHINA)', 'KG', '0.00672', '3.24000', '651.00000', '2109.24000'),
('8df67d22-5797-4ae2-8109-b5fa9af547c3', 11, 'dabc1a8d-47e5-4627-89c9-4a6b4ceca35c', NULL, 'CS-125ML-21-00002', NULL, NULL, 'Product', 'Ven Product', '0a3e66f2-8e5d-40ea-914e-8348636144bc', 'HOTMELT', 'KG', NULL, '4.00000', '1265.00000', '5060.00000'),
('8e2cb9dd-72bc-415a-9bce-ce33220a6185', 2, '5f68f2a4-de07-4997-9cad-900ade7aceef', NULL, 'MR-200ML-21-00004', NULL, NULL, 'Product', 'Own Product', 'daa2dddb-b342-4ab0-b8dd-a952d7bd52be', 'MR-200ML-MANGO-PAPER', 'Pcs', '24.00000', '12312.00000', '4.83000', '59466.96000'),
('8ec769ce-1cf7-44ae-8388-9f5f89ac00ad', 1, 'fd698e3e-bfbc-4823-b502-10978440c3e0', NULL, 'MR-250ML-21-00007', NULL, NULL, 'Product', 'Ven Product', '72b56809-0b30-4519-9614-ec21013f5229', 'MANGO PULP', 'KG', NULL, '500.00000', '75.00000', '41141.25000'),
('8eca4fee-aebe-42d5-bdcf-7298e90af736', 12, 'c30a1527-9139-4a58-b70f-a952c5de95b7', NULL, 'CS-125ML-21-00003', NULL, NULL, 'Product', 'Ven Product', '0a3e66f2-8e5d-40ea-914e-8348636144bc', 'HOTMELT', 'KG', '0.00100', '3.95100', '1265.00000', '4998.01500'),
('8ef47440-4c0f-4319-a1ee-917cfb7a267d', 5, '3f331745-466d-4eee-b5a7-2b8c9e0676b7', NULL, 'MR-250ML-21-00009', NULL, NULL, 'Product', 'Ven Product', '75b3f18e-55a5-459d-b839-77d37d3145e1', 'SODIUM CITRATE', 'KG', '0.00090', '3.50000', '200.00000', '700.00000'),
('8f99d110-bc4b-4817-bf50-b58301c726e6', 12, '7112242d-8177-4e99-9b84-9259fc54fa9f', NULL, 'MR-200ML-21-00004', NULL, NULL, 'Product', 'Ven Product', 'd58748ab-557f-473b-8208-4eb55be72890', 'MANGO FLAVOR 463S', 'KG', '0.00360', '33.08000', '1630.00000', '53920.40000'),
('90bb1ae9-511d-4599-ba40-24811c654e3f', 13, '5f32dc5b-a044-45a8-94e3-0013886d2bcc', NULL, 'MR-250ML-21-00013', NULL, NULL, 'Product', 'Ven Product', '3ca12da4-93a5-4bb0-8120-98f696e1f758', 'TAPE SOLUTION', 'Pcs', '1.32800', '3807.37600', '1.80000', '6853.27680'),
('9100e31b-b92e-4125-8051-052e47f4aa8d', 11, '935505c7-4577-4e19-8eed-f8a754890203', NULL, 'CS-125ML-21-00012', NULL, NULL, 'Product', 'Ven Product', 'd58748ab-557f-473b-8208-4eb55be72890', 'MANGO FLAVOR 463S', 'KG', '0.00180', '2.26800', '1630.00000', '3696.84000'),
('9134d67f-8a11-4772-8b12-3b76348cc47c', 10, '17ae33e5-edbf-473a-9722-3f3ff12665b4', NULL, 'MR-200ML-21-00011', NULL, NULL, 'Product', 'Ven Product', 'b72b0ce8-c2aa-4d81-ad3e-124b246d3c14', 'TARTRAZINE', 'KG', '0.00034', '0.04000', '2000.00000', '80.00000'),
('92af3187-984d-4f16-8ee8-d72c2be70216', 14, '2129769c-9134-4a15-b00d-0d814ab56144', NULL, 'MR-250ML-21-00021', NULL, NULL, 'Product', 'Ven Product', 'faf7282c-ef82-4f8c-bf4d-baf8f88b8d27', '250ML-STRAW', 'Pcs', '36.00000', '63100.00000', '0.31000', '19561.00000'),
('92c3078c-1605-441b-9f3b-c121d5222f56', 6, '03a75fae-d2a0-4995-9a12-53fdcdedfe11', NULL, 'MR-250ML-21-00019', NULL, NULL, 'Product', 'Ven Product', '6b0ddec9-6fa7-43cb-9112-7a1e4f622fe9', 'ASCORBIC ACID', 'KG', '0.00054', '1.05354', '300.00000', '316.06200'),
('93432942-b7ac-43f5-8e3f-b2a12556746c', 10, '5f32dc5b-a044-45a8-94e3-0013886d2bcc', NULL, 'MR-250ML-21-00013', NULL, NULL, 'Product', 'Ven Product', '2aaa995b-d5f6-42d2-a078-228ded1cc5da', '250ML-STRAW', 'Pcs', '36.00000', '103212.00000', '0.30000', '30963.60000'),
('9379bbc5-4792-4da6-b4d2-60584ccf202a', 1, 'bde74393-f655-4d58-b232-a63cd8cb8e3d', NULL, 'MR-250ML-21-00014', NULL, NULL, 'Product', 'Own Product', 'cb5a1a7d-9dc6-49b7-9711-c007985762a5', '250ML-1X36-CARTON', 'Pcs', '1.00000', '615.00000', '24.50000', '15067.50000'),
('944a84f8-a992-4a9c-aa92-517ca988a148', 1, 'c4e8b8ff-47a1-49f6-957e-3e99a1008f80', NULL, 'CS-125ML-21-00010', NULL, NULL, 'Service', 'Filling', '0', 'Gate Pass # 7256', 'Tray', NULL, '1535.00000', '35.00000', '53725.00000'),
('94829ff5-2cd9-4850-ae2d-db33b461d2b5', 1, 'ce96a752-38ce-4eab-9750-a6c7f61bb5dd', NULL, 'MR-200ML-21-00004', NULL, NULL, 'Product', 'Ven Product', '9a8eaeb7-7884-41b5-979b-390233831321', 'SUGAR', 'KG', '0.44160', '202.33000', '95.00000', '19221.35000'),
('94f426d8-0438-455c-9318-bc7321905084', 7, '0a74fd7d-04f3-4887-a593-24f8453b7db9', NULL, 'MR-250ML-21-00018', NULL, NULL, 'Product', 'Ven Product', 'a698985e-880d-4ed4-aa99-8e7e7715d208', 'CARAMEL COLOR', 'KG', '0.06075', '1.87000', '260.00000', '486.20000'),
('958e9c4d-38d5-4a98-9aa1-6d6807be55d9', 14, '313b84be-a2b5-4f97-a5cd-78c5606ee558', NULL, 'MR-250ML-21-00007', NULL, NULL, 'Product', 'Ven Product', 'faf7282c-ef82-4f8c-bf4d-baf8f88b8d27', '250ML-STRAW', 'Pcs', '36.00000', '44760.00000', '0.29000', '12980.40000'),
('962f2033-b2a4-4526-88aa-fc504bdeb40a', 2, 'ce96a752-38ce-4eab-9750-a6c7f61bb5dd', NULL, 'MR-200ML-21-00004', NULL, NULL, 'Product', 'Own Product', 'daa2dddb-b342-4ab0-b8dd-a952d7bd52be', 'MR-200ML-MANGO-PAPER', 'Pcs', '24.00000', '12312.00000', '4.83000', '59466.96000'),
('97d380a8-ad86-4441-a6fd-936a6443189a', 2, 'c4e8b8ff-47a1-49f6-957e-3e99a1008f80', NULL, 'CS-125ML-21-00010', NULL, NULL, 'Product', 'Own Product', '8df7c58f-9091-4a4c-b9d0-1c65fb5992c7', 'CS-125ML-MANGO-PAPER', 'Pcs', '24.00000', '36840.00000', '3.33000', '122677.20000'),
('98d4d080-7653-4494-abbe-9cbb56fdf4ae', 7, '80ff0b1c-4da4-4113-8de6-684d9b1e1c9c', NULL, 'MR-250ML-21-00008', NULL, NULL, 'Product', 'Ven Product', 'e36069a5-b88c-44f9-9856-f465e104a25d', 'SWEETENER', 'KG', '0.00110', '1.88000', '982.00000', '1846.16000'),
('993324aa-c149-40f1-841f-039d1af5bbc3', 15, '7112242d-8177-4e99-9b84-9259fc54fa9f', NULL, 'MR-200ML-21-00004', NULL, NULL, 'Product', 'Ven Product', '0a3e66f2-8e5d-40ea-914e-8348636144bc', 'HOTMELT', 'KG', '0.00250', '9.20000', '1265.00000', '11638.00000'),
('997a42a0-1cc9-489c-9402-672e51687c6f', 9, 'c30a1527-9139-4a58-b70f-a952c5de95b7', NULL, 'CS-125ML-21-00003', NULL, NULL, 'Product', 'Ven Product', 'aae77964-0163-4e37-b75e-1410512bc52b', 'GREEN APPLE FLAVOR', 'KG', '0.00150', '13.00000', '1365.00000', '17745.00000'),
('997e01c5-b80e-4762-b454-5428d66a3576', 12, '3f331745-466d-4eee-b5a7-2b8c9e0676b7', NULL, 'MR-250ML-21-00009', NULL, NULL, 'Product', 'Ven Product', 'd58748ab-557f-473b-8208-4eb55be72890', 'MANGO FLAVOR 463S', 'KG', '0.00630', '24.50000', '1630.00000', '39935.00000'),
('99a95640-12de-43aa-8b70-8e3fbbd29e31', 11, '7112242d-8177-4e99-9b84-9259fc54fa9f', NULL, 'MR-200ML-21-00004', NULL, NULL, 'Product', 'Ven Product', '72b56809-0b30-4519-9614-ec21013f5229', 'MANGO PULP', 'KG', '0.28800', '1352.26000', '75.00000', '101419.50000'),
('9a149926-ee94-4527-8949-50a4150b5fa4', 14, 'bde74393-f655-4d58-b232-a63cd8cb8e3d', NULL, 'MR-250ML-21-00014', NULL, NULL, 'Product', 'Ven Product', 'd00f5a79-854e-433c-879f-b033783e25d3', 'POLYBAG', 'KG', '0.02800', '46.38000', '363.00000', '16835.94000'),
('9a709d4a-5303-4e16-8dc8-102610aab224', 3, 'fd698e3e-bfbc-4823-b502-10978440c3e0', NULL, 'MR-250ML-21-00007', NULL, NULL, 'Product', 'Ven Product', '18ec96b0-93c3-4d4b-9a14-7d637d33636e', 'CITRIC ACID', 'KG', NULL, '24.00000', '200.00000', '5266.08000'),
('9aa42610-cd21-45f4-b743-2a09024917dd', 9, '263476fc-75a4-4437-bffb-09f2c2229970', NULL, 'CS-125ML-21-00005', NULL, NULL, 'Product', 'Ven Product', 'ca5318cc-d430-4336-9271-496edbcec9c1', 'SUNSET YELLOW COLOR', 'KG', NULL, '0.20000', '2000.00000', '400.00000'),
('9ad8c514-ff6f-4e1c-b7d3-a7ae86885acb', 10, '5f68f2a4-de07-4997-9cad-900ade7aceef', NULL, 'MR-200ML-21-00004', NULL, NULL, 'Product', 'Ven Product', 'b72b0ce8-c2aa-4d81-ad3e-124b246d3c14', 'TARTRAZINE', 'KG', '0.00034', '0.02000', '2000.00000', '40.00000'),
('9bb468e1-5749-457e-a107-749a5f5a40b8', 7, 'bde74393-f655-4d58-b232-a63cd8cb8e3d', NULL, 'MR-250ML-21-00014', NULL, NULL, 'Product', 'Ven Product', 'e36069a5-b88c-44f9-9856-f465e104a25d', 'SWEETENER', 'KG', '0.00130', '3.43000', '1008.00000', '3457.44000'),
('9cda21dd-8e37-4abf-908a-3280760a535b', 1, '5f32dc5b-a044-45a8-94e3-0013886d2bcc', NULL, 'MR-250ML-21-00013', NULL, NULL, 'Service', 'Filling', '0', 'Gate Pass # 7281 & 7289', 'Ctn', NULL, '2867.00000', '47.00000', '134749.00000'),
('9cf10ee1-3e50-4403-b5d2-f30529525a82', 7, '263476fc-75a4-4437-bffb-09f2c2229970', NULL, 'CS-125ML-21-00005', NULL, NULL, 'Product', 'Ven Product', '9e55e4ee-ed2d-41bd-974f-bf2e1378d78f', 'CMC (CHINA)', 'KG', NULL, '20.00000', '651.00000', '13020.00000'),
('9d18690f-2cdb-47a5-99fe-e7eecd008479', 9, 'df5c27c6-84ed-4ddf-91a9-abf74535ddd3', NULL, 'CS-125ML-21-00001', NULL, NULL, 'Product', 'Ven Product', 'ca5318cc-d430-4336-9271-496edbcec9c1', 'SUNSET YELLOW COLOR', 'KG', NULL, '0.20000', '2000.00000', '400.00000'),
('9d3da3ad-728a-4e40-9081-4a1c48957f53', 7, '03a75fae-d2a0-4995-9a12-53fdcdedfe11', NULL, 'MR-250ML-21-00019', NULL, NULL, 'Product', 'Ven Product', 'e36069a5-b88c-44f9-9856-f465e104a25d', 'SWEETENER', 'KG', '0.00135', '2.63385', '1008.00000', '2654.92080'),
('9d675236-5568-46da-89cd-103e9fe60d7a', 14, 'd697d98b-c00d-40e1-8ea7-985b9f113f42', NULL, 'MR-250ML-21-00020', NULL, NULL, 'Product', 'Ven Product', 'd00f5a79-854e-433c-879f-b033783e25d3', 'POLYBAG', 'KG', '0.01400', '16.90000', '363.00000', '6134.70000'),
('9e098adf-e1f8-4ed3-875c-b62ee8e114a1', 2, 'ac1d3912-b392-4748-bb8d-e37c3646c559', NULL, 'MR-250ML-21-00017', NULL, NULL, 'Product', 'Ven Product', '18ec96b0-93c3-4d4b-9a14-7d637d33636e', 'CITRIC ACID', 'KG', '0.02700', '36.61200', '250.00000', '9153.00000'),
('9e0f6dea-15e1-43e9-aaef-80103e3d7ceb', 8, '80ff0b1c-4da4-4113-8de6-684d9b1e1c9c', NULL, 'MR-250ML-21-00008', NULL, NULL, 'Product', 'Ven Product', '9e55e4ee-ed2d-41bd-974f-bf2e1378d78f', 'CMC (CHINA)', 'KG', '0.01080', '18.00000', '651.00000', '11718.00000'),
('9e2ada01-06bb-4112-b38d-d9113a63c096', 10, '03a75fae-d2a0-4995-9a12-53fdcdedfe11', NULL, 'MR-250ML-21-00019', NULL, NULL, 'Product', 'Ven Product', 'ca5318cc-d430-4336-9271-496edbcec9c1', 'SUNSET YELLOW COLOR', 'KG', '0.00008', '0.15608', '2000.00000', '312.16000'),
('9e93fdf9-500c-43df-b78c-e8f19e0035d6', 1, '3f331745-466d-4eee-b5a7-2b8c9e0676b7', NULL, 'MR-250ML-21-00009', NULL, NULL, 'Service', 'Filling', '0', 'Gate Pass # 7399', 'Ctn', NULL, '3598.00000', '47.00000', '169106.00000'),
('9f636f25-a177-43a4-b3f9-0bf3a5c41a6d', 7, 'c4e8b8ff-47a1-49f6-957e-3e99a1008f80', NULL, 'CS-125ML-21-00010', NULL, NULL, 'Product', 'Ven Product', '9e55e4ee-ed2d-41bd-974f-bf2e1378d78f', 'CMC (CHINA)', 'KG', '0.00300', '5.00000', '683.00000', '3415.00000'),
('9f6bd523-94f7-4d5a-8041-48094b4619b8', 9, '313b84be-a2b5-4f97-a5cd-78c5606ee558', NULL, 'MR-250ML-21-00007', NULL, NULL, 'Product', 'Ven Product', 'ca5318cc-d430-4336-9271-496edbcec9c1', 'SUNSET YELLOW COLOR', 'KG', '0.00010', '0.07000', '2000.00000', '140.00000'),
('9f792dfa-28e7-4121-b3ca-03c21264d32c', 7, '5f32dc5b-a044-45a8-94e3-0013886d2bcc', NULL, 'MR-250ML-21-00013', NULL, NULL, 'Product', 'Ven Product', 'a698985e-880d-4ed4-aa99-8e7e7715d208', 'CARAMEL COLOR', 'KG', '0.00216', '6.00000', '260.00000', '1560.00000'),
('9f9067bd-6867-4639-8f1b-3524c426ad4e', 11, '03a75fae-d2a0-4995-9a12-53fdcdedfe11', NULL, 'MR-250ML-21-00019', NULL, NULL, 'Product', 'Ven Product', 'b72b0ce8-c2aa-4d81-ad3e-124b246d3c14', 'TARTRAZINE', 'KG', '0.00006', '0.11706', '2000.00000', '234.12000'),
('9f9b001f-fd1a-4e3f-b0cf-6071062317c3', 2, '7112242d-8177-4e99-9b84-9259fc54fa9f', NULL, 'MR-200ML-21-00004', NULL, NULL, 'Product', 'Ven Product', '18ec96b0-93c3-4d4b-9a14-7d637d33636e', 'CITRIC ACID', 'KG', '0.00816', '33.34000', '200.00000', '6668.00000'),
('9f9d8898-5b26-4c22-84ec-4350748ce838', 6, 'fd698e3e-bfbc-4823-b502-10978440c3e0', NULL, 'MR-250ML-21-00007', NULL, NULL, 'Product', 'Ven Product', '6b0ddec9-6fa7-43cb-9112-7a1e4f622fe9', 'ASCORBIC ACID', 'KG', NULL, '1.00000', '1500.00000', '1645.65000'),
('a075694c-f279-455c-9f21-0c9e20389984', 1, '263476fc-75a4-4437-bffb-09f2c2229970', NULL, 'CS-125ML-21-00005', NULL, NULL, 'Product', 'Ven Product', '9a8eaeb7-7884-41b5-979b-390233831321', 'SUGAR', 'KG', NULL, '960.00000', '95.00000', '91200.00000'),
('a1549d6b-598e-420f-96c9-2cd620948622', 2, 'fd698e3e-bfbc-4823-b502-10978440c3e0', NULL, 'MR-250ML-21-00007', NULL, NULL, 'Product', 'Own Product', 'c8d5d6f6-b614-4899-a78b-48fef22699e2', 'MR-250ML-ORANGE MANGO-PAPER', 'Pcs', NULL, '43884.00000', '5.07000', '222491.88000'),
('a221d9c6-afe9-4d97-9029-9f5b2d43fa2e', 1, '8891e3bb-b9cd-4c4e-94db-346c5be8e458', NULL, 'MR-250ML-21-00006', NULL, NULL, 'Product', 'Ven Product', '72b56809-0b30-4519-9614-ec21013f5229', 'MANGO PULP', 'KG', '0.54000', '1280.72000', '75.00000', '96054.00000'),
('a269c5b6-2b5c-4aa7-8d2c-eca27314d8ff', 13, '313b84be-a2b5-4f97-a5cd-78c5606ee558', NULL, 'MR-250ML-21-00007', NULL, NULL, 'Product', 'Ven Product', '74028493-c436-4e77-a7fd-b27e5eae7cda', 'ORANGE FLAVOR', 'KG', '0.00180', '2.00000', '1502.00000', '3004.00000'),
('a2e020a3-76fc-4a98-a847-f3cf72050bc8', 17, '2129769c-9134-4a15-b00d-0d814ab56144', NULL, 'MR-250ML-21-00021', NULL, NULL, 'Product', 'Ven Product', '3ca12da4-93a5-4bb0-8120-98f696e1f758', 'TAPE SOLUTION', 'Pcs', '1.32800', '2577.00000', '1.80000', '4638.60000'),
('a4d7d44e-3d9f-4e05-8113-5d64024278da', 15, '313b84be-a2b5-4f97-a5cd-78c5606ee558', NULL, 'MR-250ML-21-00007', NULL, NULL, 'Product', 'Ven Product', 'd00f5a79-854e-433c-879f-b033783e25d3', 'POLYBAG', 'KG', '0.02800', '44.70000', '315.00000', '14080.50000'),
('a6586854-5cf8-4e51-a5e6-5e6aa5e1a601', 13, '17ae33e5-edbf-473a-9722-3f3ff12665b4', NULL, 'MR-200ML-21-00011', NULL, NULL, 'Product', 'Ven Product', 'ba1b0ca7-9cfd-4d61-a5a0-b95949117feb', '200ML-STRAW', 'Pcs', '24.00000', '24700.00000', '0.30000', '7410.00000'),
('a69f4b7e-d764-4a03-b0d5-f8981a9d2417', 17, '03a75fae-d2a0-4995-9a12-53fdcdedfe11', NULL, 'MR-250ML-21-00019', NULL, NULL, 'Product', 'Ven Product', '9d59003f-8e13-4ed7-9220-191effc4dd41', 'STRETCH FILM ROLL', 'KG', '0.29510', '575.74010', '4.50000', '2590.83045'),
('a6ecdb83-a4a8-4a0e-8045-596176639741', 17, 'fd698e3e-bfbc-4823-b502-10978440c3e0', NULL, 'MR-250ML-21-00007', NULL, NULL, 'Product', 'Ven Product', '3ca12da4-93a5-4bb0-8120-98f696e1f758', 'TAPE SOLUTION', 'Pcs', NULL, '1243.00000', '1.45000', '2347.30640'),
('a79b967d-699f-4664-a12d-cbff171b3fe3', 15, '263476fc-75a4-4437-bffb-09f2c2229970', NULL, 'CS-125ML-21-00005', NULL, NULL, 'Product', 'Ven Product', '0a3e66f2-8e5d-40ea-914e-8348636144bc', 'HOTMELT', 'KG', NULL, '8.00000', '1265.00000', NULL),
('a7ad0dfc-0b24-47fb-bd96-1dff1890dc91', 12, '313b84be-a2b5-4f97-a5cd-78c5606ee558', NULL, 'MR-250ML-21-00007', NULL, NULL, 'Product', 'Ven Product', 'd58748ab-557f-473b-8208-4eb55be72890', 'MANGO FLAVOR 463S', 'KG', '0.00540', '6.00000', '1630.00000', '9780.00000'),
('a7b3154e-0fb2-4b12-ad18-c091db156214', 18, '2129769c-9134-4a15-b00d-0d814ab56144', NULL, 'MR-250ML-21-00021', NULL, NULL, 'Product', 'Ven Product', '9d59003f-8e13-4ed7-9220-191effc4dd41', 'STRETCH FILM ROLL', 'KG', '0.29511', '600.00000', '4.50000', '2700.00000'),
('a82af848-4b17-4d98-93de-98dd31b8f17c', 1, '03a75fae-d2a0-4995-9a12-53fdcdedfe11', NULL, 'MR-250ML-21-00019', NULL, NULL, 'Product', 'Ven Product', '72b56809-0b30-4519-9614-ec21013f5229', 'MANGO PULP', 'KG', '0.45900', '895.50900', '75.00000', '67163.17500'),
('a84d7752-50de-44fa-833f-9af2f0646b3e', 6, '313b84be-a2b5-4f97-a5cd-78c5606ee558', NULL, 'MR-250ML-21-00007', NULL, NULL, 'Product', 'Ven Product', '6b0ddec9-6fa7-43cb-9112-7a1e4f622fe9', 'ASCORBIC ACID', 'KG', '0.00090', '1.00000', '1500.00000', '1500.00000'),
('a91b3200-f0d4-4823-842a-433e0392f822', 6, 'ce96a752-38ce-4eab-9750-a6c7f61bb5dd', NULL, 'MR-200ML-21-00004', NULL, NULL, 'Product', 'Ven Product', 'e36069a5-b88c-44f9-9856-f465e104a25d', 'SWEETENER', 'KG', '0.00072', '0.36000', '982.00000', '353.52000'),
('a9370b34-f95d-4da3-bfc7-ebda60200296', 3, '80ff0b1c-4da4-4113-8de6-684d9b1e1c9c', NULL, 'MR-250ML-21-00008', NULL, NULL, 'Product', 'Ven Product', '18ec96b0-93c3-4d4b-9a14-7d637d33636e', 'CITRIC ACID', 'KG', '0.02160', '36.00000', '200.00000', '7200.00000'),
('a948ee16-2122-4d63-9be0-b38ff714dd8b', 12, 'df5c27c6-84ed-4ddf-91a9-abf74535ddd3', NULL, 'CS-125ML-21-00001', NULL, NULL, 'Product', 'Ven Product', 'b72b0ce8-c2aa-4d81-ad3e-124b246d3c14', 'TARTRAZINE', 'KG', NULL, '0.18000', '2000.00000', '360.00000'),
('a9fcfcce-9dc3-44c5-a370-1399ac3ec1cd', 4, '313b84be-a2b5-4f97-a5cd-78c5606ee558', NULL, 'MR-250ML-21-00007', NULL, NULL, 'Product', 'Ven Product', '94feec8d-cdd7-4f0a-94ee-735836a021f0', 'SODIUM BENZOATE', 'KG', '0.00180', '2.00000', '295.00000', '590.00000'),
('aae681ec-ca12-49ec-91ff-0a8a6811e5bb', 14, 'ac1d3912-b392-4748-bb8d-e37c3646c559', NULL, 'MR-250ML-21-00017', NULL, NULL, 'Product', 'Ven Product', '9d59003f-8e13-4ed7-9220-191effc4dd41', 'STRETCH FILM ROLL', 'KG', '0.29510', '400.15560', '4.50000', '1800.70020'),
('ab61eb80-855a-4a83-8c72-240bae63b3ef', 10, '80ff0b1c-4da4-4113-8de6-684d9b1e1c9c', NULL, 'MR-250ML-21-00008', NULL, NULL, 'Product', 'Ven Product', 'b72b0ce8-c2aa-4d81-ad3e-124b246d3c14', 'TARTRAZINE', 'KG', '0.00002', '0.03000', '2000.00000', '60.00000'),
('ab6379d4-eff2-4b33-831c-2c3d7d88ec8d', 6, '8891e3bb-b9cd-4c4e-94db-346c5be8e458', NULL, 'MR-250ML-21-00006', NULL, NULL, 'Product', 'Ven Product', '6b0ddec9-6fa7-43cb-9112-7a1e4f622fe9', 'ASCORBIC ACID', 'KG', '0.00900', '2.13450', '1500.00000', '3201.75000'),
('ace0ebd0-ee24-4d47-9365-357dc897fa2d', 6, 'd697d98b-c00d-40e1-8ea7-985b9f113f42', NULL, 'MR-250ML-21-00020', NULL, NULL, 'Product', 'Ven Product', '6b0ddec9-6fa7-43cb-9112-7a1e4f622fe9', 'ASCORBIC ACID', 'KG', '0.00041', '0.45000', '300.00000', '135.00000'),
('ad2af27b-3c9e-41d3-9cb7-82812dc8d20e', 16, '935505c7-4577-4e19-8eed-f8a754890203', NULL, 'CS-125ML-21-00012', NULL, NULL, 'Product', 'Ven Product', '9d59003f-8e13-4ed7-9220-191effc4dd41', 'STRETCH FILM ROLL', 'KG', '0.07050', '88.83000', '4.50000', '399.73500'),
('aeb71f98-69aa-49d3-90d4-a3ab87d43c64', 13, 'c30a1527-9139-4a58-b70f-a952c5de95b7', NULL, 'CS-125ML-21-00003', NULL, NULL, 'Product', 'Ven Product', '9d59003f-8e13-4ed7-9220-191effc4dd41', 'STRETCH FILM ROLL', 'KG', '0.07050', '278.54550', '3.50000', '974.90925'),
('aff92a6a-91ba-4e97-a034-10cc9c9a13d9', 7, '23a5f014-9f10-499f-ad92-a8844aa67c01', NULL, 'MR-250ML-21-00015', NULL, NULL, 'Product', 'Ven Product', 'e36069a5-b88c-44f9-9856-f465e104a25d', 'SWEETENER', 'KG', '0.00101', '11.68000', '1008.00000', '11773.44000'),
('b04287a3-9f0c-4bd6-bc76-0c16a621f0a1', 16, 'c4e8b8ff-47a1-49f6-957e-3e99a1008f80', NULL, 'CS-125ML-21-00010', NULL, NULL, 'Product', 'Ven Product', '9d59003f-8e13-4ed7-9220-191effc4dd41', 'STRETCH FILM ROLL', 'KG', '0.07050', '0.00000', '0.00000', '0.00000'),
('b050dab6-9d4f-4591-90b0-4a0b9aa86733', 2, '1506f4da-9ab2-4798-b99e-6c35b862f405', NULL, 'MR-250ML-21-00006', NULL, NULL, 'Product', 'Own Product', 'a762acbf-7c99-4239-a236-2fb14836dc03', 'MR-250ML-MANGO-PAPER', 'Pcs', NULL, '55224.00000', '5.07000', '279985.68000'),
('b160dfad-cc64-4755-b8a3-a17d422fa604', 5, 'fd698e3e-bfbc-4823-b502-10978440c3e0', NULL, 'MR-250ML-21-00007', NULL, NULL, 'Product', 'Ven Product', '75b3f18e-55a5-459d-b839-77d37d3145e1', 'SODIUM CITRATE', 'KG', NULL, '1.00000', '200.00000', '219.42000'),
('b1e139f2-5366-4bd6-8600-826b5a5d024e', 1, '313b84be-a2b5-4f97-a5cd-78c5606ee558', NULL, 'MR-250ML-21-00007', NULL, NULL, 'Service', 'Filling', '0', 'Gate Pass # 7366', '1', NULL, '1219.00000', '47.00000', '57293.00000'),
('b1e98a65-d470-42ba-a957-dc84658a59f9', 9, '935505c7-4577-4e19-8eed-f8a754890203', NULL, 'CS-125ML-21-00012', NULL, NULL, 'Product', 'Ven Product', 'ca5318cc-d430-4336-9271-496edbcec9c1', 'SUNSET YELLOW COLOR', 'KG', '0.00002', '0.02520', '2000.00000', '50.40000'),
('b20b6c47-1606-4371-a947-69aee49a21ef', 14, '8891e3bb-b9cd-4c4e-94db-346c5be8e458', NULL, 'MR-250ML-21-00006', NULL, NULL, 'Product', 'Ven Product', 'd00f5a79-854e-433c-879f-b033783e25d3', 'POLYBAG', 'KG', '0.28000', '87.94000', '315.00000', '27701.10000'),
('b3c846f1-85a8-45f4-a1dd-61c8171ddbd2', 10, 'c4e8b8ff-47a1-49f6-957e-3e99a1008f80', NULL, 'CS-125ML-21-00010', NULL, NULL, 'Product', 'Ven Product', '72b56809-0b30-4519-9614-ec21013f5229', 'MANGO PULP', 'KG', '0.06600', '110.00000', '75.00000', '8250.00000'),
('b4059f0b-d21f-4bb7-a0b4-cc085cdb9e6b', 4, '2129769c-9134-4a15-b00d-0d814ab56144', NULL, 'MR-250ML-21-00021', NULL, NULL, 'Product', 'Ven Product', '94feec8d-cdd7-4f0a-94ee-735836a021f0', 'SODIUM BENZOATE', 'KG', '0.00180', '3.00000', '278.00000', '834.00000'),
('b42f2185-3061-4e5d-8a8a-d97ff8c4b7ef', 10, 'd697d98b-c00d-40e1-8ea7-985b9f113f42', NULL, 'MR-250ML-21-00020', NULL, NULL, 'Product', 'Ven Product', 'ca5318cc-d430-4336-9271-496edbcec9c1', 'SUNSET YELLOW COLOR', 'KG', '0.00006', '0.08000', '2000.00000', '160.00000'),
('b4810d7b-a9c6-4166-8df2-27dbd08256ee', 15, 'fd698e3e-bfbc-4823-b502-10978440c3e0', NULL, 'MR-250ML-21-00007', NULL, NULL, 'Product', 'Ven Product', 'd00f5a79-854e-433c-879f-b033783e25d3', 'POLYBAG', 'KG', NULL, '44.70000', '315.00000', '10751.58000'),
('b50014a3-7065-41df-8475-19161ff2ca3e', 1, 'c4e8b8ff-47a1-49f6-957e-3e99a1008f80', NULL, 'CS-125ML-21-00010', NULL, NULL, 'Product', 'Own Product', 'a3157a27-0e5c-41c1-a5c8-61b78fcacf62', '125ML-1X24-CARTON', 'Pcs', '1.00000', '1535.00000', '5.95000', '9133.25000'),
('b557552d-fe6a-46b9-8e9b-bcfe9f168cdd', 4, '0a74fd7d-04f3-4887-a593-24f8453b7db9', NULL, 'MR-250ML-21-00018', NULL, NULL, 'Product', 'Ven Product', '75b3f18e-55a5-459d-b839-77d37d3145e1', 'SODIUM CITRATE', 'KG', '0.00068', '0.78000', '200.00000', '156.00000'),
('b55c373d-1a25-49bf-b485-1c4063b85378', 12, 'ac1d3912-b392-4748-bb8d-e37c3646c559', NULL, 'MR-250ML-21-00017', NULL, NULL, 'Product', 'Ven Product', '0a3e66f2-8e5d-40ea-914e-8348636144bc', 'HOTMELT', 'KG', '0.00380', '0.00000', NULL, NULL),
('b6d6dd59-448a-41c1-947c-84e35a11ab5d', 11, '263476fc-75a4-4437-bffb-09f2c2229970', NULL, 'CS-125ML-21-00005', NULL, NULL, 'Product', 'Ven Product', 'd58748ab-557f-473b-8208-4eb55be72890', 'MANGO FLAVOR 463S', 'KG', NULL, '12.00000', '1630.00000', '19560.00000'),
('b6dbedcb-56b0-46dc-adcb-9e9268196b10', 14, '935505c7-4577-4e19-8eed-f8a754890203', NULL, 'CS-125ML-21-00012', NULL, NULL, 'Product', 'Ven Product', 'd00f5a79-854e-433c-879f-b033783e25d3', 'POLYBAG', 'KG', '0.01000', '12.60000', '345.00000', '4347.00000'),
('b6f79c94-10ad-4bca-a063-da220274f7aa', 3, '03a75fae-d2a0-4995-9a12-53fdcdedfe11', NULL, 'MR-250ML-21-00019', NULL, NULL, 'Product', 'Ven Product', '18ec96b0-93c3-4d4b-9a14-7d637d33636e', 'CITRIC ACID', 'KG', '0.01350', '26.33850', '250.00000', '6584.62500'),
('b71fe92b-8a65-4c51-be59-2ffc0e995851', 17, '80ff0b1c-4da4-4113-8de6-684d9b1e1c9c', NULL, 'MR-250ML-21-00008', NULL, NULL, 'Product', 'Ven Product', '3ca12da4-93a5-4bb0-8120-98f696e1f758', 'TAPE SOLUTION', 'Pcs', '1.32800', '2746.00000', '1.50000', '4119.00000'),
('b87484a1-c537-4111-862a-adab4b4f29a0', 15, 'ce96a752-38ce-4eab-9750-a6c7f61bb5dd', NULL, 'MR-200ML-21-00004', NULL, NULL, 'Product', 'Ven Product', '0a3e66f2-8e5d-40ea-914e-8348636144bc', 'HOTMELT', 'KG', '0.00250', '0.85000', '1265.00000', '1075.25000'),
('b89de90d-f9b1-46fc-b32d-896f5fcff303', 16, 'fd698e3e-bfbc-4823-b502-10978440c3e0', NULL, 'MR-250ML-21-00007', NULL, NULL, 'Product', 'Ven Product', '0a3e66f2-8e5d-40ea-914e-8348636144bc', 'HOTMELT', 'KG', NULL, '5.00000', '1265.00000', '5859.73300'),
('b8bed288-3e1e-4c7e-933f-e1e87989b64d', 12, '03a75fae-d2a0-4995-9a12-53fdcdedfe11', NULL, 'MR-250ML-21-00019', NULL, NULL, 'Product', 'Ven Product', 'd58748ab-557f-473b-8208-4eb55be72890', 'MANGO FLAVOR 463S', 'KG', '0.00675', '13.16925', '1630.00000', '21465.87750'),
('b93b2069-d511-44dc-a75b-201f28d145c9', 5, 'd697d98b-c00d-40e1-8ea7-985b9f113f42', NULL, 'MR-250ML-21-00020', NULL, NULL, 'Product', 'Ven Product', '75b3f18e-55a5-459d-b839-77d37d3145e1', 'SODIUM CITRATE', 'KG', '0.00068', '0.75000', '200.00000', '150.00000'),
('b9b05747-2f2b-45d2-8d0b-e0eb46ff6bef', 8, '5f32dc5b-a044-45a8-94e3-0013886d2bcc', NULL, 'MR-250ML-21-00013', NULL, NULL, 'Product', 'Ven Product', '26ac4b22-28ea-49eb-97fc-18eb3cf10907', 'APPLE CONCENTRATE', 'KG', '0.08100', '220.00000', '380.00000', '83600.00000'),
('b9b25a21-4a10-4c92-b1b3-0455b341192b', 8, '313b84be-a2b5-4f97-a5cd-78c5606ee558', NULL, 'MR-250ML-21-00007', NULL, NULL, 'Product', 'Ven Product', '9e55e4ee-ed2d-41bd-974f-bf2e1378d78f', 'CMC (CHINA)', 'KG', '0.01080', '12.00000', '651.00000', '7812.00000'),
('ba2a8401-3701-423c-bd98-481db98bec1c', 15, '3f331745-466d-4eee-b5a7-2b8c9e0676b7', NULL, 'MR-250ML-21-00009', NULL, NULL, 'Product', 'Ven Product', '0a3e66f2-8e5d-40ea-914e-8348636144bc', 'HOTMELT', 'KG', '0.00380', '14.00000', '1265.00000', '17710.00000'),
('ba2aa982-3faa-4f66-911f-eec489e34724', 13, 'c4e8b8ff-47a1-49f6-957e-3e99a1008f80', NULL, 'CS-125ML-21-00010', NULL, NULL, 'Product', 'Ven Product', 'f598a2d8-bf18-420d-9b40-80f60d090c8d', '125ML-STRAW', 'Pcs', '24.00000', '37500.00000', '0.30000', '11250.00000'),
('bb336963-6bf3-43da-820e-a2ea6da361e9', 6, '1506f4da-9ab2-4798-b99e-6c35b862f405', NULL, 'MR-250ML-21-00006', NULL, NULL, 'Product', 'Ven Product', '6b0ddec9-6fa7-43cb-9112-7a1e4f622fe9', 'ASCORBIC ACID', 'KG', NULL, '1.36550', '1500.00000', '2048.25000'),
('bb77f7be-a567-49df-859e-94e8ffef265c', 6, '17ae33e5-edbf-473a-9722-3f3ff12665b4', NULL, 'MR-200ML-21-00011', NULL, NULL, 'Product', 'Ven Product', 'e36069a5-b88c-44f9-9856-f465e104a25d', 'SWEETENER', 'KG', '0.00072', '0.79000', '1008.00000', '796.32000'),
('bbf8f6c5-c8d5-4c92-b89d-fdd2fe780bb3', 9, '1506f4da-9ab2-4798-b99e-6c35b862f405', NULL, 'MR-250ML-21-00006', NULL, NULL, 'Product', 'Ven Product', 'eea5716d-010e-4d9a-90b6-1a3503f1ce25', 'XANTHAN GUM', 'KG', NULL, '4.09640', '630.00000', '2580.73200'),
('bbfbb88e-c0cf-4219-9242-4b667e7bfd5e', 1, 'ce96a752-38ce-4eab-9750-a6c7f61bb5dd', NULL, 'MR-200ML-21-00004', NULL, NULL, 'Service', 'Filling', '0', 'Gate Pass # 7424 & 7425', '1', NULL, '513.00000', '35.00000', '17955.00000'),
('bc36d131-68f2-44ae-8d02-550c6fd7fdf9', 4, '7112242d-8177-4e99-9b84-9259fc54fa9f', NULL, 'MR-200ML-21-00004', NULL, NULL, 'Product', 'Ven Product', '75b3f18e-55a5-459d-b839-77d37d3145e1', 'SODIUM CITRATE', 'KG', '0.00038', '2.56000', '200.00000', '512.00000'),
('bcac2190-62d4-482d-b15e-d71c9f5f5414', 16, '263476fc-75a4-4437-bffb-09f2c2229970', NULL, 'CS-125ML-21-00005', NULL, NULL, 'Product', 'Ven Product', '9d59003f-8e13-4ed7-9220-191effc4dd41', 'STRETCH FILM ROLL', 'KG', NULL, '600.00000', '3.50000', NULL),
('bd7b9ab8-32f0-44e7-a22d-2ce9e814f714', 1, '7112242d-8177-4e99-9b84-9259fc54fa9f', NULL, 'MR-200ML-21-00004', NULL, NULL, 'Service', 'Filling', '0', 'Gate Pass # 7425 & 7425', '1', NULL, '5553.00000', '35.00000', '194355.00000'),
('bdffad3c-56c9-4c21-94af-ebefdcac0439', 9, 'bde74393-f655-4d58-b232-a63cd8cb8e3d', NULL, 'MR-250ML-21-00014', NULL, NULL, 'Product', 'Ven Product', 'eea5716d-010e-4d9a-90b6-1a3503f1ce25', 'XANTHAN GUM', 'KG', '0.00270', '1.66050', '630.00000', '1046.11500'),
('be303eb3-cf22-4a31-b743-582398788ad6', 12, 'a39b182d-63cd-4f90-93ff-ec2b646a8d13', NULL, 'MR-250ML-21-00016', NULL, NULL, 'Product', 'Ven Product', '26ac4b22-28ea-49eb-97fc-18eb3cf10907', 'APPLE CONCENTRATE', 'KG', '0.06075', '120.00000', '380.00000', '45600.00000'),
('be662479-ba78-4d03-b499-ade3cf12499b', 9, 'dabc1a8d-47e5-4627-89c9-4a6b4ceca35c', NULL, 'CS-125ML-21-00002', NULL, NULL, 'Product', 'Ven Product', 'f598a2d8-bf18-420d-9b40-80f60d090c8d', '125ML-STRAW', 'Pcs', NULL, '152780.00000', '0.27000', '41250.60000'),
('bedd7104-2301-423e-b285-bd5918474d52', 10, 'dabc1a8d-47e5-4627-89c9-4a6b4ceca35c', NULL, 'CS-125ML-21-00002', NULL, NULL, 'Product', 'Ven Product', 'd00f5a79-854e-433c-879f-b033783e25d3', 'POLYBAG', 'KG', NULL, '63.67000', '270.00000', '17190.90000'),
('bf5540e1-2072-4ec1-86e9-1505a8ee20a9', 3, 'dabc1a8d-47e5-4627-89c9-4a6b4ceca35c', NULL, 'CS-125ML-21-00002', NULL, NULL, 'Product', 'Ven Product', '94feec8d-cdd7-4f0a-94ee-735836a021f0', 'SODIUM BENZOATE', 'KG', NULL, '3.20000', '295.00000', '944.00000'),
('c0146bfc-c6e7-4bb4-ba04-0decb2a9248b', 13, '1506f4da-9ab2-4798-b99e-6c35b862f405', NULL, 'MR-250ML-21-00006', NULL, NULL, 'Product', 'Ven Product', '2aaa995b-d5f6-42d2-a078-228ded1cc5da', '250ML-STRAW', 'Pcs', NULL, '56257.00000', '0.29000', '16314.53000'),
('c12069bb-d1b2-45b7-92de-20d10e92ec36', 2, 'a39b182d-63cd-4f90-93ff-ec2b646a8d13', NULL, 'MR-250ML-21-00016', NULL, NULL, 'Product', 'Own Product', 'ff37340f-a17f-4c24-9ccd-9d26c11f0232', 'MR-250ML-APPLE-PAPER', 'Pcs', '27.00000', '56646.00000', '5.74000', '325148.04000'),
('c180ef69-afcd-4035-a9d9-a06abc3028ed', 13, '8891e3bb-b9cd-4c4e-94db-346c5be8e458', NULL, 'MR-250ML-21-00006', NULL, NULL, 'Product', 'Ven Product', '2aaa995b-d5f6-42d2-a078-228ded1cc5da', '250ML-STRAW', 'Pcs', '36.00000', '87943.00000', '0.29000', '25503.47000'),
('c2917ce0-3878-4bf4-89f2-e7ef0c0fe664', 2, '80ff0b1c-4da4-4113-8de6-684d9b1e1c9c', NULL, 'MR-250ML-21-00008', NULL, NULL, 'Product', 'Own Product', 'c8d5d6f6-b614-4899-a78b-48fef22699e2', 'MR-250ML-ORANGE MANGO-PAPER', 'Pcs', '36.00000', '59256.00000', '5.07000', '300427.92000'),
('c3020783-afbb-497d-94ec-effe75779bb4', 5, '8891e3bb-b9cd-4c4e-94db-346c5be8e458', NULL, 'MR-250ML-21-00006', NULL, NULL, 'Product', 'Ven Product', '75b3f18e-55a5-459d-b839-77d37d3145e1', 'SODIUM CITRATE', 'KG', '0.00090', '2.13450', '200.00000', '426.90000'),
('c3899473-e054-4a7d-9520-e14e8a3e7312', 1, '17ae33e5-edbf-473a-9722-3f3ff12665b4', NULL, 'MR-200ML-21-00011', NULL, NULL, 'Product', 'Own Product', '1a94e739-6a47-4d58-bb4e-725c5375903c', '200ML-1X24-CARTON', 'Pcs', '1.00000', '1020.00000', '9.00000', '9180.00000'),
('c4759a63-3ad6-4b59-88d5-582cd0bcdac7', 1, '80ff0b1c-4da4-4113-8de6-684d9b1e1c9c', NULL, 'MR-250ML-21-00008', NULL, NULL, 'Product', 'Ven Product', '72b56809-0b30-4519-9614-ec21013f5229', 'MANGO PULP', 'KG', '0.45000', '750.00000', '75.00000', '56250.00000'),
('c5ccc71a-87e6-44e0-8a69-0f61c31f8429', 8, '2129769c-9134-4a15-b00d-0d814ab56144', NULL, 'MR-250ML-21-00021', NULL, NULL, 'Product', 'Ven Product', '9e55e4ee-ed2d-41bd-974f-bf2e1378d78f', 'CMC (CHINA)', 'KG', '0.01080', '18.00000', '683.00000', '12294.00000'),
('c64dcd03-12df-45c5-9cce-688dce597b0c', 15, '17ae33e5-edbf-473a-9722-3f3ff12665b4', NULL, 'MR-200ML-21-00011', NULL, NULL, 'Product', 'Ven Product', '0a3e66f2-8e5d-40ea-914e-8348636144bc', 'HOTMELT', 'KG', '0.00250', '2.74000', '1265.00000', '3466.10000'),
('c65991a0-e8ac-4853-bf42-1b77d49e6256', 4, 'a39b182d-63cd-4f90-93ff-ec2b646a8d13', NULL, 'MR-250ML-21-00016', NULL, NULL, 'Product', 'Ven Product', '75b3f18e-55a5-459d-b839-77d37d3145e1', 'SODIUM CITRATE', 'KG', '0.00068', '1.50000', '200.00000', '300.00000'),
('c66a2cac-fc4e-44f3-9174-a8f25141717e', 17, '3f331745-466d-4eee-b5a7-2b8c9e0676b7', NULL, 'MR-250ML-21-00009', NULL, NULL, 'Product', 'Ven Product', '9d59003f-8e13-4ed7-9220-191effc4dd41', 'STRETCH FILM ROLL', 'KG', '1.76400', '900.00000', '3.50000', '3150.00000'),
('c70c1f1f-1a12-41d7-9719-c13550ff608e', 1, '2129769c-9134-4a15-b00d-0d814ab56144', NULL, 'MR-250ML-21-00021', NULL, NULL, 'Service', 'Filling', '0', 'Gate Pass # 7767', 'Ctn', NULL, '1718.00000', '47.00000', '80746.00000'),
('c78a606e-a142-433f-a0e5-0dbc37341807', 16, '313b84be-a2b5-4f97-a5cd-78c5606ee558', NULL, 'MR-250ML-21-00007', NULL, NULL, 'Product', 'Ven Product', '0a3e66f2-8e5d-40ea-914e-8348636144bc', 'HOTMELT', 'KG', '0.00380', '5.00000', '1265.00000', '6325.00000'),
('c7cf6873-f219-4933-94a0-ec416a9c9247', 8, '17ae33e5-edbf-473a-9722-3f3ff12665b4', NULL, 'MR-200ML-21-00011', NULL, NULL, 'Product', 'Ven Product', 'eea5716d-010e-4d9a-90b6-1a3503f1ce25', 'XANTHAN GUM', 'KG', '0.00144', '1.54000', '630.00000', '970.20000'),
('c8a780bf-147b-4a93-b9eb-8b15f97bdc92', 10, 'ac1d3912-b392-4748-bb8d-e37c3646c559', NULL, 'MR-250ML-21-00017', NULL, NULL, 'Product', 'Ven Product', '2aaa995b-d5f6-42d2-a078-228ded1cc5da', '250ML-STRAW', 'Pcs', '36.00000', '48816.00000', '0.31000', '15132.96000'),
('c8e76c88-91b3-4fd6-9a6b-c47e44665f9f', 6, '935505c7-4577-4e19-8eed-f8a754890203', NULL, 'CS-125ML-21-00012', NULL, NULL, 'Product', 'Ven Product', 'e36069a5-b88c-44f9-9856-f465e104a25d', 'SWEETENER', 'KG', '0.00120', '1.51200', '1008.00000', '1524.09600'),
('c9bfa600-e2e7-4e47-9953-b6279fe9117f', 13, '03a75fae-d2a0-4995-9a12-53fdcdedfe11', NULL, 'MR-250ML-21-00019', NULL, NULL, 'Product', 'Ven Product', '2aaa995b-d5f6-42d2-a078-228ded1cc5da', '250ML-STRAW', 'Pcs', '36.00000', '70236.00000', '0.31000', '21773.16000'),
('ca667926-94f2-4902-8f34-bfe6ad5ed0b5', 8, '7112242d-8177-4e99-9b84-9259fc54fa9f', NULL, 'MR-200ML-21-00004', NULL, NULL, 'Product', 'Ven Product', 'eea5716d-010e-4d9a-90b6-1a3503f1ce25', 'XANTHAN GUM', 'KG', '0.00144', '7.76000', '630.00000', '4888.80000'),
('ca73d379-872d-4045-b0d7-6414e9963384', 1, 'a39b182d-63cd-4f90-93ff-ec2b646a8d13', NULL, 'MR-250ML-21-00016', NULL, NULL, 'Service', 'Filling', '0', 'Gate Pass # 7290', 'Tray', NULL, '2098.00000', '35.00000', '73430.00000'),
('ca9999bd-8767-4c0d-b031-8c9a00e7e3f3', 4, '3f331745-466d-4eee-b5a7-2b8c9e0676b7', NULL, 'MR-250ML-21-00009', NULL, NULL, 'Product', 'Ven Product', '94feec8d-cdd7-4f0a-94ee-735836a021f0', 'SODIUM BENZOATE', 'KG', '0.00180', '7.00000', '295.00000', '2065.00000'),
('ca99c2d9-9f9a-4374-9790-164873367d07', 8, '5f68f2a4-de07-4997-9cad-900ade7aceef', NULL, 'MR-200ML-21-00004', NULL, NULL, 'Product', 'Ven Product', 'eea5716d-010e-4d9a-90b6-1a3503f1ce25', 'XANTHAN GUM', 'KG', '0.00144', '0.72000', '630.00000', '453.60000'),
('cad4e446-0908-4988-93be-5eec1bd33757', 10, '263476fc-75a4-4437-bffb-09f2c2229970', NULL, 'CS-125ML-21-00005', NULL, NULL, 'Product', 'Ven Product', '72b56809-0b30-4519-9614-ec21013f5229', 'MANGO PULP', 'KG', NULL, '440.00000', '75.00000', '33000.00000'),
('caf429af-1b5e-44f4-82e9-80d056ba34b0', 18, '80ff0b1c-4da4-4113-8de6-684d9b1e1c9c', NULL, 'MR-250ML-21-00008', NULL, NULL, 'Product', 'Ven Product', '9d59003f-8e13-4ed7-9220-191effc4dd41', 'STRETCH FILM ROLL', 'KG', '1.76400', '600.00000', '1.86000', '1116.00000'),
('cbea2342-c66f-41fc-a457-dfee9b067b76', 15, '03a75fae-d2a0-4995-9a12-53fdcdedfe11', NULL, 'MR-250ML-21-00019', NULL, NULL, 'Product', 'Ven Product', '0a3e66f2-8e5d-40ea-914e-8348636144bc', 'HOTMELT', 'KG', '0.00380', '18.00000', '1265.00000', '22770.00000'),
('cc23f35a-04ad-47c8-9e65-7bb09f0766e2', 3, 'ce96a752-38ce-4eab-9750-a6c7f61bb5dd', NULL, 'MR-200ML-21-00004', NULL, NULL, 'Product', 'Ven Product', '94feec8d-cdd7-4f0a-94ee-735836a021f0', 'SODIUM BENZOATE', 'KG', '0.00096', '48.00000', '295.00000', '14160.00000'),
('ccac9f48-5f55-4af1-aa40-837f8eec2fe4', 7, 'a39b182d-63cd-4f90-93ff-ec2b646a8d13', NULL, 'MR-250ML-21-00016', NULL, NULL, 'Product', 'Ven Product', 'a698985e-880d-4ed4-aa99-8e7e7715d208', 'CARAMEL COLOR', 'KG', '0.06075', '3.60000', '260.00000', '936.00000'),
('cd1e0c51-c7b0-4a42-ab19-c09be96f72a4', 7, 'ce96a752-38ce-4eab-9750-a6c7f61bb5dd', NULL, 'MR-200ML-21-00004', NULL, NULL, 'Product', 'Ven Product', '9e55e4ee-ed2d-41bd-974f-bf2e1378d78f', 'CMC (CHINA)', 'KG', '0.00672', '3.24000', '651.00000', '2109.24000'),
('ce959aea-8951-42de-8e44-0a94bd04f2e9', 1, '23a5f014-9f10-499f-ad92-a8844aa67c01', NULL, 'MR-250ML-21-00015', NULL, NULL, 'Product', 'Ven Product', '72b56809-0b30-4519-9614-ec21013f5229', 'MANGO PULP', 'KG', '0.34425', '1167.90000', '75.00000', '87592.50000'),
('cece9ac0-b73e-4339-8784-ca10eb47f759', 2, 'c4e8b8ff-47a1-49f6-957e-3e99a1008f80', NULL, 'CS-125ML-21-00010', NULL, NULL, 'Product', 'Ven Product', '18ec96b0-93c3-4d4b-9a14-7d637d33636e', 'CITRIC ACID', 'KG', '0.00480', '8.00000', '250.00000', '2000.00000'),
('cee06dd6-3f3a-4ba9-966a-bc04296f4367', 5, '17ae33e5-edbf-473a-9722-3f3ff12665b4', NULL, 'MR-200ML-21-00011', NULL, NULL, 'Product', 'Ven Product', '6b0ddec9-6fa7-43cb-9112-7a1e4f622fe9', 'ASCORBIC ACID', 'KG', '0.00048', '0.51000', '1500.00000', '765.00000'),
('cfd9f5ba-3eda-4fe9-a1dd-543660897733', 11, '5f32dc5b-a044-45a8-94e3-0013886d2bcc', NULL, 'MR-250ML-21-00013', NULL, NULL, 'Product', 'Ven Product', 'd00f5a79-854e-433c-879f-b033783e25d3', 'POLYBAG', 'KG', '0.02800', '80.27600', '345.00000', '27695.22000'),
('cfe437c8-b0a4-45ac-a366-07c45ded012f', 2, 'bde74393-f655-4d58-b232-a63cd8cb8e3d', NULL, 'MR-250ML-21-00014', NULL, NULL, 'Product', 'Ven Product', '9a8eaeb7-7884-41b5-979b-390233831321', 'SUGAR', 'KG', '0.82800', '509.22000', '103.00000', '52449.66000'),
('d088007e-332c-426b-9b16-3522e2103cf4', 1, '2129769c-9134-4a15-b00d-0d814ab56144', NULL, 'MR-250ML-21-00021', NULL, NULL, 'Product', 'Ven Product', '72b56809-0b30-4519-9614-ec21013f5229', 'MANGO PULP', 'KG', '0.45000', '600.00000', '75.00000', '45000.00000'),
('d11297e2-bfb8-4b54-b371-25b578ce1f4f', 12, 'c4e8b8ff-47a1-49f6-957e-3e99a1008f80', NULL, 'CS-125ML-21-00010', NULL, NULL, 'Product', 'Ven Product', 'b72b0ce8-c2aa-4d81-ad3e-124b246d3c14', 'TARTRAZINE', 'KG', '0.00002', '0.03500', '2000.00000', '70.00000'),
('d117700f-06e7-443a-9b9d-1b56d6a955f8', 9, 'ce96a752-38ce-4eab-9750-a6c7f61bb5dd', NULL, 'MR-200ML-21-00004', NULL, NULL, 'Product', 'Ven Product', 'ca5318cc-d430-4336-9271-496edbcec9c1', 'SUNSET YELLOW COLOR', 'KG', '0.00043', '0.02000', '2000.00000', '40.00000');
INSERT INTO `inv_grn_wip_outsource` (`id`, `display`, `grn_id`, `mir_id`, `batch`, `project`, `type`, `category`, `name`, `prod_id`, `description`, `unit`, `pre_qty`, `qty`, `rate`, `amount`) VALUES
('d13578ca-f095-4f0b-b61e-1f3140da8592', 1, 'df5c27c6-84ed-4ddf-91a9-abf74535ddd3', NULL, 'CS-125ML-21-00001', NULL, NULL, 'Product', 'Ven Product', '9a8eaeb7-7884-41b5-979b-390233831321', 'SUGAR', 'KG', NULL, '1481.00000', '95.00000', '140695.00000'),
('d1d51ceb-e85d-4610-bbae-ef550e11b002', 1, '0a74fd7d-04f3-4887-a593-24f8453b7db9', NULL, 'MR-250ML-21-00018', NULL, NULL, 'Product', 'Own Product', 'ddbeb847-9738-424d-b5cd-817ea8c280f2', '250ML-1X27-CARTON', 'Pcs', '1.00000', '1125.00000', '9.50000', '10687.50000'),
('d20c974e-e69d-4cfe-a7b8-f4f7c247ec1d', 15, '8891e3bb-b9cd-4c4e-94db-346c5be8e458', NULL, 'MR-250ML-21-00006', NULL, NULL, 'Product', 'Ven Product', '0a3e66f2-8e5d-40ea-914e-8348636144bc', 'HOTMELT', 'KG', '0.00380', '10.67000', '1265.00000', '13497.55000'),
('d26d0311-1fdd-49c2-a163-89432df2ab22', 5, 'bde74393-f655-4d58-b232-a63cd8cb8e3d', NULL, 'MR-250ML-21-00014', NULL, NULL, 'Product', 'Ven Product', '75b3f18e-55a5-459d-b839-77d37d3145e1', 'SODIUM CITRATE', 'KG', '0.00090', '0.55350', '200.00000', '110.70000'),
('d6025c19-ade8-4c0b-811e-e724f4204230', 8, '263476fc-75a4-4437-bffb-09f2c2229970', NULL, 'CS-125ML-21-00005', NULL, NULL, 'Product', 'Ven Product', 'eea5716d-010e-4d9a-90b6-1a3503f1ce25', 'XANTHAN GUM', 'KG', NULL, '4.00000', '630.00000', '2520.00000'),
('d641020d-1b19-43ee-8e6d-5d0ca408e824', 3, 'df5c27c6-84ed-4ddf-91a9-abf74535ddd3', NULL, 'CS-125ML-21-00001', NULL, NULL, 'Product', 'Ven Product', '94feec8d-cdd7-4f0a-94ee-735836a021f0', 'SODIUM BENZOATE', 'KG', NULL, '4.00000', '295.00000', '1180.00000'),
('d655d14e-09f4-4ac2-8960-63d125e1a0f8', 4, 'ce96a752-38ce-4eab-9750-a6c7f61bb5dd', NULL, 'MR-200ML-21-00004', NULL, NULL, 'Product', 'Ven Product', '75b3f18e-55a5-459d-b839-77d37d3145e1', 'SODIUM CITRATE', 'KG', '0.00038', '0.24000', '200.00000', '48.00000'),
('d65e5ffc-09ea-472b-9d53-0411fbd1149c', 12, '263476fc-75a4-4437-bffb-09f2c2229970', NULL, 'CS-125ML-21-00005', NULL, NULL, 'Product', 'Ven Product', 'b72b0ce8-c2aa-4d81-ad3e-124b246d3c14', 'TARTRAZINE', 'KG', NULL, '0.14000', '2000.00000', '280.00000'),
('d66686ae-adce-46bf-84d1-33bddfcc02c0', 1, '17ae33e5-edbf-473a-9722-3f3ff12665b4', NULL, 'MR-200ML-21-00011', NULL, NULL, 'Product', 'Ven Product', '9a8eaeb7-7884-41b5-979b-390233831321', 'SUGAR', 'KG', '0.44160', '407.56000', '103.00000', '41978.68000'),
('d680f4a4-cc44-447c-aa94-53bf772dc33f', 11, '2129769c-9134-4a15-b00d-0d814ab56144', NULL, 'MR-250ML-21-00021', NULL, NULL, 'Product', 'Ven Product', '316f24b0-ddda-4ccc-bab7-9e40f4ed1d86', 'ORANGE CONCENTRATE', 'KG', '0.01800', '24.00000', '460.00000', '11040.00000'),
('d74a42bf-f64a-4d47-9311-2f6873e05143', 14, 'ce96a752-38ce-4eab-9750-a6c7f61bb5dd', NULL, 'MR-200ML-21-00004', NULL, NULL, 'Product', 'Ven Product', 'd00f5a79-854e-433c-879f-b033783e25d3', 'POLYBAG', 'KG', '0.01200', '6.17000', '270.00000', '1665.90000'),
('d7ec5a01-7d2f-4984-9300-e3e4446775d9', 5, 'ac1d3912-b392-4748-bb8d-e37c3646c559', NULL, 'MR-250ML-21-00017', NULL, NULL, 'Product', 'Ven Product', 'e36069a5-b88c-44f9-9856-f465e104a25d', 'SWEETENER', 'KG', '0.00099', '1.34244', '1008.00000', '1353.17952'),
('d8991166-f1c2-47f9-8013-0321110a6bf0', 11, '3f331745-466d-4eee-b5a7-2b8c9e0676b7', NULL, 'MR-250ML-21-00009', NULL, NULL, 'Product', 'Ven Product', 'b72b0ce8-c2aa-4d81-ad3e-124b246d3c14', 'TARTRAZINE', 'KG', '0.00010', '0.25000', '2000.00000', '500.00000'),
('d96551ce-0cb8-45f6-8ef1-593c352595df', 9, 'ac1d3912-b392-4748-bb8d-e37c3646c559', NULL, 'MR-250ML-21-00017', NULL, NULL, 'Product', 'Ven Product', 'aae77964-0163-4e37-b75e-1410512bc52b', 'GREEN APPLE FLAVOR', 'KG', '0.00450', '6.10200', '1300.00000', '7932.60000'),
('d986ae2b-e533-418e-ad8f-19ce62413f47', 6, 'df5c27c6-84ed-4ddf-91a9-abf74535ddd3', NULL, 'CS-125ML-21-00001', NULL, NULL, 'Product', 'Ven Product', 'e36069a5-b88c-44f9-9856-f465e104a25d', 'SWEETENER', 'KG', NULL, '10.00000', '982.00000', '9820.00000'),
('da055f68-444c-41a8-b5e0-0ce52d377037', 3, '23a5f014-9f10-499f-ad92-a8844aa67c01', NULL, 'MR-250ML-21-00015', NULL, NULL, 'Product', 'Ven Product', '18ec96b0-93c3-4d4b-9a14-7d637d33636e', 'CITRIC ACID', 'KG', '0.01013', '16.79000', '250.00000', '4197.50000'),
('da23bbae-ccff-4eda-942a-8956a6cd70d4', 3, '0a74fd7d-04f3-4887-a593-24f8453b7db9', NULL, 'MR-250ML-21-00018', NULL, NULL, 'Product', 'Ven Product', '94feec8d-cdd7-4f0a-94ee-735836a021f0', 'SODIUM BENZOATE', 'KG', '0.00122', '1.40000', '278.00000', '389.20000'),
('da30921b-864a-4f0b-9821-825a7a392d15', 2, 'a39b182d-63cd-4f90-93ff-ec2b646a8d13', NULL, 'MR-250ML-21-00016', NULL, NULL, 'Product', 'Ven Product', '18ec96b0-93c3-4d4b-9a14-7d637d33636e', 'CITRIC ACID', 'KG', '0.02025', '45.00000', '250.00000', '11250.00000'),
('da53f4f4-6374-4c24-b66b-641107da6bb1', 12, '0a74fd7d-04f3-4887-a593-24f8453b7db9', NULL, 'MR-250ML-21-00018', NULL, NULL, 'Product', 'Ven Product', '26ac4b22-28ea-49eb-97fc-18eb3cf10907', 'APPLE CONCENTRATE', 'KG', '0.06075', '70.16000', '380.00000', '26660.80000'),
('daabf021-a056-4868-88db-fe9ffad6d8ee', 2, '935505c7-4577-4e19-8eed-f8a754890203', NULL, 'CS-125ML-21-00012', NULL, NULL, 'Product', 'Ven Product', '18ec96b0-93c3-4d4b-9a14-7d637d33636e', 'CITRIC ACID', 'KG', '0.00480', '6.04800', '250.00000', '1512.00000'),
('dae0de46-015f-493c-98cc-c8213869fa01', 6, 'bde74393-f655-4d58-b232-a63cd8cb8e3d', NULL, 'MR-250ML-21-00014', NULL, NULL, 'Product', 'Ven Product', '6b0ddec9-6fa7-43cb-9112-7a1e4f622fe9', 'ASCORBIC ACID', 'KG', '0.00900', '2.50000', '1500.00000', '3750.00000'),
('db7e64ed-1af4-4591-b507-b124e026a04c', 8, 'dabc1a8d-47e5-4627-89c9-4a6b4ceca35c', NULL, 'CS-125ML-21-00002', NULL, NULL, 'Product', 'Ven Product', '26ac4b22-28ea-49eb-97fc-18eb3cf10907', 'APPLE CONCENTRATE', 'KG', NULL, '100.00000', '380.00000', '38000.00000'),
('dcf153a6-a602-4b82-ae55-c5775fd53284', 10, '2129769c-9134-4a15-b00d-0d814ab56144', NULL, 'MR-250ML-21-00021', NULL, NULL, 'Product', 'Ven Product', 'b72b0ce8-c2aa-4d81-ad3e-124b246d3c14', 'TARTRAZINE', 'KG', '0.00002', '0.03000', '2000.00000', '60.00000'),
('ddbf42a7-2b14-41da-a23b-0ee5a7f83920', 12, '80ff0b1c-4da4-4113-8de6-684d9b1e1c9c', NULL, 'MR-250ML-21-00008', NULL, NULL, 'Product', 'Ven Product', 'd58748ab-557f-473b-8208-4eb55be72890', 'MANGO FLAVOR 463S', 'KG', '0.00540', '9.00000', '1630.00000', '14670.00000'),
('de33f8d6-554d-4cfe-b317-7a5a996d6df9', 11, '0a74fd7d-04f3-4887-a593-24f8453b7db9', NULL, 'MR-250ML-21-00018', NULL, NULL, 'Product', 'Ven Product', '9d59003f-8e13-4ed7-9220-191effc4dd41', 'STRETCH FILM ROLL', 'KG', '0.28600', '199.84000', '4.50000', '899.28000'),
('ded08770-643b-4ed5-8095-faffdcb5662b', 11, 'df5c27c6-84ed-4ddf-91a9-abf74535ddd3', NULL, 'CS-125ML-21-00001', NULL, NULL, 'Product', 'Ven Product', 'd58748ab-557f-473b-8208-4eb55be72890', 'MANGO FLAVOR 463S', 'KG', NULL, '0.00000', '0.00000', '0.00000'),
('def41d52-c825-4ae1-8735-51e26417ebaf', 4, 'bde74393-f655-4d58-b232-a63cd8cb8e3d', NULL, 'MR-250ML-21-00014', NULL, NULL, 'Product', 'Ven Product', '94feec8d-cdd7-4f0a-94ee-735836a021f0', 'SODIUM BENZOATE', 'KG', '0.00180', '1.10700', '278.00000', '307.74600'),
('def86eb7-6196-46e9-ac3c-fb28443722ed', 8, 'ac1d3912-b392-4748-bb8d-e37c3646c559', NULL, 'MR-250ML-21-00017', NULL, NULL, 'Product', 'Ven Product', '26ac4b22-28ea-49eb-97fc-18eb3cf10907', 'APPLE CONCENTRATE', 'KG', '0.08100', '109.83600', '380.00000', '41737.68000'),
('dfbc6c5a-52bc-41f0-9444-36322caf171d', 8, 'd697d98b-c00d-40e1-8ea7-985b9f113f42', NULL, 'MR-250ML-21-00020', NULL, NULL, 'Product', 'Ven Product', '9e55e4ee-ed2d-41bd-974f-bf2e1378d78f', 'CMC (CHINA)', 'KG', '0.00945', '10.42000', '683.00000', '7116.86000'),
('e0a905a2-540d-4c2d-8c4f-6d68ba1c7339', 7, '3f331745-466d-4eee-b5a7-2b8c9e0676b7', NULL, 'MR-250ML-21-00009', NULL, NULL, 'Product', 'Ven Product', 'e36069a5-b88c-44f9-9856-f465e104a25d', 'SWEETENER', 'KG', '0.00130', '4.90000', '982.00000', '4811.80000'),
('e0b0fc53-6c85-4902-b711-91a4d4d8fedf', 5, '80ff0b1c-4da4-4113-8de6-684d9b1e1c9c', NULL, 'MR-250ML-21-00008', NULL, NULL, 'Product', 'Ven Product', '75b3f18e-55a5-459d-b839-77d37d3145e1', 'SODIUM CITRATE', 'KG', '0.00090', '1.50000', '200.00000', '300.00000'),
('e0d534ee-d629-4bd7-8da2-204cc58cb995', 7, 'c30a1527-9139-4a58-b70f-a952c5de95b7', NULL, 'CS-125ML-21-00003', NULL, NULL, 'Product', 'Ven Product', 'a698985e-880d-4ed4-aa99-8e7e7715d208', 'CARAMEL COLOR', 'KG', '0.00060', '2.50000', '260.00000', '650.00000'),
('e1132736-808c-4ff7-b397-47fabb2f5076', 13, 'df5c27c6-84ed-4ddf-91a9-abf74535ddd3', NULL, 'CS-125ML-21-00001', NULL, NULL, 'Product', 'Ven Product', 'f598a2d8-bf18-420d-9b40-80f60d090c8d', '125ML-STRAW', 'Pcs', NULL, '171670.00000', '0.27000', '46350.90000'),
('e2b7c39a-4991-4de3-bb5d-c0f44e43c156', 11, 'a39b182d-63cd-4f90-93ff-ec2b646a8d13', NULL, 'MR-250ML-21-00016', NULL, NULL, 'Product', 'Ven Product', '9d59003f-8e13-4ed7-9220-191effc4dd41', 'STRETCH FILM ROLL', 'KG', '0.08600', '600.00000', '4.50000', '2700.00000'),
('e3dbd194-1e05-4132-bfb5-7d07ab80645c', 1, '80ff0b1c-4da4-4113-8de6-684d9b1e1c9c', NULL, 'MR-250ML-21-00008', NULL, NULL, 'Service', 'Filling', '0', 'Gate Pass # 7393', 'Ctn', NULL, '1646.00000', '47.00000', '77362.00000'),
('e48d12bc-da1a-43b9-aba4-b82c69c147ec', 16, '17ae33e5-edbf-473a-9722-3f3ff12665b4', NULL, 'MR-200ML-21-00011', NULL, NULL, 'Product', 'Ven Product', '9d59003f-8e13-4ed7-9220-191effc4dd41', 'STRETCH FILM ROLL', 'KG', '0.10000', '211.17000', '4.50000', '950.26500'),
('e4cae740-5917-4b52-84ef-87e19b8b2c84', 1, '1506f4da-9ab2-4798-b99e-6c35b862f405', NULL, 'MR-250ML-21-00006', NULL, NULL, 'Product', 'Own Product', 'cb5a1a7d-9dc6-49b7-9711-c007985762a5', '250ML-1X36-CARTON', 'Pcs', NULL, '1534.00000', '24.50000', '37583.00000'),
('e5ccfd37-9d48-4447-b34e-11c7b3df7c52', 11, 'fd698e3e-bfbc-4823-b502-10978440c3e0', NULL, 'MR-250ML-21-00007', NULL, NULL, 'Product', 'Ven Product', '316f24b0-ddda-4ccc-bab7-9e40f4ed1d86', 'ORANGE CONCENTRATE', 'KG', NULL, '20.00000', '430.00000', '9435.06000'),
('e602a7ea-aa27-44e1-b1c5-7b6d85cad492', 10, 'ce96a752-38ce-4eab-9750-a6c7f61bb5dd', NULL, 'MR-200ML-21-00004', NULL, NULL, 'Product', 'Ven Product', 'b72b0ce8-c2aa-4d81-ad3e-124b246d3c14', 'TARTRAZINE', 'KG', '0.00034', '0.02000', '2000.00000', '40.00000'),
('e66b2e13-4474-4026-9f08-8592bdbd4707', 17, '8891e3bb-b9cd-4c4e-94db-346c5be8e458', NULL, 'MR-250ML-21-00006', NULL, NULL, 'Product', 'Ven Product', '9d59003f-8e13-4ed7-9220-191effc4dd41', 'STRETCH FILM ROLL', 'KG', '1.76400', '365.92000', '3.50000', '1280.72000'),
('e678fdf2-776a-4511-8705-8c388f58bf46', 6, 'dabc1a8d-47e5-4627-89c9-4a6b4ceca35c', NULL, 'CS-125ML-21-00002', NULL, NULL, 'Product', 'Ven Product', '9e55e4ee-ed2d-41bd-974f-bf2e1378d78f', 'CMC (CHINA)', 'KG', NULL, '20.00000', '651.00000', '13020.00000'),
('e8941bfe-54e0-44d8-a62d-26aeb03cb976', 9, '0a74fd7d-04f3-4887-a593-24f8453b7db9', NULL, 'MR-250ML-21-00018', NULL, NULL, 'Product', 'Ven Product', '0928fe94-c46c-4316-a575-63fd0530a665', '250ML-STRAW', 'Pcs', '27.00000', '31884.00000', '0.31000', '9884.04000'),
('e8d2dc02-6e44-4def-b2f6-7f43cd470508', 10, '0a74fd7d-04f3-4887-a593-24f8453b7db9', NULL, 'MR-250ML-21-00018', NULL, NULL, 'Product', 'Ven Product', 'd00f5a79-854e-433c-879f-b033783e25d3', 'POLYBAG', 'KG', '0.01400', '16.00000', '363.00000', '5808.00000'),
('e92b78f2-4c18-49bb-883f-e8fc2a7c3462', 1, '5f32dc5b-a044-45a8-94e3-0013886d2bcc', NULL, 'MR-250ML-21-00013', NULL, NULL, 'Product', 'Ven Product', '9a8eaeb7-7884-41b5-979b-390233831321', 'SUGAR', 'KG', '0.86400', '2477.08800', '103.00000', '255140.06400'),
('e94e0d23-f735-4fc6-8794-23dcccbe5ec8', 6, 'a39b182d-63cd-4f90-93ff-ec2b646a8d13', NULL, 'MR-250ML-21-00016', NULL, NULL, 'Product', 'Ven Product', '9e55e4ee-ed2d-41bd-974f-bf2e1378d78f', 'CMC (CHINA)', 'KG', '0.00810', '18.00000', '683.00000', '12294.00000'),
('e96cffbb-ad03-4de6-8471-10c6df6fe52a', 8, '8891e3bb-b9cd-4c4e-94db-346c5be8e458', NULL, 'MR-250ML-21-00006', NULL, NULL, 'Product', 'Ven Product', '9e55e4ee-ed2d-41bd-974f-bf2e1378d78f', 'CMC (CHINA)', 'KG', '0.01260', '29.88000', '651.00000', '19451.88000'),
('e9ca951a-6853-4fd9-94ae-593129ce2c72', 1, 'd697d98b-c00d-40e1-8ea7-985b9f113f42', NULL, 'MR-250ML-21-00020', NULL, NULL, 'Product', 'Own Product', 'a762acbf-7c99-4239-a236-2fb14836dc03', 'MR-250ML-MANGO-PAPER', 'Pcs', '27.00000', '28539.00000', '5.34242', '152467.32438'),
('eacf581e-0308-4c88-a568-29495121b6db', 12, 'ce96a752-38ce-4eab-9750-a6c7f61bb5dd', NULL, 'MR-200ML-21-00004', NULL, NULL, 'Product', 'Ven Product', 'd58748ab-557f-473b-8208-4eb55be72890', 'MANGO FLAVOR 463S', 'KG', '0.00360', '2.86000', '1630.00000', '4661.80000'),
('eaf1b361-240b-42ed-b3f1-72211f1d2aee', 1, 'ce96a752-38ce-4eab-9750-a6c7f61bb5dd', NULL, 'MR-200ML-21-00004', NULL, NULL, 'Product', 'Own Product', '1a94e739-6a47-4d58-bb4e-725c5375903c', '200ML-1X24-CARTON', 'Pcs', '1.00000', '513.00000', '9.00000', '4617.00000'),
('eb6b9bce-6336-44cb-8830-5e53e2802848', 9, '3f331745-466d-4eee-b5a7-2b8c9e0676b7', NULL, 'MR-250ML-21-00009', NULL, NULL, 'Product', 'Ven Product', 'eea5716d-010e-4d9a-90b6-1a3503f1ce25', 'XANTHAN GUM', 'KG', '0.00270', '10.50000', '630.00000', '6615.00000'),
('eb89dd8e-6f57-4ee6-8148-7f086b1d9219', 1, '1506f4da-9ab2-4798-b99e-6c35b862f405', NULL, 'MR-250ML-21-00006', NULL, NULL, 'Service', 'Filling', '0', 'Gate Pass # 7365', 'CARTON', NULL, '1534.00000', '47.00000', '72098.00000'),
('eb9b118a-e596-4aac-a3fa-6f6800cde0e1', 1, 'dabc1a8d-47e5-4627-89c9-4a6b4ceca35c', NULL, 'CS-125ML-21-00002', NULL, NULL, 'Product', 'Own Product', 'a3157a27-0e5c-41c1-a5c8-61b78fcacf62', '125ML-1X24-CARTON', 'Pcs', NULL, '6303.00000', '6.50000', '40969.50000'),
('ebe7e46b-69ef-4181-8c92-8ba4c18b6f70', 8, 'fd698e3e-bfbc-4823-b502-10978440c3e0', NULL, 'MR-250ML-21-00007', NULL, NULL, 'Product', 'Ven Product', '9e55e4ee-ed2d-41bd-974f-bf2e1378d78f', 'CMC (CHINA)', 'KG', NULL, '12.00000', '651.00000', '8570.54520'),
('ec12ca3e-bdab-4cec-9474-f682eb4a3f1e', 6, '5f68f2a4-de07-4997-9cad-900ade7aceef', NULL, 'MR-200ML-21-00004', NULL, NULL, 'Product', 'Ven Product', 'e36069a5-b88c-44f9-9856-f465e104a25d', 'SWEETENER', 'KG', '0.00072', '0.36000', '982.00000', '353.52000'),
('ec637e0f-7eef-4ba7-a0aa-2a95918e4732', 5, '5f32dc5b-a044-45a8-94e3-0013886d2bcc', NULL, 'MR-250ML-21-00013', NULL, NULL, 'Product', 'Ven Product', 'e36069a5-b88c-44f9-9856-f465e104a25d', 'SWEETENER', 'KG', '0.00099', '15.68000', '1008.00000', '15805.44000'),
('ed0635bb-9e80-4cf6-a0e1-f40198ca53a9', 15, '23a5f014-9f10-499f-ad92-a8844aa67c01', NULL, 'MR-250ML-21-00015', NULL, NULL, 'Product', 'Ven Product', '9d59003f-8e13-4ed7-9220-191effc4dd41', 'STRETCH FILM ROLL', 'KG', '0.28600', '200.00000', '4.50000', '900.00000'),
('edc6a5f7-96c8-4f38-a77b-1e341d1be070', 2, '17ae33e5-edbf-473a-9722-3f3ff12665b4', NULL, 'MR-200ML-21-00011', NULL, NULL, 'Product', 'Ven Product', '18ec96b0-93c3-4d4b-9a14-7d637d33636e', 'CITRIC ACID', 'KG', '0.00816', '7.86000', '250.00000', '1965.00000'),
('eed5efa9-60b2-4673-8cb3-4773f257ae89', 14, '1506f4da-9ab2-4798-b99e-6c35b862f405', NULL, 'MR-250ML-21-00006', NULL, NULL, 'Product', 'Ven Product', 'd00f5a79-854e-433c-879f-b033783e25d3', 'POLYBAG', 'KG', NULL, '56.25700', '315.00000', '17720.95500'),
('eed8a177-ef10-44dc-a69b-48bb9369f067', 3, 'c30a1527-9139-4a58-b70f-a952c5de95b7', NULL, 'CS-125ML-21-00003', NULL, NULL, 'Product', 'Ven Product', '94feec8d-cdd7-4f0a-94ee-735836a021f0', 'SODIUM BENZOATE', 'KG', '0.00048', '1.89648', '295.00000', '559.46160'),
('ef3da188-81dd-45c8-969a-0a5f03da4fbe', 12, '17ae33e5-edbf-473a-9722-3f3ff12665b4', NULL, 'MR-200ML-21-00011', NULL, NULL, 'Product', 'Ven Product', 'd58748ab-557f-473b-8208-4eb55be72890', 'MANGO FLAVOR 463S', 'KG', '0.00360', '3.63000', '1630.00000', '5916.90000'),
('efafb6af-63fa-4622-97fa-3de7d4ecd0ec', 1, '3f331745-466d-4eee-b5a7-2b8c9e0676b7', NULL, 'MR-250ML-21-00009', NULL, NULL, 'Product', 'Own Product', 'cb5a1a7d-9dc6-49b7-9711-c007985762a5', '250ML-1X36-CARTON', 'Pcs', '1.00000', '3598.00000', '24.50000', '88151.00000'),
('f003a108-1967-4397-ac68-f376e17ab459', 13, 'd697d98b-c00d-40e1-8ea7-985b9f113f42', NULL, 'MR-250ML-21-00020', NULL, NULL, 'Product', 'Ven Product', '0928fe94-c46c-4316-a575-63fd0530a665', '250ML-STRAW', 'Pcs', '27.00000', '30404.00000', '0.31000', '9425.24000'),
('f0f556bb-bf43-4b03-bea0-18817c48dcfe', 2, 'd697d98b-c00d-40e1-8ea7-985b9f113f42', NULL, 'MR-250ML-21-00020', NULL, NULL, 'Product', 'Ven Product', '9a8eaeb7-7884-41b5-979b-390233831321', 'SUGAR', 'KG', '0.63450', '676.34000', '103.00000', '69663.02000'),
('f16ce3a6-5513-474d-872c-3f685a051a3a', 15, '80ff0b1c-4da4-4113-8de6-684d9b1e1c9c', NULL, 'MR-250ML-21-00008', NULL, NULL, 'Product', 'Ven Product', 'd00f5a79-854e-433c-879f-b033783e25d3', 'POLYBAG', 'KG', '0.02800', '66.50000', '315.00000', '20947.50000'),
('f24bd8d9-8e7e-4dbc-a475-1ac97372fc73', 2, 'dabc1a8d-47e5-4627-89c9-4a6b4ceca35c', NULL, 'CS-125ML-21-00002', NULL, NULL, 'Product', 'Ven Product', '18ec96b0-93c3-4d4b-9a14-7d637d33636e', 'CITRIC ACID', 'KG', NULL, '56.00000', '200.00000', '11200.00000'),
('f44b87a1-91b6-4f3b-a8b0-31a82afe27ac', 6, '5f32dc5b-a044-45a8-94e3-0013886d2bcc', NULL, 'MR-250ML-21-00013', NULL, NULL, 'Product', 'Ven Product', '9e55e4ee-ed2d-41bd-974f-bf2e1378d78f', 'CMC (CHINA)', 'KG', '0.01080', '30.96360', '683.00000', '21148.13880'),
('f599cfb3-49e5-4593-8880-cedf9444488c', 1, '7112242d-8177-4e99-9b84-9259fc54fa9f', NULL, 'MR-200ML-21-00004', NULL, NULL, 'Product', 'Own Product', '1a94e739-6a47-4d58-bb4e-725c5375903c', '200ML-1X24-CARTON', 'Pcs', '1.00000', '5553.00000', '9.00000', '49977.00000'),
('f5c7776f-8874-4d55-8fe3-cbf03cdc881a', 1, '313b84be-a2b5-4f97-a5cd-78c5606ee558', NULL, 'MR-250ML-21-00007', NULL, NULL, 'Product', 'Own Product', 'cb5a1a7d-9dc6-49b7-9711-c007985762a5', '250ML-1X36-CARTON', 'Pcs', '1.00000', '1219.00000', '24.50000', '29865.50000'),
('f8d2bc9b-8ae0-42ad-84bf-40d229b7760e', 2, '0a74fd7d-04f3-4887-a593-24f8453b7db9', NULL, 'MR-250ML-21-00018', NULL, NULL, 'Product', 'Own Product', 'ff37340f-a17f-4c24-9ccd-9d26c11f0232', 'MR-250ML-APPLE-PAPER', 'Pcs', '27.00000', '30375.00000', '5.74000', '174352.50000'),
('fb4676aa-3107-4515-abc5-7682ba8413f4', 1, 'bde74393-f655-4d58-b232-a63cd8cb8e3d', NULL, 'MR-250ML-21-00014', NULL, NULL, 'Product', 'Ven Product', '72b56809-0b30-4519-9614-ec21013f5229', 'MANGO PULP', 'KG', '0.54000', '332.10000', '75.00000', '24907.50000'),
('fc14101f-5e09-483e-a62d-63c80589d4de', 2, '8891e3bb-b9cd-4c4e-94db-346c5be8e458', NULL, 'MR-250ML-21-00006', NULL, NULL, 'Product', 'Ven Product', '9a8eaeb7-7884-41b5-979b-390233831321', 'SUGAR', 'KG', '0.82800', '1963.77000', '95.00000', '186558.15000'),
('fc49330a-12bf-4668-aa45-438dcd6ac11b', 2, '5f68f2a4-de07-4997-9cad-900ade7aceef', NULL, 'MR-200ML-21-00004', NULL, NULL, 'Product', 'Ven Product', '18ec96b0-93c3-4d4b-9a14-7d637d33636e', 'CITRIC ACID', 'KG', '0.00816', '6.02000', '200.00000', '1204.00000'),
('fd1eb8e6-c451-4fa5-9d0e-33dba46c224e', 7, 'dabc1a8d-47e5-4627-89c9-4a6b4ceca35c', NULL, 'CS-125ML-21-00002', NULL, NULL, 'Product', 'Ven Product', 'a698985e-880d-4ed4-aa99-8e7e7715d208', 'CARAMEL COLOR', 'KG', NULL, '4.00000', '260.00000', '1040.00000'),
('fd808236-9643-47b8-86f9-5b4d450ae2ba', 16, 'bde74393-f655-4d58-b232-a63cd8cb8e3d', NULL, 'MR-250ML-21-00014', NULL, NULL, 'Product', 'Ven Product', '3ca12da4-93a5-4bb0-8120-98f696e1f758', 'TAPE SOLUTION', 'Pcs', '1.32800', '1423.62000', '1.80000', '2562.51600'),
('fe954c0b-70c8-4cba-9df4-b7112e7aeb77', 5, '5f68f2a4-de07-4997-9cad-900ade7aceef', NULL, 'MR-200ML-21-00004', NULL, NULL, 'Product', 'Ven Product', '6b0ddec9-6fa7-43cb-9112-7a1e4f622fe9', 'ASCORBIC ACID', 'KG', '0.00048', '0.23000', '1500.00000', '345.00000'),
('fee3d7fb-8768-462e-a745-4fbfd0a5da4d', 13, '23a5f014-9f10-499f-ad92-a8844aa67c01', NULL, 'MR-250ML-21-00015', NULL, NULL, 'Product', 'Ven Product', '0928fe94-c46c-4316-a575-63fd0530a665', '250ML-STRAW', 'Pcs', '27.00000', '78071.00000', '0.30000', '23421.30000'),
('ff0efa03-0f61-430e-8539-3e76d352a6d0', 11, 'c4e8b8ff-47a1-49f6-957e-3e99a1008f80', NULL, 'CS-125ML-21-00010', NULL, NULL, 'Product', 'Ven Product', 'd58748ab-557f-473b-8208-4eb55be72890', 'MANGO FLAVOR 463S', 'KG', '0.00180', '3.00000', '1630.00000', '4890.00000'),
('ff334e94-f839-42c0-b908-1ba936fa40ee', 7, '7112242d-8177-4e99-9b84-9259fc54fa9f', NULL, 'MR-200ML-21-00004', NULL, NULL, 'Product', 'Ven Product', '9e55e4ee-ed2d-41bd-974f-bf2e1378d78f', 'CMC (CHINA)', 'KG', '0.00672', '34.90000', '651.00000', '22719.90000');

-- --------------------------------------------------------

--
-- Table structure for table `inv_igp`
--

CREATE TABLE `inv_igp` (
  `id` varchar(36) COLLATE utf8mb4_unicode_ci NOT NULL,
  `pr_id` varchar(36) COLLATE utf8mb4_unicode_ci DEFAULT NULL,
  `po_id` varchar(36) COLLATE utf8mb4_unicode_ci DEFAULT NULL,
  `date` date DEFAULT NULL,
  `month` int(11) DEFAULT NULL,
  `ven_id` varchar(36) COLLATE utf8mb4_unicode_ci DEFAULT NULL,
  `warehouse` varchar(36) COLLATE utf8mb4_unicode_ci DEFAULT NULL,
  `status` varchar(32) COLLATE utf8mb4_unicode_ci DEFAULT NULL,
  `note` varchar(512) COLLATE utf8mb4_unicode_ci DEFAULT NULL,
  `do_ref` varchar(40) COLLATE utf8mb4_unicode_ci DEFAULT NULL,
  `veh_type` varchar(100) COLLATE utf8mb4_unicode_ci DEFAULT NULL,
  `delivery_man` varchar(40) COLLATE utf8mb4_unicode_ci DEFAULT NULL,
  `user_id` int(11) DEFAULT NULL,
  `last_update` datetime DEFAULT NULL,
  `update_user_id` int(11) DEFAULT NULL,
  `number` int(11) NOT NULL,
  `editable` int(11) NOT NULL DEFAULT 1,
  `company_id` varchar(36) COLLATE utf8mb4_unicode_ci NOT NULL,
  `created_at` date NOT NULL,
  `updated_at` date NOT NULL
) ENGINE=InnoDB DEFAULT CHARSET=utf8mb4 COLLATE=utf8mb4_unicode_ci;

--
-- Dumping data for table `inv_igp`
--

INSERT INTO `inv_igp` (`id`, `pr_id`, `po_id`, `date`, `month`, `ven_id`, `warehouse`, `status`, `note`, `do_ref`, `veh_type`, `delivery_man`, `user_id`, `last_update`, `update_user_id`, `number`, `editable`, `company_id`, `created_at`, `updated_at`) VALUES
('71532032-3a27-4ab2-b842-1834f6b3982b', NULL, '61dc76f2-2c65-4057-9325-f3bd151f68c5', '2021-02-06', 2102, '0dfa24c7-a9a3-423c-b995-bd88fff823b1', 'ae3b0fe8-5f4c-4327-8624-748d572e9c27', 'Completed', NULL, 'DA-21020728', NULL, 'Nadeem Goods Ali Raza', 45, NULL, 45, 1, 0, 'f9d0b90d-631a-4f45-982c-d8223bd65c0d', '2021-03-22', '2021-03-22'),
('0ec0f821-9395-498b-b66b-fba92bcb21c3', NULL, '61dc76f2-2c65-4057-9325-f3bd151f68c5', '2021-02-16', 2102, '0dfa24c7-a9a3-423c-b995-bd88fff823b1', 'ae3b0fe8-5f4c-4327-8624-748d572e9c27', 'Completed', NULL, NULL, NULL, 'Nadeem Goods Ali Raza', 45, NULL, 45, 2, 0, 'f9d0b90d-631a-4f45-982c-d8223bd65c0d', '2021-03-22', '2021-03-22'),
('fe857bf8-7673-4a87-b679-cddb16a17dca', NULL, '61dc76f2-2c65-4057-9325-f3bd151f68c5', '2021-02-25', 2102, '0dfa24c7-a9a3-423c-b995-bd88fff823b1', 'ae3b0fe8-5f4c-4327-8624-748d572e9c27', 'Completed', NULL, 'DA-21020837', NULL, 'Nadeem Good Ali Raza', 45, NULL, 45, 3, 0, 'f9d0b90d-631a-4f45-982c-d8223bd65c0d', '2021-03-22', '2021-03-22'),
('a80860ac-4189-4911-bc24-69f32f40251b', NULL, '61dc76f2-2c65-4057-9325-f3bd151f68c5', '2021-02-28', 2102, '0dfa24c7-a9a3-423c-b995-bd88fff823b1', 'ae3b0fe8-5f4c-4327-8624-748d572e9c27', 'Completed', NULL, NULL, NULL, 'Nadeem Goods Ali Raza', 45, NULL, 45, 4, 0, 'f9d0b90d-631a-4f45-982c-d8223bd65c0d', '2021-03-22', '2021-03-22'),
('50779112-cb9e-4a40-9ee6-4f23a6d9c0f1', NULL, 'c737e3ed-1809-4380-b841-3151ea984db8', '2021-03-13', 2103, '0dfa24c7-a9a3-423c-b995-bd88fff823b1', 'ae3b0fe8-5f4c-4327-8624-748d572e9c27', 'Completed', NULL, 'DA-21030944', NULL, 'Nadeem Goods Ali Raza', 45, NULL, 45, 5, 0, 'f9d0b90d-631a-4f45-982c-d8223bd65c0d', '2021-03-22', '2021-03-22'),
('68e7441c-d167-456a-83c8-d15badae6666', NULL, 'dde152e1-e136-4ceb-bf7a-478efca05703', '2021-02-06', 2102, '5b092654-c987-40f9-9185-194ae46edad5', 'ae3b0fe8-5f4c-4327-8624-748d572e9c27', 'Completed', NULL, '1988', NULL, NULL, 45, NULL, 45, 6, 0, 'f9d0b90d-631a-4f45-982c-d8223bd65c0d', '2021-03-22', '2021-03-22'),
('6581cb9e-9cab-46b4-9a5e-7db105a5a66a', NULL, 'dde152e1-e136-4ceb-bf7a-478efca05703', '2021-02-08', 2102, '5b092654-c987-40f9-9185-194ae46edad5', 'ae3b0fe8-5f4c-4327-8624-748d572e9c27', 'Completed', NULL, '1989', NULL, NULL, 45, NULL, 45, 7, 0, 'f9d0b90d-631a-4f45-982c-d8223bd65c0d', '2021-03-22', '2021-03-22'),
('c947cf57-0947-443c-bcd2-3ade249f6ea0', NULL, 'dde152e1-e136-4ceb-bf7a-478efca05703', '2021-03-09', 2103, '5b092654-c987-40f9-9185-194ae46edad5', 'ae3b0fe8-5f4c-4327-8624-748d572e9c27', 'Completed', NULL, '1991', NULL, NULL, 45, NULL, 45, 8, 0, 'f9d0b90d-631a-4f45-982c-d8223bd65c0d', '2021-03-22', '2021-03-22'),
('a9a3108f-eb34-4257-8b5d-37d326ea8550', NULL, 'dde152e1-e136-4ceb-bf7a-478efca05703', '2021-02-11', 2102, '5b092654-c987-40f9-9185-194ae46edad5', 'ae3b0fe8-5f4c-4327-8624-748d572e9c27', 'Completed', NULL, '2052', NULL, NULL, 45, NULL, 45, 9, 0, 'f9d0b90d-631a-4f45-982c-d8223bd65c0d', '2021-03-22', '2021-03-22'),
('a47936e3-b02d-48e8-a76e-c0c1d70f016f', NULL, 'dde152e1-e136-4ceb-bf7a-478efca05703', '2021-02-16', 2102, '5b092654-c987-40f9-9185-194ae46edad5', 'ae3b0fe8-5f4c-4327-8624-748d572e9c27', 'Completed', NULL, '2059', NULL, NULL, 45, NULL, 45, 10, 0, 'f9d0b90d-631a-4f45-982c-d8223bd65c0d', '2021-03-22', '2021-03-22'),
('3c7881de-7626-4131-a65f-bae0fe2a547c', NULL, 'dde152e1-e136-4ceb-bf7a-478efca05703', '2021-03-17', 2103, '5b092654-c987-40f9-9185-194ae46edad5', 'ae3b0fe8-5f4c-4327-8624-748d572e9c27', 'Completed', NULL, '2064', NULL, NULL, 45, NULL, 45, 11, 0, 'f9d0b90d-631a-4f45-982c-d8223bd65c0d', '2021-03-22', '2021-03-22'),
('e89f073e-a8c8-49f2-8cdf-0dfe58aa0de0', NULL, 'dde152e1-e136-4ceb-bf7a-478efca05703', '2021-03-21', 2103, '5b092654-c987-40f9-9185-194ae46edad5', 'ae3b0fe8-5f4c-4327-8624-748d572e9c27', 'Completed', NULL, '2077', NULL, NULL, 45, NULL, 45, 12, 0, 'f9d0b90d-631a-4f45-982c-d8223bd65c0d', '2021-03-22', '2021-03-22'),
('43568170-9701-4a3b-9f6a-19a4383f7632', NULL, 'dde152e1-e136-4ceb-bf7a-478efca05703', '2021-02-22', 2102, '5b092654-c987-40f9-9185-194ae46edad5', 'ae3b0fe8-5f4c-4327-8624-748d572e9c27', 'Completed', NULL, '2081', NULL, NULL, 45, NULL, 45, 13, 0, 'f9d0b90d-631a-4f45-982c-d8223bd65c0d', '2021-03-22', '2021-03-22'),
('4e1d6180-7573-444c-9df5-07aa86232f7f', NULL, 'dde152e1-e136-4ceb-bf7a-478efca05703', '2021-03-25', 2103, '5b092654-c987-40f9-9185-194ae46edad5', 'ae3b0fe8-5f4c-4327-8624-748d572e9c27', 'Completed', NULL, '2096', NULL, NULL, 45, NULL, 45, 14, 0, 'f9d0b90d-631a-4f45-982c-d8223bd65c0d', '2021-03-22', '2021-03-22'),
('688d594b-1246-4d87-b9ff-24f3b52ba1c7', NULL, 'dde152e1-e136-4ceb-bf7a-478efca05703', '2021-02-27', 2102, '5b092654-c987-40f9-9185-194ae46edad5', 'ae3b0fe8-5f4c-4327-8624-748d572e9c27', 'Completed', NULL, '2106', NULL, NULL, 45, NULL, 45, 15, 0, 'f9d0b90d-631a-4f45-982c-d8223bd65c0d', '2021-03-22', '2021-03-22'),
('43126046-fdc6-4f27-bdf2-7ded1552e059', NULL, 'dde152e1-e136-4ceb-bf7a-478efca05703', '2021-02-27', 2102, '5b092654-c987-40f9-9185-194ae46edad5', 'ae3b0fe8-5f4c-4327-8624-748d572e9c27', 'Completed', NULL, '2117', NULL, NULL, 45, NULL, 45, 16, 0, 'f9d0b90d-631a-4f45-982c-d8223bd65c0d', '2021-03-22', '2021-03-22'),
('c313b60a-10a9-4836-96cc-09d3dbf02168', NULL, '5f708878-b704-4abe-88e0-a83f3ad9a219', '2021-03-23', 2103, '5b092654-c987-40f9-9185-194ae46edad5', 'ae3b0fe8-5f4c-4327-8624-748d572e9c27', 'Completed', NULL, '\'0022 & \'0023', 'LES-3380', 'Noon Driver', 45, NULL, 45, 17, 0, 'f9d0b90d-631a-4f45-982c-d8223bd65c0d', '2021-03-29', '2021-03-29'),
('3715e02c-022b-4acc-b24a-875d3fc2183f', NULL, '5f708878-b704-4abe-88e0-a83f3ad9a219', '2021-03-24', 2103, '5b092654-c987-40f9-9185-194ae46edad5', 'ae3b0fe8-5f4c-4327-8624-748d572e9c27', 'Completed', 'AAA', '\'0026', 'LES-3380', 'Noor Driver', 45, NULL, 45, 18, 0, 'f9d0b90d-631a-4f45-982c-d8223bd65c0d', '2021-03-29', '2021-03-29'),
('ebec9527-ea5f-42d7-9443-cb77daac79d3', NULL, '5f708878-b704-4abe-88e0-a83f3ad9a219', '2021-03-25', 2103, '5b092654-c987-40f9-9185-194ae46edad5', 'ae3b0fe8-5f4c-4327-8624-748d572e9c27', 'Completed', 'AAA', '\'0031', 'LES-3380', 'Noor', 45, NULL, 45, 19, 0, 'f9d0b90d-631a-4f45-982c-d8223bd65c0d', '2021-03-29', '2021-03-29'),
('3a80c3a2-033f-4231-a06a-fd8783722495', NULL, '5f708878-b704-4abe-88e0-a83f3ad9a219', '2021-03-26', 2103, '5b092654-c987-40f9-9185-194ae46edad5', 'ae3b0fe8-5f4c-4327-8624-748d572e9c27', 'Completed', 'Total Received 3275 \r\nBalance 133 added in new PO.', '\'0033', 'LES-3380', 'Noor', 45, NULL, 45, 20, 0, 'f9d0b90d-631a-4f45-982c-d8223bd65c0d', '2021-03-29', '2021-03-29'),
('1667ae6a-c13f-407c-b306-4ecc3bc096d8', NULL, '85f13647-011d-4342-bae8-3f12e8346552', '2021-03-26', 2103, '5b092654-c987-40f9-9185-194ae46edad5', 'ae3b0fe8-5f4c-4327-8624-748d572e9c27', 'Hold', 'Exceed quantity of PO # 2103-0004', '\'0033', 'LES-3380', 'Noor', 45, NULL, 45, 21, 0, 'f9d0b90d-631a-4f45-982c-d8223bd65c0d', '2021-03-29', '2021-03-29'),
('cca736a1-622f-4ef2-ab5a-76018f3951e8', NULL, 'c737e3ed-1809-4380-b841-3151ea984db8', '2021-03-25', 2103, '0dfa24c7-a9a3-423c-b995-bd88fff823b1', 'ae3b0fe8-5f4c-4327-8624-748d572e9c27', 'Completed', 'AAA', 'DA-21031000-OFF', 'LES-8777', 'Nadeem Goods Ali Raza', 45, NULL, 45, 22, 0, 'f9d0b90d-631a-4f45-982c-d8223bd65c0d', '2021-03-29', '2021-03-29'),
('db0494bd-9682-4c8d-a416-7afe39e7711d', NULL, 'c737e3ed-1809-4380-b841-3151ea984db8', '2021-03-29', 2103, '0dfa24c7-a9a3-423c-b995-bd88fff823b1', 'ae3b0fe8-5f4c-4327-8624-748d572e9c27', 'Completed', NULL, 'DA-21031017-OFF', 'LES-8777', 'Nadeem Good ALi Raza', 45, NULL, 45, 23, 0, 'f9d0b90d-631a-4f45-982c-d8223bd65c0d', '2021-03-31', '2021-03-31'),
('c826dc23-2ed1-4a5c-884c-b80d66606c04', NULL, 'e0a166e5-3489-4aa8-814e-062db39702a6', '2021-03-31', 2103, '5b092654-c987-40f9-9185-194ae46edad5', 'ae3b0fe8-5f4c-4327-8624-748d572e9c27', 'Completed', 'AAA', '\'0054', 'LES-7056', 'Faiz Shah', 45, NULL, 45, 24, 0, 'f9d0b90d-631a-4f45-982c-d8223bd65c0d', '2021-04-01', '2021-04-01'),
('fd65208e-e6b4-4a8e-b6c9-1ef8bc5e6c22', NULL, '4dea9852-d33b-4a98-8e26-42209a2b6d87', '2021-04-01', 2104, '5b092654-c987-40f9-9185-194ae46edad5', 'ae3b0fe8-5f4c-4327-8624-748d572e9c27', 'Completed', 'AAA', '0056', NULL, NULL, 45, NULL, 45, 34, 0, 'f9d0b90d-631a-4f45-982c-d8223bd65c0d', '2021-05-23', '2021-05-23'),
('31a38e5e-46be-4701-abfb-d8303881de2e', NULL, '990a813a-216c-489e-a72c-36d2135d416b', '2021-05-24', 2105, '5b092654-c987-40f9-9185-194ae46edad5', 'ae3b0fe8-5f4c-4327-8624-748d572e9c27', 'Completed', NULL, 'demo', 'demo', 'demo', 8, NULL, 8, 35, 0, 'f9d0b90d-631a-4f45-982c-d8223bd65c0d', '2021-05-24', '2021-05-24'),
('ac9173a9-7a96-4a51-aaea-5005a6a1e9cd', NULL, NULL, '2021-05-25', 2105, '0dfa24c7-a9a3-423c-b995-bd88fff823b1', 'ae3b0fe8-5f4c-4327-8624-748d572e9c27', 'Completed', 'SR NO. DA-21051249-OFF', 'DA-21051249-OFF', '8777-LE', 'IKHTIYAR DRIVER', 49, NULL, 49, 36, 0, 'f9d0b90d-631a-4f45-982c-d8223bd65c0d', '2021-05-25', '2021-05-25'),
('a5ab48a4-5267-4ca6-a088-0470bb813e6a', NULL, 'c737e3ed-1809-4380-b841-3151ea984db8', '2021-05-24', 2105, '0dfa24c7-a9a3-423c-b995-bd88fff823b1', 'ae3b0fe8-5f4c-4327-8624-748d572e9c27', 'Completed', 'AAA', 'DA-21051249-OFF', NULL, 'Ali Raza Nadeem Goods', 45, NULL, 45, 37, 0, 'f9d0b90d-631a-4f45-982c-d8223bd65c0d', '2021-05-25', '2021-05-25'),
('48af5020-1a19-4597-9d30-b17166afbb9e', NULL, '5acb0a82-6ef3-4052-a6b6-253252154926', '2021-07-05', 2021, '5b092654-c987-40f9-9185-194ae46edad5', 'ae3b0fe8-5f4c-4327-8624-748d572e9c27', 'Completed', 'igp note', 'do ref', 'veh-000', 'boy', 8, NULL, 8, 1, 0, 'f9d0b90d-631a-4f45-982c-d8223bd65c0d', '2021-07-05', '2021-07-05'),
('8abd9675-0c75-4bb6-a7da-fd16268454e8', NULL, NULL, '2021-07-07', 2021, NULL, 'ae3b0fe8-5f4c-4327-8624-748d572e9c27', 'Hold', 'purchase detail', '1122', '1', 'boss', 8, NULL, 8, 2, 1, 'f9d0b90d-631a-4f45-982c-d8223bd65c0d', '2021-07-08', '2021-07-08'),
('34203195-ed71-4a9d-a709-5b5188ef3205', NULL, NULL, '2021-07-08', 2021, '0dfa24c7-a9a3-423c-b995-bd88fff823b1', 'ae3b0fe8-5f4c-4327-8624-748d572e9c27', 'Hold', NULL, NULL, NULL, NULL, 8, NULL, 8, 3, 1, 'f9d0b90d-631a-4f45-982c-d8223bd65c0d', '2021-07-08', '2021-07-08'),
('b4ab10a2-2ac7-4c15-8f82-34cf8a818cfc', NULL, 'c737e3ed-1809-4380-b841-3151ea984db8', '2021-07-08', 2021, '0dfa24c7-a9a3-423c-b995-bd88fff823b1', 'ae3b0fe8-5f4c-4327-8624-748d572e9c27', 'Hold', 'adfadfdafdfdfff', 'adfa', '12', 'boss', 8, NULL, 8, 4, 0, 'f9d0b90d-631a-4f45-982c-d8223bd65c0d', '2021-07-08', '2021-07-08'),
('bfe9ae8f-da54-4315-b801-b8caae5138fb', NULL, 'c737e3ed-1809-4380-b841-3151ea984db8', '2021-07-08', 2021, '0dfa24c7-a9a3-423c-b995-bd88fff823b1', 'ae3b0fe8-5f4c-4327-8624-748d572e9c27', 'Hold', 'adfadfdafdfdfff', 'adfa', '12', 'boss', 8, NULL, 8, 5, 0, 'f9d0b90d-631a-4f45-982c-d8223bd65c0d', '2021-07-08', '2021-07-08'),
('61d98afb-51f9-4b7e-be3b-6ec65a6ebc50', NULL, 'eb82b351-5927-4aad-8a8f-514f24bcc3cf', '2021-08-06', 2021, '0dfa24c7-a9a3-423c-b995-bd88fff823b1', 'ae3b0fe8-5f4c-4327-8624-748d572e9c27', 'Completed', 'today 1', NULL, NULL, 'Boss', 8, NULL, 8, 6, 0, 'f9d0b90d-631a-4f45-982c-d8223bd65c0d', '2021-08-06', '2021-08-06'),
('2d568f51-a82f-4bc7-8d64-2aa9395a29f0', NULL, '5cc78117-fea9-48cc-8e0a-b96544a364d6', '2021-08-06', 2021, '0dfa24c7-a9a3-423c-b995-bd88fff823b1', 'ae3b0fe8-5f4c-4327-8624-748d572e9c27', 'Hold', 'today 2', NULL, '113', 'boss', 8, NULL, 8, 7, 0, 'f9d0b90d-631a-4f45-982c-d8223bd65c0d', '2021-08-06', '2021-08-06'),
('692a3e66-ec51-43ba-9d21-21ece01892af', NULL, NULL, '2021-08-06', 2021, '0dfa24c7-a9a3-423c-b995-bd88fff823b1', 'ae3b0fe8-5f4c-4327-8624-748d572e9c27', 'Hold', 'check 1', '123', NULL, 'helloMan', 8, NULL, 8, 8, 1, 'f9d0b90d-631a-4f45-982c-d8223bd65c0d', '2021-08-06', '2021-08-06'),
('1c616ce9-f724-4dd3-adc4-47f2cc6a49fa', NULL, 'eb82b351-5927-4aad-8a8f-514f24bcc3cf', '2021-08-06', 2021, '0dfa24c7-a9a3-423c-b995-bd88fff823b1', 'ae3b0fe8-5f4c-4327-8624-748d572e9c27', 'Completed', 'check2', NULL, '001', 'Iefan', 8, NULL, 8, 9, 0, 'f9d0b90d-631a-4f45-982c-d8223bd65c0d', '2021-08-06', '2021-08-06'),
('cb957632-d13c-4209-8057-e96b2837a7bf', NULL, 'df815bd3-7825-43bd-9cf5-a2a59e67226f', '2021-08-06', 2021, '093b47d6-62c9-4086-a15f-4fd5d8487dea', 'ae3b0fe8-5f4c-4327-8624-748d572e9c27', 'Completed', 'check3', '1', NULL, 'Ahmad', 8, NULL, 8, 10, 0, 'f9d0b90d-631a-4f45-982c-d8223bd65c0d', '2021-08-06', '2021-08-06'),
('f89145dc-b3d7-4b36-b3cb-38be6d176faa', NULL, 'eb82b351-5927-4aad-8a8f-514f24bcc3cf', '2021-08-06', 2021, '0dfa24c7-a9a3-423c-b995-bd88fff823b1', 'ae3b0fe8-5f4c-4327-8624-748d572e9c27', 'Completed', 'order 40', '456', '3', 'Saem', 8, NULL, 8, 11, 0, 'f9d0b90d-631a-4f45-982c-d8223bd65c0d', '2021-08-06', '2021-08-06'),
('3ba485b7-fda0-47f8-bf7e-87de52a817e8', NULL, 'eb82b351-5927-4aad-8a8f-514f24bcc3cf', '2021-08-06', 2021, '0dfa24c7-a9a3-423c-b995-bd88fff823b1', 'ae3b0fe8-5f4c-4327-8624-748d572e9c27', 'Completed', 'mix mango and fruit 2', '004', '004', 'Anas', 8, NULL, 8, 12, 0, 'f9d0b90d-631a-4f45-982c-d8223bd65c0d', '2021-08-06', '2021-08-06'),
('25f0e2d7-561d-405a-b1fe-5c9d26a709f5', NULL, NULL, '2021-08-06', 2021, '0dfa24c7-a9a3-423c-b995-bd88fff823b1', 'ea05b523-f673-4b0a-af93-4696ef68589a', 'Hold', 'deliver by basit Ali', NULL, NULL, 'Basit Ali', 8, NULL, 8, 13, 1, 'f9d0b90d-631a-4f45-982c-d8223bd65c0d', '2021-08-06', '2021-08-06'),
('765761a3-e183-4acf-ad94-d24e83100234', NULL, 'eb82b351-5927-4aad-8a8f-514f24bcc3cf', '2021-08-06', 2021, '0dfa24c7-a9a3-423c-b995-bd88fff823b1', 'ae3b0fe8-5f4c-4327-8624-748d572e9c27', 'Completed', 'delivered by haroon', NULL, NULL, 'Haroon', 8, NULL, 8, 14, 0, 'f9d0b90d-631a-4f45-982c-d8223bd65c0d', '2021-08-06', '2021-08-06'),
('4fcd42a5-ae49-4b99-96a2-738ce942831a', NULL, 'eb82b351-5927-4aad-8a8f-514f24bcc3cf', '2021-08-06', 2021, '0dfa24c7-a9a3-423c-b995-bd88fff823b1', 'ae3b0fe8-5f4c-4327-8624-748d572e9c27', 'Completed', 'zzzzzz', NULL, NULL, 'Zohaib', 8, NULL, 8, 15, 0, 'f9d0b90d-631a-4f45-982c-d8223bd65c0d', '2021-08-06', '2021-08-06'),
('9de07fbb-ced0-4f6f-9951-18291e26b131', NULL, 'eb82b351-5927-4aad-8a8f-514f24bcc3cf', '2021-08-09', 2021, '0dfa24c7-a9a3-423c-b995-bd88fff823b1', 'ea05b523-f673-4b0a-af93-4696ef68589a', 'Completed', 'check transaction in inventories correct or not', NULL, '0004', 'Kashif Ali', 8, NULL, 8, 16, 0, 'f9d0b90d-631a-4f45-982c-d8223bd65c0d', '2021-08-09', '2021-08-09');

-- --------------------------------------------------------

--
-- Table structure for table `inv_igp_attachments`
--

CREATE TABLE `inv_igp_attachments` (
  `id` varchar(36) COLLATE utf8mb4_unicode_ci NOT NULL,
  `igp_id` varchar(36) COLLATE utf8mb4_unicode_ci DEFAULT NULL,
  `file` varchar(100) COLLATE utf8mb4_unicode_ci NOT NULL,
  `created_at` timestamp NULL DEFAULT NULL,
  `updated_at` timestamp NULL DEFAULT NULL
) ENGINE=InnoDB DEFAULT CHARSET=utf8mb4 COLLATE=utf8mb4_unicode_ci;

-- --------------------------------------------------------

--
-- Table structure for table `inv_igp_details`
--

CREATE TABLE `inv_igp_details` (
  `id` varchar(36) COLLATE utf8mb4_unicode_ci NOT NULL,
  `igp_id` varchar(36) COLLATE utf8mb4_unicode_ci DEFAULT NULL,
  `po_id` varchar(36) COLLATE utf8mb4_unicode_ci DEFAULT NULL,
  `prod_id` varchar(36) COLLATE utf8mb4_unicode_ci DEFAULT NULL,
  `description` varchar(250) COLLATE utf8mb4_unicode_ci DEFAULT NULL,
  `unit` varchar(12) COLLATE utf8mb4_unicode_ci DEFAULT NULL,
  `rate` decimal(15,5) DEFAULT NULL,
  `qty_order` decimal(12,5) DEFAULT NULL,
  `qty_received` decimal(12,5) DEFAULT NULL,
  `amount` decimal(12,5) DEFAULT NULL,
  `required_date` date DEFAULT NULL,
  `packing_detail` varchar(250) COLLATE utf8mb4_unicode_ci DEFAULT NULL,
  `created_at` timestamp NULL DEFAULT NULL,
  `updated_at` timestamp NULL DEFAULT NULL,
  `po_detail_id` varchar(36) COLLATE utf8mb4_unicode_ci NOT NULL,
  `base_rate` decimal(12,5) DEFAULT NULL,
  `display` int(11) DEFAULT NULL
) ENGINE=InnoDB DEFAULT CHARSET=utf8mb4 COLLATE=utf8mb4_unicode_ci;

--
-- Dumping data for table `inv_igp_details`
--

INSERT INTO `inv_igp_details` (`id`, `igp_id`, `po_id`, `prod_id`, `description`, `unit`, `rate`, `qty_order`, `qty_received`, `amount`, `required_date`, `packing_detail`, `created_at`, `updated_at`, `po_detail_id`, `base_rate`, `display`) VALUES
('027cf3b1-0d95-4326-815c-8414858c3250', 'db0494bd-9682-4c8d-a416-7afe39e7711d', NULL, 'dbc1529a-cfee-484d-b9c4-8cbb45d30ca3', 'CS-125ML-MIX FRUIT-PAPER', 'Pcs', NULL, '221714.00000', '0.00000', NULL, NULL, 'REEL', NULL, NULL, 'f3b539ab-e4d0-4d5a-a143-809c0518d4f5', '3.67000', NULL),
('02b69121-0094-49b9-a195-6e1a6a0412c1', 'cb957632-d13c-4209-8057-e96b2837a7bf', 'df815bd3-7825-43bd-9cf5-a2a59e67226f', 'a3157a27-0e5c-41c1-a5c8-61b78fcacf62', '125ML-1X24-CARTON', 'Pcs', '50.00000', '25.00000', '25.00000', '1250.00000', NULL, 'null', NULL, NULL, 'b7fc10f4-80e6-4a29-bb5e-e417b9501823', '72.50000', 1),
('02d54717-eab8-46df-a37e-a281e6478db0', 'cca736a1-622f-4ef2-ab5a-76018f3951e8', NULL, 'a7546905-c250-4ac3-ac07-8d940e811433', 'MR-200ML-APPLE-PAPER', 'Pcs', NULL, '142857.00000', '0.00000', NULL, NULL, 'REEL', NULL, NULL, '14d61336-875c-4412-a598-75c677b21793', '5.63000', NULL),
('051baa86-2729-48ce-b0b4-ff603f1b3968', 'cca736a1-622f-4ef2-ab5a-76018f3951e8', NULL, 'c8d5d6f6-b614-4899-a78b-48fef22699e2', 'MR-250ML-ORANGE MANGO-PAPER', 'Pcs', NULL, '682817.00000', '53700.00000', NULL, NULL, 'REEL', NULL, NULL, '56363cda-8646-4f2e-a7a9-4dfc05d32239', '5.74000', NULL),
('068132b5-9568-4a64-8ab1-ffb59c82e87a', '71532032-3a27-4ab2-b842-1834f6b3982b', NULL, 'c8d5d6f6-b614-4899-a78b-48fef22699e2', 'MR-250ML-ORANGE MANGO-PAPER', 'Pcs', NULL, '125425.00000', '0.00000', NULL, NULL, 'REEL', NULL, NULL, 'd83a70a6-8e54-4e73-94ed-4d497dade39d', '5.07000', NULL),
('06ac6d1a-b05e-402b-b33a-b27a5e350206', '34203195-ed71-4a9d-a709-5b5188ef3205', NULL, '8df7c58f-9091-4a4c-b9d0-1c65fb5992c7', 'CS-125ML-MANGO-PAPER', 'Pcs', '3.67000', '1148987.00000', '12.00000', '44.04000', NULL, 'REEL', NULL, NULL, '26b6e4bb-b2d2-45b0-be14-c4ae7d7d8491', '3.67000', 1),
('0866936c-30ff-4ddd-aec5-2257ae9e3db5', '688d594b-1246-4d87-b9ff-24f3b52ba1c7', NULL, '1a94e739-6a47-4d58-bb4e-725c5375903c', '200ML-1X24-CARTON', 'Pcs', NULL, '1.00000', '0.00000', NULL, NULL, 'TRAY', NULL, NULL, '177b7bcc-2afc-41a7-9f39-d56f7c5983e6', '7.70000', NULL),
('099b113b-4652-45ae-b56f-55a1ba28ab9c', '9de07fbb-ced0-4f6f-9951-18291e26b131', 'eb82b351-5927-4aad-8a8f-514f24bcc3cf', '0928fe94-c46c-4316-a575-63fd0530a665', '250ML-STRAW', 'Pcs', '90.00000', '250.00000', '250.00000', '22500.00000', NULL, 'null', NULL, NULL, '4a2a78df-367a-4c40-b8c0-64ab6114a4cf', '88.86667', 2),
('0d04d66a-b21f-439a-b572-db33f50ed1ed', '50779112-cb9e-4a40-9ee6-4f23a6d9c0f1', NULL, 'f918cfd1-43cc-46a0-9390-6119da495d02', 'CS-125ML-APPLE-PAPER', 'Pcs', NULL, '476243.00000', '0.00000', NULL, NULL, 'REEL', NULL, NULL, '24f7a1b8-fb76-4278-ae27-3c6b7404620a', '3.67000', NULL),
('0dc58f7d-00d6-41ba-a7ee-9100764dd9a1', '1c616ce9-f724-4dd3-adc4-47f2cc6a49fa', 'eb82b351-5927-4aad-8a8f-514f24bcc3cf', '0928fe94-c46c-4316-a575-63fd0530a665', '250ML-STRAW', 'Pcs', '90.00000', '15.00000', '15.00000', '1350.00000', NULL, 'null', NULL, NULL, '4a2a78df-367a-4c40-b8c0-64ab6114a4cf', '88.86667', 2),
('10794e72-7725-4b45-9a78-366c88106f33', 'db0494bd-9682-4c8d-a416-7afe39e7711d', NULL, 'ce1dd112-3270-4861-acb6-70c4f02bb1f2', 'MR-200ML-RED GRAPES-PAPER', 'Pcs', NULL, '142857.00000', '0.00000', NULL, NULL, 'REEL', NULL, NULL, '5ca7e020-20ac-4275-b76f-e7dc497330de', '5.63000', NULL),
('10afe9ba-2b05-4219-b9ca-1166080dacc4', 'ac9173a9-7a96-4a51-aaea-5005a6a1e9cd', NULL, 'ce1dd112-3270-4861-acb6-70c4f02bb1f2', 'MR-200ML-RED GRAPES-PAPER', 'Pcs', NULL, '142857.00000', '0.00000', NULL, NULL, 'REEL', NULL, NULL, '5ca7e020-20ac-4275-b76f-e7dc497330de', '5.63000', 10),
('120b850b-7f2a-451e-98dc-6841de18c1a4', 'cca736a1-622f-4ef2-ab5a-76018f3951e8', NULL, '29f3b48a-364e-4513-95ab-5ba86ca5dae4', 'MR-200ML-ANNAR-PAPER', 'Pcs', NULL, '142857.00000', '0.00000', NULL, NULL, 'REEL', NULL, NULL, '65f7a362-f7a6-4050-be1e-2d75b6ce7391', '5.63000', NULL),
('13090601-9481-45ea-88bc-368cf00d2b19', 'f89145dc-b3d7-4b36-b3cb-38be6d176faa', 'eb82b351-5927-4aad-8a8f-514f24bcc3cf', 'cb5a1a7d-9dc6-49b7-9711-c007985762a5', '250ML-1X36-CARTON', 'Pcs', '100.00000', '40.00000', '40.00000', '4000.00000', NULL, 'null', NULL, NULL, 'e52ed9c9-2758-4885-b572-c31e332978cc', '100.00000', 1),
('13e334eb-5a32-4c39-87c8-abe934c82e48', '0ec0f821-9395-498b-b66b-fba92bcb21c3', NULL, 'a762acbf-7c99-4239-a236-2fb14836dc03', 'MR-250ML-MANGO-PAPER', 'Pcs', NULL, '304385.00000', '0.00000', NULL, NULL, 'REEL', NULL, NULL, '377ff95f-b6a0-4d8b-b62a-71410674945d', '5.07000', NULL),
('14965afb-97a2-452c-b557-bce777215266', '688d594b-1246-4d87-b9ff-24f3b52ba1c7', NULL, 'a3157a27-0e5c-41c1-a5c8-61b78fcacf62', '125ML-1X24-CARTON', 'Pcs', NULL, '15725.00000', '13875.00000', NULL, NULL, 'TRAY', NULL, NULL, '80233bb7-6cc4-4802-8541-78de69671cc5', '5.95000', NULL),
('151c512b-7d8c-4bf3-a0c6-bb509808a2d5', 'ac9173a9-7a96-4a51-aaea-5005a6a1e9cd', NULL, '8df7c58f-9091-4a4c-b9d0-1c65fb5992c7', 'CS-125ML-MANGO-PAPER', 'Pcs', NULL, '1318687.00000', '84850.00000', NULL, NULL, 'REEL', NULL, NULL, '26b6e4bb-b2d2-45b0-be14-c4ae7d7d8491', '3.67000', 1),
('1583bc0b-ae48-487c-8763-6107865a64de', 'db0494bd-9682-4c8d-a416-7afe39e7711d', NULL, 'a7546905-c250-4ac3-ac07-8d940e811433', 'MR-200ML-APPLE-PAPER', 'Pcs', NULL, '142857.00000', '0.00000', NULL, NULL, 'REEL', NULL, NULL, '14d61336-875c-4412-a598-75c677b21793', '5.63000', NULL),
('16713a8e-af6c-4939-9136-f9536bb97e2c', 'cb957632-d13c-4209-8057-e96b2837a7bf', 'df815bd3-7825-43bd-9cf5-a2a59e67226f', 'c1fd2b49-0aec-457e-aef6-f8af33604d34', '250ML-1X24-CARTON', 'Pcs', '60.00000', '30.00000', '30.00000', '1800.00000', NULL, 'null', NULL, NULL, '602753c2-d8c1-4418-8ece-755769ab2eac', '71.20000', 2),
('16863c13-d50f-41f6-9b13-2478b7d2a411', '71532032-3a27-4ab2-b842-1834f6b3982b', NULL, 'a762acbf-7c99-4239-a236-2fb14836dc03', 'MR-250ML-MANGO-PAPER', 'Pcs', NULL, '304385.00000', '0.00000', NULL, NULL, 'REEL', NULL, NULL, '377ff95f-b6a0-4d8b-b62a-71410674945d', '5.07000', NULL),
('17259a13-af83-4d78-8648-c63f94f4c5da', 'ac9173a9-7a96-4a51-aaea-5005a6a1e9cd', NULL, 'a762acbf-7c99-4239-a236-2fb14836dc03', 'MR-250ML-MANGO-PAPER', 'Pcs', NULL, '754280.00000', '108460.00000', NULL, NULL, 'REEL', NULL, NULL, 'fa60d1b3-0d5c-4177-a404-1172b855dc43', '5.74000', 4),
('1729e95b-a4d0-4175-b8a2-1d9760a487ed', '50779112-cb9e-4a40-9ee6-4f23a6d9c0f1', NULL, 'ce1dd112-3270-4861-acb6-70c4f02bb1f2', 'MR-200ML-RED GRAPES-PAPER', 'Pcs', NULL, '142857.00000', '0.00000', NULL, NULL, 'REEL', NULL, NULL, '5ca7e020-20ac-4275-b76f-e7dc497330de', '5.63000', NULL),
('1913a529-bfe1-45c6-8d26-42c7e2c7fa4d', '6581cb9e-9cab-46b4-9a5e-7db105a5a66a', NULL, '1a94e739-6a47-4d58-bb4e-725c5375903c', '200ML-1X24-CARTON', 'Pcs', NULL, '6291.00000', '0.00000', NULL, NULL, 'TRAY', NULL, NULL, '177b7bcc-2afc-41a7-9f39-d56f7c5983e6', '7.70000', NULL),
('1ac6d64b-e3a6-4bf6-848f-69aad64da7f1', '50779112-cb9e-4a40-9ee6-4f23a6d9c0f1', NULL, '29f3b48a-364e-4513-95ab-5ba86ca5dae4', 'MR-200ML-ANNAR-PAPER', 'Pcs', NULL, '142857.00000', '0.00000', NULL, NULL, 'REEL', NULL, NULL, '65f7a362-f7a6-4050-be1e-2d75b6ce7391', '5.63000', NULL),
('1c1fced5-fbb0-4434-ab10-562b47ef5470', 'cca736a1-622f-4ef2-ab5a-76018f3951e8', NULL, '8df7c58f-9091-4a4c-b9d0-1c65fb5992c7', 'CS-125ML-MANGO-PAPER', 'Pcs', NULL, '1318687.00000', '0.00000', NULL, NULL, 'REEL', NULL, NULL, '26b6e4bb-b2d2-45b0-be14-c4ae7d7d8491', '3.67000', NULL),
('1cf31b74-0c5f-47db-9ee2-369b240b04ba', 'db0494bd-9682-4c8d-a416-7afe39e7711d', NULL, '29f3b48a-364e-4513-95ab-5ba86ca5dae4', 'MR-200ML-ANNAR-PAPER', 'Pcs', NULL, '142857.00000', '0.00000', NULL, NULL, 'REEL', NULL, NULL, '65f7a362-f7a6-4050-be1e-2d75b6ce7391', '5.63000', NULL),
('1f7f6017-3ae2-452a-a359-0c6dadfeff10', '1667ae6a-c13f-407c-b306-4ecc3bc096d8', NULL, 'ddbeb847-9738-424d-b5cd-817ea8c280f2', '250ML-1X27-CARTON', 'Pcs', NULL, '133.00000', '133.00000', NULL, NULL, 'TRAY', NULL, NULL, 'be580834-663e-41b3-ba26-44efac88411d', '9.50000', NULL),
('20bb269e-5530-4b03-80c0-ecc6257dece3', 'bfe9ae8f-da54-4315-b801-b8caae5138fb', 'c737e3ed-1809-4380-b841-3151ea984db8', 'dbc1529a-cfee-484d-b9c4-8cbb45d30ca3', 'CS-125ML-MIX FRUIT-PAPER', 'Pcs', '3.67000', '115572.00000', '10.00000', '36.70000', NULL, 'REEL', NULL, NULL, 'f3b539ab-e4d0-4d5a-a143-809c0518d4f5', '3.67000', 3),
('23a96655-6406-4292-8718-b5ea0f626f65', 'a80860ac-4189-4911-bc24-69f32f40251b', NULL, 'a762acbf-7c99-4239-a236-2fb14836dc03', 'MR-250ML-MANGO-PAPER', 'Pcs', NULL, '160505.00000', '160505.00000', NULL, NULL, 'REEL', NULL, NULL, '377ff95f-b6a0-4d8b-b62a-71410674945d', '5.07000', NULL),
('23d196ae-2474-483c-a2ba-87568431f21b', '4e1d6180-7573-444c-9df5-07aa86232f7f', NULL, '1a94e739-6a47-4d58-bb4e-725c5375903c', '200ML-1X24-CARTON', 'Pcs', NULL, '1.00000', '0.00000', NULL, NULL, 'TRAY', NULL, NULL, '177b7bcc-2afc-41a7-9f39-d56f7c5983e6', '7.70000', NULL),
('2535e5e7-53a1-4978-84c1-9092b53fa5e6', 'b4ab10a2-2ac7-4c15-8f82-34cf8a818cfc', 'c737e3ed-1809-4380-b841-3151ea984db8', 'ff37340f-a17f-4c24-9ccd-9d26c11f0232', 'MR-250ML-APPLE-PAPER', 'Pcs', '5.74000', '182241.00000', '10.00000', '57.40000', NULL, 'REEL', NULL, NULL, '0dca448c-d188-4da2-a014-be7a456cd585', '5.74000', 6),
('26e92931-e634-4b90-aa14-522617ab460a', 'a5ab48a4-5267-4ca6-a088-0470bb813e6a', NULL, 'ce1dd112-3270-4861-acb6-70c4f02bb1f2', 'MR-200ML-RED GRAPES-PAPER', 'Pcs', NULL, '142857.00000', '0.00000', NULL, NULL, 'REEL', NULL, NULL, '5ca7e020-20ac-4275-b76f-e7dc497330de', '5.63000', 5),
('2898771d-ec83-4304-a027-381a90f7d499', '34203195-ed71-4a9d-a709-5b5188ef3205', NULL, '29f3b48a-364e-4513-95ab-5ba86ca5dae4', 'MR-200ML-ANNAR-PAPER', 'Pcs', '5.63000', '142857.00000', '12.00000', '67.56000', NULL, 'REEL', NULL, NULL, '65f7a362-f7a6-4050-be1e-2d75b6ce7391', '5.63000', 9),
('28e8edd6-97cf-4445-84ad-128f657bf62d', 'bfe9ae8f-da54-4315-b801-b8caae5138fb', 'c737e3ed-1809-4380-b841-3151ea984db8', '8df7c58f-9091-4a4c-b9d0-1c65fb5992c7', 'CS-125ML-MANGO-PAPER', 'Pcs', '3.67000', '1148975.00000', '10.00000', '36.70000', NULL, 'REEL', NULL, NULL, '26b6e4bb-b2d2-45b0-be14-c4ae7d7d8491', '3.67000', 1),
('293540b2-a2e0-4271-8af1-bf397fbe2df2', '3715e02c-022b-4acc-b24a-875d3fc2183f', NULL, 'ddbeb847-9738-424d-b5cd-817ea8c280f2', '250ML-1X27-CARTON', 'Pcs', NULL, '14500.00000', '5825.00000', NULL, NULL, 'TRAY', NULL, NULL, '827b23fe-f10c-4bb3-9aed-e4ab45259396', '9.50000', NULL),
('2c8d7122-9a14-498c-bd98-01a4f75e6be8', 'db0494bd-9682-4c8d-a416-7afe39e7711d', NULL, 'ff37340f-a17f-4c24-9ccd-9d26c11f0232', 'MR-250ML-APPLE-PAPER', 'Pcs', NULL, '357703.00000', '87725.00000', NULL, NULL, 'REEL', NULL, NULL, '0dca448c-d188-4da2-a014-be7a456cd585', '5.74000', NULL),
('3087c397-b422-4a82-8a7e-37688638996e', 'a5ab48a4-5267-4ca6-a088-0470bb813e6a', NULL, 'f918cfd1-43cc-46a0-9390-6119da495d02', 'CS-125ML-APPLE-PAPER', 'Pcs', NULL, '476243.00000', '0.00000', NULL, NULL, 'REEL', NULL, NULL, '24f7a1b8-fb76-4278-ae27-3c6b7404620a', '3.67000', 6),
('30b9c720-eca4-4e3b-9499-ad49eeadf93d', '50779112-cb9e-4a40-9ee6-4f23a6d9c0f1', NULL, 'a762acbf-7c99-4239-a236-2fb14836dc03', 'MR-250ML-MANGO-PAPER', 'Pcs', NULL, '947230.00000', '106800.00000', NULL, NULL, 'REEL', NULL, NULL, 'fa60d1b3-0d5c-4177-a404-1172b855dc43', '5.74000', NULL),
('33dcc358-2092-4a39-ae47-c7e00bf8d256', '4e1d6180-7573-444c-9df5-07aa86232f7f', NULL, 'a3157a27-0e5c-41c1-a5c8-61b78fcacf62', '125ML-1X24-CARTON', 'Pcs', NULL, '21950.00000', '6225.00000', NULL, NULL, 'TRAY', NULL, NULL, '80233bb7-6cc4-4802-8541-78de69671cc5', '5.95000', NULL),
('340c947a-ec74-4b9a-b6b5-9926450643fa', 'ebec9527-ea5f-42d7-9443-cb77daac79d3', NULL, '1a94e739-6a47-4d58-bb4e-725c5375903c', '200ML-1X24-CARTON', 'Pcs', NULL, '3725.00000', '0.00000', NULL, NULL, 'TRAY', NULL, NULL, '1f11397e-d613-4ad7-ac07-c41a7cc2a422', '9.00000', NULL),
('34e17e28-fe6e-4656-a801-43d184cd81e4', '61d98afb-51f9-4b7e-be3b-6ec65a6ebc50', 'eb82b351-5927-4aad-8a8f-514f24bcc3cf', 'cb5a1a7d-9dc6-49b7-9711-c007985762a5', '250ML-1X36-CARTON', 'Pcs', '100.00000', '10.00000', '10.00000', '1000.00000', NULL, 'null', NULL, NULL, 'e52ed9c9-2758-4885-b572-c31e332978cc', '100.00000', 1),
('350472c9-54db-45bf-9a58-54b6fe6c3ca0', 'ebec9527-ea5f-42d7-9443-cb77daac79d3', NULL, 'ddbeb847-9738-424d-b5cd-817ea8c280f2', '250ML-1X27-CARTON', 'Pcs', NULL, '8675.00000', '5600.00000', NULL, NULL, 'TRAY', NULL, NULL, '827b23fe-f10c-4bb3-9aed-e4ab45259396', '9.50000', NULL),
('3611abdf-894e-4262-9660-21d498c4b4ca', '34203195-ed71-4a9d-a709-5b5188ef3205', NULL, 'f918cfd1-43cc-46a0-9390-6119da495d02', 'CS-125ML-APPLE-PAPER', 'Pcs', '3.67000', '476243.00000', '12.00000', '44.04000', NULL, 'REEL', NULL, NULL, '24f7a1b8-fb76-4278-ae27-3c6b7404620a', '3.67000', 2),
('378118d6-0a7f-4dc5-8561-15f05fa0d9cb', 'ac9173a9-7a96-4a51-aaea-5005a6a1e9cd', NULL, 'dbc1529a-cfee-484d-b9c4-8cbb45d30ca3', 'CS-125ML-MIX FRUIT-PAPER', 'Pcs', NULL, '221714.00000', '106130.00000', NULL, NULL, 'REEL', NULL, NULL, 'f3b539ab-e4d0-4d5a-a143-809c0518d4f5', '3.67000', 3),
('3947d91e-6052-4a8d-ac47-d7de4ad4b48d', '71532032-3a27-4ab2-b842-1834f6b3982b', NULL, '8df7c58f-9091-4a4c-b9d0-1c65fb5992c7', 'CS-125ML-MANGO-PAPER', 'Pcs', NULL, '402085.00000', '171770.00000', NULL, NULL, 'REEL', NULL, NULL, '22ff2201-e289-4a96-b8f7-0bed637eba6e', '3.33000', NULL),
('3c748cff-8856-4cd3-be07-78aec8a23dee', 'a5ab48a4-5267-4ca6-a088-0470bb813e6a', NULL, '29f3b48a-364e-4513-95ab-5ba86ca5dae4', 'MR-200ML-ANNAR-PAPER', 'Pcs', NULL, '142857.00000', '0.00000', NULL, NULL, 'REEL', NULL, NULL, '65f7a362-f7a6-4050-be1e-2d75b6ce7391', '5.63000', 10),
('3d6b8943-e8a9-4d18-9686-a7a908c9a005', 'cca736a1-622f-4ef2-ab5a-76018f3951e8', NULL, 'daa2dddb-b342-4ab0-b8dd-a952d7bd52be', 'MR-200ML-MANGO-PAPER', 'Pcs', NULL, '275329.00000', '0.00000', NULL, NULL, 'REEL', NULL, NULL, '50772c41-5297-4f61-98f9-df0343d2c86c', '5.63000', NULL),
('3ed0aae3-3078-41fb-8af6-2a97229e4485', 'fe857bf8-7673-4a87-b679-cddb16a17dca', NULL, 'a762acbf-7c99-4239-a236-2fb14836dc03', 'MR-250ML-MANGO-PAPER', 'Pcs', NULL, '304385.00000', '143880.00000', NULL, NULL, 'REEL', NULL, NULL, '377ff95f-b6a0-4d8b-b62a-71410674945d', '5.07000', NULL),
('412cc5a0-db31-4a9c-b1dd-4e64502c415d', 'cca736a1-622f-4ef2-ab5a-76018f3951e8', NULL, 'f918cfd1-43cc-46a0-9390-6119da495d02', 'CS-125ML-APPLE-PAPER', 'Pcs', NULL, '476243.00000', '0.00000', NULL, NULL, 'REEL', NULL, NULL, '24f7a1b8-fb76-4278-ae27-3c6b7404620a', '3.67000', NULL),
('414db8f7-5a46-487b-8cc4-dfef6ef685dd', 'b4ab10a2-2ac7-4c15-8f82-34cf8a818cfc', 'c737e3ed-1809-4380-b841-3151ea984db8', 'f918cfd1-43cc-46a0-9390-6119da495d02', 'CS-125ML-APPLE-PAPER', 'Pcs', '3.67000', '476231.00000', '10.00000', '36.70000', NULL, 'REEL', NULL, NULL, '24f7a1b8-fb76-4278-ae27-3c6b7404620a', '3.67000', 2),
('41996359-1474-4b30-b55d-5fe45fcde52c', 'db0494bd-9682-4c8d-a416-7afe39e7711d', NULL, 'daa2dddb-b342-4ab0-b8dd-a952d7bd52be', 'MR-200ML-MANGO-PAPER', 'Pcs', NULL, '275329.00000', '0.00000', NULL, NULL, 'REEL', NULL, NULL, '50772c41-5297-4f61-98f9-df0343d2c86c', '5.63000', NULL),
('4319016e-fe74-44fb-aa5f-6c907ffd2a39', 'bfe9ae8f-da54-4315-b801-b8caae5138fb', 'c737e3ed-1809-4380-b841-3151ea984db8', 'c404d9b7-b7f5-46d6-bef7-4b8f2c99be91', 'MR-250ML-MIX FRUIT-PAPER', 'Pcs', '5.74000', '268655.00000', '10.00000', '57.40000', NULL, 'REEL', NULL, NULL, 'c442e651-16d9-4a89-bb9a-1b8ad080e30e', '5.74000', 7),
('444be994-143e-491d-8b8b-d2511de1afa6', '34203195-ed71-4a9d-a709-5b5188ef3205', NULL, 'c8d5d6f6-b614-4899-a78b-48fef22699e2', 'MR-250ML-ORANGE MANGO-PAPER', 'Pcs', '5.74000', '522987.00000', '12.00000', '68.88000', NULL, 'REEL', NULL, NULL, '56363cda-8646-4f2e-a7a9-4dfc05d32239', '5.74000', 5),
('44d14655-55ec-4a23-b8df-6a4b836ddf5c', 'a80860ac-4189-4911-bc24-69f32f40251b', NULL, 'c8d5d6f6-b614-4899-a78b-48fef22699e2', 'MR-250ML-ORANGE MANGO-PAPER', 'Pcs', NULL, '53505.00000', '53505.00000', NULL, NULL, 'REEL', NULL, NULL, 'd83a70a6-8e54-4e73-94ed-4d497dade39d', '5.07000', NULL),
('45fa4ecf-2220-4229-b315-769e54f9ef29', 'b4ab10a2-2ac7-4c15-8f82-34cf8a818cfc', 'c737e3ed-1809-4380-b841-3151ea984db8', 'a762acbf-7c99-4239-a236-2fb14836dc03', 'MR-250ML-MANGO-PAPER', 'Pcs', '5.74000', '537348.00000', '10.00000', '57.40000', NULL, 'REEL', NULL, NULL, 'fa60d1b3-0d5c-4177-a404-1172b855dc43', '5.74000', 4),
('4645dc46-e6f4-43c6-a0d8-8d6f15cc568e', 'db0494bd-9682-4c8d-a416-7afe39e7711d', NULL, 'f918cfd1-43cc-46a0-9390-6119da495d02', 'CS-125ML-APPLE-PAPER', 'Pcs', NULL, '476243.00000', '0.00000', NULL, NULL, 'REEL', NULL, NULL, '24f7a1b8-fb76-4278-ae27-3c6b7404620a', '3.67000', NULL),
('470ca963-d684-4298-ab03-9852c4124d61', 'a5ab48a4-5267-4ca6-a088-0470bb813e6a', NULL, '8df7c58f-9091-4a4c-b9d0-1c65fb5992c7', 'CS-125ML-MANGO-PAPER', 'Pcs', NULL, '1233837.00000', '84850.00000', NULL, NULL, 'REEL', NULL, NULL, '26b6e4bb-b2d2-45b0-be14-c4ae7d7d8491', '3.67000', 11),
('49137128-fc34-4c1a-8ac2-75209af060c0', '0ec0f821-9395-498b-b66b-fba92bcb21c3', NULL, 'c8d5d6f6-b614-4899-a78b-48fef22699e2', 'MR-250ML-ORANGE MANGO-PAPER', 'Pcs', NULL, '125425.00000', '0.00000', NULL, NULL, 'REEL', NULL, NULL, 'd83a70a6-8e54-4e73-94ed-4d497dade39d', '5.07000', NULL),
('49773280-de6d-4cef-b548-f65fe022c7d1', '50779112-cb9e-4a40-9ee6-4f23a6d9c0f1', NULL, 'dbc1529a-cfee-484d-b9c4-8cbb45d30ca3', 'CS-125ML-MIX FRUIT-PAPER', 'Pcs', NULL, '221714.00000', '0.00000', NULL, NULL, 'REEL', NULL, NULL, 'f3b539ab-e4d0-4d5a-a143-809c0518d4f5', '3.67000', NULL),
('4b6a06f3-bab1-4f8f-a8be-28b356ea9174', '50779112-cb9e-4a40-9ee6-4f23a6d9c0f1', NULL, 'c404d9b7-b7f5-46d6-bef7-4b8f2c99be91', 'MR-250ML-MIX FRUIT-PAPER', 'Pcs', NULL, '268667.00000', '0.00000', NULL, NULL, 'REEL', NULL, NULL, 'c442e651-16d9-4a89-bb9a-1b8ad080e30e', '5.74000', NULL),
('4c740598-136d-41a5-bc6a-2f3ae023acf1', 'cca736a1-622f-4ef2-ab5a-76018f3951e8', NULL, 'ff37340f-a17f-4c24-9ccd-9d26c11f0232', 'MR-250ML-APPLE-PAPER', 'Pcs', NULL, '411543.00000', '53840.00000', NULL, NULL, 'REEL', NULL, NULL, '0dca448c-d188-4da2-a014-be7a456cd585', '5.74000', NULL),
('4e70813a-d547-42b2-b6c7-5a92137213a8', '0ec0f821-9395-498b-b66b-fba92bcb21c3', NULL, 'daa2dddb-b342-4ab0-b8dd-a952d7bd52be', 'MR-200ML-MANGO-PAPER', 'Pcs', NULL, '48375.00000', '48375.00000', NULL, NULL, 'REEL', NULL, NULL, '6752694e-3a62-441b-8285-1159f195a4a8', '4.83000', NULL),
('4f720ba9-7a4d-4d4c-849e-d162cdf814fa', '765761a3-e183-4acf-ad94-d24e83100234', 'eb82b351-5927-4aad-8a8f-514f24bcc3cf', 'cb5a1a7d-9dc6-49b7-9711-c007985762a5', '250ML-1X36-CARTON', 'Pcs', '100.00000', '13.00000', '13.00000', '1300.00000', NULL, 'null', NULL, NULL, 'e52ed9c9-2758-4885-b572-c31e332978cc', '100.00000', 1),
('5023c404-a2a9-47bc-99b2-54147f89acf4', 'b4ab10a2-2ac7-4c15-8f82-34cf8a818cfc', 'c737e3ed-1809-4380-b841-3151ea984db8', 'dbc1529a-cfee-484d-b9c4-8cbb45d30ca3', 'CS-125ML-MIX FRUIT-PAPER', 'Pcs', '3.67000', '115572.00000', '10.00000', '36.70000', NULL, 'REEL', NULL, NULL, 'f3b539ab-e4d0-4d5a-a143-809c0518d4f5', '3.67000', 3),
('5055ac6a-b0fd-41d9-ac8f-098343fd624b', 'bfe9ae8f-da54-4315-b801-b8caae5138fb', 'c737e3ed-1809-4380-b841-3151ea984db8', 'ce1dd112-3270-4861-acb6-70c4f02bb1f2', 'MR-200ML-RED GRAPES-PAPER', 'Pcs', '5.63000', '142845.00000', '10.00000', '56.30000', NULL, 'REEL', NULL, NULL, '5ca7e020-20ac-4275-b76f-e7dc497330de', '5.63000', 10),
('5243e081-553e-492f-993a-4d2109993dde', 'b4ab10a2-2ac7-4c15-8f82-34cf8a818cfc', 'c737e3ed-1809-4380-b841-3151ea984db8', '8df7c58f-9091-4a4c-b9d0-1c65fb5992c7', 'CS-125ML-MANGO-PAPER', 'Pcs', '3.67000', '1148975.00000', '10.00000', '36.70000', NULL, 'REEL', NULL, NULL, '26b6e4bb-b2d2-45b0-be14-c4ae7d7d8491', '3.67000', 1),
('593f7782-72de-4702-b90a-40c2cf7104dd', '25f0e2d7-561d-405a-b1fe-5c9d26a709f5', NULL, '0928fe94-c46c-4316-a575-63fd0530a665', '250ML-STRAW', 'Pcs', '90.00000', '14.00000', '14.00000', '1260.00000', NULL, 'null', NULL, NULL, '4a2a78df-367a-4c40-b8c0-64ab6114a4cf', '88.86667', 2),
('5d78b453-03aa-4ec8-8463-fbcf88e7f7ab', 'a5ab48a4-5267-4ca6-a088-0470bb813e6a', NULL, 'c404d9b7-b7f5-46d6-bef7-4b8f2c99be91', 'MR-250ML-MIX FRUIT-PAPER', 'Pcs', NULL, '268667.00000', '0.00000', NULL, NULL, 'REEL', NULL, NULL, 'c442e651-16d9-4a89-bb9a-1b8ad080e30e', '5.74000', 2),
('5e1ca15e-d7a2-4cf1-9405-e15b816f1749', '3a80c3a2-033f-4231-a06a-fd8783722495', NULL, 'ddbeb847-9738-424d-b5cd-817ea8c280f2', '250ML-1X27-CARTON', 'Pcs', NULL, '3075.00000', '3075.00000', NULL, NULL, 'TRAY', NULL, NULL, '827b23fe-f10c-4bb3-9aed-e4ab45259396', '9.50000', NULL),
('5e2157d6-8a62-4600-beaf-36c900bafbff', '43568170-9701-4a3b-9f6a-19a4383f7632', NULL, 'a3157a27-0e5c-41c1-a5c8-61b78fcacf62', '125ML-1X24-CARTON', 'Pcs', NULL, '21950.00000', '0.00000', NULL, NULL, 'TRAY', NULL, NULL, '80233bb7-6cc4-4802-8541-78de69671cc5', '5.95000', NULL),
('6380d940-279e-47df-8bf3-5016db1cfe33', '48af5020-1a19-4597-9d30-b17166afbb9e', '5acb0a82-6ef3-4052-a6b6-253252154926', '1a94e739-6a47-4d58-bb4e-725c5375903c', '200ML-1X24-CARTON', 'Pcs', '100.00000', '500.00000', '500.00000', '50000.00000', NULL, 'null', NULL, NULL, '0e25afb0-e45e-4870-a244-28d7b0003d8e', '102.20000', 2),
('64108150-cf9d-4547-be95-c6f7edcfa75b', '6581cb9e-9cab-46b4-9a5e-7db105a5a66a', NULL, 'a3157a27-0e5c-41c1-a5c8-61b78fcacf62', '125ML-1X24-CARTON', 'Pcs', NULL, '37325.00000', '6400.00000', NULL, NULL, 'TRAY', NULL, NULL, '80233bb7-6cc4-4802-8541-78de69671cc5', '5.95000', NULL),
('64962846-5e86-4060-8419-641cb0984f64', '43126046-fdc6-4f27-bdf2-7ded1552e059', NULL, '1a94e739-6a47-4d58-bb4e-725c5375903c', '200ML-1X24-CARTON', 'Pcs', NULL, '1.00000', '0.00000', NULL, NULL, 'TRAY', NULL, NULL, '177b7bcc-2afc-41a7-9f39-d56f7c5983e6', '7.70000', NULL),
('683dd3b4-1d50-41a3-b19a-a2a7cc95b2e0', '68e7441c-d167-456a-83c8-d15badae6666', NULL, 'cb5a1a7d-9dc6-49b7-9711-c007985762a5', '250ML-1X36-CARTON', 'Pcs', NULL, '14250.00000', '0.00000', NULL, NULL, 'CARTOON', NULL, NULL, 'bde110ba-3d7f-4544-8ef8-15978cc31676', '24.50000', NULL),
('6a0dc2d0-822f-475e-b98d-3912187fe796', 'cca736a1-622f-4ef2-ab5a-76018f3951e8', NULL, 'c404d9b7-b7f5-46d6-bef7-4b8f2c99be91', 'MR-250ML-MIX FRUIT-PAPER', 'Pcs', NULL, '268667.00000', '0.00000', NULL, NULL, 'REEL', NULL, NULL, 'c442e651-16d9-4a89-bb9a-1b8ad080e30e', '5.74000', NULL),
('6aef5b4e-949d-4239-b751-30fd78d5f244', 'bfe9ae8f-da54-4315-b801-b8caae5138fb', 'c737e3ed-1809-4380-b841-3151ea984db8', 'a762acbf-7c99-4239-a236-2fb14836dc03', 'MR-250ML-MANGO-PAPER', 'Pcs', '5.74000', '537348.00000', '10.00000', '57.40000', NULL, 'REEL', NULL, NULL, 'fa60d1b3-0d5c-4177-a404-1172b855dc43', '5.74000', 4),
('6b19f648-c9fe-4481-ae8f-981b8d8dd221', '765761a3-e183-4acf-ad94-d24e83100234', 'eb82b351-5927-4aad-8a8f-514f24bcc3cf', '0928fe94-c46c-4316-a575-63fd0530a665', '250ML-STRAW', 'Pcs', '90.00000', '14.00000', '14.00000', '1260.00000', NULL, 'null', NULL, NULL, '4a2a78df-367a-4c40-b8c0-64ab6114a4cf', '88.86667', 2),
('6b478d2b-8cb1-46ed-9c4e-4385a95408f7', 'ac9173a9-7a96-4a51-aaea-5005a6a1e9cd', NULL, 'daa2dddb-b342-4ab0-b8dd-a952d7bd52be', 'MR-200ML-MANGO-PAPER', 'Pcs', NULL, '275329.00000', '0.00000', NULL, NULL, 'REEL', NULL, NULL, '50772c41-5297-4f61-98f9-df0343d2c86c', '5.63000', 8),
('6ca233c7-ded7-40a9-9755-d83e0a128053', '3c7881de-7626-4131-a65f-bae0fe2a547c', NULL, 'cb5a1a7d-9dc6-49b7-9711-c007985762a5', '250ML-1X36-CARTON', 'Pcs', NULL, '5130.00000', '900.00000', NULL, NULL, 'CARTOON', NULL, NULL, 'bde110ba-3d7f-4544-8ef8-15978cc31676', '24.50000', NULL),
('6e2627ed-9b4b-4147-8d2e-91e956456e01', 'a5ab48a4-5267-4ca6-a088-0470bb813e6a', NULL, 'a762acbf-7c99-4239-a236-2fb14836dc03', 'MR-250ML-MANGO-PAPER', 'Pcs', NULL, '645820.00000', '108460.00000', NULL, NULL, 'REEL', NULL, NULL, 'fa60d1b3-0d5c-4177-a404-1172b855dc43', '5.74000', 4),
('6ebb5846-9c57-447c-a250-bd80e2a4c991', 'b4ab10a2-2ac7-4c15-8f82-34cf8a818cfc', 'c737e3ed-1809-4380-b841-3151ea984db8', 'daa2dddb-b342-4ab0-b8dd-a952d7bd52be', 'MR-200ML-MANGO-PAPER', 'Pcs', '5.63000', '275317.00000', '10.00000', '56.30000', NULL, 'REEL', NULL, NULL, '50772c41-5297-4f61-98f9-df0343d2c86c', '5.63000', 8),
('70320227-15db-410f-be7a-b9fc7d96fe60', '43568170-9701-4a3b-9f6a-19a4383f7632', NULL, '1a94e739-6a47-4d58-bb4e-725c5375903c', '200ML-1X24-CARTON', 'Pcs', NULL, '1.00000', '0.00000', NULL, NULL, 'TRAY', NULL, NULL, '177b7bcc-2afc-41a7-9f39-d56f7c5983e6', '7.70000', NULL),
('71628fc4-3c8a-4897-87b7-c6781a2deecc', 'c947cf57-0947-443c-bcd2-3ade249f6ea0', NULL, '1a94e739-6a47-4d58-bb4e-725c5375903c', '200ML-1X24-CARTON', 'Pcs', NULL, '6291.00000', '0.00000', NULL, NULL, 'TRAY', NULL, NULL, '177b7bcc-2afc-41a7-9f39-d56f7c5983e6', '7.70000', NULL),
('73c8a953-16bf-4a43-aab1-563356199e49', 'a47936e3-b02d-48e8-a76e-c0c1d70f016f', NULL, '1a94e739-6a47-4d58-bb4e-725c5375903c', '200ML-1X24-CARTON', 'Pcs', NULL, '1.00000', '0.00000', NULL, NULL, 'TRAY', NULL, NULL, '177b7bcc-2afc-41a7-9f39-d56f7c5983e6', '7.70000', NULL),
('74b83408-66ae-471b-a5ea-e7dfa6fe9fa0', '50779112-cb9e-4a40-9ee6-4f23a6d9c0f1', NULL, 'a7546905-c250-4ac3-ac07-8d940e811433', 'MR-200ML-APPLE-PAPER', 'Pcs', NULL, '142857.00000', '0.00000', NULL, NULL, 'REEL', NULL, NULL, '14d61336-875c-4412-a598-75c677b21793', '5.63000', NULL),
('75d29fd2-e359-4e2d-882a-1a374e8e8279', '68e7441c-d167-456a-83c8-d15badae6666', NULL, '1a94e739-6a47-4d58-bb4e-725c5375903c', '200ML-1X24-CARTON', 'Pcs', NULL, '6291.00000', '0.00000', NULL, NULL, 'TRAY', NULL, NULL, '177b7bcc-2afc-41a7-9f39-d56f7c5983e6', '7.70000', NULL),
('79c0e7cc-ec8c-4c49-840c-7ffc5e69408d', '3c7881de-7626-4131-a65f-bae0fe2a547c', NULL, '1a94e739-6a47-4d58-bb4e-725c5375903c', '200ML-1X24-CARTON', 'Pcs', NULL, '1.00000', '0.00000', NULL, NULL, 'TRAY', NULL, NULL, '177b7bcc-2afc-41a7-9f39-d56f7c5983e6', '7.70000', NULL),
('7ca54bba-ebe1-4e64-abc9-a451c65201f3', 'e89f073e-a8c8-49f2-8cdf-0dfe58aa0de0', NULL, 'cb5a1a7d-9dc6-49b7-9711-c007985762a5', '250ML-1X36-CARTON', 'Pcs', NULL, '4230.00000', '0.00000', NULL, NULL, 'CARTOON', NULL, NULL, 'bde110ba-3d7f-4544-8ef8-15978cc31676', '24.50000', NULL),
('7da323b7-b2da-48c5-9360-87d730d8ddcc', 'cca736a1-622f-4ef2-ab5a-76018f3951e8', NULL, 'ce1dd112-3270-4861-acb6-70c4f02bb1f2', 'MR-200ML-RED GRAPES-PAPER', 'Pcs', NULL, '142857.00000', '0.00000', NULL, NULL, 'REEL', NULL, NULL, '5ca7e020-20ac-4275-b76f-e7dc497330de', '5.63000', NULL),
('7de7b6be-bb39-49f5-bd80-7acb5ec3f61b', 'fe857bf8-7673-4a87-b679-cddb16a17dca', NULL, '8df7c58f-9091-4a4c-b9d0-1c65fb5992c7', 'CS-125ML-MANGO-PAPER', 'Pcs', NULL, '57740.00000', '0.00000', NULL, NULL, 'REEL', NULL, NULL, '22ff2201-e289-4a96-b8f7-0bed637eba6e', '3.33000', NULL),
('7f5cbee2-17b3-4fc1-afc1-5e01a17b02c9', 'e89f073e-a8c8-49f2-8cdf-0dfe58aa0de0', NULL, 'a3157a27-0e5c-41c1-a5c8-61b78fcacf62', '125ML-1X24-CARTON', 'Pcs', NULL, '27650.00000', '5700.00000', NULL, NULL, 'TRAY', NULL, NULL, '80233bb7-6cc4-4802-8541-78de69671cc5', '5.95000', NULL),
('7fdbd33e-114b-43b3-99b9-22d5b15d6a98', '34203195-ed71-4a9d-a709-5b5188ef3205', NULL, 'a762acbf-7c99-4239-a236-2fb14836dc03', 'MR-250ML-MANGO-PAPER', 'Pcs', '5.74000', '537360.00000', '12.00000', '68.88000', NULL, 'REEL', NULL, NULL, 'fa60d1b3-0d5c-4177-a404-1172b855dc43', '5.74000', 4),
('81cac904-3196-417f-969f-19b1035376d4', 'ac9173a9-7a96-4a51-aaea-5005a6a1e9cd', NULL, '29f3b48a-364e-4513-95ab-5ba86ca5dae4', 'MR-200ML-ANNAR-PAPER', 'Pcs', NULL, '142857.00000', '0.00000', NULL, NULL, 'REEL', NULL, NULL, '65f7a362-f7a6-4050-be1e-2d75b6ce7391', '5.63000', 9),
('821e0d6f-20e4-4900-8463-9a1e4a655c01', '34203195-ed71-4a9d-a709-5b5188ef3205', NULL, 'daa2dddb-b342-4ab0-b8dd-a952d7bd52be', 'MR-200ML-MANGO-PAPER', 'Pcs', '5.63000', '275329.00000', '12.00000', '67.56000', NULL, 'REEL', NULL, NULL, '50772c41-5297-4f61-98f9-df0343d2c86c', '5.63000', 8),
('82385773-a79f-491a-b8fc-d853cfc565b3', '31a38e5e-46be-4701-abfb-d8303881de2e', NULL, 'cb5a1a7d-9dc6-49b7-9711-c007985762a5', '250ML-1X36-CARTON', 'Pcs', NULL, '2850.00000', '2850.00000', NULL, NULL, 'CARTOON', NULL, NULL, 'd1cab7e1-000d-4c08-9f90-bc817da774ef', '245.00000', 1),
('8ade36a1-e7a3-4abb-b196-d52b72ae7803', 'e89f073e-a8c8-49f2-8cdf-0dfe58aa0de0', NULL, '1a94e739-6a47-4d58-bb4e-725c5375903c', '200ML-1X24-CARTON', 'Pcs', NULL, '1.00000', '0.00000', NULL, NULL, 'TRAY', NULL, NULL, '177b7bcc-2afc-41a7-9f39-d56f7c5983e6', '7.70000', NULL),
('8b523df0-1bf4-47ed-9d40-dd1320c7ff9f', 'ac9173a9-7a96-4a51-aaea-5005a6a1e9cd', NULL, 'f918cfd1-43cc-46a0-9390-6119da495d02', 'CS-125ML-APPLE-PAPER', 'Pcs', NULL, '476243.00000', '0.00000', NULL, NULL, 'REEL', NULL, NULL, '24f7a1b8-fb76-4278-ae27-3c6b7404620a', '3.67000', 2),
('8b765a2f-c70f-4563-a1f2-c07ff8023af6', '1c616ce9-f724-4dd3-adc4-47f2cc6a49fa', 'eb82b351-5927-4aad-8a8f-514f24bcc3cf', 'cb5a1a7d-9dc6-49b7-9711-c007985762a5', '250ML-1X36-CARTON', 'Pcs', '100.00000', '20.00000', '20.00000', '2000.00000', NULL, 'null', NULL, NULL, 'e52ed9c9-2758-4885-b572-c31e332978cc', '100.00000', 1),
('8bbd1ec3-cd0b-4554-8b8e-2ab2e4288aa3', '71532032-3a27-4ab2-b842-1834f6b3982b', NULL, 'f918cfd1-43cc-46a0-9390-6119da495d02', 'CS-125ML-APPLE-PAPER', 'Pcs', NULL, '258450.00000', '171770.00000', NULL, NULL, 'REEL', NULL, NULL, '633571e7-d25f-45ba-b64b-f091d53a980c', '3.33000', NULL),
('8c8f2c3c-8bb8-49da-a127-985ca762d471', 'a47936e3-b02d-48e8-a76e-c0c1d70f016f', NULL, 'cb5a1a7d-9dc6-49b7-9711-c007985762a5', '250ML-1X36-CARTON', 'Pcs', NULL, '8460.00000', '3330.00000', NULL, NULL, 'CARTOON', NULL, NULL, 'bde110ba-3d7f-4544-8ef8-15978cc31676', '24.50000', NULL),
('8d39a928-dc23-4acd-8596-0559344fc103', 'b4ab10a2-2ac7-4c15-8f82-34cf8a818cfc', 'c737e3ed-1809-4380-b841-3151ea984db8', 'ce1dd112-3270-4861-acb6-70c4f02bb1f2', 'MR-200ML-RED GRAPES-PAPER', 'Pcs', '5.63000', '142845.00000', '10.00000', '56.30000', NULL, 'REEL', NULL, NULL, '5ca7e020-20ac-4275-b76f-e7dc497330de', '5.63000', 10),
('8dd3804e-eb93-4742-a016-aaf77b882ad1', 'ac9173a9-7a96-4a51-aaea-5005a6a1e9cd', NULL, 'c8d5d6f6-b614-4899-a78b-48fef22699e2', 'MR-250ML-ORANGE MANGO-PAPER', 'Pcs', NULL, '629117.00000', '0.00000', NULL, NULL, 'REEL', NULL, NULL, '56363cda-8646-4f2e-a7a9-4dfc05d32239', '5.74000', 5),
('8e6042ae-59a3-4108-8f08-e31633a18674', '692a3e66-ec51-43ba-9d21-21ece01892af', NULL, '8df7c58f-9091-4a4c-b9d0-1c65fb5992c7', 'CS-125ML-MANGO-PAPER', 'Pcs', '3.67000', '50.00000', '50.00000', '183.50000', NULL, 'REEL', NULL, NULL, '26b6e4bb-b2d2-45b0-be14-c4ae7d7d8491', '3.67000', 1),
('8fa0f0d6-64a6-4723-84d3-dc0376fbb30d', '50779112-cb9e-4a40-9ee6-4f23a6d9c0f1', NULL, 'daa2dddb-b342-4ab0-b8dd-a952d7bd52be', 'MR-200ML-MANGO-PAPER', 'Pcs', NULL, '275329.00000', '0.00000', NULL, NULL, 'REEL', NULL, NULL, '50772c41-5297-4f61-98f9-df0343d2c86c', '5.63000', NULL),
('902abe56-84fd-4dac-82fa-cbf7060a037f', 'bfe9ae8f-da54-4315-b801-b8caae5138fb', 'c737e3ed-1809-4380-b841-3151ea984db8', 'a7546905-c250-4ac3-ac07-8d940e811433', 'MR-200ML-APPLE-PAPER', 'Pcs', '5.63000', '142857.00000', '10.00000', '56.30000', NULL, 'REEL', NULL, NULL, '14d61336-875c-4412-a598-75c677b21793', '5.63000', 11),
('91d77a54-8530-4402-a11c-e57e864d3831', '34203195-ed71-4a9d-a709-5b5188ef3205', NULL, 'ce1dd112-3270-4861-acb6-70c4f02bb1f2', 'MR-200ML-RED GRAPES-PAPER', 'Pcs', '5.63000', '142857.00000', '12.00000', '67.56000', NULL, 'REEL', NULL, NULL, '5ca7e020-20ac-4275-b76f-e7dc497330de', '5.63000', 10),
('92fcc194-e9c9-425e-83d7-d65de3f2936c', '2d568f51-a82f-4bc7-8d64-2aa9395a29f0', '5cc78117-fea9-48cc-8e0a-b96544a364d6', '26ac4b22-28ea-49eb-97fc-18eb3cf10907', 'APPLE CONCENTRATE', 'KG', '100.00000', '20.00000', '20.00000', '2000.00000', NULL, 'null', NULL, NULL, '7be7c1f7-439a-423d-a573-c5cdd26b6cc3', '90.00000', 1),
('9353df11-3d30-46a5-aea6-63161198d517', 'a5ab48a4-5267-4ca6-a088-0470bb813e6a', NULL, 'a7546905-c250-4ac3-ac07-8d940e811433', 'MR-200ML-APPLE-PAPER', 'Pcs', NULL, '142857.00000', '0.00000', NULL, NULL, 'REEL', NULL, NULL, '14d61336-875c-4412-a598-75c677b21793', '5.63000', 3),
('98271994-18c9-4008-b18a-edff4948c8c5', '3ba485b7-fda0-47f8-bf7e-87de52a817e8', 'eb82b351-5927-4aad-8a8f-514f24bcc3cf', 'dbc1529a-cfee-484d-b9c4-8cbb45d30ca3', '250ML-STRAW', 'Pcs', '90.00000', '30.00000', '30.00000', '2700.00000', NULL, 'null', NULL, NULL, '4a2a78df-367a-4c40-b8c0-64ab6114a4cf', '88.86667', 2),
('98480275-bffc-45e8-92ee-9755dfc96ce1', 'c947cf57-0947-443c-bcd2-3ade249f6ea0', NULL, 'a3157a27-0e5c-41c1-a5c8-61b78fcacf62', '125ML-1X24-CARTON', 'Pcs', NULL, '30925.00000', '0.00000', NULL, NULL, 'TRAY', NULL, NULL, '80233bb7-6cc4-4802-8541-78de69671cc5', '5.95000', NULL),
('99eaf5bc-cb90-4572-b48e-f82ba6d35b6a', '71532032-3a27-4ab2-b842-1834f6b3982b', NULL, 'daa2dddb-b342-4ab0-b8dd-a952d7bd52be', 'MR-200ML-MANGO-PAPER', 'Pcs', NULL, '181650.00000', '133275.00000', NULL, NULL, 'REEL', NULL, NULL, '6752694e-3a62-441b-8285-1159f195a4a8', '4.83000', NULL),
('9aeae00a-197c-4e7c-a182-1a53ad2a1576', 'a5ab48a4-5267-4ca6-a088-0470bb813e6a', NULL, 'ff37340f-a17f-4c24-9ccd-9d26c11f0232', 'MR-250ML-APPLE-PAPER', 'Pcs', NULL, '182253.00000', '0.00000', NULL, NULL, 'REEL', NULL, NULL, '0dca448c-d188-4da2-a014-be7a456cd585', '5.74000', 8),
('9cd4235c-c20c-4a1a-b0e6-b89f4f1662aa', '50779112-cb9e-4a40-9ee6-4f23a6d9c0f1', NULL, 'c8d5d6f6-b614-4899-a78b-48fef22699e2', 'MR-250ML-ORANGE MANGO-PAPER', 'Pcs', NULL, '682817.00000', '0.00000', NULL, NULL, 'REEL', NULL, NULL, '56363cda-8646-4f2e-a7a9-4dfc05d32239', '5.74000', NULL),
('9e2e21ce-60b9-4d6a-9f48-a4d2b6cb131f', 'c947cf57-0947-443c-bcd2-3ade249f6ea0', NULL, 'cb5a1a7d-9dc6-49b7-9711-c007985762a5', '250ML-1X36-CARTON', 'Pcs', NULL, '14250.00000', '5790.00000', NULL, NULL, 'CARTOON', NULL, NULL, 'bde110ba-3d7f-4544-8ef8-15978cc31676', '24.50000', NULL),
('9ee29b3a-8216-4fa0-8dd3-90c282bd32ed', '692a3e66-ec51-43ba-9d21-21ece01892af', NULL, '0928fe94-c46c-4316-a575-63fd0530a665', 'CS-125ML-APPLE-PAPER', 'Pcs', '3.67000', '40.00000', '40.00000', '146.80000', NULL, 'REEL', NULL, NULL, '24f7a1b8-fb76-4278-ae27-3c6b7404620a', '3.67000', 2),
('9eeaa3f0-1359-4eb1-a406-aad819c1a78b', 'bfe9ae8f-da54-4315-b801-b8caae5138fb', 'c737e3ed-1809-4380-b841-3151ea984db8', 'ff37340f-a17f-4c24-9ccd-9d26c11f0232', 'MR-250ML-APPLE-PAPER', 'Pcs', '5.74000', '182241.00000', '10.00000', '57.40000', NULL, 'REEL', NULL, NULL, '0dca448c-d188-4da2-a014-be7a456cd585', '5.74000', 6),
('a165e8cb-b9f2-4a07-a590-6a2596b37057', '3c7881de-7626-4131-a65f-bae0fe2a547c', NULL, 'a3157a27-0e5c-41c1-a5c8-61b78fcacf62', '125ML-1X24-CARTON', 'Pcs', NULL, '30925.00000', '3275.00000', NULL, NULL, 'TRAY', NULL, NULL, '80233bb7-6cc4-4802-8541-78de69671cc5', '5.95000', NULL),
('a21b7615-ac62-4724-811e-131a162d1faf', '43568170-9701-4a3b-9f6a-19a4383f7632', NULL, 'cb5a1a7d-9dc6-49b7-9711-c007985762a5', '250ML-1X36-CARTON', 'Pcs', NULL, '4230.00000', '4230.00000', NULL, NULL, 'CARTOON', NULL, NULL, 'bde110ba-3d7f-4544-8ef8-15978cc31676', '24.50000', NULL),
('a44dd627-1cdc-4888-bf59-204e652bb8a7', 'b4ab10a2-2ac7-4c15-8f82-34cf8a818cfc', 'c737e3ed-1809-4380-b841-3151ea984db8', 'a7546905-c250-4ac3-ac07-8d940e811433', 'MR-200ML-APPLE-PAPER', 'Pcs', '5.63000', '142857.00000', '10.00000', '56.30000', NULL, 'REEL', NULL, NULL, '14d61336-875c-4412-a598-75c677b21793', '5.63000', 11),
('a45db16d-40c8-481f-8093-cf5d8ea1b873', 'a9a3108f-eb34-4257-8b5d-37d326ea8550', NULL, 'cb5a1a7d-9dc6-49b7-9711-c007985762a5', '250ML-1X36-CARTON', 'Pcs', NULL, '8460.00000', '0.00000', NULL, NULL, 'CARTOON', NULL, NULL, 'bde110ba-3d7f-4544-8ef8-15978cc31676', '24.50000', NULL),
('a549ce1b-2025-418e-9267-9582de7d501b', '34203195-ed71-4a9d-a709-5b5188ef3205', NULL, 'c404d9b7-b7f5-46d6-bef7-4b8f2c99be91', 'MR-250ML-MIX FRUIT-PAPER', 'Pcs', '5.74000', '268667.00000', '12.00000', '68.88000', NULL, 'REEL', NULL, NULL, 'c442e651-16d9-4a89-bb9a-1b8ad080e30e', '5.74000', 7),
('a6398532-dc63-48c0-a1d1-369fe2c0c9ff', 'a5ab48a4-5267-4ca6-a088-0470bb813e6a', NULL, 'c8d5d6f6-b614-4899-a78b-48fef22699e2', 'MR-250ML-ORANGE MANGO-PAPER', 'Pcs', NULL, '629117.00000', '106130.00000', NULL, NULL, 'REEL', NULL, NULL, '56363cda-8646-4f2e-a7a9-4dfc05d32239', '5.74000', 7),
('a6da0ace-0a87-4559-bb19-79a48de2f69e', '4fcd42a5-ae49-4b99-96a2-738ce942831a', NULL, '0928fe94-c46c-4316-a575-63fd0530a665', '250ML-STRAW', 'Pcs', '90.00000', '110.00000', '110.00000', '9900.00000', NULL, 'null', NULL, NULL, '4a2a78df-367a-4c40-b8c0-64ab6114a4cf', '88.86667', 1),
('a6eec24d-0fcc-424c-b72c-9c860b171166', 'db0494bd-9682-4c8d-a416-7afe39e7711d', NULL, 'c8d5d6f6-b614-4899-a78b-48fef22699e2', 'MR-250ML-ORANGE MANGO-PAPER', 'Pcs', NULL, '629117.00000', '0.00000', NULL, NULL, 'REEL', NULL, NULL, '56363cda-8646-4f2e-a7a9-4dfc05d32239', '5.74000', NULL),
('a7748e20-b6e5-42c8-a2ac-7f110cdb030d', '34203195-ed71-4a9d-a709-5b5188ef3205', NULL, 'dbc1529a-cfee-484d-b9c4-8cbb45d30ca3', 'CS-125ML-MIX FRUIT-PAPER', 'Pcs', '3.67000', '115584.00000', '12.00000', '44.04000', NULL, 'REEL', NULL, NULL, 'f3b539ab-e4d0-4d5a-a143-809c0518d4f5', '3.67000', 3),
('a916b931-d177-42f8-b84d-e7583687158e', '61d98afb-51f9-4b7e-be3b-6ec65a6ebc50', 'eb82b351-5927-4aad-8a8f-514f24bcc3cf', '0928fe94-c46c-4316-a575-63fd0530a665', '250ML-STRAW', 'Pcs', '90.00000', '20.00000', '20.00000', '1800.00000', NULL, 'null', NULL, NULL, '4a2a78df-367a-4c40-b8c0-64ab6114a4cf', '88.86667', 2),
('aa47addf-39f3-45a3-84bc-4464c52c685d', 'cca736a1-622f-4ef2-ab5a-76018f3951e8', NULL, 'dbc1529a-cfee-484d-b9c4-8cbb45d30ca3', 'CS-125ML-MIX FRUIT-PAPER', 'Pcs', NULL, '221714.00000', '0.00000', NULL, NULL, 'REEL', NULL, NULL, 'f3b539ab-e4d0-4d5a-a143-809c0518d4f5', '3.67000', NULL),
('ab85d812-a34b-4bec-a265-4beb606a701a', 'db0494bd-9682-4c8d-a416-7afe39e7711d', NULL, '8df7c58f-9091-4a4c-b9d0-1c65fb5992c7', 'CS-125ML-MANGO-PAPER', 'Pcs', NULL, '1318687.00000', '0.00000', NULL, NULL, 'REEL', NULL, NULL, '26b6e4bb-b2d2-45b0-be14-c4ae7d7d8491', '3.67000', NULL),
('abb0b999-1934-449d-8302-45daec468654', '4fcd42a5-ae49-4b99-96a2-738ce942831a', NULL, 'cb5a1a7d-9dc6-49b7-9711-c007985762a5', '250ML-1X36-CARTON', 'Pcs', '100.00000', '100.00000', '100.00000', '10000.00000', NULL, 'null', NULL, NULL, 'e52ed9c9-2758-4885-b572-c31e332978cc', '100.00000', 2),
('ac393ffd-8d7c-4a32-a495-334406c10cdd', '3715e02c-022b-4acc-b24a-875d3fc2183f', NULL, '1a94e739-6a47-4d58-bb4e-725c5375903c', '200ML-1X24-CARTON', 'Pcs', NULL, '3725.00000', '0.00000', NULL, NULL, 'TRAY', NULL, NULL, '1f11397e-d613-4ad7-ac07-c41a7cc2a422', '9.00000', NULL),
('ac670dd4-1a79-4c14-92c3-2e931f797ac1', 'b4ab10a2-2ac7-4c15-8f82-34cf8a818cfc', 'c737e3ed-1809-4380-b841-3151ea984db8', 'c404d9b7-b7f5-46d6-bef7-4b8f2c99be91', 'MR-250ML-MIX FRUIT-PAPER', 'Pcs', '5.74000', '268655.00000', '10.00000', '57.40000', NULL, 'REEL', NULL, NULL, 'c442e651-16d9-4a89-bb9a-1b8ad080e30e', '5.74000', 7),
('acecd3a7-7b2f-4b07-b099-2230e4158d65', 'a5ab48a4-5267-4ca6-a088-0470bb813e6a', NULL, 'dbc1529a-cfee-484d-b9c4-8cbb45d30ca3', 'CS-125ML-MIX FRUIT-PAPER', 'Pcs', NULL, '115584.00000', '0.00000', NULL, NULL, 'REEL', NULL, NULL, 'f3b539ab-e4d0-4d5a-a143-809c0518d4f5', '3.67000', 9),
('ad82da16-f854-4967-8b72-d4353981a337', 'a5ab48a4-5267-4ca6-a088-0470bb813e6a', NULL, 'daa2dddb-b342-4ab0-b8dd-a952d7bd52be', 'MR-200ML-MANGO-PAPER', 'Pcs', NULL, '275329.00000', '0.00000', NULL, NULL, 'REEL', NULL, NULL, '50772c41-5297-4f61-98f9-df0343d2c86c', '5.63000', 1),
('ae9520cf-7633-40d0-94b8-12dc35cf538e', '0ec0f821-9395-498b-b66b-fba92bcb21c3', NULL, '8df7c58f-9091-4a4c-b9d0-1c65fb5992c7', 'CS-125ML-MANGO-PAPER', 'Pcs', NULL, '230315.00000', '172575.00000', NULL, NULL, 'REEL', NULL, NULL, '22ff2201-e289-4a96-b8f7-0bed637eba6e', '3.33000', NULL),
('aeacb99d-fc0b-4043-9c37-2a4334a2fbf1', '68e7441c-d167-456a-83c8-d15badae6666', NULL, 'a3157a27-0e5c-41c1-a5c8-61b78fcacf62', '125ML-1X24-CARTON', 'Pcs', NULL, '47364.00000', '10039.00000', NULL, NULL, 'TRAY', NULL, NULL, '80233bb7-6cc4-4802-8541-78de69671cc5', '5.95000', NULL),
('b397fddd-79ba-41d7-9efe-c14edeb93faa', '6581cb9e-9cab-46b4-9a5e-7db105a5a66a', NULL, 'cb5a1a7d-9dc6-49b7-9711-c007985762a5', '250ML-1X36-CARTON', 'Pcs', NULL, '14250.00000', '0.00000', NULL, NULL, 'CARTOON', NULL, NULL, 'bde110ba-3d7f-4544-8ef8-15978cc31676', '24.50000', NULL),
('b3a76a0a-d290-4b25-8560-79805dbe191c', 'fe857bf8-7673-4a87-b679-cddb16a17dca', NULL, 'c8d5d6f6-b614-4899-a78b-48fef22699e2', 'MR-250ML-ORANGE MANGO-PAPER', 'Pcs', NULL, '125425.00000', '71920.00000', NULL, NULL, 'REEL', NULL, NULL, 'd83a70a6-8e54-4e73-94ed-4d497dade39d', '5.07000', NULL),
('b3eb0cfa-0daf-4781-bc17-4a3999a45810', 'c313b60a-10a9-4836-96cc-09d3dbf02168', NULL, '1a94e739-6a47-4d58-bb4e-725c5375903c', '200ML-1X24-CARTON', 'Pcs', NULL, '10000.00000', '6275.00000', NULL, NULL, 'TRAY', NULL, NULL, '1f11397e-d613-4ad7-ac07-c41a7cc2a422', '9.00000', NULL),
('b4f54901-8c2c-458d-bfaf-c833d8351a4b', '50779112-cb9e-4a40-9ee6-4f23a6d9c0f1', NULL, 'ff37340f-a17f-4c24-9ccd-9d26c11f0232', 'MR-250ML-APPLE-PAPER', 'Pcs', NULL, '520333.00000', '108790.00000', NULL, NULL, 'REEL', NULL, NULL, '0dca448c-d188-4da2-a014-be7a456cd585', '5.74000', NULL),
('b85ec233-5af5-4039-974f-b09f408d15cc', 'ac9173a9-7a96-4a51-aaea-5005a6a1e9cd', NULL, 'c404d9b7-b7f5-46d6-bef7-4b8f2c99be91', 'MR-250ML-MIX FRUIT-PAPER', 'Pcs', NULL, '268667.00000', '0.00000', NULL, NULL, 'REEL', NULL, NULL, 'c442e651-16d9-4a89-bb9a-1b8ad080e30e', '5.74000', 7),
('b9485256-84bb-486c-aba8-f9cf540a3808', '9de07fbb-ced0-4f6f-9951-18291e26b131', 'eb82b351-5927-4aad-8a8f-514f24bcc3cf', 'cb5a1a7d-9dc6-49b7-9711-c007985762a5', '250ML-1X36-CARTON', 'Pcs', '100.00000', '200.00000', '200.00000', '20000.00000', NULL, 'null', NULL, NULL, 'e52ed9c9-2758-4885-b572-c31e332978cc', '100.00000', 1),
('bb4834e5-ebbf-4963-b6b5-77c571d0450b', 'b4ab10a2-2ac7-4c15-8f82-34cf8a818cfc', 'c737e3ed-1809-4380-b841-3151ea984db8', '29f3b48a-364e-4513-95ab-5ba86ca5dae4', 'MR-200ML-ANNAR-PAPER', 'Pcs', '5.63000', '142845.00000', '10.00000', '56.30000', NULL, 'REEL', NULL, NULL, '65f7a362-f7a6-4050-be1e-2d75b6ce7391', '5.63000', 9),
('bbcd9a82-f8dd-4c1b-8a32-8c2107e9b7bc', 'b4ab10a2-2ac7-4c15-8f82-34cf8a818cfc', 'c737e3ed-1809-4380-b841-3151ea984db8', 'c8d5d6f6-b614-4899-a78b-48fef22699e2', 'MR-250ML-ORANGE MANGO-PAPER', 'Pcs', '5.74000', '522975.00000', '10.00000', '57.40000', NULL, 'REEL', NULL, NULL, '56363cda-8646-4f2e-a7a9-4dfc05d32239', '5.74000', 5),
('bd6b8747-df91-4d91-9b98-41dcd96b347d', 'bfe9ae8f-da54-4315-b801-b8caae5138fb', 'c737e3ed-1809-4380-b841-3151ea984db8', 'c8d5d6f6-b614-4899-a78b-48fef22699e2', 'MR-250ML-ORANGE MANGO-PAPER', 'Pcs', '5.74000', '522975.00000', '10.00000', '57.40000', NULL, 'REEL', NULL, NULL, '56363cda-8646-4f2e-a7a9-4dfc05d32239', '5.74000', 5),
('beec8dd6-df54-4671-b012-eabee0ea8833', 'cca736a1-622f-4ef2-ab5a-76018f3951e8', NULL, 'a762acbf-7c99-4239-a236-2fb14836dc03', 'MR-250ML-MANGO-PAPER', 'Pcs', NULL, '840430.00000', '86150.00000', NULL, NULL, 'REEL', NULL, NULL, 'fa60d1b3-0d5c-4177-a404-1172b855dc43', '5.74000', NULL),
('c0198ce9-730e-4cf0-a687-94014c8adad0', 'f89145dc-b3d7-4b36-b3cb-38be6d176faa', 'eb82b351-5927-4aad-8a8f-514f24bcc3cf', '0928fe94-c46c-4316-a575-63fd0530a665', '250ML-STRAW', 'Pcs', '90.00000', '40.00000', '40.00000', '3600.00000', NULL, 'null', NULL, NULL, '4a2a78df-367a-4c40-b8c0-64ab6114a4cf', '88.86667', 2),
('c064d93a-8749-4f12-ad6e-25938bdfca85', 'a47936e3-b02d-48e8-a76e-c0c1d70f016f', NULL, 'a3157a27-0e5c-41c1-a5c8-61b78fcacf62', '125ML-1X24-CARTON', 'Pcs', NULL, '30925.00000', '0.00000', NULL, NULL, 'TRAY', NULL, NULL, '80233bb7-6cc4-4802-8541-78de69671cc5', '5.95000', NULL),
('c25f4603-f599-4ea2-b9f9-4c8d4fd8e68c', 'c313b60a-10a9-4836-96cc-09d3dbf02168', NULL, 'ddbeb847-9738-424d-b5cd-817ea8c280f2', '250ML-1X27-CARTON', 'Pcs', NULL, '20000.00000', '5500.00000', NULL, NULL, 'TRAY', NULL, NULL, '827b23fe-f10c-4bb3-9aed-e4ab45259396', '9.50000', NULL),
('c9ca0f4b-660f-4215-a356-e58bbeeeede9', 'bfe9ae8f-da54-4315-b801-b8caae5138fb', 'c737e3ed-1809-4380-b841-3151ea984db8', 'f918cfd1-43cc-46a0-9390-6119da495d02', 'CS-125ML-APPLE-PAPER', 'Pcs', '3.67000', '476231.00000', '10.00000', '36.70000', NULL, 'REEL', NULL, NULL, '24f7a1b8-fb76-4278-ae27-3c6b7404620a', '3.67000', 2),
('ca6b4889-55e0-4fc7-b7ca-25a2de673f6d', '43126046-fdc6-4f27-bdf2-7ded1552e059', NULL, 'a3157a27-0e5c-41c1-a5c8-61b78fcacf62', '125ML-1X24-CARTON', 'Pcs', NULL, '1850.00000', '1850.00000', NULL, NULL, 'TRAY', NULL, NULL, '80233bb7-6cc4-4802-8541-78de69671cc5', '5.95000', NULL),
('cac6965d-df60-4dc5-bfce-494081689bf8', 'db0494bd-9682-4c8d-a416-7afe39e7711d', NULL, 'a762acbf-7c99-4239-a236-2fb14836dc03', 'MR-250ML-MANGO-PAPER', 'Pcs', NULL, '754280.00000', '0.00000', NULL, NULL, 'REEL', NULL, NULL, 'fa60d1b3-0d5c-4177-a404-1172b855dc43', '5.74000', NULL),
('ccca1352-9331-4eaf-99fa-ecacb59e2b52', 'ac9173a9-7a96-4a51-aaea-5005a6a1e9cd', NULL, 'a7546905-c250-4ac3-ac07-8d940e811433', 'MR-200ML-APPLE-PAPER', 'Pcs', NULL, '142857.00000', '0.00000', NULL, NULL, 'REEL', NULL, NULL, '14d61336-875c-4412-a598-75c677b21793', '5.63000', 11),
('ccd8a7ef-9ac2-4236-98ee-028c9ca3a1f9', 'a9a3108f-eb34-4257-8b5d-37d326ea8550', NULL, '1a94e739-6a47-4d58-bb4e-725c5375903c', '200ML-1X24-CARTON', 'Pcs', NULL, '6291.00000', '6291.00000', NULL, NULL, 'TRAY', NULL, NULL, '177b7bcc-2afc-41a7-9f39-d56f7c5983e6', '7.70000', NULL),
('d299e893-d3fa-48b7-9ab8-4033f073e362', 'a80860ac-4189-4911-bc24-69f32f40251b', NULL, '8df7c58f-9091-4a4c-b9d0-1c65fb5992c7', 'CS-125ML-MANGO-PAPER', 'Pcs', NULL, '57740.00000', '57740.00000', NULL, NULL, 'REEL', NULL, NULL, '22ff2201-e289-4a96-b8f7-0bed637eba6e', '3.33000', NULL),
('d3f04846-e393-4e96-9757-b47cfe523813', 'a9a3108f-eb34-4257-8b5d-37d326ea8550', NULL, 'a3157a27-0e5c-41c1-a5c8-61b78fcacf62', '125ML-1X24-CARTON', 'Pcs', NULL, '30925.00000', '0.00000', NULL, NULL, 'TRAY', NULL, NULL, '80233bb7-6cc4-4802-8541-78de69671cc5', '5.95000', NULL),
('d5f260d1-d7dd-4c61-a763-a97c3f616ff0', '50779112-cb9e-4a40-9ee6-4f23a6d9c0f1', NULL, '8df7c58f-9091-4a4c-b9d0-1c65fb5992c7', 'CS-125ML-MANGO-PAPER', 'Pcs', NULL, '1318687.00000', '0.00000', NULL, NULL, 'REEL', NULL, NULL, '26b6e4bb-b2d2-45b0-be14-c4ae7d7d8491', '3.67000', NULL),
('d6ca8160-cbba-4375-a8e2-8f2909f1f498', 'bfe9ae8f-da54-4315-b801-b8caae5138fb', 'c737e3ed-1809-4380-b841-3151ea984db8', 'daa2dddb-b342-4ab0-b8dd-a952d7bd52be', 'MR-200ML-MANGO-PAPER', 'Pcs', '5.63000', '275317.00000', '10.00000', '56.30000', NULL, 'REEL', NULL, NULL, '50772c41-5297-4f61-98f9-df0343d2c86c', '5.63000', 8),
('e8c558d8-a6f1-4e9c-8c18-aa079a272e95', 'ac9173a9-7a96-4a51-aaea-5005a6a1e9cd', NULL, 'ff37340f-a17f-4c24-9ccd-9d26c11f0232', 'MR-250ML-APPLE-PAPER', 'Pcs', NULL, '182253.00000', '0.00000', NULL, NULL, 'REEL', NULL, NULL, '0dca448c-d188-4da2-a014-be7a456cd585', '5.74000', 6),
('eb7e3308-f709-4c7c-9137-aa5629137504', '2d568f51-a82f-4bc7-8d64-2aa9395a29f0', '5cc78117-fea9-48cc-8e0a-b96544a364d6', '18ec96b0-93c3-4d4b-9a14-7d637d33636e', 'CITRIC ACID', 'KG', '150.00000', '15.00000', '15.00000', '2250.00000', NULL, 'null', NULL, NULL, '9052ac4c-3dcf-4b64-815c-7af31ecbbf2b', '142.50000', 2),
('ed787e86-d825-439b-8ecf-2dbe4e84d63d', 'c826dc23-2ed1-4a5c-884c-b80d66606c04', NULL, 'cb5a1a7d-9dc6-49b7-9711-c007985762a5', '250ML-1X36-CARTON', 'Pcs', NULL, '3270.00000', '3270.00000', NULL, NULL, 'CARTOON', NULL, NULL, '101a27e6-34f7-473f-9ecc-66abd9a32070', '24.50000', NULL),
('ef0b1fbe-7d82-41c3-b32a-3a16ada47141', '25f0e2d7-561d-405a-b1fe-5c9d26a709f5', NULL, 'cb5a1a7d-9dc6-49b7-9711-c007985762a5', '250ML-1X36-CARTON', 'Pcs', '100.00000', '10.00000', '10.00000', '1000.00000', NULL, 'null', NULL, NULL, 'e52ed9c9-2758-4885-b572-c31e332978cc', '100.00000', 1),
('f09ce148-dc96-43d8-8424-674f519a8b97', '34203195-ed71-4a9d-a709-5b5188ef3205', NULL, 'ff37340f-a17f-4c24-9ccd-9d26c11f0232', 'MR-250ML-APPLE-PAPER', 'Pcs', '5.74000', '182253.00000', '12.00000', '68.88000', NULL, 'REEL', NULL, NULL, '0dca448c-d188-4da2-a014-be7a456cd585', '5.74000', 6),
('f1a11c0d-536f-4e87-9a34-bda58a1c7c5d', 'bfe9ae8f-da54-4315-b801-b8caae5138fb', 'c737e3ed-1809-4380-b841-3151ea984db8', '29f3b48a-364e-4513-95ab-5ba86ca5dae4', 'MR-200ML-ANNAR-PAPER', 'Pcs', '5.63000', '142845.00000', '10.00000', '56.30000', NULL, 'REEL', NULL, NULL, '65f7a362-f7a6-4050-be1e-2d75b6ce7391', '5.63000', 9),
('f39e8486-f672-4a3f-8194-15734c539f16', '3a80c3a2-033f-4231-a06a-fd8783722495', NULL, '1a94e739-6a47-4d58-bb4e-725c5375903c', '200ML-1X24-CARTON', 'Pcs', NULL, '3725.00000', '1043.00000', NULL, NULL, 'TRAY', NULL, NULL, '1f11397e-d613-4ad7-ac07-c41a7cc2a422', '9.00000', NULL),
('f6287aee-bc10-4187-8d58-73888ee9447a', '0ec0f821-9395-498b-b66b-fba92bcb21c3', NULL, 'f918cfd1-43cc-46a0-9390-6119da495d02', 'CS-125ML-APPLE-PAPER', 'Pcs', NULL, '86680.00000', '86680.00000', NULL, NULL, 'REEL', NULL, NULL, '633571e7-d25f-45ba-b64b-f091d53a980c', '3.33000', NULL),
('f891739a-048a-44b1-8f49-8ef71ccdd036', '48af5020-1a19-4597-9d30-b17166afbb9e', '5acb0a82-6ef3-4052-a6b6-253252154926', 'a3157a27-0e5c-41c1-a5c8-61b78fcacf62', '125ML-1X24-CARTON', 'Pcs', '100.00000', '500.00000', '500.00000', '50000.00000', NULL, 'null', NULL, NULL, 'b4b8c543-855d-4313-83e0-09ef65adffb3', '102.20000', 1),
('fd5f513d-4ad4-4b18-ae3e-73f21936ca78', 'db0494bd-9682-4c8d-a416-7afe39e7711d', NULL, 'c404d9b7-b7f5-46d6-bef7-4b8f2c99be91', 'MR-250ML-MIX FRUIT-PAPER', 'Pcs', NULL, '268667.00000', '0.00000', NULL, NULL, 'REEL', NULL, NULL, 'c442e651-16d9-4a89-bb9a-1b8ad080e30e', '5.74000', NULL),
('febb35ec-54a1-44f6-a775-f24c3098ff75', '3ba485b7-fda0-47f8-bf7e-87de52a817e8', 'eb82b351-5927-4aad-8a8f-514f24bcc3cf', '8df7c58f-9091-4a4c-b9d0-1c65fb5992c7', '250ML-1X36-CARTON', 'Pcs', '100.00000', '25.00000', '25.00000', '2500.00000', NULL, 'null', NULL, NULL, 'e52ed9c9-2758-4885-b572-c31e332978cc', '100.00000', 1),
('ff27397e-529a-4336-bd16-d70147dc22fd', 'fd65208e-e6b4-4a8e-b6c9-1ef8bc5e6c22', NULL, 'cb5a1a7d-9dc6-49b7-9711-c007985762a5', '250ML-1X36-CARTON', 'Pcs', NULL, '2850.00000', '2850.00000', NULL, NULL, 'CARTOON', NULL, NULL, '7b93864f-9b3f-4b1b-8ee9-0dd3554bfb5a', '245.00000', 1);

-- --------------------------------------------------------

--
-- Table structure for table `inv_internal_transfer_attachments`
--

CREATE TABLE `inv_internal_transfer_attachments` (
  `id` varchar(36) COLLATE utf8mb4_unicode_ci NOT NULL,
  `int_id` varchar(36) COLLATE utf8mb4_unicode_ci DEFAULT NULL,
  `file` varchar(100) COLLATE utf8mb4_unicode_ci DEFAULT NULL,
  `created_at` timestamp NULL DEFAULT NULL,
  `updated_at` timestamp NULL DEFAULT NULL
) ENGINE=InnoDB DEFAULT CHARSET=utf8mb4 COLLATE=utf8mb4_unicode_ci;

-- --------------------------------------------------------

--
-- Table structure for table `inv_internal_transfer_details`
--

CREATE TABLE `inv_internal_transfer_details` (
  `id` varchar(36) COLLATE utf8mb4_unicode_ci NOT NULL,
  `int_id` varchar(36) COLLATE utf8mb4_unicode_ci DEFAULT NULL,
  `prod_id` varchar(36) COLLATE utf8mb4_unicode_ci DEFAULT NULL,
  `description` varchar(250) COLLATE utf8mb4_unicode_ci DEFAULT NULL,
  `unit` varchar(12) COLLATE utf8mb4_unicode_ci DEFAULT NULL,
  `qty` int(11) DEFAULT NULL,
  `rate` decimal(12,2) DEFAULT NULL,
  `amount` decimal(12,2) DEFAULT NULL,
  `required_by_date` date DEFAULT NULL,
  `packing_detail` varchar(100) COLLATE utf8mb4_unicode_ci DEFAULT NULL,
  `display` int(11) DEFAULT NULL,
  `created_at` timestamp NULL DEFAULT NULL,
  `updated_at` timestamp NULL DEFAULT NULL
) ENGINE=InnoDB DEFAULT CHARSET=utf8mb4 COLLATE=utf8mb4_unicode_ci;

-- --------------------------------------------------------

--
-- Table structure for table `inv_inventories`
--

CREATE TABLE `inv_inventories` (
  `id` varchar(255) COLLATE utf8mb4_unicode_ci NOT NULL,
  `date` date DEFAULT NULL,
  `month` int(10) UNSIGNED DEFAULT NULL,
  `warehouse_id` varchar(36) COLLATE utf8mb4_unicode_ci DEFAULT NULL,
  `source` varchar(36) COLLATE utf8mb4_unicode_ci DEFAULT NULL,
  `source_id` varchar(36) COLLATE utf8mb4_unicode_ci DEFAULT NULL,
  `source_detail_id` varchar(36) COLLATE utf8mb4_unicode_ci DEFAULT NULL,
  `company_id` varchar(36) COLLATE utf8mb4_unicode_ci DEFAULT NULL,
  `status` varchar(36) COLLATE utf8mb4_unicode_ci DEFAULT NULL,
  `approvel` varchar(30) COLLATE utf8mb4_unicode_ci DEFAULT NULL,
  `batch` varchar(36) COLLATE utf8mb4_unicode_ci DEFAULT NULL,
  `project_id` varchar(36) COLLATE utf8mb4_unicode_ci DEFAULT NULL,
  `prod_id` varchar(36) COLLATE utf8mb4_unicode_ci DEFAULT NULL,
  `qty_in` int(11) DEFAULT 0,
  `qty_out` int(11) DEFAULT 0,
  `qty_issue` int(11) DEFAULT 0,
  `balance` int(11) DEFAULT 0,
  `unit` varchar(36) COLLATE utf8mb4_unicode_ci DEFAULT NULL,
  `rate` decimal(12,2) DEFAULT NULL,
  `amount` decimal(14,2) DEFAULT NULL,
  `description` varchar(100) COLLATE utf8mb4_unicode_ci DEFAULT NULL,
  `updated_by` varchar(36) COLLATE utf8mb4_unicode_ci DEFAULT NULL,
  `created_at` timestamp NULL DEFAULT NULL,
  `updated_at` timestamp NULL DEFAULT NULL,
  `number` int(11) NOT NULL,
  `batch_no` varchar(32) COLLATE utf8mb4_unicode_ci DEFAULT NULL
) ENGINE=InnoDB DEFAULT CHARSET=utf8mb4 COLLATE=utf8mb4_unicode_ci;

--
-- Dumping data for table `inv_inventories`
--

INSERT INTO `inv_inventories` (`id`, `date`, `month`, `warehouse_id`, `source`, `source_id`, `source_detail_id`, `company_id`, `status`, `approvel`, `batch`, `project_id`, `prod_id`, `qty_in`, `qty_out`, `qty_issue`, `balance`, `unit`, `rate`, `amount`, `description`, `updated_by`, `created_at`, `updated_at`, `number`, `batch_no`) VALUES
('00720a30-0507-4595-bab1-44bac7d6abb8', '2021-06-29', 2021, 'ea05b523-f673-4b0a-af93-4696ef68589a', 'delivery_order', '3fa39f52-b7c3-4dd8-9364-6ea21175559e', 'd6e4520e-0e43-4280-8f65-078b2e4ed888', 'f9d0b90d-631a-4f45-982c-d8223bd65c0d', NULL, NULL, NULL, NULL, '2964bb13-9fa9-448f-8282-69dbf8bd2a20', 0, 20, 0, 0, 'Tray', '158.28', '3165.60', 'sale order,approvel', NULL, '2021-06-29 03:51:36', '2021-06-29 03:51:36', 0, NULL),
('00b4c653-54dd-475d-ae86-cd2ea765bf97', '2021-08-06', 2021, 'ae3b0fe8-5f4c-4327-8624-748d572e9c27', 'grn_purchase', '2caa0a06-781e-45f8-83a3-3e35ad70bcc6', '09d3dc94-e4ba-4ff7-be57-fb3d0a8aafdb', 'f9d0b90d-631a-4f45-982c-d8223bd65c0d', NULL, NULL, NULL, NULL, 'a3157a27-0e5c-41c1-a5c8-61b78fcacf62', 25, 0, 0, 25, 'Pcs', '72.50', '1812.50', 'checked', NULL, '2021-08-06 05:07:46', '2021-08-06 05:07:46', 5, NULL),
('00cc2e29-9e71-44d6-a6ce-81d690dedec8', '2021-05-24', 2105, 'ae3b0fe8-5f4c-4327-8624-748d572e9c27', 'grn_purchase', '6ab7eb3c-019f-4f04-afcf-c2b7f124b723', '796305f6-ef28-4e8b-81c1-7aded48534ec', 'f9d0b90d-631a-4f45-982c-d8223bd65c0d', NULL, NULL, NULL, NULL, 'cb5a1a7d-9dc6-49b7-9711-c007985762a5', 2850, 0, 2850, 0, 'Pcs', '24.50', '698250.00', NULL, NULL, '2021-05-24 02:56:53', '2021-05-24 02:56:53', 0, NULL),
('00e1202f-dd60-414d-bfe4-80393bcd102d', '2021-02-08', 2021, 'ae3b0fe8-5f4c-4327-8624-748d572e9c27', 'gin_wip', 'a66cd017-0f72-4cf0-a283-4037841572b2', 'e50128fb-cb7e-44cb-b122-dcd839af766d', 'f9d0b90d-631a-4f45-982c-d8223bd65c0d', 'Completed', NULL, NULL, NULL, 'c8d5d6f6-b614-4899-a78b-48fef22699e2', 0, 43884, 0, 0, 'Pcs', '5.07', '222491.88', NULL, NULL, '2021-06-07 01:18:33', '2021-06-07 01:18:33', 0, NULL),
('01072392-1302-4879-bc34-7015a58a85fd', '2021-02-14', 2021, 'ea05b523-f673-4b0a-af93-4696ef68589a', 'delivery_order', 'f16c6344-567f-40e8-be3a-7f5a43d51976', '9878f35a-352c-4f4d-8f55-388a428dd456', 'f9d0b90d-631a-4f45-982c-d8223bd65c0d', NULL, NULL, NULL, NULL, '332a9e3d-a1fb-4250-ae29-a8cd1fd2cdc6', 0, 3581, 0, 0, 'Tray', '164.98', '590793.38', NULL, NULL, '2021-06-15 06:28:59', '2021-06-15 06:28:59', 0, NULL),
('012ea325-9080-4d13-b246-b8f1311cae8f', '2021-02-08', 2021, 'ae3b0fe8-5f4c-4327-8624-748d572e9c27', 'gin_wip update', 'a66cd017-0f72-4cf0-a283-4037841572b2', 'a66cd017-0f72-4cf0-a283-4037841572b2', 'f9d0b90d-631a-4f45-982c-d8223bd65c0d', 'Completed', NULL, NULL, NULL, '8df7c58f-9091-4a4c-b9d0-1c65fb5992c7', 322440, 0, 322440, 0, 'Pcs', '3.33', '1073725.20', 'Stock adjustment while GIN edit', NULL, '2021-06-07 01:18:33', '2021-06-07 01:18:33', 0, NULL),
('01585ba6-fe20-42e6-a43c-d2c6cb470e13', '2021-02-08', 2021, 'ae3b0fe8-5f4c-4327-8624-748d572e9c27', 'gin_wip update', 'a66cd017-0f72-4cf0-a283-4037841572b2', 'a66cd017-0f72-4cf0-a283-4037841572b2', 'f9d0b90d-631a-4f45-982c-d8223bd65c0d', 'Completed', NULL, NULL, NULL, 'f918cfd1-43cc-46a0-9390-6119da495d02', 246096, 0, 246096, 0, 'Pcs', '3.33', '819499.68', 'Stock adjustment while GIN edit', NULL, '2021-06-07 01:18:33', '2021-06-07 01:18:33', 0, NULL),
('015a2c86-169c-4828-9879-c9d69aa4a606', '2021-03-25', 2103, 'ae3b0fe8-5f4c-4327-8624-748d572e9c27', 'grn_purchase', 'c21cd1ad-b7f0-4f00-b6e5-d96c559a337b', 'f311f7d5-b6ff-407f-95f5-55cae6fb53ec', 'f9d0b90d-631a-4f45-982c-d8223bd65c0d', NULL, NULL, NULL, NULL, 'a7546905-c250-4ac3-ac07-8d940e811433', 0, 0, 0, 0, 'Pcs', '5.63', '0.00', NULL, NULL, '2021-03-29 09:24:54', '2021-03-29 09:24:54', 0, NULL),
('01be2a64-ba59-4fac-9745-bac2feb9787b', '2021-02-18', 2102, 'ae3b0fe8-5f4c-4327-8624-748d572e9c27', 'grn_purchase', '1cc3906c-01f3-43bf-9d05-96aeda2e1d70', '840193a2-80ff-4d5b-bdbc-9dedca6fb12b', 'f9d0b90d-631a-4f45-982c-d8223bd65c0d', NULL, NULL, NULL, NULL, '18ec96b0-93c3-4d4b-9a14-7d637d33636e', 87, 0, 0, 87, 'KG', '200.00', '17486.00', 'AAA', NULL, '2021-04-12 06:11:42', '2021-04-12 06:11:42', 0, NULL),
('022afc65-1fc6-47fb-9134-f569de9d548b', '2021-02-14', 2021, 'ea05b523-f673-4b0a-af93-4696ef68589a', 'delivery_order', 'f16c6344-567f-40e8-be3a-7f5a43d51976', '0d5cf2b2-4932-4ddc-b153-aa900b148b80', 'f9d0b90d-631a-4f45-982c-d8223bd65c0d', NULL, NULL, NULL, NULL, '2964bb13-9fa9-448f-8282-69dbf8bd2a20', 0, 2779, 0, 0, 'Tray', '158.28', '439860.12', NULL, NULL, '2021-06-15 06:28:59', '2021-06-15 06:28:59', 0, NULL),
('031de267-8311-407e-aa24-f255ecb4bd50', '2021-02-22', 2102, 'ae3b0fe8-5f4c-4327-8624-748d572e9c27', 'grn_purchase', 'c790dee3-240d-4f76-bd75-17b97101230f', '2dcbd60f-5893-442b-ad85-56c9e200424b', 'f9d0b90d-631a-4f45-982c-d8223bd65c0d', NULL, NULL, NULL, NULL, 'e36069a5-b88c-44f9-9856-f465e104a25d', 8, 0, 0, 8, 'KG', '982.00', '7482.84', NULL, NULL, '2021-04-12 06:15:18', '2021-04-12 06:15:18', 0, NULL),
('034961a3-c6de-49de-8573-538b15d47b4d', '2021-07-07', 2021, 'ea05b523-f673-4b0a-af93-4696ef68589a', 'Opening Balance', NULL, NULL, 'f9d0b90d-631a-4f45-982c-d8223bd65c0d', NULL, NULL, NULL, NULL, 'c8d5d6f6-b614-4899-a78b-48fef22699e2', NULL, 0, 0, NULL, NULL, NULL, '0.00', 'Opening Balance', NULL, '2021-07-08 05:30:29', '2021-07-08 05:30:29', 0, NULL),
('03a90aad-dd50-4835-a34c-26a625082f2a', '2021-02-22', 2102, 'ae3b0fe8-5f4c-4327-8624-748d572e9c27', 'grn_purchase', 'c790dee3-240d-4f76-bd75-17b97101230f', 'e69b337e-c755-4ba3-96b6-a414b4475743', 'f9d0b90d-631a-4f45-982c-d8223bd65c0d', NULL, NULL, NULL, NULL, '9e55e4ee-ed2d-41bd-974f-bf2e1378d78f', 19, 0, 0, 19, 'KG', '651.00', '12408.06', NULL, NULL, '2021-04-12 06:15:18', '2021-04-12 06:15:18', 0, NULL),
('04cd8d28-a97b-457c-bc21-8aac926e3f9b', '2021-02-08', 2021, 'ae3b0fe8-5f4c-4327-8624-748d572e9c27', 'gin_wip', 'a66cd017-0f72-4cf0-a283-4037841572b2', '170b8826-fe31-4fa8-b1ee-181c707e7358', 'f9d0b90d-631a-4f45-982c-d8223bd65c0d', 'Completed', NULL, NULL, NULL, '8df7c58f-9091-4a4c-b9d0-1c65fb5992c7', 0, 322440, 0, 0, 'Pcs', '3.42', '1102574.20', NULL, NULL, '2021-06-07 00:45:52', '2021-06-07 00:45:52', 0, NULL),
('04d56d34-c04c-4014-b6b9-9867b7389904', '2021-07-07', 2021, 'ea05b523-f673-4b0a-af93-4696ef68589a', 'Opening Balance', NULL, NULL, 'f9d0b90d-631a-4f45-982c-d8223bd65c0d', NULL, NULL, NULL, NULL, 'cb5a1a7d-9dc6-49b7-9711-c007985762a5', NULL, 0, 0, NULL, NULL, NULL, '0.00', 'Opening Balance', NULL, '2021-07-08 05:30:29', '2021-07-08 05:30:29', 0, NULL),
('04dac523-930f-4404-8e7f-c270fbed17c8', '2021-02-18', 2102, 'ae3b0fe8-5f4c-4327-8624-748d572e9c27', 'grn_purchase', '1cc3906c-01f3-43bf-9d05-96aeda2e1d70', '80c12dcd-df82-4b7f-b866-80f14f3917e1', 'f9d0b90d-631a-4f45-982c-d8223bd65c0d', NULL, NULL, NULL, NULL, '72b56809-0b30-4519-9614-ec21013f5229', 1747, 0, 0, 1747, 'KG', '75.00', '131025.75', 'AAA', NULL, '2021-04-12 06:11:42', '2021-04-12 06:11:42', 0, NULL),
('058b585e-d2a1-4ee8-8ea9-6a58394889c4', '2021-01-08', 2101, 'ae3b0fe8-5f4c-4327-8624-748d572e9c27', 'grn_purchase', '032d8a5e-6161-4ea6-87c2-011abaadeb0c', '63c27cdf-cac7-4e17-b84a-439774a3a6ee', 'f9d0b90d-631a-4f45-982c-d8223bd65c0d', NULL, NULL, NULL, NULL, 'a3157a27-0e5c-41c1-a5c8-61b78fcacf62', 6400, 0, 6400, 0, 'Pcs', '5.95', '38080.00', NULL, NULL, '2021-04-13 08:35:47', '2021-04-13 08:35:47', 0, NULL),
('06a06e87-3e74-4b52-b35f-62e0c84070a8', '2021-02-08', 2021, 'ae3b0fe8-5f4c-4327-8624-748d572e9c27', 'gin_wip update', 'a66cd017-0f72-4cf0-a283-4037841572b2', 'a66cd017-0f72-4cf0-a283-4037841572b2', 'f9d0b90d-631a-4f45-982c-d8223bd65c0d', 'Completed', NULL, NULL, NULL, '1a94e739-6a47-4d58-bb4e-725c5375903c', 6066, 0, 6066, 0, 'Pcs', '9.00', '54594.00', 'Stock adjustment while GIN edit', NULL, '2021-06-07 01:18:33', '2021-06-07 01:18:33', 0, NULL),
('06d7ca7e-5099-4cfb-a381-629d306c8e78', '2021-03-12', 2021, 'ae3b0fe8-5f4c-4327-8624-748d572e9c27', 'delivery_order', 'eea40ddb-6050-4b4d-8bfd-e72cec65946b', 'f1981c94-9e88-41f4-82c6-04e1eec62504', 'f9d0b90d-631a-4f45-982c-d8223bd65c0d', NULL, NULL, NULL, NULL, '70377159-1d37-41d7-86fd-ec24afbb19e2', 0, 1100, 0, 0, 'Ctn', '462.99', '509288.30', NULL, NULL, '2021-06-21 12:39:18', '2021-06-21 12:39:18', 0, NULL),
('0702a4ed-0e0f-4544-8a2d-a3f4f6bcb7bf', '2021-02-27', 2021, 'ea05b523-f673-4b0a-af93-4696ef68589a', 'delivery_order', '500cf88a-f732-4c0b-b107-fe7653ab6b32', 'c803a433-4696-448d-880f-9d669cdf0fd1', 'f9d0b90d-631a-4f45-982c-d8223bd65c0d', NULL, NULL, NULL, NULL, '70377159-1d37-41d7-86fd-ec24afbb19e2', 0, 1300, 0, 0, 'Ctn', '434.50', '564849.46', '1000 CTN Mango 200ML ( Invoice GST Pending)\r\n125 Rate 180.', NULL, '2021-06-15 12:45:18', '2021-06-15 12:45:18', 0, NULL),
('076c2a85-9f19-4984-8307-002749e680d1', '2021-03-29', 2103, 'ae3b0fe8-5f4c-4327-8624-748d572e9c27', 'grn_purchase', '456a31a2-7b64-456b-aafd-52e249fcb45c', '7c06a3a4-f682-4b64-9774-ef586f845edb', 'f9d0b90d-631a-4f45-982c-d8223bd65c0d', NULL, NULL, NULL, NULL, 'c404d9b7-b7f5-46d6-bef7-4b8f2c99be91', 0, 0, 0, 0, 'Pcs', '5.74', '0.00', 'AAA', NULL, '2021-03-31 16:10:27', '2021-03-31 16:10:27', 0, NULL),
('078ba4e6-413e-48a9-ad51-678d80ca7e4a', '2021-02-22', 2102, 'ae3b0fe8-5f4c-4327-8624-748d572e9c27', 'grn_purchase', 'e67da0f5-bd55-432c-9ffe-8465e2db19e5', 'd052474a-ca1e-4783-865e-2ad453c95f91', 'f9d0b90d-631a-4f45-982c-d8223bd65c0d', NULL, NULL, NULL, NULL, '1a94e739-6a47-4d58-bb4e-725c5375903c', 0, 0, 0, 0, 'Pcs', '7.70', '0.00', NULL, NULL, '2021-03-22 16:27:21', '2021-03-22 16:27:21', 0, NULL),
('079d8c62-233f-453f-a76d-d64b5c1636c7', '2021-05-24', 2105, 'ae3b0fe8-5f4c-4327-8624-748d572e9c27', 'grn_purchase', 'b3f620f1-d19f-4ee9-8b9d-3b8de6a4aa9e', 'a2997513-89b8-400b-9f36-b24bd89715f6', 'f9d0b90d-631a-4f45-982c-d8223bd65c0d', NULL, NULL, NULL, NULL, 'aae77964-0163-4e37-b75e-1410512bc52b', 0, 0, 0, 0, 'KG', '1365.00', '0.00', NULL, NULL, '2021-05-24 04:53:09', '2021-05-24 04:53:09', 0, NULL),
('07f9fcc2-196a-47f0-a491-28e8c75cf8c2', '2021-03-30', 2021, 'ae3b0fe8-5f4c-4327-8624-748d572e9c27', 'grn_wip', '23a5f014-9f10-499f-ad92-a8844aa67c01', NULL, 'f9d0b90d-631a-4f45-982c-d8223bd65c0d', 'Completed', NULL, NULL, NULL, '55553c22-8dc7-4a0f-b621-579738805d59', 2789, 0, 0, 2789, 'Tray', '326.81', '911485.22', NULL, NULL, '2021-06-20 14:18:06', '2021-06-20 14:18:06', 0, 'MR-250ML-21-00015'),
('08302aa6-9f30-4057-b4a5-417aefdc65b2', '2021-03-31', 2103, 'ae3b0fe8-5f4c-4327-8624-748d572e9c27', 'grn_purchase', '1e7c8e45-d3ee-48cb-a4f6-a51fee06354f', '39cef0e5-f697-49b7-8cca-0a23b2f2db0a', 'f9d0b90d-631a-4f45-982c-d8223bd65c0d', NULL, NULL, NULL, NULL, 'cb5a1a7d-9dc6-49b7-9711-c007985762a5', 3270, 0, 3270, 0, 'Pcs', '24.50', '80115.00', 'AAA', NULL, '2021-04-01 06:24:13', '2021-04-01 06:24:13', 0, NULL),
('08573c08-1d5d-43e7-bd89-c3fe80f298b2', '2021-03-14', 2021, 'ae3b0fe8-5f4c-4327-8624-748d572e9c27', 'delivery_order', '11681244-c7a9-4117-a713-54d1dce6cbf7', 'd030c96f-dfb4-47a2-b91c-9c7cb9ee0131', 'f9d0b90d-631a-4f45-982c-d8223bd65c0d', NULL, NULL, NULL, NULL, '964c865f-ebb6-48d2-95cb-6d460e30c297', 0, 300, 0, 0, 'Ctn', '445.30', '133590.00', NULL, NULL, '2021-06-21 12:42:47', '2021-06-21 12:42:47', 0, NULL),
('09364a45-7855-4dbc-aabc-50e2de14aadd', '2021-02-28', 2102, 'ae3b0fe8-5f4c-4327-8624-748d572e9c27', 'grn_purchase', 'dbbbcb16-de04-4da2-bd57-9a9d94085ef3', 'd711213d-f5df-4956-b70c-e4399ec00fd3', 'f9d0b90d-631a-4f45-982c-d8223bd65c0d', NULL, NULL, NULL, NULL, '8df7c58f-9091-4a4c-b9d0-1c65fb5992c7', 57740, 0, 57740, 0, 'Pcs', '3.33', '192274.20', NULL, NULL, '2021-03-22 15:27:56', '2021-03-22 15:27:56', 0, NULL),
('0a0fee8c-a3e7-4ad3-a0a6-404154e4c8d4', '2021-02-21', 2021, 'ea05b523-f673-4b0a-af93-4696ef68589a', 'do update', '4d3766a5-a893-42d4-9bc4-5155c097d5d2', '4d3766a5-a893-42d4-9bc4-5155c097d5d2', 'f9d0b90d-631a-4f45-982c-d8223bd65c0d', NULL, NULL, NULL, NULL, '332a9e3d-a1fb-4250-ae29-a8cd1fd2cdc6', 1000, 0, 1000, 0, 'Tray', '149.32', '149315.68', 'Stock adjustment while GIN edit', NULL, '2021-06-15 12:36:55', '2021-06-15 12:36:55', 0, NULL),
('0b514ac2-049b-47c2-be0b-0c659b2b53bc', '2021-02-17', 2021, 'ae3b0fe8-5f4c-4327-8624-748d572e9c27', 'gin_wip', '662d96c8-9eef-482b-ae6d-763c3da1d842', '532dd0a7-43fa-43f2-bdd4-a34a8ffe7de9', 'f9d0b90d-631a-4f45-982c-d8223bd65c0d', 'Completed', NULL, NULL, NULL, 'cb5a1a7d-9dc6-49b7-9711-c007985762a5', 0, 8726, 0, 0, 'Pcs', '24.50', '213787.00', 'MIR # 2021-0003', NULL, '2021-06-20 08:44:26', '2021-06-20 08:44:26', 0, NULL),
('0b531b16-10cc-4698-9287-0b4936191b1d', '2021-03-13', 2103, 'ae3b0fe8-5f4c-4327-8624-748d572e9c27', 'grn_purchase', '79920932-e66a-4e09-9d52-09daa91265f6', '54970946-a971-44c1-9239-820c18fd5aed', 'f9d0b90d-631a-4f45-982c-d8223bd65c0d', NULL, NULL, NULL, NULL, 'c8d5d6f6-b614-4899-a78b-48fef22699e2', 0, 0, 0, 0, 'Pcs', '5.74', '0.00', NULL, NULL, '2021-03-22 16:21:25', '2021-03-22 16:21:25', 0, NULL),
('0bcf70ba-24e5-499c-8605-e0c077806d75', '2021-02-22', 2021, 'ea05b523-f673-4b0a-af93-4696ef68589a', 'do update', '89b1ba17-9426-476c-8441-1b6c17e123a0', '89b1ba17-9426-476c-8441-1b6c17e123a0', 'f9d0b90d-631a-4f45-982c-d8223bd65c0d', NULL, NULL, NULL, NULL, '2964bb13-9fa9-448f-8282-69dbf8bd2a20', 0, 0, 0, 0, 'Tray', '162.00', '81000.00', 'Stock adjustment while GIN edit', NULL, '2021-06-15 12:44:59', '2021-06-15 12:44:59', 0, NULL),
('0dcd8527-6e89-4c57-87e3-aa651795cbc4', '2021-03-29', 2103, 'ae3b0fe8-5f4c-4327-8624-748d572e9c27', 'grn_purchase', '456a31a2-7b64-456b-aafd-52e249fcb45c', '032a5f7a-70a1-4694-89a3-b077a389ad1a', 'f9d0b90d-631a-4f45-982c-d8223bd65c0d', NULL, NULL, NULL, NULL, '29f3b48a-364e-4513-95ab-5ba86ca5dae4', 0, 0, 0, 0, 'Pcs', '5.63', '0.00', 'AAA', NULL, '2021-03-31 16:10:27', '2021-03-31 16:10:27', 0, NULL),
('0e08a1c2-0414-4f3c-889e-58e0f39196b2', '2021-02-09', 2102, 'ae3b0fe8-5f4c-4327-8624-748d572e9c27', 'grn_purchase', 'b39685b2-8017-44d7-9e25-58301cc207e8', '86ce3a75-2a2d-4b52-8deb-f3e9566e9483', 'f9d0b90d-631a-4f45-982c-d8223bd65c0d', NULL, NULL, NULL, NULL, 'cb5a1a7d-9dc6-49b7-9711-c007985762a5', 5790, 0, 5790, 0, 'Pcs', '24.50', '141855.00', NULL, NULL, '2021-03-22 16:24:12', '2021-03-22 16:24:12', 0, NULL),
('10d146a2-3b52-45c8-aec6-67f4be48b41c', '2021-05-24', 2105, 'ae3b0fe8-5f4c-4327-8624-748d572e9c27', 'grn_purchase', 'b3f620f1-d19f-4ee9-8b9d-3b8de6a4aa9e', '6ba298ad-9618-4dd4-bd91-1704f6cd0293', 'f9d0b90d-631a-4f45-982c-d8223bd65c0d', NULL, NULL, NULL, NULL, 'a698985e-880d-4ed4-aa99-8e7e7715d208', 4, 0, 0, 4, 'KG', '260.00', '982.80', NULL, NULL, '2021-05-24 04:53:09', '2021-05-24 04:53:09', 0, NULL),
('10e8bdec-06e0-4fe1-81eb-73348b8ccc06', '2021-02-22', 2021, 'ea05b523-f673-4b0a-af93-4696ef68589a', 'delivery_order', '89b1ba17-9426-476c-8441-1b6c17e123a0', 'eb8f17ed-9a16-4224-934f-171078f9cd2e', 'f9d0b90d-631a-4f45-982c-d8223bd65c0d', NULL, NULL, NULL, NULL, '2964bb13-9fa9-448f-8282-69dbf8bd2a20', 0, 500, 0, 0, 'Tray', '162.00', '81000.00', '1000-483 Invoice Issue Remaining balance 517 GST Invoice Pending ( MR-200ML Mango)', NULL, '2021-06-15 12:37:54', '2021-06-15 12:37:54', 0, NULL),
('11e810e2-d31e-4218-89b9-6059dcbf3ff0', '2021-02-17', 2021, 'ae3b0fe8-5f4c-4327-8624-748d572e9c27', 'gin_wip', '662d96c8-9eef-482b-ae6d-763c3da1d842', 'cfa84266-c024-4164-b65f-f8a566dfcdf4', 'f9d0b90d-631a-4f45-982c-d8223bd65c0d', 'Completed', NULL, NULL, NULL, 'daa2dddb-b342-4ab0-b8dd-a952d7bd52be', 0, 24480, 0, 0, 'Pcs', '4.83', '118238.40', 'MIR # 2021-0003', NULL, '2021-06-20 08:44:26', '2021-06-20 08:44:26', 0, NULL),
('1202a0a4-b186-4a42-b1ba-e1f4a9c0ee51', '2021-02-22', 2021, 'ea05b523-f673-4b0a-af93-4696ef68589a', 'delivery_order', '89b1ba17-9426-476c-8441-1b6c17e123a0', '24d8d0d9-0e4f-4325-aab5-c208de3887f1', 'f9d0b90d-631a-4f45-982c-d8223bd65c0d', NULL, NULL, NULL, NULL, '332a9e3d-a1fb-4250-ae29-a8cd1fd2cdc6', 0, 5000, 0, 0, 'Tray', '160.53', '802650.00', '1000-483 Invoice Issue Remaining balance 517 GST Invoice Pending ( MR-200ML Mango)', NULL, '2021-06-15 12:44:59', '2021-06-15 12:44:59', 0, NULL),
('12aaba57-e714-4e18-9a81-c364f82b41c5', '2021-03-25', 2103, 'ae3b0fe8-5f4c-4327-8624-748d572e9c27', 'grn_purchase', 'c21cd1ad-b7f0-4f00-b6e5-d96c559a337b', '595ae2bc-a91e-4b77-b2d3-68df3660a58d', 'f9d0b90d-631a-4f45-982c-d8223bd65c0d', NULL, NULL, NULL, NULL, 'ce1dd112-3270-4861-acb6-70c4f02bb1f2', 0, 0, 0, 0, 'Pcs', '5.63', '0.00', NULL, NULL, '2021-03-29 09:24:54', '2021-03-29 09:24:54', 0, NULL),
('12e52100-7256-4a53-9f8d-e6f28e8e090a', '2021-02-08', 2021, 'ae3b0fe8-5f4c-4327-8624-748d572e9c27', 'gin_wip update', 'a66cd017-0f72-4cf0-a283-4037841572b2', 'a66cd017-0f72-4cf0-a283-4037841572b2', 'f9d0b90d-631a-4f45-982c-d8223bd65c0d', 'Completed', NULL, NULL, NULL, 'a3157a27-0e5c-41c1-a5c8-61b78fcacf62', 23689, 0, 23689, 0, 'Pcs', '5.95', '140949.55', 'Stock adjustment while GIN edit', NULL, '2021-06-07 00:45:52', '2021-06-07 00:45:52', 0, NULL),
('13d77544-74c9-434a-8548-7e9feba95d31', '2021-02-17', 2102, 'ae3b0fe8-5f4c-4327-8624-748d572e9c27', 'grn_purchase', '551b8fb7-6015-4ecd-9d86-413f8ea1f5ca', '52dbeb7d-a29d-45cf-8844-1f34355791c7', 'f9d0b90d-631a-4f45-982c-d8223bd65c0d', NULL, NULL, NULL, NULL, 'a3157a27-0e5c-41c1-a5c8-61b78fcacf62', 3275, 0, 3275, 0, 'Pcs', '5.95', '19486.25', NULL, NULL, '2021-03-22 16:26:09', '2021-03-22 16:26:09', 0, NULL),
('1452b31b-0686-4255-9326-d5374b463dad', '2021-02-28', 2021, 'ea05b523-f673-4b0a-af93-4696ef68589a', 'grn_wip', 'fd698e3e-bfbc-4823-b502-10978440c3e0', NULL, 'f9d0b90d-631a-4f45-982c-d8223bd65c0d', 'Completed', NULL, NULL, NULL, NULL, 1219, 0, 0, 1219, 'Ctn', '434.28', '529392.44', NULL, NULL, '2021-06-09 02:13:31', '2021-06-09 02:13:31', 0, 'MR-250ML-21-00007'),
('15796e02-1205-4e77-81db-376a8b6334ff', '2021-01-08', 2101, 'ae3b0fe8-5f4c-4327-8624-748d572e9c27', 'grn_purchase', '032d8a5e-6161-4ea6-87c2-011abaadeb0c', '13ce8b0a-d05d-4d47-baa1-ca51d099582e', 'f9d0b90d-631a-4f45-982c-d8223bd65c0d', NULL, NULL, NULL, NULL, '1a94e739-6a47-4d58-bb4e-725c5375903c', 0, 0, 0, 0, 'Pcs', '7.70', '0.00', NULL, NULL, '2021-04-13 08:35:47', '2021-04-13 08:35:47', 0, NULL),
('16fcaa68-e422-4a7b-8201-127ed18de291', '2021-02-16', 2102, 'ae3b0fe8-5f4c-4327-8624-748d572e9c27', 'grn_purchase', 'e2d680b3-e3a3-41c2-9af3-031748f8f6f9', '6105d4c4-e321-4348-b0ea-d97ce2f9bd6c', 'f9d0b90d-631a-4f45-982c-d8223bd65c0d', NULL, NULL, NULL, NULL, 'cb5a1a7d-9dc6-49b7-9711-c007985762a5', 3330, 0, 3330, 0, 'Pcs', '24.50', '81585.00', NULL, NULL, '2021-03-22 16:25:15', '2021-03-22 16:25:15', 0, NULL),
('1747303c-5dfe-4d9f-819d-c683c0004515', '2021-02-14', 2021, 'ea05b523-f673-4b0a-af93-4696ef68589a', 'do update', 'f16c6344-567f-40e8-be3a-7f5a43d51976', 'f16c6344-567f-40e8-be3a-7f5a43d51976', 'f9d0b90d-631a-4f45-982c-d8223bd65c0d', NULL, NULL, NULL, NULL, '2964bb13-9fa9-448f-8282-69dbf8bd2a20', 0, 0, 0, 0, 'Tray', '158.28', '439860.12', 'Stock adjustment while GIN edit', NULL, '2021-06-15 12:36:13', '2021-06-15 12:36:13', 0, NULL),
('178be522-8677-420b-9c23-ca08064f33c5', '2021-07-07', 2021, 'ea05b523-f673-4b0a-af93-4696ef68589a', 'Opening Balance', NULL, NULL, 'f9d0b90d-631a-4f45-982c-d8223bd65c0d', NULL, NULL, NULL, NULL, '0a3e66f2-8e5d-40ea-914e-8348636144bc', NULL, 0, 0, NULL, NULL, NULL, '0.00', 'Opening Balance', NULL, '2021-07-08 05:30:29', '2021-07-08 05:30:29', 0, NULL),
('1844793c-62c8-4765-a186-a1698f160469', '2021-02-22', 2102, 'ae3b0fe8-5f4c-4327-8624-748d572e9c27', 'grn_purchase', 'c790dee3-240d-4f76-bd75-17b97101230f', 'a99c78d6-f77e-4fa4-9a05-ac6d077533c7', 'f9d0b90d-631a-4f45-982c-d8223bd65c0d', NULL, NULL, NULL, NULL, '94feec8d-cdd7-4f0a-94ee-735836a021f0', 3, 0, 0, 3, 'KG', '295.00', '899.75', NULL, NULL, '2021-04-12 06:15:18', '2021-04-12 06:15:18', 0, NULL),
('189bd59a-e70b-4177-9cbe-340d66db6571', '2021-07-07', 2021, 'ea05b523-f673-4b0a-af93-4696ef68589a', 'Opening Balance', NULL, NULL, 'f9d0b90d-631a-4f45-982c-d8223bd65c0d', NULL, NULL, NULL, NULL, '8c6b72ae-173d-4260-9887-fa0836b1f6e9', NULL, 0, 0, NULL, NULL, NULL, '0.00', 'Opening Balance', NULL, '2021-07-08 05:30:29', '2021-07-08 05:30:29', 0, NULL),
('18c6b081-e7e8-4dfa-9750-59fc4106281c', '2021-02-08', 2021, 'ae3b0fe8-5f4c-4327-8624-748d572e9c27', 'gin_wip update', 'a66cd017-0f72-4cf0-a283-4037841572b2', 'a66cd017-0f72-4cf0-a283-4037841572b2', 'f9d0b90d-631a-4f45-982c-d8223bd65c0d', 'Completed', NULL, NULL, NULL, 'a3157a27-0e5c-41c1-a5c8-61b78fcacf62', 23689, 0, 23689, 0, 'Pcs', '5.95', '140949.55', 'Stock adjustment while GIN edit', NULL, '2021-06-07 01:18:33', '2021-06-07 01:18:33', 0, NULL),
('18fc36ac-9b2b-4ede-bd55-984fc723959f', '2021-03-02', 2021, 'ea05b523-f673-4b0a-af93-4696ef68589a', 'delivery_order', 'c7480ccf-491d-4204-9930-a5b4c77ab06b', '644e5f90-2b43-4828-a329-7dd357fcd838', 'f9d0b90d-631a-4f45-982c-d8223bd65c0d', NULL, NULL, NULL, NULL, '332a9e3d-a1fb-4250-ae29-a8cd1fd2cdc6', 0, 353, 0, 0, 'Tray', '149.30', '52702.90', 'Gate Pass # 7373.', NULL, '2021-06-21 12:33:37', '2021-06-21 12:33:37', 0, NULL),
('19019e17-48bc-451a-888b-f48d8a18a3a7', '2021-03-29', 2103, 'ae3b0fe8-5f4c-4327-8624-748d572e9c27', 'grn_purchase', '1757d615-350e-4a16-906b-097aa1cfaa2c', '4c7610bf-bcb6-416d-86d9-15f8437cd867', 'f9d0b90d-631a-4f45-982c-d8223bd65c0d', NULL, NULL, NULL, NULL, 'ddbeb847-9738-424d-b5cd-817ea8c280f2', 133, 0, 133, 0, 'Pcs', '9.50', '1263.50', NULL, NULL, '2021-03-29 09:22:53', '2021-03-29 09:22:53', 0, NULL),
('1a69c19e-2537-4b84-8345-7eb5d7b809f6', '2021-07-05', 2021, 'ae3b0fe8-5f4c-4327-8624-748d572e9c27', 'counter_sale', '57b4f046-57b3-492a-8b6e-177c3c819521', '2aee79d6-608f-4356-9bc9-a750a65b6af6', 'f9d0b90d-631a-4f45-982c-d8223bd65c0d', NULL, NULL, NULL, NULL, '332a9e3d-a1fb-4250-ae29-a8cd1fd2cdc6', 0, 50, 0, 0, 'TRAY', '161.08', '8054.00', NULL, NULL, '2021-07-05 09:55:38', '2021-07-05 09:55:38', 0, NULL),
('1a727f3f-a5c4-486a-ab75-1344e5fa05a1', '2021-02-08', 2021, 'ae3b0fe8-5f4c-4327-8624-748d572e9c27', 'gin_wip', 'a66cd017-0f72-4cf0-a283-4037841572b2', '2898613e-0cdd-4b6c-90fc-36ca915a3445', 'f9d0b90d-631a-4f45-982c-d8223bd65c0d', 'Completed', NULL, NULL, NULL, 'a3157a27-0e5c-41c1-a5c8-61b78fcacf62', 0, 23689, 0, 0, 'Pcs', '5.95', '140949.55', NULL, NULL, '2021-06-07 00:45:52', '2021-06-07 00:45:52', 0, NULL),
('1b63b38c-3629-477c-bd6d-439c8b49b1bd', '2021-02-08', 2102, 'ae3b0fe8-5f4c-4327-8624-748d572e9c27', 'gin_wip update', 'a66cd017-0f72-4cf0-a283-4037841572b2', 'a66cd017-0f72-4cf0-a283-4037841572b2', 'f9d0b90d-631a-4f45-982c-d8223bd65c0d', 'Completed', NULL, NULL, NULL, 'daa2dddb-b342-4ab0-b8dd-a952d7bd52be', 12309, 0, 12309, 0, 'Pcs', '4.83', '59452.47', 'Stock adjustment while GIN edit', NULL, '2021-05-25 09:53:15', '2021-05-25 09:53:15', 0, NULL),
('1bf6e402-1cd3-4df9-9fe3-df6f5ae4e238', '2021-03-14', 2021, 'ae3b0fe8-5f4c-4327-8624-748d572e9c27', 'delivery_order', 'ccd598fc-2be6-43a6-9901-f1c76ca84ee1', 'ff61b919-7293-4c2d-a30d-bc0cf8834b80', 'f9d0b90d-631a-4f45-982c-d8223bd65c0d', NULL, NULL, NULL, NULL, '70377159-1d37-41d7-86fd-ec24afbb19e2', 0, 254, 0, 0, 'Ctn', '453.25', '115125.50', 'Gate Pass # 7398.', NULL, '2021-06-21 12:42:02', '2021-06-21 12:42:02', 0, NULL),
('1c3e32be-dc13-4f81-8d8f-d16359c5fff2', '2021-05-24', 2105, 'ae3b0fe8-5f4c-4327-8624-748d572e9c27', 'grn_purchase', 'b3f620f1-d19f-4ee9-8b9d-3b8de6a4aa9e', 'bac561ca-2d9d-4126-b5ca-c026f19f36cc', 'f9d0b90d-631a-4f45-982c-d8223bd65c0d', NULL, NULL, NULL, NULL, '26ac4b22-28ea-49eb-97fc-18eb3cf10907', 0, 0, 0, 0, 'KG', '380.00', '0.00', NULL, NULL, '2021-05-24 04:53:09', '2021-05-24 04:53:09', 0, NULL),
('1c614fa2-38be-49b2-aebc-86f7d3d83e44', '2021-02-08', 2021, 'ae3b0fe8-5f4c-4327-8624-748d572e9c27', 'gin_wip', 'a66cd017-0f72-4cf0-a283-4037841572b2', '591254c1-f850-4088-a2be-6b68e5507d32', 'f9d0b90d-631a-4f45-982c-d8223bd65c0d', 'Completed', NULL, NULL, NULL, 'a762acbf-7c99-4239-a236-2fb14836dc03', 0, 55232, 0, 0, 'Pcs', '5.07', '280026.24', NULL, NULL, '2021-06-07 00:45:52', '2021-06-07 00:45:52', 0, NULL),
('1cbae949-6313-44d1-bc70-f05d844aa322', '2021-02-16', 2102, 'ae3b0fe8-5f4c-4327-8624-748d572e9c27', 'grn_purchase', 'd294aef4-f18a-4f48-b42a-5b0a05539289', '24410021-c297-436c-a1f9-35a47f679e45', 'f9d0b90d-631a-4f45-982c-d8223bd65c0d', NULL, NULL, NULL, NULL, 'f918cfd1-43cc-46a0-9390-6119da495d02', 86680, 0, 86680, 0, 'Pcs', '3.33', '288644.40', NULL, NULL, '2021-03-22 15:24:57', '2021-03-22 15:24:57', 0, NULL),
('1d21801d-cc3c-4acc-8ce9-c209af5c9f1a', '2021-02-08', 2021, 'ae3b0fe8-5f4c-4327-8624-748d572e9c27', 'gin_wip update', 'a66cd017-0f72-4cf0-a283-4037841572b2', 'a66cd017-0f72-4cf0-a283-4037841572b2', 'f9d0b90d-631a-4f45-982c-d8223bd65c0d', 'Completed', NULL, NULL, NULL, '1a94e739-6a47-4d58-bb4e-725c5375903c', 6066, 0, 6066, 0, 'Pcs', '9.00', '54594.00', 'Stock adjustment while GIN edit', NULL, '2021-06-07 00:45:52', '2021-06-07 00:45:52', 0, NULL),
('1de5967a-3758-4fe2-b460-011632d04107', '2021-02-25', 2102, 'ae3b0fe8-5f4c-4327-8624-748d572e9c27', 'grn_purchase', '7e7d13a2-c798-443b-861a-335f1fc5536a', '660d622c-6f6b-41bb-833c-91a3aaba859a', 'f9d0b90d-631a-4f45-982c-d8223bd65c0d', NULL, NULL, NULL, NULL, '8df7c58f-9091-4a4c-b9d0-1c65fb5992c7', 0, 0, 0, 0, 'Pcs', '3.33', '0.00', NULL, NULL, '2021-03-22 15:26:16', '2021-03-22 15:26:16', 0, NULL),
('1de99ad0-b457-4890-a6f6-5c3370b8bbd5', '2021-07-07', 2021, 'ea05b523-f673-4b0a-af93-4696ef68589a', 'Opening Balance', NULL, NULL, 'f9d0b90d-631a-4f45-982c-d8223bd65c0d', NULL, NULL, NULL, NULL, '74246e7c-662e-4bec-a337-5eb39491eab0', NULL, 0, 0, NULL, NULL, NULL, '0.00', 'Opening Balance', NULL, '2021-07-08 05:30:29', '2021-07-08 05:30:29', 0, NULL),
('1e38a3bf-3ffb-4f24-abfd-610e79c9cbc1', '2021-05-25', 2105, 'ae3b0fe8-5f4c-4327-8624-748d572e9c27', 'grn_purchase', '4d594a5c-4a91-496d-99ff-af9848b97cea', '3edb7984-89f8-4ba0-bc72-abd7feb1ac01', 'f9d0b90d-631a-4f45-982c-d8223bd65c0d', NULL, NULL, NULL, NULL, 'c404d9b7-b7f5-46d6-bef7-4b8f2c99be91', 0, 0, 0, 0, 'Pcs', '5.74', '0.00', 'AAA', NULL, '2021-05-25 15:18:04', '2021-05-25 15:18:04', 0, NULL),
('1ebe7b19-fa4f-4322-9a90-a92a3b8ccba6', '2021-02-28', 2102, 'ae3b0fe8-5f4c-4327-8624-748d572e9c27', 'grn_purchase', '3be57eab-e03b-4709-a3d7-fa0b51c75e19', '3301532e-8d49-447d-93bc-1901ba312fc0', 'f9d0b90d-631a-4f45-982c-d8223bd65c0d', NULL, NULL, NULL, NULL, '94feec8d-cdd7-4f0a-94ee-735836a021f0', 9, 0, 0, 9, 'KG', '295.00', '2734.65', NULL, NULL, '2021-04-12 06:17:24', '2021-04-12 06:17:24', 0, NULL),
('1fd8d95c-090b-49d4-b3c1-da759e9abf10', '2021-07-07', 2021, 'ea05b523-f673-4b0a-af93-4696ef68589a', 'Opening Balance', NULL, NULL, 'f9d0b90d-631a-4f45-982c-d8223bd65c0d', NULL, NULL, NULL, NULL, 'ba1b0ca7-9cfd-4d61-a5a0-b95949117feb', NULL, 0, 0, NULL, NULL, NULL, '0.00', 'Opening Balance', NULL, '2021-07-08 05:30:29', '2021-07-08 05:30:29', 0, NULL),
('20463b9e-32c2-41ae-aedb-6ee06f1d245f', '2021-02-23', 2021, 'ea05b523-f673-4b0a-af93-4696ef68589a', 'delivery_order', '7640958f-bcc9-4e0c-b6a4-a9d8aa23e154', 'ee7a0d64-2c5e-4708-93d9-96abb82c9bf4', 'f9d0b90d-631a-4f45-982c-d8223bd65c0d', NULL, NULL, NULL, NULL, '71b6bcc8-0436-41e2-8ceb-ade9a3065845', 0, 517, 0, 0, 'Tray', '244.30', '126303.10', NULL, NULL, '2021-06-15 13:26:53', '2021-06-15 13:26:53', 0, NULL),
('2061190a-c6c6-440b-9ed0-076348d39ee0', '2021-02-28', 2102, 'ae3b0fe8-5f4c-4327-8624-748d572e9c27', 'grn_purchase', 'dbbbcb16-de04-4da2-bd57-9a9d94085ef3', '0602a89e-ff0b-45ee-9e59-d27878e0c3b0', 'f9d0b90d-631a-4f45-982c-d8223bd65c0d', NULL, NULL, NULL, NULL, 'a762acbf-7c99-4239-a236-2fb14836dc03', 160505, 0, 160505, 0, 'Pcs', '5.07', '813760.35', NULL, NULL, '2021-03-22 15:27:56', '2021-03-22 15:27:56', 0, NULL),
('218f30bc-2c6e-44fd-94c6-f4706df6cf9d', '2021-07-07', 2021, 'ea05b523-f673-4b0a-af93-4696ef68589a', 'Opening Balance', NULL, NULL, 'f9d0b90d-631a-4f45-982c-d8223bd65c0d', NULL, NULL, NULL, NULL, 'faf7282c-ef82-4f8c-bf4d-baf8f88b8d27', NULL, 0, 0, NULL, NULL, NULL, '0.00', 'Opening Balance', NULL, '2021-07-08 05:30:29', '2021-07-08 05:30:29', 0, NULL),
('223e20d1-c757-4128-87c1-650075ee6738', '2021-07-07', 2021, 'ea05b523-f673-4b0a-af93-4696ef68589a', 'Opening Balance', NULL, NULL, 'f9d0b90d-631a-4f45-982c-d8223bd65c0d', NULL, NULL, NULL, NULL, 'a762acbf-7c99-4239-a236-2fb14836dc03', NULL, 0, 0, NULL, NULL, NULL, '0.00', 'Opening Balance', NULL, '2021-07-08 05:30:29', '2021-07-08 05:30:29', 0, NULL),
('22ca8783-5fd7-4320-afee-d869f98d1c8b', '2021-02-08', 2102, 'ae3b0fe8-5f4c-4327-8624-748d572e9c27', 'gin_wip', 'a66cd017-0f72-4cf0-a283-4037841572b2', 'f65e922b-db52-420b-adf5-30c9fd6a2413', 'f9d0b90d-631a-4f45-982c-d8223bd65c0d', 'Completed', NULL, NULL, NULL, 'a762acbf-7c99-4239-a236-2fb14836dc03', 0, 55232, 0, 0, 'Pcs', '5.07', '280026.24', 'AAA', NULL, '2021-05-25 09:51:31', '2021-05-25 09:51:31', 0, NULL),
('230405c3-5e58-406d-8174-a2e999df3207', '2021-02-18', 2102, 'ae3b0fe8-5f4c-4327-8624-748d572e9c27', 'grn_purchase', '1cc3906c-01f3-43bf-9d05-96aeda2e1d70', '4a8e4b0d-2b6f-46c8-bfb3-7362c753fbe4', 'f9d0b90d-631a-4f45-982c-d8223bd65c0d', NULL, NULL, NULL, NULL, '26ac4b22-28ea-49eb-97fc-18eb3cf10907', 59, 0, 59, 0, 'KG', '380.00', '22522.60', 'AAA', NULL, '2021-04-12 06:11:42', '2021-04-12 06:11:42', 0, NULL),
('234030d0-cf96-4f6d-8f4e-25fb4d95011a', '2021-07-07', 2021, 'ea05b523-f673-4b0a-af93-4696ef68589a', 'Opening Balance', NULL, NULL, 'f9d0b90d-631a-4f45-982c-d8223bd65c0d', NULL, NULL, NULL, NULL, 'c155ef3a-4bde-413e-875e-38277a0a564e', NULL, 0, 0, NULL, NULL, NULL, '0.00', 'Opening Balance', NULL, '2021-07-08 05:30:29', '2021-07-08 05:30:29', 0, NULL),
('23832137-a35f-4ebc-837b-c9b1c51b57d2', '2021-03-23', 2103, 'ae3b0fe8-5f4c-4327-8624-748d572e9c27', 'grn_purchase', '98699792-9d3b-4e9e-8525-6036781f9139', 'a1c20265-f350-47bf-a323-cd0482648211', 'f9d0b90d-631a-4f45-982c-d8223bd65c0d', NULL, NULL, NULL, NULL, '1a94e739-6a47-4d58-bb4e-725c5375903c', 6275, 0, 6275, 0, 'Pcs', '9.00', '56475.00', NULL, NULL, '2021-03-29 09:19:09', '2021-03-29 09:19:09', 0, NULL),
('2502ac05-c05c-495d-b631-820ed668307c', '2021-02-25', 2102, 'ae3b0fe8-5f4c-4327-8624-748d572e9c27', 'grn_purchase', 'f511e4bd-9437-4e69-b73b-5f1970bdd380', '8272b836-076d-4903-a3c8-f39742b0eec2', 'f9d0b90d-631a-4f45-982c-d8223bd65c0d', NULL, NULL, NULL, NULL, 'a3157a27-0e5c-41c1-a5c8-61b78fcacf62', 6225, 0, 6225, 0, 'Pcs', '5.95', '37038.75', NULL, NULL, '2021-03-22 16:27:57', '2021-03-22 16:27:57', 0, NULL),
('2545aec5-2644-4d17-a7dd-caa023736c03', '2021-02-08', 2021, 'ae3b0fe8-5f4c-4327-8624-748d572e9c27', 'gin_wip update', 'a66cd017-0f72-4cf0-a283-4037841572b2', 'a66cd017-0f72-4cf0-a283-4037841572b2', 'f9d0b90d-631a-4f45-982c-d8223bd65c0d', 'Completed', NULL, NULL, NULL, 'cb5a1a7d-9dc6-49b7-9711-c007985762a5', 5151, 0, 5151, 0, 'Pcs', '24.50', '754624.50', 'Stock adjustment while GIN edit', NULL, '2021-06-07 00:45:52', '2021-06-07 00:45:52', 0, NULL),
('25e6e0a4-2f54-408d-a0b9-3646ad8fa782', '2021-03-26', 2103, 'ae3b0fe8-5f4c-4327-8624-748d572e9c27', 'grn_purchase', 'bc05831e-29ac-4019-8481-fa5a2ae148f6', 'b93d6438-3668-46aa-a898-6a55931e2bf7', 'f9d0b90d-631a-4f45-982c-d8223bd65c0d', NULL, NULL, NULL, NULL, '1a94e739-6a47-4d58-bb4e-725c5375903c', 1043, 0, 1043, 0, 'Pcs', '9.00', '9387.00', NULL, NULL, '2021-03-29 09:21:51', '2021-03-29 09:21:51', 0, NULL),
('25f4ed05-bcf9-40e5-ba9c-c5b0fd963859', '2021-07-07', 2021, 'ea05b523-f673-4b0a-af93-4696ef68589a', 'Opening Balance', NULL, NULL, 'f9d0b90d-631a-4f45-982c-d8223bd65c0d', NULL, NULL, NULL, NULL, '0928fe94-c46c-4316-a575-63fd0530a665', NULL, 0, 0, NULL, NULL, NULL, '0.00', 'Opening Balance', NULL, '2021-07-08 05:30:29', '2021-07-08 05:30:29', 0, NULL),
('260a062b-eaed-4b08-ac77-2877265ac6d4', '2021-02-16', 2102, 'ae3b0fe8-5f4c-4327-8624-748d572e9c27', 'grn_purchase', 'e2d680b3-e3a3-41c2-9af3-031748f8f6f9', '16db01ee-80a8-45fe-8a2a-6a442894641c', 'f9d0b90d-631a-4f45-982c-d8223bd65c0d', NULL, NULL, NULL, NULL, '1a94e739-6a47-4d58-bb4e-725c5375903c', 0, 0, 0, 0, 'Pcs', '7.70', '0.00', NULL, NULL, '2021-03-22 16:25:15', '2021-03-22 16:25:15', 0, NULL),
('27aa7e9b-7bb6-4bcd-8371-3df4e46b042b', '2021-02-28', 2102, 'ae3b0fe8-5f4c-4327-8624-748d572e9c27', 'grn_purchase', '3be57eab-e03b-4709-a3d7-fa0b51c75e19', 'f5927483-a5fa-4a5f-b622-facb2e609af8', 'f9d0b90d-631a-4f45-982c-d8223bd65c0d', NULL, NULL, NULL, NULL, '74028493-c436-4e77-a7fd-b27e5eae7cda', 0, 0, 0, 0, 'KG', '1502.00', NULL, NULL, NULL, '2021-04-12 06:17:24', '2021-04-12 06:17:24', 0, NULL),
('28c984b4-d940-4911-b49a-e8b1e58af6f1', '2021-02-23', 2021, 'ea05b523-f673-4b0a-af93-4696ef68589a', 'delivery_order', '7640958f-bcc9-4e0c-b6a4-a9d8aa23e154', '157ce5ba-a302-4a97-9426-c28cd938f46e', 'f9d0b90d-631a-4f45-982c-d8223bd65c0d', NULL, NULL, NULL, NULL, '71b6bcc8-0436-41e2-8ceb-ade9a3065845', 0, 517, 0, 0, 'Tray', '244.30', '126303.10', 'Remaining Order ( 2021-0004) of 517 CTN GST.', NULL, '2021-06-15 12:28:41', '2021-06-15 12:28:41', 0, NULL),
('298a0a20-14a9-4306-a31b-6c826ab0dfd8', '2021-07-05', 2021, 'ae3b0fe8-5f4c-4327-8624-748d572e9c27', 'counter_sale', 'bec1f0cc-32d2-4721-91f6-0af46cc76bcf', '709abdc1-5ef8-4dc7-8861-079c781c1e85', 'f9d0b90d-631a-4f45-982c-d8223bd65c0d', NULL, NULL, NULL, NULL, '332a9e3d-a1fb-4250-ae29-a8cd1fd2cdc6', 0, 50, 0, 0, 'TRAY', '161.08', '8054.00', NULL, NULL, '2021-07-05 09:59:15', '2021-07-05 09:59:15', 0, NULL),
('2a5acde6-39bb-4da7-944e-ad944bccd131', '2021-02-16', 2102, 'ae3b0fe8-5f4c-4327-8624-748d572e9c27', 'grn_purchase', 'd294aef4-f18a-4f48-b42a-5b0a05539289', '2eaf5b67-b57a-4775-a65d-530de74e91af', 'f9d0b90d-631a-4f45-982c-d8223bd65c0d', NULL, NULL, NULL, NULL, 'a762acbf-7c99-4239-a236-2fb14836dc03', 0, 0, 0, 0, 'Pcs', '5.07', '0.00', NULL, NULL, '2021-03-22 15:24:57', '2021-03-22 15:24:57', 0, NULL),
('2baa489f-0c33-4199-a6b5-e344e83c5af5', '2021-05-24', 2105, 'ae3b0fe8-5f4c-4327-8624-748d572e9c27', 'grn_purchase', 'b3f620f1-d19f-4ee9-8b9d-3b8de6a4aa9e', '21ab2a28-95df-41e3-af11-46ab2aa6e695', 'f9d0b90d-631a-4f45-982c-d8223bd65c0d', NULL, NULL, NULL, NULL, '6b0ddec9-6fa7-43cb-9112-7a1e4f622fe9', 0, 0, 0, 0, 'KG', '1500.00', '0.00', NULL, NULL, '2021-05-24 04:53:09', '2021-05-24 04:53:09', 0, NULL),
('2c4c48de-5210-442a-8fd5-6f65267a8c2d', '2021-02-08', 2021, 'ae3b0fe8-5f4c-4327-8624-748d572e9c27', 'gin_wip update', 'a66cd017-0f72-4cf0-a283-4037841572b2', 'a66cd017-0f72-4cf0-a283-4037841572b2', 'f9d0b90d-631a-4f45-982c-d8223bd65c0d', 'Completed', NULL, NULL, NULL, 'daa2dddb-b342-4ab0-b8dd-a952d7bd52be', 12309, 0, 12309, 0, 'Pcs', '4.83', '59452.47', 'Stock adjustment while GIN edit', NULL, '2021-06-07 01:18:33', '2021-06-07 01:18:33', 0, NULL),
('2cc86476-3785-465a-a797-92a956298ca9', '2021-07-07', 2021, 'ea05b523-f673-4b0a-af93-4696ef68589a', 'Opening Balance', NULL, NULL, 'f9d0b90d-631a-4f45-982c-d8223bd65c0d', NULL, NULL, NULL, NULL, '66061013-d9cd-46fb-a3a8-ef5d50ca1d7e', NULL, 0, 0, NULL, NULL, NULL, '0.00', 'Opening Balance', NULL, '2021-07-08 05:30:29', '2021-07-08 05:30:29', 0, NULL),
('2ce76b5d-820a-4bca-b7e2-19556bfb0a48', '2021-05-25', 2105, 'ae3b0fe8-5f4c-4327-8624-748d572e9c27', 'grn_purchase', '4d594a5c-4a91-496d-99ff-af9848b97cea', 'b387c3e6-aa5e-4713-87c2-48355d85884c', 'f9d0b90d-631a-4f45-982c-d8223bd65c0d', NULL, NULL, NULL, NULL, 'daa2dddb-b342-4ab0-b8dd-a952d7bd52be', 0, 0, 0, 0, 'Pcs', '5.63', '0.00', 'AAA', NULL, '2021-05-25 15:18:04', '2021-05-25 15:18:04', 0, NULL),
('2d2d62f0-0638-4258-947b-f60196e4a383', '2021-07-07', 2021, 'ea05b523-f673-4b0a-af93-4696ef68589a', 'Opening Balance', NULL, NULL, 'f9d0b90d-631a-4f45-982c-d8223bd65c0d', NULL, NULL, NULL, NULL, 'a3157a27-0e5c-41c1-a5c8-61b78fcacf62', 12, 0, 0, 12, NULL, '400.00', '4800.00', 'Opening Balance', NULL, '2021-07-08 05:30:29', '2021-07-08 05:30:29', 0, NULL),
('2d558599-0033-4585-8214-1571064d7fd1', '2021-04-29', 2021, 'ae3b0fe8-5f4c-4327-8624-748d572e9c27', 'grn_wip', '2129769c-9134-4a15-b00d-0d814ab56144', NULL, 'f9d0b90d-631a-4f45-982c-d8223bd65c0d', 'Completed', NULL, NULL, NULL, '964c865f-ebb6-48d2-95cb-6d460e30c297', 1718, 0, 0, 1718, 'Ctn', '452.88', '778045.21', NULL, NULL, '2021-06-22 11:01:58', '2021-06-22 11:01:58', 0, 'MR-250ML-21-00021'),
('2e098eec-d4c1-4595-98db-0d75c708831d', '2021-04-22', 2021, 'ae3b0fe8-5f4c-4327-8624-748d572e9c27', 'grn_wip', 'd697d98b-c00d-40e1-8ea7-985b9f113f42', NULL, 'f9d0b90d-631a-4f45-982c-d8223bd65c0d', 'Completed', NULL, NULL, NULL, '55553c22-8dc7-4a0f-b621-579738805d59', 1057, 0, 0, 1057, 'Tray', '315.81', '333808.42', NULL, NULL, '2021-06-22 10:54:15', '2021-06-22 10:54:15', 0, 'MR-250ML-21-00020'),
('2eea653f-dcd5-4256-a2c8-16e19d680dca', '2021-02-22', 2102, 'ae3b0fe8-5f4c-4327-8624-748d572e9c27', 'grn_purchase', 'e67da0f5-bd55-432c-9ffe-8465e2db19e5', 'bfdeef1b-e6b9-4a44-94e6-8ffcf3d12b75', 'f9d0b90d-631a-4f45-982c-d8223bd65c0d', NULL, NULL, NULL, NULL, 'cb5a1a7d-9dc6-49b7-9711-c007985762a5', 4230, 0, 4230, 0, 'Pcs', '24.50', '103635.00', NULL, NULL, '2021-03-22 16:27:21', '2021-03-22 16:27:21', 0, NULL),
('2f321005-b1c0-4645-a3c0-fcb8734f8fa5', '2021-05-24', 2105, 'ae3b0fe8-5f4c-4327-8624-748d572e9c27', 'grn_purchase', 'b3f620f1-d19f-4ee9-8b9d-3b8de6a4aa9e', 'f2dfa2ce-bebd-4086-9f67-9f21fecd4261', 'f9d0b90d-631a-4f45-982c-d8223bd65c0d', NULL, NULL, NULL, NULL, 'b72b0ce8-c2aa-4d81-ad3e-124b246d3c14', 0, 0, 0, 0, 'KG', '2000.00', '0.00', NULL, NULL, '2021-05-24 04:53:09', '2021-05-24 04:53:09', 0, NULL),
('2fbaa88a-34dd-48a0-974c-aaa24af02f73', '2021-02-28', 2021, 'ea05b523-f673-4b0a-af93-4696ef68589a', 'delivery_order', '7a8f3f8d-5d67-499e-87bf-fd861c70d8f8', '2fc6349d-d8db-4e08-a796-eb2e683f310b', 'f9d0b90d-631a-4f45-982c-d8223bd65c0d', NULL, NULL, NULL, NULL, '964c865f-ebb6-48d2-95cb-6d460e30c297', 0, 119, 0, 0, 'Ctn', '421.81', '50195.39', 'Mango 200 ml 660 CTn Invoice Pending GST.\r\nRate Given 520 250ml.', NULL, '2021-06-15 12:27:15', '2021-06-15 12:27:15', 0, NULL),
('30a92a8a-501f-45f8-bc44-1e35327cbc45', '2021-07-07', 2021, 'ea05b523-f673-4b0a-af93-4696ef68589a', 'Opening Balance', NULL, NULL, 'f9d0b90d-631a-4f45-982c-d8223bd65c0d', NULL, NULL, NULL, NULL, '6b0ddec9-6fa7-43cb-9112-7a1e4f622fe9', NULL, 0, 0, NULL, NULL, NULL, '0.00', 'Opening Balance', NULL, '2021-07-08 05:30:29', '2021-07-08 05:30:29', 0, NULL),
('30c6c0cc-0b79-40d8-aa40-ad4595e2d3b6', '2021-02-21', 2021, 'ea05b523-f673-4b0a-af93-4696ef68589a', 'do update', '4d3766a5-a893-42d4-9bc4-5155c097d5d2', '4d3766a5-a893-42d4-9bc4-5155c097d5d2', 'f9d0b90d-631a-4f45-982c-d8223bd65c0d', NULL, NULL, NULL, NULL, '2964bb13-9fa9-448f-8282-69dbf8bd2a20', 500, 0, 500, 0, 'Tray', '161.82', '80910.72', 'Stock adjustment while GIN edit', NULL, '2021-06-15 12:36:55', '2021-06-15 12:36:55', 0, NULL),
('30e4c17c-b1d5-4411-ab20-3dbde9ad1239', '2021-07-07', 2021, 'ea05b523-f673-4b0a-af93-4696ef68589a', 'Opening Balance', NULL, NULL, 'f9d0b90d-631a-4f45-982c-d8223bd65c0d', NULL, NULL, NULL, NULL, '18ec96b0-93c3-4d4b-9a14-7d637d33636e', NULL, 0, 0, NULL, NULL, NULL, '0.00', 'Opening Balance', NULL, '2021-07-08 05:30:29', '2021-07-08 05:30:29', 0, NULL),
('30ee887a-5ccd-412d-97a7-88677eee1991', '2021-03-30', 2021, 'ae3b0fe8-5f4c-4327-8624-748d572e9c27', 'grn_wip', 'bde74393-f655-4d58-b232-a63cd8cb8e3d', NULL, 'f9d0b90d-631a-4f45-982c-d8223bd65c0d', 'Completed', NULL, NULL, NULL, '70377159-1d37-41d7-86fd-ec24afbb19e2', 615, 0, 615, 0, 'Ctn', '470.67', '289461.48', NULL, NULL, '2021-06-20 13:37:02', '2021-06-20 13:37:02', 0, 'MR-250ML-21-00014'),
('31b7f9cf-8940-4a1d-8022-3470d3a063f5', '2021-02-08', 2021, 'ae3b0fe8-5f4c-4327-8624-748d572e9c27', 'gin_wip update', 'a66cd017-0f72-4cf0-a283-4037841572b2', 'a66cd017-0f72-4cf0-a283-4037841572b2', 'f9d0b90d-631a-4f45-982c-d8223bd65c0d', 'Completed', NULL, NULL, NULL, 'a3157a27-0e5c-41c1-a5c8-61b78fcacf62', 23689, 0, 5295, 18394, 'Pcs', '5.95', '140949.55', 'Stock adjustment while GIN edit', NULL, '2021-06-07 00:45:52', '2021-06-07 00:45:52', 0, NULL),
('326df566-3b5d-418d-b56f-8002ba18e3dc', '2021-05-25', 2105, 'ae3b0fe8-5f4c-4327-8624-748d572e9c27', 'grn_purchase', '4d594a5c-4a91-496d-99ff-af9848b97cea', '0ec2eb3c-beaf-4dab-9624-bb08aaf4d70a', 'f9d0b90d-631a-4f45-982c-d8223bd65c0d', NULL, NULL, NULL, NULL, 'ff37340f-a17f-4c24-9ccd-9d26c11f0232', 0, 0, 0, 0, 'Pcs', '5.74', '0.00', 'AAA', NULL, '2021-05-25 15:18:04', '2021-05-25 15:18:04', 0, NULL),
('337dce8b-d3ca-4b16-b600-9836f21459aa', '2021-03-25', 2103, 'ae3b0fe8-5f4c-4327-8624-748d572e9c27', 'grn_purchase', '689112f5-3915-4981-9e28-72b6be8a6121', 'ebd3b1f3-332d-409e-9843-f6dfa5655ddf', 'f9d0b90d-631a-4f45-982c-d8223bd65c0d', NULL, NULL, NULL, NULL, 'ddbeb847-9738-424d-b5cd-817ea8c280f2', 5600, 0, 5600, 0, 'Pcs', '9.50', '53200.00', NULL, NULL, '2021-03-29 09:20:59', '2021-03-29 09:20:59', 0, NULL),
('33a8299a-1af5-4fa6-bc07-bf00defcd952', '2021-02-08', 2102, 'ae3b0fe8-5f4c-4327-8624-748d572e9c27', 'gin_wip', 'a66cd017-0f72-4cf0-a283-4037841572b2', '9f58558f-875b-48a0-b13d-2de70a5ff9fd', 'f9d0b90d-631a-4f45-982c-d8223bd65c0d', 'Completed', NULL, NULL, NULL, '8df7c58f-9091-4a4c-b9d0-1c65fb5992c7', 0, 322440, 0, 0, 'Pcs', '3.33', '1073725.20', 'Gate Pass # 7498', NULL, '2021-05-25 09:53:15', '2021-05-25 09:53:15', 0, NULL),
('3412759e-e8c3-42e6-87b9-2ed17c15ecd8', '2021-03-29', 2103, 'ae3b0fe8-5f4c-4327-8624-748d572e9c27', 'grn_purchase', '456a31a2-7b64-456b-aafd-52e249fcb45c', 'c9c03243-811f-409d-8032-ae5f2f542ab9', 'f9d0b90d-631a-4f45-982c-d8223bd65c0d', NULL, NULL, NULL, NULL, 'c8d5d6f6-b614-4899-a78b-48fef22699e2', 0, 0, 0, 0, 'Pcs', '5.74', '0.00', 'AAA', NULL, '2021-03-31 16:10:27', '2021-03-31 16:10:27', 0, NULL),
('34362519-04fa-48be-89cf-8aad3d312345', '2021-05-25', 2105, 'ae3b0fe8-5f4c-4327-8624-748d572e9c27', 'grn_purchase', '4d594a5c-4a91-496d-99ff-af9848b97cea', '370bda37-7e99-437b-826b-09032b3898ad', 'f9d0b90d-631a-4f45-982c-d8223bd65c0d', NULL, NULL, NULL, NULL, 'a7546905-c250-4ac3-ac07-8d940e811433', 0, 0, 0, 0, 'Pcs', '5.63', '0.00', 'AAA', NULL, '2021-05-25 15:18:04', '2021-05-25 15:18:04', 0, NULL),
('35127e97-9ba0-483d-99b7-4a108afabb19', '2021-04-17', 2021, 'ae3b0fe8-5f4c-4327-8624-748d572e9c27', 'gin_wip', 'b797a3cf-abca-4943-acc6-7df14ee2f223', '9a145a8d-a173-4cc0-8208-1c64e9d7c867', 'f9d0b90d-631a-4f45-982c-d8223bd65c0d', 'Completed', NULL, NULL, NULL, 'ff37340f-a17f-4c24-9ccd-9d26c11f0232', 0, 79191, 0, 0, 'Pcs', '5.74', '454556.34', 'All Issued April-2021 MIR.', NULL, '2021-06-22 05:44:01', '2021-06-22 05:44:01', 0, NULL),
('361fb520-18a0-45d9-94c3-02d84cafdbee', '2021-02-27', 2021, 'ea05b523-f673-4b0a-af93-4696ef68589a', 'delivery_order', '9fa9b5ae-f31e-4447-bc93-cca4e12f589b', '572e5644-57c2-4a53-9315-4c7aded8c150', 'f9d0b90d-631a-4f45-982c-d8223bd65c0d', NULL, NULL, NULL, NULL, '70377159-1d37-41d7-86fd-ec24afbb19e2', 0, 1300, 0, 0, 'Ctn', '428.26', '556738.00', 'Mango 200ML 1000 CTN are Pending Invoice of GST\r\nRate 125ml = 180.', NULL, '2021-06-15 12:26:31', '2021-06-15 12:26:31', 0, NULL),
('3662329d-21ac-49d7-a719-88ae3e8fdfc5', '2021-02-08', 2102, 'ae3b0fe8-5f4c-4327-8624-748d572e9c27', 'gin_wip update', 'a66cd017-0f72-4cf0-a283-4037841572b2', 'a66cd017-0f72-4cf0-a283-4037841572b2', 'f9d0b90d-631a-4f45-982c-d8223bd65c0d', 'Completed', NULL, NULL, NULL, 'a762acbf-7c99-4239-a236-2fb14836dc03', 55232, 0, 55232, 0, 'Pcs', '5.07', '280026.24', 'Stock adjustment while GIN edit', NULL, '2021-05-25 09:53:15', '2021-05-25 09:53:15', 0, NULL),
('3684eb8a-2abc-4e40-b8ad-fea91f4fdcd4', '2021-07-07', 2021, 'ea05b523-f673-4b0a-af93-4696ef68589a', 'Opening Balance', NULL, NULL, 'f9d0b90d-631a-4f45-982c-d8223bd65c0d', NULL, NULL, NULL, NULL, '50ef5ee3-9605-4c1a-a808-e57e89bd16db', NULL, 0, 0, NULL, NULL, NULL, '0.00', 'Opening Balance', NULL, '2021-07-08 05:30:29', '2021-07-08 05:30:29', 0, NULL),
('36a966c6-38a4-4a1c-86ee-3ca7a0d78854', '2021-02-08', 2021, 'ae3b0fe8-5f4c-4327-8624-748d572e9c27', 'gin_wip update', 'a66cd017-0f72-4cf0-a283-4037841572b2', 'a66cd017-0f72-4cf0-a283-4037841572b2', 'f9d0b90d-631a-4f45-982c-d8223bd65c0d', 'Completed', NULL, NULL, NULL, 'cb5a1a7d-9dc6-49b7-9711-c007985762a5', 5151, 0, 5151, 0, 'Pcs', '24.50', '754624.50', 'Stock adjustment while GIN edit', NULL, '2021-06-07 01:18:33', '2021-06-07 01:18:33', 0, NULL),
('36baef6a-44de-49af-85cd-77146d88b786', '2021-01-08', 2101, 'ae3b0fe8-5f4c-4327-8624-748d572e9c27', 'grn_purchase', '032d8a5e-6161-4ea6-87c2-011abaadeb0c', 'be327e7c-20e5-4cc2-a3fc-c04b2e4b430d', 'f9d0b90d-631a-4f45-982c-d8223bd65c0d', NULL, NULL, NULL, NULL, 'cb5a1a7d-9dc6-49b7-9711-c007985762a5', 0, 0, 0, 0, 'Pcs', '24.50', '0.00', NULL, NULL, '2021-04-13 08:35:47', '2021-04-13 08:35:47', 0, NULL),
('37dbfc37-bfa8-4ef6-bcc7-0121c977d16e', '2021-02-14', 2021, 'ea05b523-f673-4b0a-af93-4696ef68589a', 'delivery_order', '09036e8a-6c2a-43a1-a92f-4f3fc43a68fe', '4a78ab60-6b45-4b09-b2ce-5038151d4254', 'f9d0b90d-631a-4f45-982c-d8223bd65c0d', NULL, NULL, NULL, NULL, '332a9e3d-a1fb-4250-ae29-a8cd1fd2cdc6', 0, 3500, 0, 0, 'Tray', '164.98', '577430.00', 'Dispatch at Larkana & Gaaji Khawar.', NULL, '2021-06-15 06:20:23', '2021-06-15 06:20:23', 0, NULL),
('37ee09d9-f451-4cf2-b209-b800e5d47048', '2021-02-14', 2021, 'ea05b523-f673-4b0a-af93-4696ef68589a', 'do update', 'f16c6344-567f-40e8-be3a-7f5a43d51976', 'f16c6344-567f-40e8-be3a-7f5a43d51976', 'f9d0b90d-631a-4f45-982c-d8223bd65c0d', NULL, NULL, NULL, NULL, '332a9e3d-a1fb-4250-ae29-a8cd1fd2cdc6', 3581, 0, 3581, 0, 'Tray', '164.98', '590793.38', 'Stock adjustment while GIN edit', NULL, '2021-06-15 12:36:13', '2021-06-15 12:36:13', 0, NULL),
('39861bfd-591c-42dd-aa7f-83ad2de97ab2', '2021-05-24', 2105, 'ae3b0fe8-5f4c-4327-8624-748d572e9c27', 'grn_purchase', 'b3f620f1-d19f-4ee9-8b9d-3b8de6a4aa9e', 'c4768255-22ea-46a7-a7d5-77e8d07fece2', 'f9d0b90d-631a-4f45-982c-d8223bd65c0d', NULL, NULL, NULL, NULL, '9e55e4ee-ed2d-41bd-974f-bf2e1378d78f', 0, 0, 0, 0, 'KG', '651.00', '0.00', NULL, NULL, '2021-05-24 04:53:09', '2021-05-24 04:53:09', 0, NULL),
('39b18ed6-41be-4492-8f5b-f5085cc082c0', '2021-05-25', 2105, 'ae3b0fe8-5f4c-4327-8624-748d572e9c27', 'grn_purchase', '4d594a5c-4a91-496d-99ff-af9848b97cea', 'a017ba9a-f959-40df-a889-cfc8858d6440', 'f9d0b90d-631a-4f45-982c-d8223bd65c0d', NULL, NULL, NULL, NULL, '8df7c58f-9091-4a4c-b9d0-1c65fb5992c7', 84850, 0, 84850, 0, 'Pcs', '3.67', '311399.50', 'AAA', NULL, '2021-05-25 15:18:04', '2021-05-25 15:18:04', 0, NULL),
('39ca15ae-aab5-4fac-84bc-94a51b122b90', '2021-04-17', 2021, 'ae3b0fe8-5f4c-4327-8624-748d572e9c27', 'gin_wip', 'b797a3cf-abca-4943-acc6-7df14ee2f223', 'e3ca7ac0-5652-401b-b65b-564c88f69c24', 'f9d0b90d-631a-4f45-982c-d8223bd65c0d', 'Completed', NULL, NULL, NULL, 'cb5a1a7d-9dc6-49b7-9711-c007985762a5', 0, 5025, 0, 0, 'Pcs', '24.50', '123112.50', 'All Issued April-2021 MIR.', NULL, '2021-06-22 05:44:01', '2021-06-22 05:44:01', 0, NULL),
('3ae51ee4-bb0c-4c07-ad8a-685cbe617d4b', '2021-02-18', 2102, 'ae3b0fe8-5f4c-4327-8624-748d572e9c27', 'grn_purchase', '1cc3906c-01f3-43bf-9d05-96aeda2e1d70', '92228c73-3c33-4d5b-829f-dc7867ca6da3', 'f9d0b90d-631a-4f45-982c-d8223bd65c0d', NULL, NULL, NULL, NULL, 'a698985e-880d-4ed4-aa99-8e7e7715d208', 2, 0, 0, 2, 'KG', '260.00', '616.20', 'AAA', NULL, '2021-04-12 06:11:42', '2021-04-12 06:11:42', 0, NULL),
('3b41026e-8be2-45cf-9af4-9612c9c8c238', '2021-04-17', 2021, 'ae3b0fe8-5f4c-4327-8624-748d572e9c27', 'grn_wip', '0a74fd7d-04f3-4887-a593-24f8453b7db9', NULL, 'f9d0b90d-631a-4f45-982c-d8223bd65c0d', 'Completed', NULL, NULL, NULL, '9aa655f4-5b59-4f54-80bc-f3e05175e388', 1125, 0, 0, 1125, 'Tray', '327.18', '368083.04', NULL, NULL, '2021-06-22 06:20:33', '2021-06-22 06:20:33', 0, 'MR-250ML-21-00018'),
('3becee00-ef3e-4897-aa49-71ebdbaec177', '2021-02-17', 2021, 'ae3b0fe8-5f4c-4327-8624-748d572e9c27', 'gin_wip', '662d96c8-9eef-482b-ae6d-763c3da1d842', '579f4d83-2ab1-446b-a29b-a17849b20d6f', 'f9d0b90d-631a-4f45-982c-d8223bd65c0d', 'Completed', NULL, NULL, NULL, 'a3157a27-0e5c-41c1-a5c8-61b78fcacf62', 0, 2795, 0, 0, 'Pcs', '5.95', '16630.25', 'MIR # 2021-0003', NULL, '2021-06-20 08:44:26', '2021-06-20 08:44:26', 0, NULL),
('3dd3ec64-6827-458d-b73a-a31af3f8ff57', '2021-02-18', 2102, 'ae3b0fe8-5f4c-4327-8624-748d572e9c27', 'grn_purchase', '1cc3906c-01f3-43bf-9d05-96aeda2e1d70', '70d73e34-ede6-4afe-890a-dba77b1b56e5', 'f9d0b90d-631a-4f45-982c-d8223bd65c0d', NULL, NULL, NULL, NULL, '94feec8d-cdd7-4f0a-94ee-735836a021f0', 8, 0, 0, 8, 'KG', '295.00', '2277.40', 'AAA', NULL, '2021-04-12 06:11:42', '2021-04-12 06:11:42', 0, NULL),
('3df922fd-88f9-4705-9fe8-71e016ca453f', '2021-07-07', 2021, 'ea05b523-f673-4b0a-af93-4696ef68589a', 'Opening Balance', NULL, NULL, 'f9d0b90d-631a-4f45-982c-d8223bd65c0d', NULL, NULL, NULL, NULL, 'dbc1529a-cfee-484d-b9c4-8cbb45d30ca3', NULL, 0, 0, NULL, NULL, NULL, '0.00', 'Opening Balance', NULL, '2021-07-08 05:30:29', '2021-07-08 05:30:29', 0, NULL),
('3e5bc43f-40b1-4ef2-9d82-4de872aff7f8', '2021-03-13', 2103, 'ae3b0fe8-5f4c-4327-8624-748d572e9c27', 'grn_purchase', '79920932-e66a-4e09-9d52-09daa91265f6', '5f548b89-af94-45dd-9e15-8c8b50569df9', 'f9d0b90d-631a-4f45-982c-d8223bd65c0d', NULL, NULL, NULL, NULL, 'ce1dd112-3270-4861-acb6-70c4f02bb1f2', 0, 0, 0, 0, 'Pcs', '5.63', '0.00', NULL, NULL, '2021-03-22 16:21:25', '2021-03-22 16:21:25', 0, NULL),
('3ec1aaec-e5cb-4297-8231-ebf129633fd2', '2021-02-22', 2102, 'ae3b0fe8-5f4c-4327-8624-748d572e9c27', 'grn_purchase', 'c790dee3-240d-4f76-bd75-17b97101230f', 'd7599cee-4f55-4a79-a47a-62b4d10b2a42', 'f9d0b90d-631a-4f45-982c-d8223bd65c0d', NULL, NULL, NULL, NULL, 'd58748ab-557f-473b-8208-4eb55be72890', 11, 0, 0, 11, 'KG', '1630.00', '18647.20', NULL, NULL, '2021-04-12 06:15:18', '2021-04-12 06:15:18', 0, NULL),
('3ed18d87-ff08-464f-a4e0-5716e74b04f3', '2021-02-18', 2102, 'ae3b0fe8-5f4c-4327-8624-748d572e9c27', 'grn_purchase', '1cc3906c-01f3-43bf-9d05-96aeda2e1d70', 'c27de79f-4d14-4b52-9d24-aae31bb0a97b', 'f9d0b90d-631a-4f45-982c-d8223bd65c0d', NULL, NULL, NULL, NULL, 'ca5318cc-d430-4336-9271-496edbcec9c1', 3, 0, 0, 3, 'KG', '2000.00', '5240.00', 'AAA', NULL, '2021-04-12 06:11:42', '2021-04-12 06:11:42', 0, NULL),
('3f2b7918-1cf9-4f65-a607-b7917442d3f7', '2021-08-06', 2021, 'ae3b0fe8-5f4c-4327-8624-748d572e9c27', 'grn_purchase', '74dd1029-3221-4c95-aae5-217ad0c95c79', '3476379a-c5a5-473d-8a86-ebf756766280', 'f9d0b90d-631a-4f45-982c-d8223bd65c0d', NULL, NULL, NULL, NULL, '0928fe94-c46c-4316-a575-63fd0530a665', 15, 0, 15, 0, 'Pcs', '88.87', '1333.00', 'checked 2', NULL, '2021-08-06 04:33:29', '2021-08-06 04:33:29', 4, NULL);
INSERT INTO `inv_inventories` (`id`, `date`, `month`, `warehouse_id`, `source`, `source_id`, `source_detail_id`, `company_id`, `status`, `approvel`, `batch`, `project_id`, `prod_id`, `qty_in`, `qty_out`, `qty_issue`, `balance`, `unit`, `rate`, `amount`, `description`, `updated_by`, `created_at`, `updated_at`, `number`, `batch_no`) VALUES
('3f8ae84a-d885-436b-94d1-e5e71143af86', '2021-08-06', 2021, 'ae3b0fe8-5f4c-4327-8624-748d572e9c27', 'grn_purchase', '8033b120-f714-4879-a3fe-2cb6a52397e3', '303dee49-f155-4b98-91f5-bef880b3f617', 'f9d0b90d-631a-4f45-982c-d8223bd65c0d', NULL, NULL, NULL, NULL, 'c1fd2b49-0aec-457e-aef6-f8af33604d34', 30, 0, 0, 30, 'Pcs', '71.20', '2136.00', 'checked', NULL, '2021-08-06 05:09:43', '2021-08-06 05:09:43', 8, NULL),
('4081a809-558a-4f26-8459-a94098686a46', '2021-02-14', 2021, 'ea05b523-f673-4b0a-af93-4696ef68589a', 'delivery_order', 'f16c6344-567f-40e8-be3a-7f5a43d51976', 'bd62cd18-c91d-4177-9f22-ff99ef88944d', 'f9d0b90d-631a-4f45-982c-d8223bd65c0d', NULL, NULL, NULL, NULL, '332a9e3d-a1fb-4250-ae29-a8cd1fd2cdc6', 0, 3581, 0, 0, 'Tray', '164.98', '590793.38', NULL, NULL, '2021-06-15 12:36:13', '2021-06-15 12:36:13', 0, NULL),
('40a1335e-bb6b-40d9-9499-eb5fe29adc02', '2021-02-08', 2021, 'ae3b0fe8-5f4c-4327-8624-748d572e9c27', 'gin_wip update', 'a66cd017-0f72-4cf0-a283-4037841572b2', 'a66cd017-0f72-4cf0-a283-4037841572b2', 'f9d0b90d-631a-4f45-982c-d8223bd65c0d', 'Completed', NULL, NULL, NULL, 'cb5a1a7d-9dc6-49b7-9711-c007985762a5', 5151, 0, 5151, 0, 'Pcs', '24.50', '126199.50', 'Stock adjustment while GIN edit', NULL, '2021-06-07 00:45:52', '2021-06-07 00:45:52', 0, NULL),
('41031672-d3fe-4e51-b7d9-d1310763aef3', '2021-05-24', 2105, 'ae3b0fe8-5f4c-4327-8624-748d572e9c27', 'grn_purchase', 'b3f620f1-d19f-4ee9-8b9d-3b8de6a4aa9e', '6412db5d-a616-4648-bfcc-9b20fce563ec', 'f9d0b90d-631a-4f45-982c-d8223bd65c0d', NULL, NULL, NULL, NULL, '9a8eaeb7-7884-41b5-979b-390233831321', 0, 0, 0, 0, 'KG', '95.00', '0.00', NULL, NULL, '2021-05-24 04:53:09', '2021-05-24 04:53:09', 0, NULL),
('415c0616-5cbc-4b43-838b-4e59ebc5d892', '2021-07-07', 2021, 'ea05b523-f673-4b0a-af93-4696ef68589a', 'Opening Balance', NULL, NULL, 'f9d0b90d-631a-4f45-982c-d8223bd65c0d', NULL, NULL, NULL, NULL, '72b56809-0b30-4519-9614-ec21013f5229', NULL, 0, 0, NULL, NULL, NULL, '0.00', 'Opening Balance', NULL, '2021-07-08 05:30:29', '2021-07-08 05:30:29', 0, NULL),
('41c1d2be-4629-417f-b1ec-33e7c4d0d1a7', '2021-02-14', 2021, 'ea05b523-f673-4b0a-af93-4696ef68589a', 'do update', 'f16c6344-567f-40e8-be3a-7f5a43d51976', 'f16c6344-567f-40e8-be3a-7f5a43d51976', 'f9d0b90d-631a-4f45-982c-d8223bd65c0d', NULL, NULL, NULL, NULL, '332a9e3d-a1fb-4250-ae29-a8cd1fd2cdc6', 3581, 0, 3581, 0, 'Tray', '164.98', '590793.38', 'Stock adjustment while GIN edit', NULL, '2021-06-15 12:36:13', '2021-06-15 12:36:13', 0, NULL),
('458abe99-dec0-4af2-a150-cf74629b82ce', '2021-02-22', 2021, 'ea05b523-f673-4b0a-af93-4696ef68589a', 'do update', '89b1ba17-9426-476c-8441-1b6c17e123a0', '89b1ba17-9426-476c-8441-1b6c17e123a0', 'f9d0b90d-631a-4f45-982c-d8223bd65c0d', NULL, NULL, NULL, NULL, '332a9e3d-a1fb-4250-ae29-a8cd1fd2cdc6', 0, 0, 0, 0, 'Tray', '149.30', '746500.00', 'Stock adjustment while GIN edit', NULL, '2021-06-15 12:44:59', '2021-06-15 12:44:59', 0, NULL),
('47174e47-f5c4-449b-b04e-f025bfc8d381', '2021-02-18', 2102, 'ae3b0fe8-5f4c-4327-8624-748d572e9c27', 'grn_purchase', '1cc3906c-01f3-43bf-9d05-96aeda2e1d70', '89edb6d5-4d1b-4ef4-b4dd-361a838094c5', 'f9d0b90d-631a-4f45-982c-d8223bd65c0d', NULL, NULL, NULL, NULL, '6b0ddec9-6fa7-43cb-9112-7a1e4f622fe9', 3, 0, 0, 3, 'KG', '1500.00', '4365.00', 'AAA', NULL, '2021-04-12 06:11:42', '2021-04-12 06:11:42', 0, NULL),
('482ff340-d067-4d2b-ae87-8c66314e9303', '2021-02-16', 2102, 'ae3b0fe8-5f4c-4327-8624-748d572e9c27', 'grn_purchase', 'd294aef4-f18a-4f48-b42a-5b0a05539289', 'a62c509b-f7d0-409d-b048-304b5de48b6c', 'f9d0b90d-631a-4f45-982c-d8223bd65c0d', NULL, NULL, NULL, NULL, 'daa2dddb-b342-4ab0-b8dd-a952d7bd52be', 48375, 0, 48375, 0, 'Pcs', '4.83', '233651.25', NULL, NULL, '2021-03-22 15:24:57', '2021-03-22 15:24:57', 0, NULL),
('488e8a9a-87e2-4f4a-9b6f-e63a77c4ea31', '2021-02-08', 2021, 'ae3b0fe8-5f4c-4327-8624-748d572e9c27', 'gin_wip update', 'a66cd017-0f72-4cf0-a283-4037841572b2', 'a66cd017-0f72-4cf0-a283-4037841572b2', 'f9d0b90d-631a-4f45-982c-d8223bd65c0d', 'Completed', NULL, NULL, NULL, 'f918cfd1-43cc-46a0-9390-6119da495d02', 246096, 0, 65642, 180454, 'Pcs', '3.33', '819499.68', 'Stock adjustment while GIN edit', NULL, '2021-06-07 01:18:33', '2021-06-07 01:18:33', 0, NULL),
('48aab79e-646b-45d1-ae49-500024810328', '2021-02-22', 2021, 'ea05b523-f673-4b0a-af93-4696ef68589a', 'do update', '89b1ba17-9426-476c-8441-1b6c17e123a0', '89b1ba17-9426-476c-8441-1b6c17e123a0', 'f9d0b90d-631a-4f45-982c-d8223bd65c0d', NULL, NULL, NULL, NULL, '332a9e3d-a1fb-4250-ae29-a8cd1fd2cdc6', 5000, 0, 5000, 0, 'Tray', '160.53', '802650.08', 'Stock adjustment while GIN edit', NULL, '2021-06-15 12:44:59', '2021-06-15 12:44:59', 0, NULL),
('48f6d34b-0ff5-4f42-8b45-15e1bb3f94a9', '2021-07-07', 2021, 'ea05b523-f673-4b0a-af93-4696ef68589a', 'Opening Balance', NULL, NULL, 'f9d0b90d-631a-4f45-982c-d8223bd65c0d', NULL, NULL, NULL, NULL, '2964bb13-9fa9-448f-8282-69dbf8bd2a20', NULL, 0, 0, NULL, NULL, NULL, '0.00', 'Opening Balance', NULL, '2021-07-08 05:30:29', '2021-07-08 05:30:29', 0, NULL),
('49dbefe9-d754-47cc-985f-595c68a2b81f', '2021-03-13', 2103, 'ae3b0fe8-5f4c-4327-8624-748d572e9c27', 'grn_purchase', '79920932-e66a-4e09-9d52-09daa91265f6', 'e0cd0eba-45fb-4ea9-b6cc-5ca466216e83', 'f9d0b90d-631a-4f45-982c-d8223bd65c0d', NULL, NULL, NULL, NULL, 'daa2dddb-b342-4ab0-b8dd-a952d7bd52be', 0, 0, 0, 0, 'Pcs', '5.63', '0.00', NULL, NULL, '2021-03-22 16:21:25', '2021-03-22 16:21:25', 0, NULL),
('49e0c01d-7233-4017-9109-38cfce321cd1', '2021-08-09', 2021, 'ea05b523-f673-4b0a-af93-4696ef68589a', 'grn_purchase', '4db4f75e-0d12-478c-b1ae-2705401c8fe7', 'a8e99552-3b53-41ee-aa49-b89f2eca52b0', 'f9d0b90d-631a-4f45-982c-d8223bd65c0d', NULL, NULL, NULL, NULL, 'cb5a1a7d-9dc6-49b7-9711-c007985762a5', 150, 0, 0, 150, 'Pcs', '100.00', '15000.00', 'Approved Quantity', NULL, '2021-08-09 00:01:05', '2021-08-09 00:01:05', 17, NULL),
('4a7bc0c4-69f4-45cb-8bff-874bf7cd7703', '2021-05-25', 2105, 'ae3b0fe8-5f4c-4327-8624-748d572e9c27', 'grn_purchase', '4d594a5c-4a91-496d-99ff-af9848b97cea', '53a09178-ccf9-4d56-b241-9f3bb86d41f5', 'f9d0b90d-631a-4f45-982c-d8223bd65c0d', NULL, NULL, NULL, NULL, 'dbc1529a-cfee-484d-b9c4-8cbb45d30ca3', 0, 0, 0, 0, 'Pcs', '3.67', '0.00', 'AAA', NULL, '2021-05-25 15:18:04', '2021-05-25 15:18:04', 0, NULL),
('4ac776b8-72e9-483b-a442-4ecbe040df84', '2021-02-08', 2021, 'ae3b0fe8-5f4c-4327-8624-748d572e9c27', 'gin_wip update', 'a66cd017-0f72-4cf0-a283-4037841572b2', 'a66cd017-0f72-4cf0-a283-4037841572b2', 'f9d0b90d-631a-4f45-982c-d8223bd65c0d', 'Completed', NULL, NULL, NULL, 'cb5a1a7d-9dc6-49b7-9711-c007985762a5', 5151, 0, 1830, 3321, 'Pcs', '24.50', '152185.50', 'Stock adjustment while GIN edit', NULL, '2021-06-07 01:18:33', '2021-06-07 01:18:33', 0, NULL),
('4acf7ab6-0211-43b7-ad55-08cc5105e611', '2021-03-29', 2103, 'ae3b0fe8-5f4c-4327-8624-748d572e9c27', 'grn_purchase', '456a31a2-7b64-456b-aafd-52e249fcb45c', '7651e1d2-fd3c-4c0f-b1be-ebfb61dbf40f', 'f9d0b90d-631a-4f45-982c-d8223bd65c0d', NULL, NULL, NULL, NULL, 'a762acbf-7c99-4239-a236-2fb14836dc03', 0, 0, 0, 0, 'Pcs', '5.74', '0.00', 'AAA', NULL, '2021-03-31 16:10:27', '2021-03-31 16:10:27', 0, NULL),
('4c2a1034-d824-4654-8f89-939d2f7760c1', '2021-03-22', 2103, 'ae3b0fe8-5f4c-4327-8624-748d572e9c27', 'grn_purchase', '032a2363-e637-4431-ba4a-e505afecbc0d', '1a7e0998-8396-40e2-aec3-d262ca1bd969', 'f9d0b90d-631a-4f45-982c-d8223bd65c0d', NULL, NULL, NULL, NULL, 'c8d5d6f6-b614-4899-a78b-48fef22699e2', 0, 0, 0, 0, 'Pcs', '5.07', '0.00', NULL, NULL, '2021-03-22 15:23:58', '2021-03-22 15:23:58', 0, NULL),
('4cdd3d84-091b-4943-9b9e-bdd344462cdb', '2021-02-22', 2102, 'ae3b0fe8-5f4c-4327-8624-748d572e9c27', 'grn_purchase', 'c790dee3-240d-4f76-bd75-17b97101230f', 'a0171e03-f0c3-45b1-8807-c1fc74ce57d9', 'f9d0b90d-631a-4f45-982c-d8223bd65c0d', NULL, NULL, NULL, NULL, '9a8eaeb7-7884-41b5-979b-390233831321', 915, 0, 0, 915, 'KG', '95.00', '86908.85', NULL, NULL, '2021-04-12 06:15:18', '2021-04-12 06:15:18', 0, NULL),
('4d75500f-917b-422f-ae38-e398e66733a2', '2021-07-07', 2021, 'ea05b523-f673-4b0a-af93-4696ef68589a', 'Opening Balance', NULL, NULL, 'f9d0b90d-631a-4f45-982c-d8223bd65c0d', NULL, NULL, NULL, NULL, 'b0c35bc5-c3f8-402e-99a0-5c2e1e0b80d9', NULL, 0, 0, NULL, NULL, NULL, '0.00', 'Opening Balance', NULL, '2021-07-08 05:30:29', '2021-07-08 05:30:29', 0, NULL),
('4dceaa6e-5e5c-4031-abce-c3301c6e8fa0', '2021-07-07', 2021, 'ea05b523-f673-4b0a-af93-4696ef68589a', 'Opening Balance', NULL, NULL, 'f9d0b90d-631a-4f45-982c-d8223bd65c0d', NULL, NULL, NULL, NULL, 'bf1116bd-6243-40ac-a4ad-96ab52e8e17c', NULL, 0, 0, NULL, NULL, NULL, '0.00', 'Opening Balance', NULL, '2021-07-08 05:30:29', '2021-07-08 05:30:29', 0, NULL),
('4f263c35-250b-4c8d-91ac-43467d1f5263', '2021-03-29', 2103, 'ae3b0fe8-5f4c-4327-8624-748d572e9c27', 'grn_purchase', '456a31a2-7b64-456b-aafd-52e249fcb45c', 'cd9cfd84-50cf-4cb8-87bd-8f89ef22b9b3', 'f9d0b90d-631a-4f45-982c-d8223bd65c0d', NULL, NULL, NULL, NULL, 'ff37340f-a17f-4c24-9ccd-9d26c11f0232', 87725, 0, 87725, 0, 'Pcs', '5.74', '503541.50', 'AAA', NULL, '2021-03-31 16:10:27', '2021-03-31 16:10:27', 0, NULL),
('502fd2ab-889e-419a-b48a-b5a92c8c07b6', '2021-02-27', 2021, 'ea05b523-f673-4b0a-af93-4696ef68589a', 'delivery_order', '500cf88a-f732-4c0b-b107-fe7653ab6b32', '4ccb3310-32d9-4c0d-9b22-93b57da72688', 'f9d0b90d-631a-4f45-982c-d8223bd65c0d', NULL, NULL, NULL, NULL, '70377159-1d37-41d7-86fd-ec24afbb19e2', 0, 1300, 0, 0, 'Ctn', '446.95', '581035.00', '1000 CTN Mango 200ML ( Invoice GST Pending)\r\n125 Rate 180.', NULL, '2021-06-15 06:30:41', '2021-06-15 06:30:41', 0, NULL),
('508ca535-ae3d-4902-b8a0-7551d62d5454', '2021-02-17', 2021, 'ae3b0fe8-5f4c-4327-8624-748d572e9c27', 'gin_wip', '662d96c8-9eef-482b-ae6d-763c3da1d842', 'e87bc748-f8da-47c6-b000-8f6b34df637c', 'f9d0b90d-631a-4f45-982c-d8223bd65c0d', 'Completed', NULL, NULL, NULL, '1a94e739-6a47-4d58-bb4e-725c5375903c', 0, 1020, 0, 0, 'Pcs', '9.00', '9180.00', 'MIR # 2021-0003', NULL, '2021-06-20 08:44:26', '2021-06-20 08:44:26', 0, NULL),
('5106714f-52f1-4ab5-942e-2df6cadf485e', '2021-07-07', 2021, 'ea05b523-f673-4b0a-af93-4696ef68589a', 'Opening Balance', NULL, NULL, 'f9d0b90d-631a-4f45-982c-d8223bd65c0d', NULL, NULL, NULL, NULL, '29f3b48a-364e-4513-95ab-5ba86ca5dae4', NULL, 0, 0, NULL, NULL, NULL, '0.00', 'Opening Balance', NULL, '2021-07-08 05:30:29', '2021-07-08 05:30:29', 0, NULL),
('51172468-1b98-4129-86bf-e6970f1be00f', '2021-02-17', 2021, 'ae3b0fe8-5f4c-4327-8624-748d572e9c27', 'gin_wip', '662d96c8-9eef-482b-ae6d-763c3da1d842', 'f8ac5cf4-b2ab-4fef-ac6d-e463de82c3b1', 'f9d0b90d-631a-4f45-982c-d8223bd65c0d', 'Completed', NULL, NULL, NULL, 'c8d5d6f6-b614-4899-a78b-48fef22699e2', 0, 59256, 0, 0, 'Pcs', '5.07', '300427.92', 'MIR # 2021-0003', NULL, '2021-06-20 08:44:26', '2021-06-20 08:44:26', 0, NULL),
('51af8fe9-2a86-41f2-9f1f-9c886ad49514', '2021-03-13', 2103, 'ae3b0fe8-5f4c-4327-8624-748d572e9c27', 'grn_purchase', '79920932-e66a-4e09-9d52-09daa91265f6', 'b9195944-daba-489d-a7c4-dc8c2b301549', 'f9d0b90d-631a-4f45-982c-d8223bd65c0d', NULL, NULL, NULL, NULL, 'ff37340f-a17f-4c24-9ccd-9d26c11f0232', 108790, 0, 108790, 0, 'Pcs', '5.74', '624454.60', NULL, NULL, '2021-03-22 16:21:25', '2021-03-22 16:21:25', 0, NULL),
('51b4fcaf-0559-492d-8fd1-257f50919ed9', '2021-02-28', 2102, 'ae3b0fe8-5f4c-4327-8624-748d572e9c27', 'grn_purchase', '3be57eab-e03b-4709-a3d7-fa0b51c75e19', '45fd9aef-add1-40b5-af3e-a4da9eb901da', 'f9d0b90d-631a-4f45-982c-d8223bd65c0d', NULL, NULL, NULL, NULL, '18ec96b0-93c3-4d4b-9a14-7d637d33636e', 86, 0, 0, 86, 'KG', '200.00', '17298.00', NULL, NULL, '2021-04-12 06:17:24', '2021-04-12 06:17:24', 0, NULL),
('51d7f427-ca51-4ba6-a899-e260a39cef0c', '2021-02-17', 2021, 'ae3b0fe8-5f4c-4327-8624-748d572e9c27', 'gin_wip', '662d96c8-9eef-482b-ae6d-763c3da1d842', '2ef8ac51-b6da-4a53-87c0-9c97e9021b0e', 'f9d0b90d-631a-4f45-982c-d8223bd65c0d', 'Completed', NULL, NULL, NULL, 'ff37340f-a17f-4c24-9ccd-9d26c11f0232', 0, 158858, 0, 0, 'Pcs', '5.74', '911844.92', 'MIR # 2021-0003', NULL, '2021-06-20 08:44:26', '2021-06-20 08:44:26', 0, NULL),
('526c2df4-cfc1-460f-9794-5aad4d3f176c', '2021-03-29', 2021, 'ae3b0fe8-5f4c-4327-8624-748d572e9c27', 'grn_wip', '5f32dc5b-a044-45a8-94e3-0013886d2bcc', NULL, 'f9d0b90d-631a-4f45-982c-d8223bd65c0d', 'Completed', NULL, NULL, NULL, '0807433d-e109-4fc1-9e23-0379c3584936', 2867, 0, 0, 2867, 'Ctn', '455.36', '1305517.61', NULL, NULL, '2021-06-20 13:37:37', '2021-06-20 13:37:37', 0, 'MR-250ML-21-00013'),
('52705500-a10c-4041-b445-675a6ed7ef91', '2021-02-08', 2102, 'ae3b0fe8-5f4c-4327-8624-748d572e9c27', 'gin_wip update', 'a66cd017-0f72-4cf0-a283-4037841572b2', 'a66cd017-0f72-4cf0-a283-4037841572b2', 'f9d0b90d-631a-4f45-982c-d8223bd65c0d', 'Completed', NULL, NULL, NULL, 'cb5a1a7d-9dc6-49b7-9711-c007985762a5', 5151, 0, 0, 5151, 'Pcs', '24.50', '754624.50', 'Stock adjustment while GIN edit', NULL, '2021-05-25 09:53:15', '2021-05-25 09:53:15', 0, NULL),
('52c97df0-aba7-489c-976a-aeea4ca13bf8', '2021-02-22', 2021, 'ea05b523-f673-4b0a-af93-4696ef68589a', 'do update', '89b1ba17-9426-476c-8441-1b6c17e123a0', '89b1ba17-9426-476c-8441-1b6c17e123a0', 'f9d0b90d-631a-4f45-982c-d8223bd65c0d', NULL, NULL, NULL, NULL, '2964bb13-9fa9-448f-8282-69dbf8bd2a20', 500, 0, 500, 0, 'Tray', '162.00', '81000.00', 'Stock adjustment while GIN edit', NULL, '2021-06-15 12:44:59', '2021-06-15 12:44:59', 0, NULL),
('52e9cf2e-7e1c-40fc-ac55-1bdf18d778d7', '2021-03-22', 2103, 'ae3b0fe8-5f4c-4327-8624-748d572e9c27', 'grn_purchase', '032a2363-e637-4431-ba4a-e505afecbc0d', '125998db-7616-40cb-a543-10c0625b28f0', 'f9d0b90d-631a-4f45-982c-d8223bd65c0d', NULL, NULL, NULL, NULL, 'f918cfd1-43cc-46a0-9390-6119da495d02', 171770, 0, 171770, 0, 'Pcs', '3.33', '571994.10', NULL, NULL, '2021-03-22 15:23:58', '2021-03-22 15:23:58', 0, NULL),
('5391b5e7-dc1d-4eb1-a345-d2a54dd7d702', '2021-02-22', 2102, 'ae3b0fe8-5f4c-4327-8624-748d572e9c27', 'grn_purchase', 'e67da0f5-bd55-432c-9ffe-8465e2db19e5', '0bad1fbc-4557-42f8-8b6e-4dc77729e7d8', 'f9d0b90d-631a-4f45-982c-d8223bd65c0d', NULL, NULL, NULL, NULL, 'a3157a27-0e5c-41c1-a5c8-61b78fcacf62', 0, 0, 0, 0, 'Pcs', '5.95', '0.00', NULL, NULL, '2021-03-22 16:27:21', '2021-03-22 16:27:21', 0, NULL),
('54467087-f5a2-442b-9743-eede93298f08', '2021-07-07', 2021, 'ea05b523-f673-4b0a-af93-4696ef68589a', 'Opening Balance', NULL, NULL, 'f9d0b90d-631a-4f45-982c-d8223bd65c0d', NULL, NULL, NULL, NULL, 'e7f0ac7e-220e-4245-8d0f-51d74b0cd725', NULL, 0, 0, NULL, NULL, NULL, '0.00', 'Opening Balance', NULL, '2021-07-08 05:30:29', '2021-07-08 05:30:29', 0, NULL),
('5470ea05-75f7-4e5a-b5a3-c636d8a13002', '2021-03-25', 2103, 'ae3b0fe8-5f4c-4327-8624-748d572e9c27', 'grn_purchase', 'c21cd1ad-b7f0-4f00-b6e5-d96c559a337b', '21d7eb58-5039-465a-a09c-0bea249012c7', 'f9d0b90d-631a-4f45-982c-d8223bd65c0d', NULL, NULL, NULL, NULL, '8df7c58f-9091-4a4c-b9d0-1c65fb5992c7', 0, 0, 0, 0, 'Pcs', '3.67', '0.00', NULL, NULL, '2021-03-29 09:24:54', '2021-03-29 09:24:54', 0, NULL),
('54b4c741-99d9-4077-9053-99ef0d89c2b2', '2021-03-29', 2103, 'ae3b0fe8-5f4c-4327-8624-748d572e9c27', 'grn_purchase', '456a31a2-7b64-456b-aafd-52e249fcb45c', '0815afd4-6e1d-4998-aab6-77f5bf812da5', 'f9d0b90d-631a-4f45-982c-d8223bd65c0d', NULL, NULL, NULL, NULL, 'daa2dddb-b342-4ab0-b8dd-a952d7bd52be', 0, 0, 0, 0, 'Pcs', '5.63', '0.00', 'AAA', NULL, '2021-03-31 16:10:27', '2021-03-31 16:10:27', 0, NULL),
('558173c5-6c00-4218-8bc9-6198fe8afc52', '2021-03-16', 2021, 'ae3b0fe8-5f4c-4327-8624-748d572e9c27', 'grn_wip', '3f331745-466d-4eee-b5a7-2b8c9e0676b7', NULL, 'f9d0b90d-631a-4f45-982c-d8223bd65c0d', 'Completed', NULL, NULL, NULL, '70377159-1d37-41d7-86fd-ec24afbb19e2', 3598, 0, 1639, 1959, 'Ctn', '453.25', '1630803.56', NULL, NULL, '2021-06-20 10:39:25', '2021-06-20 10:39:25', 0, 'MR-250ML-21-00009'),
('55f268c0-7b02-4450-aaf0-bf46c59b8b81', '2021-03-24', 2103, 'ae3b0fe8-5f4c-4327-8624-748d572e9c27', 'grn_purchase', '87830bd6-4a1c-4b5f-8273-e229a6b5b5f1', '511725f1-bb6c-4f44-9e6c-0bcc5bba50aa', 'f9d0b90d-631a-4f45-982c-d8223bd65c0d', NULL, NULL, NULL, NULL, '1a94e739-6a47-4d58-bb4e-725c5375903c', 0, 0, 0, 0, 'Pcs', '9.00', '0.00', NULL, NULL, '2021-03-29 09:19:53', '2021-03-29 09:19:53', 0, NULL),
('56087969-f9ca-4e45-97ed-c98fdcc79725', '2021-02-08', 2102, 'ae3b0fe8-5f4c-4327-8624-748d572e9c27', 'gin_wip', 'a66cd017-0f72-4cf0-a283-4037841572b2', '6561b822-7036-4dd0-a8d2-44caf6e4ff99', 'f9d0b90d-631a-4f45-982c-d8223bd65c0d', 'Completed', NULL, NULL, NULL, 'daa2dddb-b342-4ab0-b8dd-a952d7bd52be', 0, 12309, 0, 0, 'Pcs', '4.83', '59452.47', 'AAA', NULL, '2021-05-25 09:51:31', '2021-05-25 09:51:31', 0, NULL),
('56a1e4d1-29db-44be-bf0e-1b80f71ada01', '2021-02-22', 2102, 'ae3b0fe8-5f4c-4327-8624-748d572e9c27', 'grn_purchase', 'c790dee3-240d-4f76-bd75-17b97101230f', 'eb4fe542-0bd2-44d4-9b77-36890cfb4951', 'f9d0b90d-631a-4f45-982c-d8223bd65c0d', NULL, NULL, NULL, NULL, '75b3f18e-55a5-459d-b839-77d37d3145e1', 1, 0, 0, 1, 'KG', '200.00', '228.00', NULL, NULL, '2021-04-12 06:15:18', '2021-04-12 06:15:18', 0, NULL),
('56fa3a77-c145-45d5-b81e-538a1eacd6e9', '2021-03-14', 2021, 'ae3b0fe8-5f4c-4327-8624-748d572e9c27', 'delivery_order', '11681244-c7a9-4117-a713-54d1dce6cbf7', '454b2f51-778f-4208-b31d-4e7ed3e7c3ed', 'f9d0b90d-631a-4f45-982c-d8223bd65c0d', NULL, NULL, NULL, NULL, '70377159-1d37-41d7-86fd-ec24afbb19e2', 0, 900, 0, 0, 'Ctn', '453.25', '407925.00', NULL, NULL, '2021-06-21 12:42:47', '2021-06-21 12:42:47', 0, NULL),
('5760ba45-8194-4ce2-9b18-d476217ae37a', '2021-02-08', 2021, 'ae3b0fe8-5f4c-4327-8624-748d572e9c27', 'gin_wip update', 'a66cd017-0f72-4cf0-a283-4037841572b2', 'a66cd017-0f72-4cf0-a283-4037841572b2', 'f9d0b90d-631a-4f45-982c-d8223bd65c0d', 'Completed', NULL, NULL, NULL, 'daa2dddb-b342-4ab0-b8dd-a952d7bd52be', 12309, 0, 12309, 0, 'Pcs', '4.83', '59452.47', 'Stock adjustment while GIN edit', NULL, '2021-06-07 00:45:52', '2021-06-07 00:45:52', 0, NULL),
('57d31d1c-6c5d-4a0c-a6a8-b15acf46c7e6', '2021-02-21', 2021, 'ea05b523-f673-4b0a-af93-4696ef68589a', 'delivery_order', '4d3766a5-a893-42d4-9bc4-5155c097d5d2', 'b91fd067-cac0-403e-80cf-df7aae2c9236', 'f9d0b90d-631a-4f45-982c-d8223bd65c0d', NULL, NULL, NULL, NULL, '71b6bcc8-0436-41e2-8ceb-ade9a3065845', 0, 30, 0, 0, 'Tray', '244.30', '7329.00', 'Done:Distributor Type Will Ce Change from Direct to Sole.', NULL, '2021-06-15 12:36:55', '2021-06-15 12:36:55', 0, NULL),
('57d99bb6-70d7-40a7-902a-6dc8d9bbc1fe', '2021-03-24', 2103, 'ae3b0fe8-5f4c-4327-8624-748d572e9c27', 'grn_purchase', '87830bd6-4a1c-4b5f-8273-e229a6b5b5f1', '2423c1e7-1e59-4170-9432-8856b04c6624', 'f9d0b90d-631a-4f45-982c-d8223bd65c0d', NULL, NULL, NULL, NULL, 'ddbeb847-9738-424d-b5cd-817ea8c280f2', 5825, 0, 1336, 4489, 'Pcs', '9.50', '55337.50', NULL, NULL, '2021-03-29 09:19:53', '2021-03-29 09:19:53', 0, NULL),
('57feceed-f259-438a-80e6-82d889d56d13', '2021-02-27', 2021, 'ea05b523-f673-4b0a-af93-4696ef68589a', 'delivery_order', '500cf88a-f732-4c0b-b107-fe7653ab6b32', '20f0dc4e-ff66-4b45-8764-8a129a26f716', 'f9d0b90d-631a-4f45-982c-d8223bd65c0d', NULL, NULL, NULL, NULL, '964c865f-ebb6-48d2-95cb-6d460e30c297', 0, 500, 0, 0, 'Ctn', '421.81', '210905.00', '1000 CTN Mango 200ML ( Invoice GST Pending)\r\n125 Rate 180.', NULL, '2021-06-15 12:45:18', '2021-06-15 12:45:18', 0, NULL),
('59390f1e-5a9e-47e6-ac08-545fdf30c03e', '2021-05-24', 2105, 'ae3b0fe8-5f4c-4327-8624-748d572e9c27', 'grn_purchase', 'b3f620f1-d19f-4ee9-8b9d-3b8de6a4aa9e', '0322eb53-1083-445c-8ba5-55b8169e587e', 'f9d0b90d-631a-4f45-982c-d8223bd65c0d', NULL, NULL, NULL, NULL, '18ec96b0-93c3-4d4b-9a14-7d637d33636e', 0, 0, 0, 0, 'KG', '200.00', '0.00', NULL, NULL, '2021-05-24 04:53:09', '2021-05-24 04:53:09', 0, NULL),
('5a4437e1-98ff-4849-af01-cefd837a5bbe', '2021-02-28', 2102, 'ae3b0fe8-5f4c-4327-8624-748d572e9c27', 'grn_purchase', '3be57eab-e03b-4709-a3d7-fa0b51c75e19', '443feaa4-bd1b-4adc-9211-4fbc0ce6ee64', 'f9d0b90d-631a-4f45-982c-d8223bd65c0d', NULL, NULL, NULL, NULL, 'eea5716d-010e-4d9a-90b6-1a3503f1ce25', 0, 0, 0, 0, 'KG', '630.00', NULL, NULL, NULL, '2021-04-12 06:17:24', '2021-04-12 06:17:24', 0, NULL),
('5a512c96-3d5b-4632-9e04-7d4ee90a96c3', '2021-02-22', 2021, 'ea05b523-f673-4b0a-af93-4696ef68589a', 'do update', '89b1ba17-9426-476c-8441-1b6c17e123a0', '89b1ba17-9426-476c-8441-1b6c17e123a0', 'f9d0b90d-631a-4f45-982c-d8223bd65c0d', NULL, NULL, NULL, NULL, '71b6bcc8-0436-41e2-8ceb-ade9a3065845', 483, 0, 483, 0, 'Tray', '273.79', '132240.57', 'Stock adjustment while GIN edit', NULL, '2021-06-15 12:37:54', '2021-06-15 12:37:54', 0, NULL),
('5be8f3e7-cce1-4219-ad6e-44c90661b510', '2021-07-07', 2021, 'ea05b523-f673-4b0a-af93-4696ef68589a', 'Opening Balance', NULL, NULL, 'f9d0b90d-631a-4f45-982c-d8223bd65c0d', NULL, NULL, NULL, NULL, '316f24b0-ddda-4ccc-bab7-9e40f4ed1d86', NULL, 0, 0, NULL, NULL, NULL, '0.00', 'Opening Balance', NULL, '2021-07-08 05:30:29', '2021-07-08 05:30:29', 0, NULL),
('5c33d434-3b16-4bbd-bf08-a1dbb990a342', '2021-07-07', 2021, 'ea05b523-f673-4b0a-af93-4696ef68589a', 'Opening Balance', NULL, NULL, 'f9d0b90d-631a-4f45-982c-d8223bd65c0d', NULL, NULL, NULL, NULL, 'ce1dd112-3270-4861-acb6-70c4f02bb1f2', NULL, 0, 0, NULL, NULL, NULL, '0.00', 'Opening Balance', NULL, '2021-07-08 05:30:29', '2021-07-08 05:30:29', 0, NULL),
('5c45f8f4-9a98-48c1-9669-feeb04002cdb', '2021-02-21', 2021, 'ea05b523-f673-4b0a-af93-4696ef68589a', 'delivery_order', '4d3766a5-a893-42d4-9bc4-5155c097d5d2', '3683f1b2-7cb7-4c2c-8e9c-9d456bf48523', 'f9d0b90d-631a-4f45-982c-d8223bd65c0d', NULL, NULL, NULL, NULL, '2964bb13-9fa9-448f-8282-69dbf8bd2a20', 0, 500, 0, 0, 'Tray', '161.82', '80910.72', 'Done:Distributor Type Will Ce Change from Direct to Sole.', NULL, '2021-06-15 06:29:46', '2021-06-15 06:29:46', 0, NULL),
('5d54ccc2-248a-4be3-9031-02e2c47bc086', '2021-05-25', 2105, 'ae3b0fe8-5f4c-4327-8624-748d572e9c27', 'grn_purchase', '4d594a5c-4a91-496d-99ff-af9848b97cea', '54ca67d6-e720-4eb3-9bd1-0ea5105d5649', 'f9d0b90d-631a-4f45-982c-d8223bd65c0d', NULL, NULL, NULL, NULL, 'ce1dd112-3270-4861-acb6-70c4f02bb1f2', 0, 0, 0, 0, 'Pcs', '5.63', '0.00', 'AAA', NULL, '2021-05-25 15:18:04', '2021-05-25 15:18:04', 0, NULL),
('5dfd5e98-120e-4ee2-9c5a-13c417923709', '2021-07-07', 2021, 'ea05b523-f673-4b0a-af93-4696ef68589a', 'Opening Balance', NULL, NULL, 'f9d0b90d-631a-4f45-982c-d8223bd65c0d', NULL, NULL, NULL, NULL, '94feec8d-cdd7-4f0a-94ee-735836a021f0', NULL, 0, 0, NULL, NULL, NULL, '0.00', 'Opening Balance', NULL, '2021-07-08 05:30:29', '2021-07-08 05:30:29', 0, NULL),
('5e04fd3e-29ac-4e39-b665-e2eb7d887cda', '2021-08-06', 2021, 'ae3b0fe8-5f4c-4327-8624-748d572e9c27', 'grn_purchase', '4db373a2-70ce-4304-8f4c-a7c423042a4a', '0a3cc137-e8fb-470f-8d39-7b3af4b17ac8', 'f9d0b90d-631a-4f45-982c-d8223bd65c0d', NULL, NULL, NULL, NULL, 'dbc1529a-cfee-484d-b9c4-8cbb45d30ca3', 30, 0, 0, 30, 'Pcs', '88.87', '2666.00', 'Mubashir Ali', NULL, '2021-08-06 06:52:52', '2021-08-06 06:52:52', 12, NULL),
('5e1a85d5-400d-4a5e-b2d9-6efc3ef246f8', '2021-07-07', 2021, 'ea05b523-f673-4b0a-af93-4696ef68589a', 'Opening Balance', NULL, NULL, 'f9d0b90d-631a-4f45-982c-d8223bd65c0d', NULL, NULL, NULL, NULL, '9d59003f-8e13-4ed7-9220-191effc4dd41', NULL, 0, 0, NULL, NULL, NULL, '0.00', 'Opening Balance', NULL, '2021-07-08 05:30:29', '2021-07-08 05:30:29', 0, NULL),
('5f70577b-815f-4017-a94b-766eacd9b4a8', '2021-02-08', 2021, 'ae3b0fe8-5f4c-4327-8624-748d572e9c27', 'gin_wip update', 'a66cd017-0f72-4cf0-a283-4037841572b2', 'a66cd017-0f72-4cf0-a283-4037841572b2', 'f9d0b90d-631a-4f45-982c-d8223bd65c0d', 'Completed', NULL, NULL, NULL, 'a3157a27-0e5c-41c1-a5c8-61b78fcacf62', 23689, 0, 0, 23689, 'Pcs', '5.95', '140949.55', 'Stock adjustment while GIN edit', NULL, '2021-06-07 01:18:33', '2021-06-07 01:18:33', 0, NULL),
('606f72bf-254e-49b5-bb5e-c99665cd3dd5', '2021-02-25', 2102, 'ae3b0fe8-5f4c-4327-8624-748d572e9c27', 'grn_purchase', '7e7d13a2-c798-443b-861a-335f1fc5536a', 'd8d70057-16c2-48ab-a4e9-4467c80b5c35', 'f9d0b90d-631a-4f45-982c-d8223bd65c0d', NULL, NULL, NULL, NULL, 'c8d5d6f6-b614-4899-a78b-48fef22699e2', 71920, 0, 71920, 0, 'Pcs', '5.07', '364634.40', NULL, NULL, '2021-03-22 15:26:16', '2021-03-22 15:26:16', 0, NULL),
('60beee50-a454-4e64-9535-9549ade80067', '2021-03-13', 2103, 'ae3b0fe8-5f4c-4327-8624-748d572e9c27', 'grn_purchase', '79920932-e66a-4e09-9d52-09daa91265f6', '52979b7d-a548-4773-905e-4a5b50d3181c', 'f9d0b90d-631a-4f45-982c-d8223bd65c0d', NULL, NULL, NULL, NULL, 'dbc1529a-cfee-484d-b9c4-8cbb45d30ca3', 0, 0, 0, 0, 'Pcs', '3.67', '0.00', NULL, NULL, '2021-03-22 16:21:25', '2021-03-22 16:21:25', 0, NULL),
('62d5745b-8ae1-4710-a4d8-a5ce60fc1baa', '2021-02-22', 2021, 'ea05b523-f673-4b0a-af93-4696ef68589a', 'do update', '89b1ba17-9426-476c-8441-1b6c17e123a0', '89b1ba17-9426-476c-8441-1b6c17e123a0', 'f9d0b90d-631a-4f45-982c-d8223bd65c0d', NULL, NULL, NULL, NULL, '2964bb13-9fa9-448f-8282-69dbf8bd2a20', 500, 0, 500, 0, 'Tray', '162.00', '81000.00', 'Stock adjustment while GIN edit', NULL, '2021-06-15 12:37:54', '2021-06-15 12:37:54', 0, NULL),
('62f673a4-0bbb-4ac0-865b-e475f1e77151', '2021-05-25', 2105, 'ae3b0fe8-5f4c-4327-8624-748d572e9c27', 'grn_purchase', '4d594a5c-4a91-496d-99ff-af9848b97cea', '418f1e29-e954-49be-a57d-9e66ae870300', 'f9d0b90d-631a-4f45-982c-d8223bd65c0d', NULL, NULL, NULL, NULL, 'f918cfd1-43cc-46a0-9390-6119da495d02', 0, 0, 0, 0, 'Pcs', '3.67', '0.00', 'AAA', NULL, '2021-05-25 15:18:04', '2021-05-25 15:18:04', 0, NULL),
('635514c0-9ba7-4901-8367-b3ba2bdcf4e9', '2021-02-08', 2102, 'ae3b0fe8-5f4c-4327-8624-748d572e9c27', 'gin_wip', 'a66cd017-0f72-4cf0-a283-4037841572b2', 'ecd595c4-3fa0-46f1-8402-8c08c3f4ce94', 'f9d0b90d-631a-4f45-982c-d8223bd65c0d', 'Completed', NULL, NULL, NULL, 'cb5a1a7d-9dc6-49b7-9711-c007985762a5', 0, 5151, 0, 0, 'Pcs', '24.50', '754624.50', 'AAA', NULL, '2021-05-25 09:51:31', '2021-05-25 09:51:31', 0, NULL),
('6365fa5c-7427-4dbf-81b3-a9d4b6c477f1', '2021-02-19', 2021, 'ea05b523-f673-4b0a-af93-4696ef68589a', 'grn_wip', 'ce96a752-38ce-4eab-9750-a6c7f61bb5dd', NULL, 'f9d0b90d-631a-4f45-982c-d8223bd65c0d', 'Completed', NULL, NULL, NULL, '71b6bcc8-0436-41e2-8ceb-ade9a3065845', 513, 0, 513, 0, 'Tray', '273.79', '140454.23', NULL, NULL, '2021-06-13 08:09:22', '2021-06-13 08:09:22', 0, 'MR-200ML-21-00004'),
('637c87cb-6521-46a8-8dce-1bb379cd5232', '2021-03-25', 2103, 'ae3b0fe8-5f4c-4327-8624-748d572e9c27', 'grn_purchase', '689112f5-3915-4981-9e28-72b6be8a6121', '9a57503a-f9dd-48a1-b35e-d4c0bcdf8f9d', 'f9d0b90d-631a-4f45-982c-d8223bd65c0d', NULL, NULL, NULL, NULL, '1a94e739-6a47-4d58-bb4e-725c5375903c', 0, 0, 0, 0, 'Pcs', '9.00', '0.00', NULL, NULL, '2021-03-29 09:20:59', '2021-03-29 09:20:59', 0, NULL),
('6465da4a-fbf3-45c2-a297-b09e334195cf', '2021-07-07', 2021, 'ea05b523-f673-4b0a-af93-4696ef68589a', 'Opening Balance', NULL, NULL, 'f9d0b90d-631a-4f45-982c-d8223bd65c0d', NULL, NULL, NULL, NULL, '0807433d-e109-4fc1-9e23-0379c3584936', NULL, 0, 0, NULL, NULL, NULL, '0.00', 'Opening Balance', NULL, '2021-07-08 05:30:29', '2021-07-08 05:30:29', 0, NULL),
('64d59157-da69-45f2-9ac5-9594b3227522', '2021-02-22', 2021, 'ea05b523-f673-4b0a-af93-4696ef68589a', 'do update', '89b1ba17-9426-476c-8441-1b6c17e123a0', '89b1ba17-9426-476c-8441-1b6c17e123a0', 'f9d0b90d-631a-4f45-982c-d8223bd65c0d', NULL, NULL, NULL, NULL, '332a9e3d-a1fb-4250-ae29-a8cd1fd2cdc6', 5000, 0, 1792, 3208, 'Tray', '149.30', '746500.00', 'Stock adjustment while GIN edit', NULL, '2021-06-15 12:37:54', '2021-06-15 12:37:54', 0, NULL),
('64d7297e-a69d-4f12-9bbe-2f2d4fc42483', '2021-02-08', 2021, 'ae3b0fe8-5f4c-4327-8624-748d572e9c27', 'gin_wip update', 'a66cd017-0f72-4cf0-a283-4037841572b2', 'a66cd017-0f72-4cf0-a283-4037841572b2', 'f9d0b90d-631a-4f45-982c-d8223bd65c0d', 'Completed', NULL, NULL, NULL, 'a762acbf-7c99-4239-a236-2fb14836dc03', 55232, 0, 55232, 0, 'Pcs', '5.07', '280026.24', 'Stock adjustment while GIN edit', NULL, '2021-06-07 01:18:33', '2021-06-07 01:18:33', 0, NULL),
('65ffce84-f99d-4a03-b3fa-7d62492e3705', '2021-02-18', 2102, 'ae3b0fe8-5f4c-4327-8624-748d572e9c27', 'grn_purchase', '1cc3906c-01f3-43bf-9d05-96aeda2e1d70', '2975043e-2497-4d05-a5a1-e344d2d76367', 'f9d0b90d-631a-4f45-982c-d8223bd65c0d', NULL, NULL, NULL, NULL, 'aae77964-0163-4e37-b75e-1410512bc52b', 6, 0, 0, 6, 'KG', '1365.00', '8094.45', 'AAA', NULL, '2021-04-12 06:11:42', '2021-04-12 06:11:42', 0, NULL),
('66a98d63-06a5-4945-8c16-7ee0cb1162ab', '2021-07-07', 2021, 'ea05b523-f673-4b0a-af93-4696ef68589a', 'Opening Balance', NULL, NULL, 'f9d0b90d-631a-4f45-982c-d8223bd65c0d', NULL, NULL, NULL, NULL, 'eea5716d-010e-4d9a-90b6-1a3503f1ce25', NULL, 0, 0, NULL, NULL, '-1.00', '0.00', 'Opening Balance', NULL, '2021-07-08 05:30:29', '2021-07-08 05:30:29', 0, NULL),
('6798cc52-9360-49e9-a29b-35ad329cf54e', '2021-02-17', 2021, 'ae3b0fe8-5f4c-4327-8624-748d572e9c27', 'gin_wip', '662d96c8-9eef-482b-ae6d-763c3da1d842', '69970169-9c28-43bd-87a6-1cb7c212eef6', 'f9d0b90d-631a-4f45-982c-d8223bd65c0d', 'Completed', NULL, NULL, NULL, 'a762acbf-7c99-4239-a236-2fb14836dc03', 0, 226971, 0, 0, 'Pcs', '5.52', '1253114.95', 'MIR # 2021-0003', NULL, '2021-06-20 08:44:26', '2021-06-20 08:44:26', 0, NULL),
('69184318-23de-4fd9-bdcb-7b03c9c2d82d', '2021-02-08', 2021, 'ae3b0fe8-5f4c-4327-8624-748d572e9c27', 'gin_wip', 'a66cd017-0f72-4cf0-a283-4037841572b2', '6715a40d-546e-4bbd-beae-be3ca38f6b35', 'f9d0b90d-631a-4f45-982c-d8223bd65c0d', 'Completed', NULL, NULL, NULL, 'cb5a1a7d-9dc6-49b7-9711-c007985762a5', 0, 5151, 0, 0, 'Pcs', '24.50', '152185.50', NULL, NULL, '2021-06-07 00:45:52', '2021-06-07 00:45:52', 0, NULL),
('69e5ff95-20f3-4221-af55-2fb1ebb0ca58', '2021-02-08', 2102, 'ae3b0fe8-5f4c-4327-8624-748d572e9c27', 'gin_wip', 'a66cd017-0f72-4cf0-a283-4037841572b2', '27a46b16-2287-4271-8a10-cdd499b1e8ac', 'f9d0b90d-631a-4f45-982c-d8223bd65c0d', 'Completed', NULL, NULL, NULL, '1a94e739-6a47-4d58-bb4e-725c5375903c', 0, 6066, 0, 0, 'Pcs', '9.00', '54594.00', 'Gate Pass # 7498', NULL, '2021-05-25 09:53:15', '2021-05-25 09:53:15', 0, NULL),
('6a27e422-c0c0-4ff0-9f2d-be1c52a2f49a', '2021-02-28', 2102, 'ae3b0fe8-5f4c-4327-8624-748d572e9c27', 'grn_purchase', '3be57eab-e03b-4709-a3d7-fa0b51c75e19', '0709287b-7751-42a2-b345-5dc4a145c1a0', 'f9d0b90d-631a-4f45-982c-d8223bd65c0d', NULL, NULL, NULL, NULL, '75b3f18e-55a5-459d-b839-77d37d3145e1', 0, 0, 0, 0, 'KG', '200.00', NULL, NULL, NULL, '2021-04-12 06:17:24', '2021-04-12 06:17:24', 0, NULL),
('6a30d844-bd87-40a1-9b82-3b67cea3000a', '2021-07-07', 2021, 'ea05b523-f673-4b0a-af93-4696ef68589a', 'Opening Balance', NULL, NULL, 'f9d0b90d-631a-4f45-982c-d8223bd65c0d', NULL, NULL, NULL, NULL, 'ca5318cc-d430-4336-9271-496edbcec9c1', NULL, 0, 0, NULL, NULL, NULL, '0.00', 'Opening Balance', NULL, '2021-07-08 05:30:29', '2021-07-08 05:30:29', 0, NULL),
('6a922797-d4dd-4c6a-9116-5767d01ad7a5', '2021-02-08', 2021, 'ae3b0fe8-5f4c-4327-8624-748d572e9c27', 'gin_wip update', 'a66cd017-0f72-4cf0-a283-4037841572b2', 'a66cd017-0f72-4cf0-a283-4037841572b2', 'f9d0b90d-631a-4f45-982c-d8223bd65c0d', 'Completed', NULL, NULL, NULL, '8df7c58f-9091-4a4c-b9d0-1c65fb5992c7', 322440, 0, 304670, 17770, 'Pcs', '3.33', '1073725.20', 'Stock adjustment while GIN edit', NULL, '2021-06-07 00:45:52', '2021-06-07 00:45:52', 0, NULL),
('6af99842-018b-4458-8e4d-bbcc0a645076', '2021-02-22', 2021, 'ea05b523-f673-4b0a-af93-4696ef68589a', 'do update', '89b1ba17-9426-476c-8441-1b6c17e123a0', '89b1ba17-9426-476c-8441-1b6c17e123a0', 'f9d0b90d-631a-4f45-982c-d8223bd65c0d', NULL, NULL, NULL, NULL, '71b6bcc8-0436-41e2-8ceb-ade9a3065845', 483, 0, 483, 0, 'Tray', '273.79', '132240.57', 'Stock adjustment while GIN edit', NULL, '2021-06-15 12:44:59', '2021-06-15 12:44:59', 0, NULL),
('6b05c70f-302a-4a01-9657-ad91450af788', '2021-07-07', 2021, 'ea05b523-f673-4b0a-af93-4696ef68589a', 'Opening Balance', NULL, NULL, 'f9d0b90d-631a-4f45-982c-d8223bd65c0d', NULL, NULL, NULL, NULL, '23e365f2-6bdb-41ec-a24f-1f031bd26f8e', NULL, 0, 0, NULL, NULL, NULL, '0.00', 'Opening Balance', NULL, '2021-07-08 05:30:29', '2021-07-08 05:30:29', 0, NULL),
('6b188a7b-fa85-4b84-a45f-2406018713f4', '2021-07-07', 2021, 'ea05b523-f673-4b0a-af93-4696ef68589a', 'Opening Balance', NULL, NULL, 'f9d0b90d-631a-4f45-982c-d8223bd65c0d', NULL, NULL, NULL, NULL, 'd0b9f32a-483f-4a43-b15d-18d9681bf9c4', NULL, 0, 0, NULL, NULL, NULL, '0.00', 'Opening Balance', NULL, '2021-07-08 05:30:29', '2021-07-08 05:30:29', 0, NULL),
('6c34b94f-383f-4028-afb4-0f68db0d1ae7', '2021-02-08', 2021, 'ae3b0fe8-5f4c-4327-8624-748d572e9c27', 'gin_wip update', 'a66cd017-0f72-4cf0-a283-4037841572b2', 'a66cd017-0f72-4cf0-a283-4037841572b2', 'f9d0b90d-631a-4f45-982c-d8223bd65c0d', 'Completed', NULL, NULL, NULL, '8df7c58f-9091-4a4c-b9d0-1c65fb5992c7', 322440, 0, 0, 322440, 'Pcs', '3.33', '1073725.20', 'Stock adjustment while GIN edit', NULL, '2021-06-07 00:45:52', '2021-06-07 00:45:52', 0, NULL),
('6d1a2b64-c965-4065-ab41-2b577d0fb520', '2021-02-08', 2021, 'ae3b0fe8-5f4c-4327-8624-748d572e9c27', 'gin_wip update', 'a66cd017-0f72-4cf0-a283-4037841572b2', 'a66cd017-0f72-4cf0-a283-4037841572b2', 'f9d0b90d-631a-4f45-982c-d8223bd65c0d', 'Completed', NULL, NULL, NULL, 'f918cfd1-43cc-46a0-9390-6119da495d02', 246096, 0, 246096, 0, 'Pcs', '3.33', '819499.68', 'Stock adjustment while GIN edit', NULL, '2021-06-07 00:45:52', '2021-06-07 00:45:52', 0, NULL),
('6ecec2ca-3337-493a-b632-45b76ba039eb', '2021-02-08', 2021, 'ae3b0fe8-5f4c-4327-8624-748d572e9c27', 'gin_wip update', 'a66cd017-0f72-4cf0-a283-4037841572b2', 'a66cd017-0f72-4cf0-a283-4037841572b2', 'f9d0b90d-631a-4f45-982c-d8223bd65c0d', 'Completed', NULL, NULL, NULL, 'a762acbf-7c99-4239-a236-2fb14836dc03', 55232, 0, 55232, 0, 'Pcs', '5.07', '280026.24', 'Stock adjustment while GIN edit', NULL, '2021-06-07 00:45:52', '2021-06-07 00:45:52', 0, NULL),
('7003b4af-93e0-431d-a3e9-cb8b39545d1e', '2021-08-06', 2021, 'ae3b0fe8-5f4c-4327-8624-748d572e9c27', 'grn_purchase', '8033b120-f714-4879-a3fe-2cb6a52397e3', '9ecbf419-d715-4710-a8ff-8ad6ce9e14ff', 'f9d0b90d-631a-4f45-982c-d8223bd65c0d', NULL, NULL, NULL, NULL, 'a3157a27-0e5c-41c1-a5c8-61b78fcacf62', 25, 0, 0, 25, 'Pcs', '72.50', '1812.50', 'checked', NULL, '2021-08-06 05:09:43', '2021-08-06 05:09:43', 7, NULL),
('706f08a2-b3df-499c-bac7-1cb920300e8a', '2021-07-07', 2021, 'ea05b523-f673-4b0a-af93-4696ef68589a', 'Opening Balance', NULL, NULL, 'f9d0b90d-631a-4f45-982c-d8223bd65c0d', NULL, NULL, NULL, NULL, '55553c22-8dc7-4a0f-b621-579738805d59', NULL, 0, 0, NULL, NULL, NULL, '0.00', 'Opening Balance', NULL, '2021-07-08 05:30:29', '2021-07-08 05:30:29', 0, NULL),
('70d9ac76-5f5e-46c0-87f8-2b3c2b52dc3b', '2021-02-08', 2021, 'ae3b0fe8-5f4c-4327-8624-748d572e9c27', 'gin_wip', 'a66cd017-0f72-4cf0-a283-4037841572b2', 'ca72b811-cd71-44d4-98ca-fa01294f00fc', 'f9d0b90d-631a-4f45-982c-d8223bd65c0d', 'Completed', NULL, NULL, NULL, 'a3157a27-0e5c-41c1-a5c8-61b78fcacf62', 0, 23689, 0, 0, 'Pcs', '5.95', '140949.55', NULL, NULL, '2021-06-07 01:18:33', '2021-06-07 01:18:33', 0, NULL),
('716b412b-cbc3-4467-bddf-f37591e5d0d5', '2021-02-08', 2102, 'ae3b0fe8-5f4c-4327-8624-748d572e9c27', 'gin_wip', 'a66cd017-0f72-4cf0-a283-4037841572b2', '71cd1a75-22e9-437c-ab2e-1bb92529328a', 'f9d0b90d-631a-4f45-982c-d8223bd65c0d', 'Completed', NULL, NULL, NULL, 'daa2dddb-b342-4ab0-b8dd-a952d7bd52be', 0, 12309, 0, 0, 'Pcs', '4.83', '59452.47', 'Gate Pass # 7498', NULL, '2021-05-25 09:53:15', '2021-05-25 09:53:15', 0, NULL),
('72114919-f474-47e1-a0f2-921db064af9f', '2021-07-07', 2021, 'ea05b523-f673-4b0a-af93-4696ef68589a', 'Opening Balance', NULL, NULL, 'f9d0b90d-631a-4f45-982c-d8223bd65c0d', NULL, NULL, NULL, NULL, '332a9e3d-a1fb-4250-ae29-a8cd1fd2cdc6', NULL, 0, 0, NULL, NULL, NULL, '0.00', 'Opening Balance', NULL, '2021-07-08 05:30:29', '2021-07-08 05:30:29', 0, NULL),
('721d6bf0-38a4-4b56-a0fc-b761f8575fb0', '2021-07-07', 2021, 'ea05b523-f673-4b0a-af93-4696ef68589a', 'Opening Balance', NULL, NULL, 'f9d0b90d-631a-4f45-982c-d8223bd65c0d', NULL, NULL, NULL, NULL, '001411ef-4f1a-4f7c-b1f4-26735f35503b', NULL, 0, 0, NULL, NULL, NULL, '0.00', 'Opening Balance', NULL, '2021-07-08 05:30:29', '2021-07-08 05:30:29', 0, NULL),
('73785b6c-10bb-41a0-87c7-2b4f604ef55a', '2021-02-22', 2021, 'ea05b523-f673-4b0a-af93-4696ef68589a', 'delivery_order', '89b1ba17-9426-476c-8441-1b6c17e123a0', '9d0c8423-5f14-4bca-bc6f-e2aefc0cce91', 'f9d0b90d-631a-4f45-982c-d8223bd65c0d', NULL, NULL, NULL, NULL, '71b6bcc8-0436-41e2-8ceb-ade9a3065845', 0, 483, 0, 0, 'Tray', '273.79', '132240.57', '1000-483 Invoice Issue Remaining balance 517 GST Invoice Pending ( MR-200ML Mango)', NULL, '2021-06-15 12:44:59', '2021-06-15 12:44:59', 0, NULL),
('74c8fe2a-e703-4291-9180-b992736a3ecd', '2021-05-24', 2105, 'ae3b0fe8-5f4c-4327-8624-748d572e9c27', 'grn_purchase', 'b3f620f1-d19f-4ee9-8b9d-3b8de6a4aa9e', 'd7a557b6-ca47-4d66-ba43-035647459de9', 'f9d0b90d-631a-4f45-982c-d8223bd65c0d', NULL, NULL, NULL, NULL, 'eea5716d-010e-4d9a-90b6-1a3503f1ce25', 0, 0, 0, 0, 'KG', '630.00', '0.00', NULL, NULL, '2021-05-24 04:53:09', '2021-05-24 04:53:09', 0, NULL),
('756e77a2-1478-4dca-8baf-d57aa1f6a374', '2021-06-29', 2021, 'ea05b523-f673-4b0a-af93-4696ef68589a', 'delivery_order', '3fa39f52-b7c3-4dd8-9364-6ea21175559e', '7b1f89ac-2cff-4b74-968a-6f4cb4f58ae5', 'f9d0b90d-631a-4f45-982c-d8223bd65c0d', NULL, NULL, NULL, NULL, '332a9e3d-a1fb-4250-ae29-a8cd1fd2cdc6', 0, 20, 0, 0, 'Tray', '149.30', '2986.00', 'sale order,approvel', NULL, '2021-06-29 03:51:36', '2021-06-29 03:51:36', 0, NULL),
('7680d58e-b6a2-4831-beea-100e4119c061', '2021-07-07', 2021, 'ea05b523-f673-4b0a-af93-4696ef68589a', 'Opening Balance', NULL, NULL, 'f9d0b90d-631a-4f45-982c-d8223bd65c0d', NULL, NULL, NULL, NULL, 'ff37340f-a17f-4c24-9ccd-9d26c11f0232', NULL, 0, 0, NULL, NULL, NULL, '0.00', 'Opening Balance', NULL, '2021-07-08 05:30:29', '2021-07-08 05:30:29', 0, NULL),
('76920e8b-a1a4-454e-a4e6-89233d03ffb8', '2021-02-27', 2102, 'ae3b0fe8-5f4c-4327-8624-748d572e9c27', 'grn_purchase', 'c4dbdf63-298b-43bd-bbd1-b4b6ce8deb1a', 'b0c3a4d5-4174-4dab-b003-cde6c917335d', 'f9d0b90d-631a-4f45-982c-d8223bd65c0d', NULL, NULL, NULL, NULL, 'a3157a27-0e5c-41c1-a5c8-61b78fcacf62', 13875, 0, 13875, 0, 'Pcs', '5.95', '82556.25', NULL, NULL, '2021-03-22 16:28:28', '2021-03-22 16:28:28', 0, NULL),
('778bf9c2-00cc-47c2-aa5d-ce53ba0c78e6', '2021-02-08', 2021, 'ae3b0fe8-5f4c-4327-8624-748d572e9c27', 'gin_wip update', 'a66cd017-0f72-4cf0-a283-4037841572b2', 'a66cd017-0f72-4cf0-a283-4037841572b2', 'f9d0b90d-631a-4f45-982c-d8223bd65c0d', 'Completed', NULL, NULL, NULL, 'c8d5d6f6-b614-4899-a78b-48fef22699e2', 43884, 0, 43884, 0, 'Pcs', '5.07', '222491.88', 'Stock adjustment while GIN edit', NULL, '2021-06-07 00:45:52', '2021-06-07 00:45:52', 0, NULL),
('783e738f-07f3-4e70-9416-c64d40f2be43', '2021-02-21', 2021, 'ea05b523-f673-4b0a-af93-4696ef68589a', 'delivery_order', '4d3766a5-a893-42d4-9bc4-5155c097d5d2', '69a3c93e-7b01-454d-a7e9-749543df6a74', 'f9d0b90d-631a-4f45-982c-d8223bd65c0d', NULL, NULL, NULL, NULL, '332a9e3d-a1fb-4250-ae29-a8cd1fd2cdc6', 0, 1000, 0, 0, 'Tray', '149.32', '149315.68', 'Done:Distributor Type Will Ce Change from Direct to Sole.', NULL, '2021-06-15 06:29:46', '2021-06-15 06:29:46', 0, NULL),
('78a8a28f-3b2c-48c6-a3e5-49f324539c92', '2021-02-08', 2102, 'ae3b0fe8-5f4c-4327-8624-748d572e9c27', 'gin_wip', 'a66cd017-0f72-4cf0-a283-4037841572b2', 'ea785288-0e67-4499-8bcf-32a2c2a77fb1', 'f9d0b90d-631a-4f45-982c-d8223bd65c0d', 'Completed', NULL, NULL, NULL, 'c8d5d6f6-b614-4899-a78b-48fef22699e2', 0, 43884, 0, 0, 'Pcs', '5.07', '222491.88', 'Gate Pass # 7498', NULL, '2021-05-25 09:53:15', '2021-05-25 09:53:15', 0, NULL),
('7b4f3ee6-cc93-4768-85a3-8c8dfedaa6c2', '2021-02-28', 2102, 'ae3b0fe8-5f4c-4327-8624-748d572e9c27', 'grn_purchase', '3be57eab-e03b-4709-a3d7-fa0b51c75e19', 'ac3deaf8-167a-439e-a9a4-3f6e71a807c8', 'f9d0b90d-631a-4f45-982c-d8223bd65c0d', NULL, NULL, NULL, NULL, '6b0ddec9-6fa7-43cb-9112-7a1e4f622fe9', 5, 0, 0, 5, 'KG', '1500.00', NULL, NULL, NULL, '2021-04-12 06:17:24', '2021-04-12 06:17:24', 0, NULL),
('7b6b5d6e-ea6e-4ed3-ac4d-39df6b8b5a34', '2021-07-05', 2021, 'ae3b0fe8-5f4c-4327-8624-748d572e9c27', 'counter_sale', 'c405eaf2-d158-4314-8f51-d4918a937655', '6e128140-0309-4560-9bb1-723dbca0f38a', 'f9d0b90d-631a-4f45-982c-d8223bd65c0d', NULL, NULL, NULL, NULL, '332a9e3d-a1fb-4250-ae29-a8cd1fd2cdc6', 0, 50, 0, 0, 'TRAY', '161.08', '8054.00', NULL, NULL, '2021-07-05 09:58:42', '2021-07-05 09:58:42', 0, NULL),
('7bafcf06-8ed0-47fc-b745-840da2d660f4', '2021-07-07', 2021, 'ea05b523-f673-4b0a-af93-4696ef68589a', 'Opening Balance', NULL, NULL, 'f9d0b90d-631a-4f45-982c-d8223bd65c0d', NULL, NULL, NULL, NULL, 'f598a2d8-bf18-420d-9b40-80f60d090c8d', 10, 0, 0, 10, NULL, '350.00', '3500.00', 'Opening Balance', NULL, '2021-07-08 05:30:29', '2021-07-08 05:30:29', 0, NULL),
('7bc07a21-4e31-4209-95a3-67409276fcc5', '2021-02-08', 2102, 'ae3b0fe8-5f4c-4327-8624-748d572e9c27', 'gin_wip', 'a66cd017-0f72-4cf0-a283-4037841572b2', '375a8305-d10e-49ea-883a-bea17aa582a9', 'f9d0b90d-631a-4f45-982c-d8223bd65c0d', 'Completed', NULL, NULL, NULL, 'cb5a1a7d-9dc6-49b7-9711-c007985762a5', 0, 5151, 0, 0, 'Pcs', '24.50', '126199.50', 'Gate Pass # 7498', NULL, '2021-05-25 09:53:15', '2021-05-25 09:53:15', 0, NULL),
('7c41980c-9602-47ff-9d87-20242a0acf52', '2021-02-08', 2102, 'ae3b0fe8-5f4c-4327-8624-748d572e9c27', 'gin_wip', 'a66cd017-0f72-4cf0-a283-4037841572b2', 'fab1697e-ef19-48da-bf9c-e2a7c3e32b05', 'f9d0b90d-631a-4f45-982c-d8223bd65c0d', 'Completed', NULL, NULL, NULL, 'c8d5d6f6-b614-4899-a78b-48fef22699e2', 0, 43884, 0, 0, 'Pcs', '5.07', '222491.88', 'AAA', NULL, '2021-05-25 09:51:31', '2021-05-25 09:51:31', 0, NULL),
('7c559e18-8551-4ce1-82c8-4a250d4c7542', '2021-02-22', 2021, 'ea05b523-f673-4b0a-af93-4696ef68589a', 'delivery_order', '89b1ba17-9426-476c-8441-1b6c17e123a0', 'a001b6ea-6933-43cc-bcf2-0eaf60204ae8', 'f9d0b90d-631a-4f45-982c-d8223bd65c0d', NULL, NULL, NULL, NULL, '2964bb13-9fa9-448f-8282-69dbf8bd2a20', 0, 500, 0, 0, 'Tray', '162.00', '81000.00', '1000-483 Invoice Issue Remaining balance 517 GST Invoice Pending ( MR-200ML Mango)', NULL, '2021-06-15 12:44:59', '2021-06-15 12:44:59', 0, NULL),
('7c88b866-a032-4252-b976-8e8cef671211', '2021-02-28', 2102, 'ae3b0fe8-5f4c-4327-8624-748d572e9c27', 'grn_purchase', '3be57eab-e03b-4709-a3d7-fa0b51c75e19', 'a4fb7bf7-117f-4598-8819-ef37146e24db', 'f9d0b90d-631a-4f45-982c-d8223bd65c0d', NULL, NULL, NULL, NULL, 'e36069a5-b88c-44f9-9856-f465e104a25d', 0, 0, 0, 0, 'KG', '982.00', NULL, NULL, NULL, '2021-04-12 06:17:24', '2021-04-12 06:17:24', 0, NULL),
('7c8ec8e6-0000-4b69-aad1-7f2b01bdbc46', '2021-02-08', 2021, 'ae3b0fe8-5f4c-4327-8624-748d572e9c27', 'gin_wip update', 'a66cd017-0f72-4cf0-a283-4037841572b2', 'a66cd017-0f72-4cf0-a283-4037841572b2', 'f9d0b90d-631a-4f45-982c-d8223bd65c0d', 'Completed', NULL, NULL, NULL, '8df7c58f-9091-4a4c-b9d0-1c65fb5992c7', 322440, 0, 0, 322440, 'Pcs', '3.33', '1073725.20', 'Stock adjustment while GIN edit', NULL, '2021-06-07 01:18:33', '2021-06-07 01:18:33', 0, NULL),
('7d2d4a5d-4409-4e8b-baac-e8eb902ed49b', '2021-02-28', 2102, 'ae3b0fe8-5f4c-4327-8624-748d572e9c27', 'grn_purchase', '3be57eab-e03b-4709-a3d7-fa0b51c75e19', '93a938f5-f325-4ea6-931a-064bff06f136', 'f9d0b90d-631a-4f45-982c-d8223bd65c0d', NULL, NULL, NULL, NULL, 'd58748ab-557f-473b-8208-4eb55be72890', 33, 0, 0, 33, 'KG', '1630.00', '53985.60', NULL, NULL, '2021-04-12 06:17:24', '2021-04-12 06:17:24', 0, NULL),
('7da636e0-ba5d-4a64-b638-4487eba6b351', '2021-03-28', 2021, 'ae3b0fe8-5f4c-4327-8624-748d572e9c27', 'grn_wip', '935505c7-4577-4e19-8eed-f8a754890203', NULL, 'f9d0b90d-631a-4f45-982c-d8223bd65c0d', 'Completed', NULL, NULL, NULL, '332a9e3d-a1fb-4250-ae29-a8cd1fd2cdc6', 1260, 0, 250, 1010, 'Tray', '161.08', '202966.21', NULL, NULL, '2021-06-20 11:45:49', '2021-06-20 11:45:49', 0, 'CS-125ML-21-00012'),
('7df9b5fb-1b72-43d8-b5cf-ed59157c05c0', '2021-02-08', 2021, 'ae3b0fe8-5f4c-4327-8624-748d572e9c27', 'gin_wip', 'a66cd017-0f72-4cf0-a283-4037841572b2', 'a120e654-ea20-448f-a40b-acfa2b7a6bf8', 'f9d0b90d-631a-4f45-982c-d8223bd65c0d', 'Completed', NULL, NULL, NULL, '1a94e739-6a47-4d58-bb4e-725c5375903c', 0, 6066, 0, 0, 'Pcs', '9.00', '54594.00', NULL, NULL, '2021-06-07 01:18:33', '2021-06-07 01:18:33', 0, NULL),
('7e2c9c5e-9f68-4af4-84c9-fb48d3077eae', '2021-02-11', 2102, 'ea05b523-f673-4b0a-af93-4696ef68589a', 'grn_wip', 'dabc1a8d-47e5-4627-89c9-4a6b4ceca35c', NULL, 'f9d0b90d-631a-4f45-982c-d8223bd65c0d', 'Completed', NULL, NULL, NULL, '2964bb13-9fa9-448f-8282-69dbf8bd2a20', 6303, 0, 6303, 0, NULL, '158.28', '997665.50', NULL, NULL, '2021-05-27 15:21:28', '2021-05-27 15:21:28', 0, 'CS-125ML-21-00002'),
('7e46e6ba-ab07-4e80-9ca9-a84509605547', '2021-02-08', 2102, 'ae3b0fe8-5f4c-4327-8624-748d572e9c27', 'gin_wip update', 'a66cd017-0f72-4cf0-a283-4037841572b2', 'a66cd017-0f72-4cf0-a283-4037841572b2', 'f9d0b90d-631a-4f45-982c-d8223bd65c0d', 'Completed', NULL, NULL, NULL, 'c8d5d6f6-b614-4899-a78b-48fef22699e2', 43884, 0, 43884, 0, 'Pcs', '5.07', '222491.88', 'Stock adjustment while GIN edit', NULL, '2021-05-25 09:53:15', '2021-05-25 09:53:15', 0, NULL),
('7ebc2007-6ad4-4983-8d22-91e177570aa8', '2021-07-07', 2021, 'ea05b523-f673-4b0a-af93-4696ef68589a', 'Opening Balance', NULL, NULL, 'f9d0b90d-631a-4f45-982c-d8223bd65c0d', NULL, NULL, NULL, NULL, 'bd3d9548-3ec0-473b-a41a-3a501f02bf6a', NULL, 0, 0, NULL, NULL, NULL, '0.00', 'Opening Balance', NULL, '2021-07-08 05:30:29', '2021-07-08 05:30:29', 0, NULL),
('7fb0c654-ea96-498e-bc2e-6c45e11f7d0d', '2021-02-27', 2102, 'ae3b0fe8-5f4c-4327-8624-748d572e9c27', 'grn_purchase', 'c4dbdf63-298b-43bd-bbd1-b4b6ce8deb1a', '2cb739f6-943c-4399-9d37-94141d885b4a', 'f9d0b90d-631a-4f45-982c-d8223bd65c0d', NULL, NULL, NULL, NULL, '1a94e739-6a47-4d58-bb4e-725c5375903c', 0, 0, 0, 0, 'Pcs', '7.70', '0.00', NULL, NULL, '2021-03-22 16:28:28', '2021-03-22 16:28:28', 0, NULL),
('803046d5-9192-4775-ade6-e0828a1661be', '2021-02-22', 2021, 'ea05b523-f673-4b0a-af93-4696ef68589a', 'do update', '89b1ba17-9426-476c-8441-1b6c17e123a0', '89b1ba17-9426-476c-8441-1b6c17e123a0', 'f9d0b90d-631a-4f45-982c-d8223bd65c0d', NULL, NULL, NULL, NULL, '71b6bcc8-0436-41e2-8ceb-ade9a3065845', 0, 0, 0, 0, 'Tray', '273.79', '132240.57', 'Stock adjustment while GIN edit', NULL, '2021-06-15 12:44:59', '2021-06-15 12:44:59', 0, NULL),
('81e3200b-278e-4f0c-8f05-0fdff738cac2', '2021-02-14', 2021, 'ea05b523-f673-4b0a-af93-4696ef68589a', 'do update', 'f16c6344-567f-40e8-be3a-7f5a43d51976', 'f16c6344-567f-40e8-be3a-7f5a43d51976', 'f9d0b90d-631a-4f45-982c-d8223bd65c0d', NULL, NULL, NULL, NULL, '332a9e3d-a1fb-4250-ae29-a8cd1fd2cdc6', 0, 0, 0, 0, 'Tray', '164.98', '590793.38', 'Stock adjustment while GIN edit', NULL, '2021-06-15 12:36:13', '2021-06-15 12:36:13', 0, NULL),
('832024f6-7eaf-419b-9877-7c2ba1d200e1', '2021-05-24', 2105, 'ae3b0fe8-5f4c-4327-8624-748d572e9c27', 'grn_purchase', 'b3f620f1-d19f-4ee9-8b9d-3b8de6a4aa9e', '9552d022-ac78-49ed-ba91-8ce8a45e89c3', 'f9d0b90d-631a-4f45-982c-d8223bd65c0d', NULL, NULL, NULL, NULL, '94feec8d-cdd7-4f0a-94ee-735836a021f0', 0, 0, 0, 0, 'KG', '295.00', '0.00', NULL, NULL, '2021-05-24 04:53:09', '2021-05-24 04:53:09', 0, NULL),
('83802794-0580-454c-b6f7-f2dfefee20e1', '2021-02-19', 2021, 'ae3b0fe8-5f4c-4327-8624-748d572e9c27', 'gin_wip', 'c74a9b95-c6f7-4906-b87c-f31ce3499d9b', '12addc8c-f37c-4a05-9b62-90370186a143', 'f9d0b90d-631a-4f45-982c-d8223bd65c0d', 'Completed', NULL, NULL, NULL, 'cb5a1a7d-9dc6-49b7-9711-c007985762a5', 0, 2398, 0, 0, 'Pcs', '24.50', '58751.00', 'FC', NULL, '2021-06-15 11:35:49', '2021-06-15 11:35:49', 0, NULL),
('84353725-62f4-41d8-beb6-3af80533b870', '2021-05-24', 2105, 'ae3b0fe8-5f4c-4327-8624-748d572e9c27', 'grn_purchase', 'b3f620f1-d19f-4ee9-8b9d-3b8de6a4aa9e', '350b1d9a-d284-47b4-8d37-6d896672c98d', 'f9d0b90d-631a-4f45-982c-d8223bd65c0d', NULL, NULL, NULL, NULL, 'e36069a5-b88c-44f9-9856-f465e104a25d', 0, 0, 0, 0, 'KG', '982.00', '0.00', NULL, NULL, '2021-05-24 04:53:09', '2021-05-24 04:53:09', 0, NULL),
('84d1f857-4883-46d0-bb17-1d312088abe0', '2021-02-14', 2021, 'ea05b523-f673-4b0a-af93-4696ef68589a', 'delivery_order', '09036e8a-6c2a-43a1-a92f-4f3fc43a68fe', 'd79727e3-63d8-4973-8880-607ab6dfcd55', 'f9d0b90d-631a-4f45-982c-d8223bd65c0d', NULL, NULL, NULL, NULL, '2964bb13-9fa9-448f-8282-69dbf8bd2a20', 0, 3500, 0, 0, 'Tray', '158.28', '553980.00', 'Dispatch at Larkana & Gaaji Khawar.', NULL, '2021-06-15 06:20:23', '2021-06-15 06:20:23', 0, NULL),
('85350e54-af94-43c0-912d-32d6ca6f85c8', '2021-03-29', 2103, 'ae3b0fe8-5f4c-4327-8624-748d572e9c27', 'grn_purchase', '456a31a2-7b64-456b-aafd-52e249fcb45c', '6452cd44-2d61-4fcb-8499-691f3df9cbc7', 'f9d0b90d-631a-4f45-982c-d8223bd65c0d', NULL, NULL, NULL, NULL, 'a7546905-c250-4ac3-ac07-8d940e811433', 0, 0, 0, 0, 'Pcs', '5.63', '0.00', 'AAA', NULL, '2021-03-31 16:10:27', '2021-03-31 16:10:27', 0, NULL),
('85ffb5a5-178d-420e-888c-475ade49553c', '2021-08-06', 2021, 'ea05b523-f673-4b0a-af93-4696ef68589a', 'grn_purchase', 'aaab20a0-ee97-414f-b3be-b1d1ac50bbcd', '075e2903-4682-4cf2-b640-b9e80336770a', 'f9d0b90d-631a-4f45-982c-d8223bd65c0d', NULL, NULL, NULL, NULL, 'cb5a1a7d-9dc6-49b7-9711-c007985762a5', 13, 0, 0, 13, 'Pcs', '100.00', '1300.00', NULL, NULL, '2021-08-06 06:29:07', '2021-08-06 06:29:07', 11, NULL),
('86b5db88-56b8-4b27-b2bd-0f43d0ec1779', '2021-02-08', 2021, 'ae3b0fe8-5f4c-4327-8624-748d572e9c27', 'gin_wip', 'a66cd017-0f72-4cf0-a283-4037841572b2', '053248f9-5bfd-45ce-82e7-504fb493d770', 'f9d0b90d-631a-4f45-982c-d8223bd65c0d', 'Completed', NULL, NULL, NULL, 'a762acbf-7c99-4239-a236-2fb14836dc03', 0, 55232, 0, 0, 'Pcs', '5.07', '280026.24', NULL, NULL, '2021-06-07 01:18:33', '2021-06-07 01:18:33', 0, NULL),
('86b5e5e0-eb6f-48d4-8f35-02792d79e9b1', '2021-02-27', 2021, 'ea05b523-f673-4b0a-af93-4696ef68589a', 'delivery_order', '9fa9b5ae-f31e-4447-bc93-cca4e12f589b', 'd5a52176-859d-446b-96c3-d622689d23f2', 'f9d0b90d-631a-4f45-982c-d8223bd65c0d', NULL, NULL, NULL, NULL, '964c865f-ebb6-48d2-95cb-6d460e30c297', 0, 500, 0, 0, 'Ctn', '421.81', '210905.00', 'Mango 200ML 1000 CTN are Pending Invoice of GST\r\nRate 125ml = 180.', NULL, '2021-06-15 12:26:31', '2021-06-15 12:26:31', 0, NULL);
INSERT INTO `inv_inventories` (`id`, `date`, `month`, `warehouse_id`, `source`, `source_id`, `source_detail_id`, `company_id`, `status`, `approvel`, `batch`, `project_id`, `prod_id`, `qty_in`, `qty_out`, `qty_issue`, `balance`, `unit`, `rate`, `amount`, `description`, `updated_by`, `created_at`, `updated_at`, `number`, `batch_no`) VALUES
('878d0d94-337f-4a0f-9018-d489cf22f575', '2021-02-14', 2021, 'ea05b523-f673-4b0a-af93-4696ef68589a', 'do update', 'f16c6344-567f-40e8-be3a-7f5a43d51976', 'f16c6344-567f-40e8-be3a-7f5a43d51976', 'f9d0b90d-631a-4f45-982c-d8223bd65c0d', NULL, NULL, NULL, NULL, '332a9e3d-a1fb-4250-ae29-a8cd1fd2cdc6', 3581, 0, 3581, 0, 'Tray', '164.98', '590793.38', 'Stock adjustment while GIN edit', NULL, '2021-06-15 11:29:33', '2021-06-15 11:29:33', 0, NULL),
('8898631c-a2c4-43b7-a497-0a03fe9219eb', '2021-03-22', 2103, 'ae3b0fe8-5f4c-4327-8624-748d572e9c27', 'grn_purchase', '032a2363-e637-4431-ba4a-e505afecbc0d', 'cb51dbdb-e8df-411e-860e-4b27c407dd5c', 'f9d0b90d-631a-4f45-982c-d8223bd65c0d', NULL, NULL, NULL, NULL, 'daa2dddb-b342-4ab0-b8dd-a952d7bd52be', 133275, 0, 121686, 11589, 'Pcs', '4.83', '643718.25', NULL, NULL, '2021-03-22 15:23:58', '2021-03-22 15:23:58', 0, NULL),
('88b7d108-cc38-452a-a8ed-313d137bbd6a', '2021-02-08', 2021, 'ae3b0fe8-5f4c-4327-8624-748d572e9c27', 'gin_wip update', 'a66cd017-0f72-4cf0-a283-4037841572b2', 'a66cd017-0f72-4cf0-a283-4037841572b2', 'f9d0b90d-631a-4f45-982c-d8223bd65c0d', 'Completed', NULL, NULL, NULL, '1a94e739-6a47-4d58-bb4e-725c5375903c', 6066, 0, 6066, 0, 'Pcs', '9.00', '54594.00', 'Stock adjustment while GIN edit', NULL, '2021-06-07 01:18:33', '2021-06-07 01:18:33', 0, NULL),
('8ab49d2b-7c18-4ee1-a44c-d45e0f3de934', '2021-07-07', 2021, 'ea05b523-f673-4b0a-af93-4696ef68589a', 'Opening Balance', NULL, NULL, 'f9d0b90d-631a-4f45-982c-d8223bd65c0d', NULL, NULL, NULL, NULL, '8df7c58f-9091-4a4c-b9d0-1c65fb5992c7', NULL, 0, 0, NULL, NULL, NULL, '0.00', 'Opening Balance', NULL, '2021-07-08 05:30:29', '2021-07-08 05:30:29', 0, NULL),
('8d012468-4661-49bd-832e-fa8f5c18e01d', '2021-02-27', 2021, 'ea05b523-f673-4b0a-af93-4696ef68589a', 'delivery_order', '500cf88a-f732-4c0b-b107-fe7653ab6b32', 'c3a0e6e2-8abf-4688-94e7-9087b01c3bb6', 'f9d0b90d-631a-4f45-982c-d8223bd65c0d', NULL, NULL, NULL, NULL, '964c865f-ebb6-48d2-95cb-6d460e30c297', 0, 500, 0, 0, 'Ctn', '421.81', '210905.00', '1000 CTN Mango 200ML ( Invoice GST Pending)\r\n125 Rate 180.', NULL, '2021-06-15 06:30:41', '2021-06-15 06:30:41', 0, NULL),
('8d0b9218-a00b-4c94-a7e3-83197800a5a5', '2021-07-07', 2021, 'ea05b523-f673-4b0a-af93-4696ef68589a', 'Opening Balance', NULL, NULL, 'f9d0b90d-631a-4f45-982c-d8223bd65c0d', NULL, NULL, NULL, NULL, '71b6bcc8-0436-41e2-8ceb-ade9a3065845', NULL, 0, 0, NULL, NULL, NULL, '0.00', 'Opening Balance', NULL, '2021-07-08 05:30:29', '2021-07-08 05:30:29', 0, NULL),
('8d745d2e-042e-4793-b794-be0d60ce79d5', '2021-03-13', 2103, 'ae3b0fe8-5f4c-4327-8624-748d572e9c27', 'grn_purchase', '79920932-e66a-4e09-9d52-09daa91265f6', '8a7f3ce9-4338-4fa7-b923-3c519fb674da', 'f9d0b90d-631a-4f45-982c-d8223bd65c0d', NULL, NULL, NULL, NULL, 'a762acbf-7c99-4239-a236-2fb14836dc03', 106800, 0, 106800, 0, 'Pcs', '5.74', '613032.00', NULL, NULL, '2021-03-22 16:21:25', '2021-03-22 16:21:25', 0, NULL),
('8fa57250-d095-4d86-bc4b-6040e4fd02be', '2021-07-05', 2021, 'ae3b0fe8-5f4c-4327-8624-748d572e9c27', 'counter_sale', '14caa986-afa6-4e80-9f3e-5979a778e2df', '3a42413d-9305-4d83-b8c3-5c125561f7e0', 'f9d0b90d-631a-4f45-982c-d8223bd65c0d', NULL, NULL, NULL, NULL, '332a9e3d-a1fb-4250-ae29-a8cd1fd2cdc6', 0, 50, 0, 0, 'TRAY', '161.08', '8054.00', NULL, NULL, '2021-07-05 09:56:46', '2021-07-05 09:56:46', 0, NULL),
('900c45b7-022f-4e2b-b815-c807b091e080', '2021-03-22', 2103, 'ae3b0fe8-5f4c-4327-8624-748d572e9c27', 'grn_purchase', '032a2363-e637-4431-ba4a-e505afecbc0d', '0e1039c0-0ade-4898-87c8-dade4d1cd341', 'f9d0b90d-631a-4f45-982c-d8223bd65c0d', NULL, NULL, NULL, NULL, 'a762acbf-7c99-4239-a236-2fb14836dc03', 0, 0, 0, 0, 'Pcs', '5.07', '0.00', NULL, NULL, '2021-03-22 15:23:58', '2021-03-22 15:23:58', 0, NULL),
('90f1d339-67d0-4778-8c73-1d5cc900fe34', '2021-02-08', 2021, 'ae3b0fe8-5f4c-4327-8624-748d572e9c27', 'gin_wip update', 'a66cd017-0f72-4cf0-a283-4037841572b2', 'a66cd017-0f72-4cf0-a283-4037841572b2', 'f9d0b90d-631a-4f45-982c-d8223bd65c0d', 'Completed', NULL, NULL, NULL, 'c8d5d6f6-b614-4899-a78b-48fef22699e2', 43884, 0, 43884, 0, 'Pcs', '5.07', '222491.88', 'Stock adjustment while GIN edit', NULL, '2021-06-07 01:18:33', '2021-06-07 01:18:33', 0, NULL),
('92f1839b-5381-474d-a4aa-0cf8cc73a95f', '2021-02-09', 2102, 'ae3b0fe8-5f4c-4327-8624-748d572e9c27', 'grn_purchase', 'b39685b2-8017-44d7-9e25-58301cc207e8', '2a8634d9-8a21-40bb-a120-394252428bdd', 'f9d0b90d-631a-4f45-982c-d8223bd65c0d', NULL, NULL, NULL, NULL, '1a94e739-6a47-4d58-bb4e-725c5375903c', 0, 0, 0, 0, 'Pcs', '7.70', '0.00', NULL, NULL, '2021-03-22 16:24:12', '2021-03-22 16:24:12', 0, NULL),
('9335e3bf-bcbe-4f95-9cdb-683693cf7402', '2021-07-07', 2021, 'ea05b523-f673-4b0a-af93-4696ef68589a', 'Opening Balance', NULL, NULL, 'f9d0b90d-631a-4f45-982c-d8223bd65c0d', NULL, NULL, NULL, NULL, 'b6e6a32c-ba07-4277-a480-cff5f76ef71f', NULL, 0, 0, NULL, NULL, NULL, '0.00', 'Opening Balance', NULL, '2021-07-08 05:30:29', '2021-07-08 05:30:29', 0, NULL),
('9437ffae-7891-4341-8787-8b3a4eede676', '2021-02-16', 2102, 'ae3b0fe8-5f4c-4327-8624-748d572e9c27', 'grn_purchase', 'd294aef4-f18a-4f48-b42a-5b0a05539289', 'f30566bb-b9e1-481f-9717-a707aecc972d', 'f9d0b90d-631a-4f45-982c-d8223bd65c0d', NULL, NULL, NULL, NULL, '8df7c58f-9091-4a4c-b9d0-1c65fb5992c7', 172575, 0, 172575, 0, 'Pcs', '3.33', '574674.75', NULL, NULL, '2021-03-22 15:24:57', '2021-03-22 15:24:57', 0, NULL),
('94e70d71-8118-45e2-9e57-fb57c5080c2e', '2021-02-08', 2021, 'ae3b0fe8-5f4c-4327-8624-748d572e9c27', 'gin_wip update', 'a66cd017-0f72-4cf0-a283-4037841572b2', 'a66cd017-0f72-4cf0-a283-4037841572b2', 'f9d0b90d-631a-4f45-982c-d8223bd65c0d', 'Completed', NULL, NULL, NULL, '1a94e739-6a47-4d58-bb4e-725c5375903c', 6066, 0, 6066, 0, 'Pcs', '9.00', '54594.00', 'Stock adjustment while GIN edit', NULL, '2021-06-07 00:45:52', '2021-06-07 00:45:52', 0, NULL),
('94fb72d3-e45b-435d-af65-063e14329fb9', '2021-02-28', 2102, 'ae3b0fe8-5f4c-4327-8624-748d572e9c27', 'grn_purchase', '3be57eab-e03b-4709-a3d7-fa0b51c75e19', '0a623552-9093-4392-9d20-907221ef85df', 'f9d0b90d-631a-4f45-982c-d8223bd65c0d', NULL, NULL, NULL, NULL, '72b56809-0b30-4519-9614-ec21013f5229', 0, 0, 0, 0, 'KG', '75.00', NULL, NULL, NULL, '2021-04-12 06:17:24', '2021-04-12 06:17:24', 0, NULL),
('95fcf9fc-7838-468f-b1ec-634aa4433802', '2021-08-06', 2021, 'ae3b0fe8-5f4c-4327-8624-748d572e9c27', 'grn_purchase', '2caa0a06-781e-45f8-83a3-3e35ad70bcc6', '9c12c247-3450-4f8c-863d-417a1a37c395', 'f9d0b90d-631a-4f45-982c-d8223bd65c0d', NULL, NULL, NULL, NULL, 'c1fd2b49-0aec-457e-aef6-f8af33604d34', 30, 0, 0, 30, 'Pcs', '71.20', '2136.00', 'checked', NULL, '2021-08-06 05:07:46', '2021-08-06 05:07:46', 6, NULL),
('9729e2ab-ac79-4131-b299-24b9b60ca1c8', '2021-03-23', 2103, 'ae3b0fe8-5f4c-4327-8624-748d572e9c27', 'grn_purchase', '98699792-9d3b-4e9e-8525-6036781f9139', '4de1c881-69cb-40f9-8984-5cd962946df9', 'f9d0b90d-631a-4f45-982c-d8223bd65c0d', NULL, NULL, NULL, NULL, 'ddbeb847-9738-424d-b5cd-817ea8c280f2', 5500, 0, 0, 5500, 'Pcs', '9.50', '52250.00', NULL, NULL, '2021-03-29 09:19:09', '2021-03-29 09:19:09', 0, NULL),
('97e74d8a-a036-410c-856c-71a92f1814b5', '2021-02-19', 2021, 'ae3b0fe8-5f4c-4327-8624-748d572e9c27', 'gin_wip', 'c74a9b95-c6f7-4906-b87c-f31ce3499d9b', '61b9e6ec-db42-4e98-aa13-64056fe20829', 'f9d0b90d-631a-4f45-982c-d8223bd65c0d', 'Completed', NULL, NULL, NULL, 'daa2dddb-b342-4ab0-b8dd-a952d7bd52be', 0, 133272, 0, 0, 'Pcs', '4.83', '643703.76', 'FC', NULL, '2021-06-15 11:35:49', '2021-06-15 11:35:49', 0, NULL),
('98364845-9e98-4c9d-b0e1-ed9d9bc19f40', '2021-02-08', 2102, 'ae3b0fe8-5f4c-4327-8624-748d572e9c27', 'gin_wip update', 'a66cd017-0f72-4cf0-a283-4037841572b2', 'a66cd017-0f72-4cf0-a283-4037841572b2', 'f9d0b90d-631a-4f45-982c-d8223bd65c0d', 'Completed', NULL, NULL, NULL, '8df7c58f-9091-4a4c-b9d0-1c65fb5992c7', 322440, 0, 322440, 0, 'Pcs', '3.33', '1073725.20', 'Stock adjustment while GIN edit', NULL, '2021-05-25 09:53:15', '2021-05-25 09:53:15', 0, NULL),
('98502aed-cc81-4fe3-a261-4d8b6720c070', '2021-02-16', 2102, 'ae3b0fe8-5f4c-4327-8624-748d572e9c27', 'grn_purchase', 'e2d680b3-e3a3-41c2-9af3-031748f8f6f9', '3d20609f-c8b2-4714-8d60-c05d2215e464', 'f9d0b90d-631a-4f45-982c-d8223bd65c0d', NULL, NULL, NULL, NULL, 'a3157a27-0e5c-41c1-a5c8-61b78fcacf62', 0, 0, 0, 0, 'Pcs', '5.95', '0.00', NULL, NULL, '2021-03-22 16:25:15', '2021-03-22 16:25:15', 0, NULL),
('98b8753b-91ab-4f75-a977-6955f8674385', '2021-02-18', 2021, 'ea05b523-f673-4b0a-af93-4696ef68589a', 'grn_wip', '8891e3bb-b9cd-4c4e-94db-346c5be8e458', NULL, 'f9d0b90d-631a-4f45-982c-d8223bd65c0d', 'Completed', NULL, NULL, NULL, '70377159-1d37-41d7-86fd-ec24afbb19e2', 2398, 0, 2398, 0, 'Ctn', '428.26', '1026966.35', NULL, NULL, '2021-06-15 11:52:15', '2021-06-15 11:52:15', 0, 'MR-250ML-21-00006'),
('98d4205b-274e-4958-8cf1-90a1f67a7317', '2021-02-22', 2102, 'ae3b0fe8-5f4c-4327-8624-748d572e9c27', 'grn_purchase', 'c790dee3-240d-4f76-bd75-17b97101230f', '5fc86eb6-db2a-4e27-9fc5-d0c57d6b2d7e', 'f9d0b90d-631a-4f45-982c-d8223bd65c0d', NULL, NULL, NULL, NULL, 'ca5318cc-d430-4336-9271-496edbcec9c1', 0, 0, 0, 0, 'KG', '2000.00', '300.00', NULL, NULL, '2021-04-12 06:15:18', '2021-04-12 06:15:18', 0, NULL),
('998e3f78-2110-42ae-bdc3-89eeacd3aa0f', '2021-07-07', 2021, 'ea05b523-f673-4b0a-af93-4696ef68589a', 'Opening Balance', NULL, NULL, 'f9d0b90d-631a-4f45-982c-d8223bd65c0d', NULL, NULL, NULL, NULL, 'd00f5a79-854e-433c-879f-b033783e25d3', NULL, 0, 0, NULL, NULL, NULL, '0.00', 'Opening Balance', NULL, '2021-07-08 05:30:29', '2021-07-08 05:30:29', 0, NULL),
('9a4ef302-8751-4bd6-aade-1b06f480fc30', '2021-05-24', 2105, 'ae3b0fe8-5f4c-4327-8624-748d572e9c27', 'grn_purchase', 'b3f620f1-d19f-4ee9-8b9d-3b8de6a4aa9e', 'ef1a7eb0-6ba4-48ef-9890-1e0eaf056eee', 'f9d0b90d-631a-4f45-982c-d8223bd65c0d', NULL, NULL, NULL, NULL, '75b3f18e-55a5-459d-b839-77d37d3145e1', 0, 0, 0, 0, 'KG', '200.00', '0.00', NULL, NULL, '2021-05-24 04:53:09', '2021-05-24 04:53:09', 0, NULL),
('9a884b8f-43e4-4235-8285-26f0d5013803', '2021-02-08', 2021, 'ae3b0fe8-5f4c-4327-8624-748d572e9c27', 'gin_wip update', 'a66cd017-0f72-4cf0-a283-4037841572b2', 'a66cd017-0f72-4cf0-a283-4037841572b2', 'f9d0b90d-631a-4f45-982c-d8223bd65c0d', 'Completed', NULL, NULL, NULL, 'c8d5d6f6-b614-4899-a78b-48fef22699e2', 43884, 0, 43884, 0, 'Pcs', '5.07', '222491.88', 'Stock adjustment while GIN edit', NULL, '2021-06-07 01:18:33', '2021-06-07 01:18:33', 0, NULL),
('9ac86ad8-34db-4fa7-aec5-f5285ace0682', '2021-02-21', 2021, 'ea05b523-f673-4b0a-af93-4696ef68589a', 'delivery_order', '4d3766a5-a893-42d4-9bc4-5155c097d5d2', '9476e3a7-ad62-4768-8fb7-fcf1b83efb49', 'f9d0b90d-631a-4f45-982c-d8223bd65c0d', NULL, NULL, NULL, NULL, '71b6bcc8-0436-41e2-8ceb-ade9a3065845', 0, 30, 0, 0, 'Tray', '273.79', '8213.70', 'Done:Distributor Type Will Ce Change from Direct to Sole.', NULL, '2021-06-15 06:29:46', '2021-06-15 06:29:46', 0, NULL),
('9c1b58e4-9781-41ee-9047-a0c94f2ca29e', '2021-02-08', 2021, 'ae3b0fe8-5f4c-4327-8624-748d572e9c27', 'gin_wip update', 'a66cd017-0f72-4cf0-a283-4037841572b2', 'a66cd017-0f72-4cf0-a283-4037841572b2', 'f9d0b90d-631a-4f45-982c-d8223bd65c0d', 'Completed', NULL, NULL, NULL, 'daa2dddb-b342-4ab0-b8dd-a952d7bd52be', 12309, 0, 0, 12309, 'Pcs', '4.83', '59452.47', 'Stock adjustment while GIN edit', NULL, '2021-06-07 00:45:52', '2021-06-07 00:45:52', 0, NULL),
('9c36da2a-26d8-4184-b77d-d5dd430342a1', '2021-07-07', 2021, 'ea05b523-f673-4b0a-af93-4696ef68589a', 'Opening Balance', NULL, NULL, 'f9d0b90d-631a-4f45-982c-d8223bd65c0d', NULL, NULL, NULL, NULL, 'b6514911-7a07-48d4-8580-04375d7bb948', NULL, 0, 0, NULL, NULL, NULL, '0.00', 'Opening Balance', NULL, '2021-07-08 05:30:29', '2021-07-08 05:30:29', 0, NULL),
('9d8c71b8-d52f-44eb-bebb-bae5cebef92e', '2021-02-14', 2021, 'ea05b523-f673-4b0a-af93-4696ef68589a', 'do update', 'f16c6344-567f-40e8-be3a-7f5a43d51976', 'f16c6344-567f-40e8-be3a-7f5a43d51976', 'f9d0b90d-631a-4f45-982c-d8223bd65c0d', NULL, NULL, NULL, NULL, '2964bb13-9fa9-448f-8282-69dbf8bd2a20', 2779, 0, 2779, 0, 'Tray', '158.28', '439860.12', 'Stock adjustment while GIN edit', NULL, '2021-06-15 11:29:33', '2021-06-15 11:29:33', 0, NULL),
('9ddcf363-a72d-4702-8a93-551603a20228', '2021-02-08', 2021, 'ae3b0fe8-5f4c-4327-8624-748d572e9c27', 'gin_wip update', 'a66cd017-0f72-4cf0-a283-4037841572b2', 'a66cd017-0f72-4cf0-a283-4037841572b2', 'f9d0b90d-631a-4f45-982c-d8223bd65c0d', 'Completed', NULL, NULL, NULL, 'daa2dddb-b342-4ab0-b8dd-a952d7bd52be', 12309, 0, 0, 12309, 'Pcs', '4.83', '59452.47', 'Stock adjustment while GIN edit', NULL, '2021-06-07 01:18:33', '2021-06-07 01:18:33', 0, NULL),
('9dedb6a9-e162-47b3-b87b-e7b1f915ad24', '2021-07-07', 2021, 'ea05b523-f673-4b0a-af93-4696ef68589a', 'Opening Balance', NULL, NULL, 'f9d0b90d-631a-4f45-982c-d8223bd65c0d', NULL, NULL, NULL, NULL, 'db8e584a-8e63-4195-b1e4-a238bd361f3d', NULL, 0, 0, NULL, NULL, NULL, '0.00', 'Opening Balance', NULL, '2021-07-08 05:30:29', '2021-07-08 05:30:29', 0, NULL),
('9e912c6e-4873-49b1-afa5-9a7c76b9cc05', '2021-07-07', 2021, 'ea05b523-f673-4b0a-af93-4696ef68589a', 'Opening Balance', NULL, NULL, 'f9d0b90d-631a-4f45-982c-d8223bd65c0d', NULL, NULL, NULL, NULL, 'cb30331f-b148-4f33-943a-81b3a01c3b4d', NULL, 0, 0, NULL, NULL, NULL, '0.00', 'Opening Balance', NULL, '2021-07-08 05:30:29', '2021-07-08 05:30:29', 0, NULL),
('9eb416b6-8e41-4e4f-aa75-77eda1f5c32a', '2021-03-12', 2021, 'ae3b0fe8-5f4c-4327-8624-748d572e9c27', 'delivery_order', 'eea40ddb-6050-4b4d-8bfd-e72cec65946b', '761b7f2d-b84d-450a-8e45-4f459d8a503c', 'f9d0b90d-631a-4f45-982c-d8223bd65c0d', NULL, NULL, NULL, NULL, '964c865f-ebb6-48d2-95cb-6d460e30c297', 0, 1100, 0, 0, 'Ctn', '445.30', '489830.00', NULL, NULL, '2021-06-21 12:39:18', '2021-06-21 12:39:18', 0, NULL),
('9ed5964a-235e-497a-aecf-5200d67f5eff', '2021-07-07', 2021, 'ea05b523-f673-4b0a-af93-4696ef68589a', 'Opening Balance', NULL, NULL, 'f9d0b90d-631a-4f45-982c-d8223bd65c0d', NULL, NULL, NULL, NULL, 'b72b0ce8-c2aa-4d81-ad3e-124b246d3c14', NULL, 0, 0, NULL, NULL, NULL, '0.00', 'Opening Balance', NULL, '2021-07-08 05:30:29', '2021-07-08 05:30:29', 0, NULL),
('9ef9eb3c-4786-440f-98d6-8833d2292d8b', '2021-02-22', 2021, 'ea05b523-f673-4b0a-af93-4696ef68589a', 'do update', '89b1ba17-9426-476c-8441-1b6c17e123a0', '89b1ba17-9426-476c-8441-1b6c17e123a0', 'f9d0b90d-631a-4f45-982c-d8223bd65c0d', NULL, NULL, NULL, NULL, '71b6bcc8-0436-41e2-8ceb-ade9a3065845', 483, 0, 483, 0, 'Tray', '273.79', '132240.57', 'Stock adjustment while GIN edit', NULL, '2021-06-15 12:44:59', '2021-06-15 12:44:59', 0, NULL),
('9f32d57d-79d2-471e-9d54-ed3c2e0495d2', '2021-08-06', 2021, 'ae3b0fe8-5f4c-4327-8624-748d572e9c27', 'grn_purchase', 'b382d239-7805-48a8-9295-37c9c0773dbb', 'aec2ccb1-7814-42bb-a5a7-d6364ba79ee7', 'f9d0b90d-631a-4f45-982c-d8223bd65c0d', NULL, NULL, NULL, NULL, '18ec96b0-93c3-4d4b-9a14-7d637d33636e', 15, 0, 0, 15, 'KG', '142.50', '2137.50', 'ddddd', NULL, '2021-08-06 02:50:14', '2021-08-06 02:50:14', 2, NULL),
('9f6c6bfa-8864-4177-92c3-a8b2d6bfb908', '2021-02-18', 2021, 'ea05b523-f673-4b0a-af93-4696ef68589a', 'grn_wip', 'c30a1527-9139-4a58-b70f-a952c5de95b7', NULL, 'f9d0b90d-631a-4f45-982c-d8223bd65c0d', 'Completed', NULL, NULL, NULL, '2964bb13-9fa9-448f-8282-69dbf8bd2a20', 3951, 0, 3951, 0, 'Tray', '162.00', '640050.86', NULL, NULL, '2021-06-13 05:59:23', '2021-06-13 05:59:23', 0, 'CS-125ML-21-00003'),
('9fb16c35-fc99-4978-8862-762a64bc2c56', '2021-07-07', 2021, 'ea05b523-f673-4b0a-af93-4696ef68589a', 'Opening Balance', NULL, NULL, 'f9d0b90d-631a-4f45-982c-d8223bd65c0d', NULL, NULL, NULL, NULL, '17ea6b30-c7c5-457d-b50c-b3ff1aa9596d', NULL, 0, 0, NULL, NULL, NULL, '0.00', 'Opening Balance', NULL, '2021-07-08 05:30:29', '2021-07-08 05:30:29', 0, NULL),
('9fc17352-3ed8-4603-aed0-8361820885f2', '2021-02-22', 2102, 'ae3b0fe8-5f4c-4327-8624-748d572e9c27', 'grn_purchase', 'c790dee3-240d-4f76-bd75-17b97101230f', '7f40c395-9a9b-4c7c-9213-301a442094ef', 'f9d0b90d-631a-4f45-982c-d8223bd65c0d', NULL, NULL, NULL, NULL, 'b72b0ce8-c2aa-4d81-ad3e-124b246d3c14', 0, 0, 0, 0, 'KG', '2000.00', '260.00', NULL, NULL, '2021-04-12 06:15:18', '2021-04-12 06:15:18', 0, NULL),
('a05e6960-3258-45d8-8e50-91430fa46bae', '2021-03-25', 2103, 'ae3b0fe8-5f4c-4327-8624-748d572e9c27', 'grn_purchase', 'c21cd1ad-b7f0-4f00-b6e5-d96c559a337b', '94576e11-49d9-470b-94c1-15781122241c', 'f9d0b90d-631a-4f45-982c-d8223bd65c0d', NULL, NULL, NULL, NULL, '29f3b48a-364e-4513-95ab-5ba86ca5dae4', 0, 0, 0, 0, 'Pcs', '5.63', '0.00', NULL, NULL, '2021-03-29 09:24:54', '2021-03-29 09:24:54', 0, NULL),
('a0a2c231-e2ab-4bfd-91d1-a65416ed5a1e', '2021-02-27', 2102, 'ae3b0fe8-5f4c-4327-8624-748d572e9c27', 'grn_purchase', '14466fc4-6e50-4f23-bedc-444066990a8c', 'd775b376-2440-4191-8ee1-c8aa47a9302b', 'f9d0b90d-631a-4f45-982c-d8223bd65c0d', NULL, NULL, NULL, NULL, 'a3157a27-0e5c-41c1-a5c8-61b78fcacf62', 1850, 0, 1850, 0, 'Pcs', '5.95', '11007.50', NULL, NULL, '2021-03-22 16:28:59', '2021-03-22 16:28:59', 0, NULL),
('a10ac883-ce27-4606-ac44-a00f54781ff4', '2021-02-28', 2102, 'ae3b0fe8-5f4c-4327-8624-748d572e9c27', 'grn_purchase', '3be57eab-e03b-4709-a3d7-fa0b51c75e19', '03467b4c-4ed6-4895-8f96-b61c141970d6', 'f9d0b90d-631a-4f45-982c-d8223bd65c0d', NULL, NULL, NULL, NULL, '9e55e4ee-ed2d-41bd-974f-bf2e1378d78f', 0, 0, 0, 0, 'KG', '651.00', NULL, NULL, NULL, '2021-04-12 06:17:24', '2021-04-12 06:17:24', 0, NULL),
('a1421c80-ac01-47c5-818b-8c79fdebd3aa', '2021-02-08', 2102, 'ae3b0fe8-5f4c-4327-8624-748d572e9c27', 'gin_wip', 'a66cd017-0f72-4cf0-a283-4037841572b2', '5e4ab90b-450c-413f-af91-da57394db15c', 'f9d0b90d-631a-4f45-982c-d8223bd65c0d', 'Completed', NULL, NULL, NULL, '8df7c58f-9091-4a4c-b9d0-1c65fb5992c7', 0, 322440, 0, 0, 'Pcs', '3.33', '1073725.20', 'AAA', NULL, '2021-05-25 09:51:31', '2021-05-25 09:51:31', 0, NULL),
('a1603b05-e350-45a6-8495-8fc3333c7093', '2021-02-06', 2102, 'ae3b0fe8-5f4c-4327-8624-748d572e9c27', 'grn_purchase', '2f29b48b-1a36-474b-8ac1-db3e1991e5c8', '1366e962-e1f8-459c-a6b4-74ec11895965', 'f9d0b90d-631a-4f45-982c-d8223bd65c0d', NULL, NULL, NULL, NULL, 'cb5a1a7d-9dc6-49b7-9711-c007985762a5', 0, 0, 0, 0, 'Pcs', '24.50', '0.00', NULL, NULL, '2021-03-22 16:22:02', '2021-03-22 16:22:02', 0, NULL),
('a187537d-daac-4b16-8bc3-314196cd9e38', '2021-07-07', 2021, 'ea05b523-f673-4b0a-af93-4696ef68589a', 'Opening Balance', NULL, NULL, 'f9d0b90d-631a-4f45-982c-d8223bd65c0d', NULL, NULL, NULL, NULL, '2aaa995b-d5f6-42d2-a078-228ded1cc5da', NULL, 0, 0, NULL, NULL, NULL, '0.00', 'Opening Balance', NULL, '2021-07-08 05:30:29', '2021-07-08 05:30:29', 0, NULL),
('a1dc311d-3798-44f7-84d3-c287c2397170', '2021-02-18', 2102, 'ae3b0fe8-5f4c-4327-8624-748d572e9c27', 'grn_purchase', '1cc3906c-01f3-43bf-9d05-96aeda2e1d70', '34689534-b3b9-47ee-bbc5-1164391ec790', 'f9d0b90d-631a-4f45-982c-d8223bd65c0d', NULL, NULL, NULL, NULL, 'e36069a5-b88c-44f9-9856-f465e104a25d', 9, 0, 0, 9, 'KG', '982.00', '8946.02', 'AAA', NULL, '2021-04-12 06:11:42', '2021-04-12 06:11:42', 0, NULL),
('a29bb081-fa7d-48b1-8c19-b4060c2647fb', '2021-02-08', 2021, 'ae3b0fe8-5f4c-4327-8624-748d572e9c27', 'gin_wip', 'a66cd017-0f72-4cf0-a283-4037841572b2', '479d75c4-439f-4bcc-ac82-6684985e66ce', 'f9d0b90d-631a-4f45-982c-d8223bd65c0d', 'Completed', NULL, NULL, NULL, '8df7c58f-9091-4a4c-b9d0-1c65fb5992c7', 0, 322440, 0, 0, 'Pcs', '3.33', '1073725.20', NULL, NULL, '2021-06-07 01:18:33', '2021-06-07 01:18:33', 0, NULL),
('a2cac7d7-37dc-4013-984d-cf7c5b28984c', '2021-03-25', 2103, 'ae3b0fe8-5f4c-4327-8624-748d572e9c27', 'grn_purchase', 'c21cd1ad-b7f0-4f00-b6e5-d96c559a337b', 'b7c3d372-60b4-440a-8ab8-76db2f12b069', 'f9d0b90d-631a-4f45-982c-d8223bd65c0d', NULL, NULL, NULL, NULL, 'daa2dddb-b342-4ab0-b8dd-a952d7bd52be', 0, 0, 0, 0, 'Pcs', '5.63', '0.00', NULL, NULL, '2021-03-29 09:24:54', '2021-03-29 09:24:54', 0, NULL),
('a45ebb14-adc0-4e0d-a969-432f694b1a99', '2021-02-27', 2021, 'ea05b523-f673-4b0a-af93-4696ef68589a', 'do update', '500cf88a-f732-4c0b-b107-fe7653ab6b32', '500cf88a-f732-4c0b-b107-fe7653ab6b32', 'f9d0b90d-631a-4f45-982c-d8223bd65c0d', NULL, NULL, NULL, NULL, '70377159-1d37-41d7-86fd-ec24afbb19e2', 1300, 0, 434, 866, 'Ctn', '446.95', '581035.00', 'Stock adjustment while GIN edit', NULL, '2021-06-15 12:45:18', '2021-06-15 12:45:18', 0, NULL),
('a4bef485-25a0-427d-b28d-9496956b4687', '2021-02-19', 2021, 'ae3b0fe8-5f4c-4327-8624-748d572e9c27', 'gin_wip', 'c74a9b95-c6f7-4906-b87c-f31ce3499d9b', '04a36f87-1526-4268-91d0-aa99265238d4', 'f9d0b90d-631a-4f45-982c-d8223bd65c0d', 'Completed', NULL, NULL, NULL, 'a762acbf-7c99-4239-a236-2fb14836dc03', 0, 86328, 0, 0, 'Pcs', '5.07', '437682.96', 'FC', NULL, '2021-06-15 11:35:49', '2021-06-15 11:35:49', 0, NULL),
('a55acd1a-4bfe-441d-9655-624a13ae3350', '2021-03-25', 2103, 'ae3b0fe8-5f4c-4327-8624-748d572e9c27', 'grn_purchase', 'c21cd1ad-b7f0-4f00-b6e5-d96c559a337b', 'd06ed687-8efb-4da0-addc-879b65e26bde', 'f9d0b90d-631a-4f45-982c-d8223bd65c0d', NULL, NULL, NULL, NULL, 'dbc1529a-cfee-484d-b9c4-8cbb45d30ca3', 0, 0, 0, 0, 'Pcs', '3.67', '0.00', NULL, NULL, '2021-03-29 09:24:54', '2021-03-29 09:24:54', 0, NULL),
('a56624d2-6af0-488e-9a9f-35bb848b0598', '2021-02-14', 2021, 'ea05b523-f673-4b0a-af93-4696ef68589a', 'delivery_order', 'f16c6344-567f-40e8-be3a-7f5a43d51976', '76c54e4a-0c5c-42f8-a399-923628bea056', 'f9d0b90d-631a-4f45-982c-d8223bd65c0d', NULL, NULL, NULL, NULL, '2964bb13-9fa9-448f-8282-69dbf8bd2a20', 0, 2799, 0, 0, 'Tray', '158.31', '443100.12', NULL, NULL, '2021-06-15 11:29:33', '2021-06-15 11:29:33', 0, NULL),
('a5c05d1f-c587-4680-9f66-65de8dde72b8', '2021-03-29', 2021, 'ae3b0fe8-5f4c-4327-8624-748d572e9c27', 'gin_wip', '01eb0073-9b8f-4338-a5fe-4736bb93cafc', '1db26f0a-aa0d-41bc-b089-1ebbd456945a', 'f9d0b90d-631a-4f45-982c-d8223bd65c0d', 'Completed', NULL, NULL, NULL, 'ff37340f-a17f-4c24-9ccd-9d26c11f0232', 0, 1000, 0, 0, 'Pcs', '5.74', '5740.00', NULL, NULL, '2021-06-20 12:55:32', '2021-06-20 12:55:32', 0, NULL),
('a6315e54-3c8a-4b3a-9b90-4c029a1fab8a', '2021-02-22', 2102, 'ae3b0fe8-5f4c-4327-8624-748d572e9c27', 'grn_purchase', 'c790dee3-240d-4f76-bd75-17b97101230f', '42e9b08e-fc58-4780-a981-bd2f65141481', 'f9d0b90d-631a-4f45-982c-d8223bd65c0d', NULL, NULL, NULL, NULL, '72b56809-0b30-4519-9614-ec21013f5229', 419, 0, 0, 419, 'KG', '75.00', '31447.50', NULL, NULL, '2021-04-12 06:15:18', '2021-04-12 06:15:18', 0, NULL),
('a6be1fdb-74f7-4099-8c0c-04d376a72c8b', '2021-02-08', 2021, 'ae3b0fe8-5f4c-4327-8624-748d572e9c27', 'gin_wip', 'a66cd017-0f72-4cf0-a283-4037841572b2', '39b1bab6-dc66-4c24-a45e-dc2cfe38e219', 'f9d0b90d-631a-4f45-982c-d8223bd65c0d', 'Completed', NULL, NULL, NULL, 'f918cfd1-43cc-46a0-9390-6119da495d02', 0, 246096, 0, 0, 'Pcs', '3.33', '819499.68', NULL, NULL, '2021-06-07 01:18:33', '2021-06-07 01:18:33', 0, NULL),
('a7ca09ed-2ba3-4a34-ba28-c947fac1c84f', '2021-07-07', 2021, 'ea05b523-f673-4b0a-af93-4696ef68589a', 'Opening Balance', NULL, NULL, 'f9d0b90d-631a-4f45-982c-d8223bd65c0d', NULL, NULL, NULL, NULL, '26ac4b22-28ea-49eb-97fc-18eb3cf10907', NULL, 0, 0, NULL, NULL, NULL, '0.00', 'Opening Balance', NULL, '2021-07-08 05:30:29', '2021-07-08 05:30:29', 0, NULL),
('a89b98d7-268c-42df-847a-9d77a65d3995', '2021-08-06', 2021, 'ae3b0fe8-5f4c-4327-8624-748d572e9c27', 'grn_purchase', 'b382d239-7805-48a8-9295-37c9c0773dbb', '985c9558-8ddc-4dbd-ab87-74f6355babb2', 'f9d0b90d-631a-4f45-982c-d8223bd65c0d', NULL, NULL, NULL, NULL, '26ac4b22-28ea-49eb-97fc-18eb3cf10907', 20, 0, 20, 0, 'KG', '90.00', '1800.00', 'ddddd', NULL, '2021-08-06 02:50:14', '2021-08-06 02:50:14', 1, NULL),
('aa1ef31b-fcde-482b-9a54-b916b4a30502', '2021-02-17', 2021, 'ae3b0fe8-5f4c-4327-8624-748d572e9c27', 'gin_wip', '662d96c8-9eef-482b-ae6d-763c3da1d842', 'c90eb8ef-3ba1-4b44-bf7e-bbaf0e7f7496', 'f9d0b90d-631a-4f45-982c-d8223bd65c0d', 'Completed', NULL, NULL, NULL, 'ddbeb847-9738-424d-b5cd-817ea8c280f2', 0, 4887, 0, 0, 'Pcs', '9.50', '46426.50', 'MIR # 2021-0003', NULL, '2021-06-20 08:44:26', '2021-06-20 08:44:26', 0, NULL),
('aa28904a-05b4-46d7-80ab-452571afb4ef', '2021-08-06', 2021, 'ae3b0fe8-5f4c-4327-8624-748d572e9c27', 'grn_purchase', '77e04074-72c9-47e2-8840-b1ad063af866', '453051f1-47da-48f7-953a-f9b11d81dfa6', 'f9d0b90d-631a-4f45-982c-d8223bd65c0d', NULL, NULL, NULL, NULL, 'cb5a1a7d-9dc6-49b7-9711-c007985762a5', 100, 0, 0, 100, 'Pcs', '100.00', '10000.00', 'ZZZ', NULL, '2021-08-06 07:03:42', '2021-08-06 07:03:42', 14, NULL),
('aa8545b6-fd8b-42c2-a55a-1ffaed10f099', '2021-02-27', 2021, 'ea05b523-f673-4b0a-af93-4696ef68589a', 'do update', '500cf88a-f732-4c0b-b107-fe7653ab6b32', '500cf88a-f732-4c0b-b107-fe7653ab6b32', 'f9d0b90d-631a-4f45-982c-d8223bd65c0d', NULL, NULL, NULL, NULL, '964c865f-ebb6-48d2-95cb-6d460e30c297', 500, 0, 500, 0, 'Ctn', '421.81', '210905.00', 'Stock adjustment while GIN edit', NULL, '2021-06-15 12:45:18', '2021-06-15 12:45:18', 0, NULL),
('ab21e150-69aa-46f4-9236-066199fd0289', '2021-02-23', 2021, 'ea05b523-f673-4b0a-af93-4696ef68589a', 'do update', 'fe96b607-9fb3-406f-b7f1-abe4c221dd6c', 'fe96b607-9fb3-406f-b7f1-abe4c221dd6c', 'f9d0b90d-631a-4f45-982c-d8223bd65c0d', NULL, NULL, NULL, NULL, '71b6bcc8-0436-41e2-8ceb-ade9a3065845', 1000, 0, 1000, 0, 'Tray', '244.30', '244300.00', 'Stock adjustment while GIN edit', NULL, '2021-06-15 12:29:05', '2021-06-15 12:29:05', 0, NULL),
('ac3fa813-9585-4aa9-9921-7b064e6b55a2', '2021-03-24', 2021, 'ae3b0fe8-5f4c-4327-8624-748d572e9c27', 'grn_wip', 'c4e8b8ff-47a1-49f6-957e-3e99a1008f80', NULL, 'f9d0b90d-631a-4f45-982c-d8223bd65c0d', 'Completed', NULL, NULL, NULL, '332a9e3d-a1fb-4250-ae29-a8cd1fd2cdc6', 1535, 0, 0, 1535, 'Tray', '164.25', '252129.35', NULL, NULL, '2021-06-20 10:59:34', '2021-06-20 10:59:34', 0, 'CS-125ML-21-00010'),
('ac860363-09c2-4e03-a71f-c3e06ebf7cae', '2021-02-21', 2021, 'ea05b523-f673-4b0a-af93-4696ef68589a', 'delivery_order', '4d3766a5-a893-42d4-9bc4-5155c097d5d2', 'd0459164-e5f6-4516-80c4-91767acf3038', 'f9d0b90d-631a-4f45-982c-d8223bd65c0d', NULL, NULL, NULL, NULL, '2964bb13-9fa9-448f-8282-69dbf8bd2a20', 0, 500, 0, 0, 'Tray', '161.82', '80910.00', 'Done:Distributor Type Will Ce Change from Direct to Sole.', NULL, '2021-06-15 12:36:55', '2021-06-15 12:36:55', 0, NULL),
('ad3bd04a-cb7c-4a21-823f-fec50e130849', '2021-03-13', 2103, 'ae3b0fe8-5f4c-4327-8624-748d572e9c27', 'grn_purchase', '79920932-e66a-4e09-9d52-09daa91265f6', '92a8a08b-f2b8-430a-bacf-3ac471beb58b', 'f9d0b90d-631a-4f45-982c-d8223bd65c0d', NULL, NULL, NULL, NULL, 'f918cfd1-43cc-46a0-9390-6119da495d02', 0, 0, 0, 0, 'Pcs', '3.67', '0.00', NULL, NULL, '2021-03-22 16:21:25', '2021-03-22 16:21:25', 0, NULL),
('ad5cbfd2-3256-43d7-8759-0668f22c66e3', '2021-03-02', 2021, 'ea05b523-f673-4b0a-af93-4696ef68589a', 'delivery_order', 'c7480ccf-491d-4204-9930-a5b4c77ab06b', 'b6c6f5ad-8daa-4236-be15-1b1278bccb19', 'f9d0b90d-631a-4f45-982c-d8223bd65c0d', NULL, NULL, NULL, NULL, '71b6bcc8-0436-41e2-8ceb-ade9a3065845', 0, 1066, 0, 0, 'Tray', '244.30', '260423.80', 'Gate Pass # 7373.', NULL, '2021-06-21 12:33:37', '2021-06-21 12:33:37', 0, NULL),
('ad812257-1ed4-46e9-9acb-fcc4d03b74cb', '2021-02-08', 2021, 'ae3b0fe8-5f4c-4327-8624-748d572e9c27', 'gin_wip', 'a66cd017-0f72-4cf0-a283-4037841572b2', 'bc4ff8a4-fc62-41ea-bc39-a43aab94157c', 'f9d0b90d-631a-4f45-982c-d8223bd65c0d', 'Completed', NULL, NULL, NULL, 'f918cfd1-43cc-46a0-9390-6119da495d02', 0, 246096, 0, 0, 'Pcs', '3.33', '819499.68', NULL, NULL, '2021-06-07 00:45:52', '2021-06-07 00:45:52', 0, NULL),
('ae918166-e002-4d34-848d-b65a6c1e27a5', '2021-02-08', 2021, 'ae3b0fe8-5f4c-4327-8624-748d572e9c27', 'gin_wip update', 'a66cd017-0f72-4cf0-a283-4037841572b2', 'a66cd017-0f72-4cf0-a283-4037841572b2', 'f9d0b90d-631a-4f45-982c-d8223bd65c0d', 'Completed', NULL, NULL, NULL, 'a762acbf-7c99-4239-a236-2fb14836dc03', 55232, 0, 55232, 0, 'Pcs', '5.07', '280026.24', 'Stock adjustment while GIN edit', NULL, '2021-06-07 01:18:33', '2021-06-07 01:18:33', 0, NULL),
('aead0cfb-4962-4580-998c-d5c0c8eae80e', '2021-07-07', 2021, 'ea05b523-f673-4b0a-af93-4696ef68589a', 'Opening Balance', NULL, NULL, 'f9d0b90d-631a-4f45-982c-d8223bd65c0d', NULL, NULL, NULL, NULL, '964c865f-ebb6-48d2-95cb-6d460e30c297', NULL, 0, 0, NULL, NULL, NULL, '0.00', 'Opening Balance', NULL, '2021-07-08 05:30:29', '2021-07-08 05:30:29', 0, NULL),
('aecc2a2d-b5ab-479f-9478-e2203f512a6c', '2021-02-08', 2102, 'ae3b0fe8-5f4c-4327-8624-748d572e9c27', 'gin_wip update', 'a66cd017-0f72-4cf0-a283-4037841572b2', 'a66cd017-0f72-4cf0-a283-4037841572b2', 'f9d0b90d-631a-4f45-982c-d8223bd65c0d', 'Completed', NULL, NULL, NULL, 'f918cfd1-43cc-46a0-9390-6119da495d02', 246096, 0, 233742, 12354, 'Pcs', '3.33', '819499.68', 'Stock adjustment while GIN edit', NULL, '2021-05-25 09:53:15', '2021-05-25 09:53:15', 0, NULL),
('aef09ae2-fd42-4080-bca3-7b0cf8d41941', '2021-03-25', 2103, 'ae3b0fe8-5f4c-4327-8624-748d572e9c27', 'grn_purchase', 'c21cd1ad-b7f0-4f00-b6e5-d96c559a337b', 'fb3dc25a-f423-4944-a7a8-37efdaf1ce8f', 'f9d0b90d-631a-4f45-982c-d8223bd65c0d', NULL, NULL, NULL, NULL, 'a762acbf-7c99-4239-a236-2fb14836dc03', 86150, 0, 86150, 0, 'Pcs', '5.74', '494501.00', NULL, NULL, '2021-03-29 09:24:54', '2021-03-29 09:24:54', 0, NULL),
('b072d8f0-2612-4630-8bf5-739339d43cac', '2021-07-07', 2021, 'ea05b523-f673-4b0a-af93-4696ef68589a', 'Opening Balance', NULL, NULL, 'f9d0b90d-631a-4f45-982c-d8223bd65c0d', NULL, NULL, NULL, NULL, 'c1fd2b49-0aec-457e-aef6-f8af33604d34', NULL, 0, 0, NULL, NULL, NULL, '0.00', 'Opening Balance', NULL, '2021-07-08 05:30:29', '2021-07-08 05:30:29', 0, NULL),
('b0b1f5b3-6524-4e51-a26b-4f4c53625958', '2021-03-02', 2021, 'ea05b523-f673-4b0a-af93-4696ef68589a', 'delivery_order', 'c7480ccf-491d-4204-9930-a5b4c77ab06b', 'b24fdea5-436c-4e69-a407-aaaaf47c1438', 'f9d0b90d-631a-4f45-982c-d8223bd65c0d', NULL, NULL, NULL, NULL, '2964bb13-9fa9-448f-8282-69dbf8bd2a20', 0, 2951, 0, 0, 'Tray', '159.11', '469524.60', 'Gate Pass # 7373.', NULL, '2021-06-21 12:33:37', '2021-06-21 12:33:37', 0, NULL),
('b192ee11-4f56-4d1e-90f5-593a264083cd', '2021-02-06', 2102, 'ae3b0fe8-5f4c-4327-8624-748d572e9c27', 'grn_purchase', '2f29b48b-1a36-474b-8ac1-db3e1991e5c8', '02b65557-4c68-4baa-b627-ffc7a408ebd4', 'f9d0b90d-631a-4f45-982c-d8223bd65c0d', NULL, NULL, NULL, NULL, 'a3157a27-0e5c-41c1-a5c8-61b78fcacf62', 10039, 0, 10039, 0, 'Pcs', '5.95', '59732.05', NULL, NULL, '2021-03-22 16:22:02', '2021-03-22 16:22:02', 0, NULL),
('b19f9fe5-8da2-4188-8000-02ee66029684', '2021-02-28', 2102, 'ae3b0fe8-5f4c-4327-8624-748d572e9c27', 'grn_purchase', '3be57eab-e03b-4709-a3d7-fa0b51c75e19', 'f0a69e73-6292-4815-aa80-54d92fc97bd8', 'f9d0b90d-631a-4f45-982c-d8223bd65c0d', NULL, NULL, NULL, NULL, 'ca5318cc-d430-4336-9271-496edbcec9c1', 0, 0, 0, 0, 'KG', '2000.00', NULL, NULL, NULL, '2021-04-12 06:17:24', '2021-04-12 06:17:24', 0, NULL),
('b1b14f4e-37ec-4788-8bd0-3680e2fb51cc', '2021-03-13', 2103, 'ae3b0fe8-5f4c-4327-8624-748d572e9c27', 'grn_purchase', '79920932-e66a-4e09-9d52-09daa91265f6', '5e6f982a-085e-44e6-9c60-dc4654fbfa4b', 'f9d0b90d-631a-4f45-982c-d8223bd65c0d', NULL, NULL, NULL, NULL, '8df7c58f-9091-4a4c-b9d0-1c65fb5992c7', 0, 0, 0, 0, 'Pcs', '3.67', '0.00', NULL, NULL, '2021-03-22 16:21:25', '2021-03-22 16:21:25', 0, NULL),
('b1c88dca-bca8-4229-aca7-85a41d55d4f6', '2021-02-08', 2021, 'ae3b0fe8-5f4c-4327-8624-748d572e9c27', 'gin_wip', 'a66cd017-0f72-4cf0-a283-4037841572b2', '674f2380-623e-4aaf-ba6f-900346954a19', 'f9d0b90d-631a-4f45-982c-d8223bd65c0d', 'Completed', NULL, NULL, NULL, 'c8d5d6f6-b614-4899-a78b-48fef22699e2', 0, 43884, 0, 0, 'Pcs', '5.07', '222491.88', NULL, NULL, '2021-06-07 00:45:52', '2021-06-07 00:45:52', 0, NULL),
('b25c316f-a714-4b18-8261-04cf255a907e', '2021-05-24', 2105, 'ae3b0fe8-5f4c-4327-8624-748d572e9c27', 'grn_purchase', 'b3f620f1-d19f-4ee9-8b9d-3b8de6a4aa9e', 'efcc2fb4-9651-4147-896c-c72dc5781392', 'f9d0b90d-631a-4f45-982c-d8223bd65c0d', NULL, NULL, NULL, NULL, '72b56809-0b30-4519-9614-ec21013f5229', 0, 0, 0, 0, 'KG', '75.00', '0.00', NULL, NULL, '2021-05-24 04:53:09', '2021-05-24 04:53:09', 0, NULL),
('b2bf297b-6f7b-4055-b29e-1cee4cb375d6', '2021-08-06', 2021, 'ae3b0fe8-5f4c-4327-8624-748d572e9c27', 'grn_purchase', '74dd1029-3221-4c95-aae5-217ad0c95c79', '9f46126a-2f0c-46dd-ab93-398a67f877fb', 'f9d0b90d-631a-4f45-982c-d8223bd65c0d', NULL, NULL, NULL, NULL, 'cb5a1a7d-9dc6-49b7-9711-c007985762a5', 20, 0, 0, 20, 'Pcs', '100.00', '2000.00', 'checked 2', NULL, '2021-08-06 04:33:29', '2021-08-06 04:33:29', 3, NULL),
('b321c005-0190-4bd4-9e6d-b7ad41743c72', '2021-07-07', 2021, 'ea05b523-f673-4b0a-af93-4696ef68589a', 'Opening Balance', NULL, NULL, 'f9d0b90d-631a-4f45-982c-d8223bd65c0d', NULL, NULL, NULL, NULL, '8eee862f-41d6-4894-a0c6-728f5fcf2455', NULL, 0, 0, NULL, NULL, NULL, '0.00', 'Opening Balance', NULL, '2021-07-08 05:30:29', '2021-07-08 05:30:29', 0, NULL),
('b324ca6a-6798-472a-98ba-413a6854b670', '2021-02-08', 2021, 'ae3b0fe8-5f4c-4327-8624-748d572e9c27', 'gin_wip', 'a66cd017-0f72-4cf0-a283-4037841572b2', 'ce729469-ac83-4a1b-be70-7e83cf131c7f', 'f9d0b90d-631a-4f45-982c-d8223bd65c0d', 'Completed', NULL, NULL, NULL, 'daa2dddb-b342-4ab0-b8dd-a952d7bd52be', 0, 12309, 0, 0, 'Pcs', '4.83', '59452.47', NULL, NULL, '2021-06-07 00:45:52', '2021-06-07 00:45:52', 0, NULL),
('b490ee76-38af-4b9a-98b4-e6763801ca00', '2021-02-21', 2021, 'ea05b523-f673-4b0a-af93-4696ef68589a', 'delivery_order', '4d3766a5-a893-42d4-9bc4-5155c097d5d2', 'b26ee67c-63a1-4160-8965-df9fd54d637a', 'f9d0b90d-631a-4f45-982c-d8223bd65c0d', NULL, NULL, NULL, NULL, '332a9e3d-a1fb-4250-ae29-a8cd1fd2cdc6', 0, 1000, 0, 0, 'Tray', '149.32', '149320.00', 'Done:Distributor Type Will Ce Change from Direct to Sole.', NULL, '2021-06-15 12:36:55', '2021-06-15 12:36:55', 0, NULL),
('b4b191d9-b70f-4e7c-b55c-30912eb515f8', '2021-07-07', 2021, 'ea05b523-f673-4b0a-af93-4696ef68589a', 'Opening Balance', NULL, NULL, 'f9d0b90d-631a-4f45-982c-d8223bd65c0d', NULL, NULL, NULL, NULL, '61155f72-b939-4542-841d-793c7ebe3f06', NULL, 0, 0, NULL, NULL, NULL, '0.00', 'Opening Balance', NULL, '2021-07-08 05:30:29', '2021-07-08 05:30:29', 0, NULL),
('b4b52176-4d74-4a40-95a5-4e69880aef09', '2021-05-25', 2105, 'ae3b0fe8-5f4c-4327-8624-748d572e9c27', 'grn_purchase', '4d594a5c-4a91-496d-99ff-af9848b97cea', 'e1bd5e76-b1f7-4636-9969-04c2d8dfd0ac', 'f9d0b90d-631a-4f45-982c-d8223bd65c0d', NULL, NULL, NULL, NULL, '29f3b48a-364e-4513-95ab-5ba86ca5dae4', 0, 0, 0, 0, 'Pcs', '5.63', '0.00', 'AAA', NULL, '2021-05-25 15:18:04', '2021-05-25 15:18:04', 0, NULL),
('b4d54ca7-4394-4323-9156-c455d9bf69fd', '2021-02-14', 2021, 'ea05b523-f673-4b0a-af93-4696ef68589a', 'delivery_order', 'f16c6344-567f-40e8-be3a-7f5a43d51976', 'bf3c6792-6582-4e0f-a4bf-35c3afc8811a', 'f9d0b90d-631a-4f45-982c-d8223bd65c0d', NULL, NULL, NULL, NULL, '2964bb13-9fa9-448f-8282-69dbf8bd2a20', 0, 2799, 0, 0, 'Tray', '162.00', '453438.00', NULL, NULL, '2021-06-15 12:36:13', '2021-06-15 12:36:13', 0, NULL),
('b52377b4-cb88-4a5e-a93c-e0f77ec1b335', '2021-02-22', 2021, 'ea05b523-f673-4b0a-af93-4696ef68589a', 'delivery_order', '89b1ba17-9426-476c-8441-1b6c17e123a0', '97e8b10d-94e1-49f5-8274-5b27b25e8a43', 'f9d0b90d-631a-4f45-982c-d8223bd65c0d', NULL, NULL, NULL, NULL, '71b6bcc8-0436-41e2-8ceb-ade9a3065845', 0, 483, 0, 0, 'Tray', '273.79', '132240.57', '1000-483 Invoice Issue Remaining balance 517 GST Invoice Pending ( MR-200ML Mango)', NULL, '2021-06-15 12:37:54', '2021-06-15 12:37:54', 0, NULL),
('b5964ec7-e4f7-4fdc-ae00-a89c08be93ab', '2021-02-28', 2021, 'ea05b523-f673-4b0a-af93-4696ef68589a', 'grn_wip', '1506f4da-9ab2-4798-b99e-6c35b862f405', NULL, 'f9d0b90d-631a-4f45-982c-d8223bd65c0d', 'Completed', NULL, NULL, NULL, '70377159-1d37-41d7-86fd-ec24afbb19e2', 1534, 0, 1300, 234, 'Ctn', '446.95', '685628.85', NULL, NULL, '2021-06-05 10:53:59', '2021-06-05 10:53:59', 0, 'MR-250ML-21-00006'),
('b5e221ea-5a9a-4a63-8d07-b3cb5f03a76b', '2021-02-10', 2102, 'ea05b523-f673-4b0a-af93-4696ef68589a', 'grn_wip', 'df5c27c6-84ed-4ddf-91a9-abf74535ddd3', NULL, 'f9d0b90d-631a-4f45-982c-d8223bd65c0d', 'Completed', NULL, NULL, NULL, '332a9e3d-a1fb-4250-ae29-a8cd1fd2cdc6', 7082, 0, 7082, 0, 'Tray', '164.98', '1168361.23', NULL, NULL, '2021-05-26 09:18:22', '2021-05-26 09:18:22', 0, 'CS-125ML-21-00001'),
('b961ac44-1e78-47c7-829b-d9b7badb654d', '2021-07-07', 2021, 'ea05b523-f673-4b0a-af93-4696ef68589a', 'Opening Balance', NULL, NULL, 'f9d0b90d-631a-4f45-982c-d8223bd65c0d', NULL, NULL, NULL, NULL, 'f918cfd1-43cc-46a0-9390-6119da495d02', NULL, 0, 0, NULL, NULL, NULL, '0.00', 'Opening Balance', NULL, '2021-07-08 05:30:29', '2021-07-08 05:30:29', 0, NULL),
('bc3622cf-93ef-4500-b36e-03dbf5c304b6', '2021-02-28', 2102, 'ae3b0fe8-5f4c-4327-8624-748d572e9c27', 'grn_purchase', '3be57eab-e03b-4709-a3d7-fa0b51c75e19', 'efc330be-2c6b-49aa-bc51-35c578d90d71', 'f9d0b90d-631a-4f45-982c-d8223bd65c0d', NULL, NULL, NULL, NULL, '316f24b0-ddda-4ccc-bab7-9e40f4ed1d86', 22, 0, 0, 22, 'KG', '430.00', '9434.20', NULL, NULL, '2021-04-12 06:17:24', '2021-04-12 06:17:24', 0, NULL),
('bcc5c116-9b61-487d-a59b-28952b3f92ff', '2021-02-08', 2102, 'ae3b0fe8-5f4c-4327-8624-748d572e9c27', 'gin_wip update', 'a66cd017-0f72-4cf0-a283-4037841572b2', 'a66cd017-0f72-4cf0-a283-4037841572b2', 'f9d0b90d-631a-4f45-982c-d8223bd65c0d', 'Completed', NULL, NULL, NULL, 'a3157a27-0e5c-41c1-a5c8-61b78fcacf62', 23689, 0, 14714, 8975, 'Pcs', '5.95', '140949.55', 'Stock adjustment while GIN edit', NULL, '2021-05-25 09:53:15', '2021-05-25 09:53:15', 0, NULL),
('bd3ed670-8770-41c9-8b24-db8a97e94fa0', '2021-07-07', 2021, 'ea05b523-f673-4b0a-af93-4696ef68589a', 'Opening Balance', NULL, NULL, 'f9d0b90d-631a-4f45-982c-d8223bd65c0d', NULL, NULL, NULL, NULL, 'ddbeb847-9738-424d-b5cd-817ea8c280f2', NULL, 0, 0, NULL, NULL, NULL, '0.00', 'Opening Balance', NULL, '2021-07-08 05:30:29', '2021-07-08 05:30:29', 0, NULL),
('bd457caf-49d1-4bf7-9b0d-301a815e07c1', '2021-07-07', 2021, 'ea05b523-f673-4b0a-af93-4696ef68589a', 'Opening Balance', NULL, NULL, 'f9d0b90d-631a-4f45-982c-d8223bd65c0d', NULL, NULL, NULL, NULL, 'e36069a5-b88c-44f9-9856-f465e104a25d', NULL, 0, 0, NULL, NULL, NULL, '0.00', 'Opening Balance', NULL, '2021-07-08 05:30:29', '2021-07-08 05:30:29', 0, NULL),
('be18f38f-ffd2-46bb-ae62-5d7e7d934fdf', '2021-08-06', 2021, 'ae3b0fe8-5f4c-4327-8624-748d572e9c27', 'grn_purchase', '4db373a2-70ce-4304-8f4c-a7c423042a4a', '20c8b934-2f0c-413b-b20f-29a351306d57', 'f9d0b90d-631a-4f45-982c-d8223bd65c0d', NULL, NULL, NULL, NULL, '8df7c58f-9091-4a4c-b9d0-1c65fb5992c7', 25, 0, 0, 25, 'Pcs', '100.00', '2500.00', 'Mubashir Ali', NULL, '2021-08-06 06:52:52', '2021-08-06 06:52:52', 13, NULL),
('be7214a2-9137-43a1-9df0-4247c63db41d', '2021-07-07', 2021, 'ea05b523-f673-4b0a-af93-4696ef68589a', 'Opening Balance', NULL, NULL, 'f9d0b90d-631a-4f45-982c-d8223bd65c0d', NULL, NULL, NULL, NULL, '75b3f18e-55a5-459d-b839-77d37d3145e1', NULL, 0, 0, NULL, NULL, NULL, '0.00', 'Opening Balance', NULL, '2021-07-08 05:30:29', '2021-07-08 05:30:29', 0, NULL),
('bf10c564-bf5b-46e6-b0a3-8f6332d81fc8', '2021-02-08', 2102, 'ae3b0fe8-5f4c-4327-8624-748d572e9c27', 'gin_wip', 'a66cd017-0f72-4cf0-a283-4037841572b2', '6283f4ec-7c37-4ae1-b3b4-09f145f568c3', 'f9d0b90d-631a-4f45-982c-d8223bd65c0d', 'Completed', NULL, NULL, NULL, 'a762acbf-7c99-4239-a236-2fb14836dc03', 0, 55232, 0, 0, 'Pcs', '5.07', '280026.24', 'Gate Pass # 7498', NULL, '2021-05-25 09:53:15', '2021-05-25 09:53:15', 0, NULL),
('bf89eafb-ce76-4919-ae13-251d6f880d63', '2021-02-21', 2102, 'ae3b0fe8-5f4c-4327-8624-748d572e9c27', 'grn_purchase', '55e33ec2-dd8f-4e55-8166-91adbb01b1c3', '6f11382d-bc17-4390-8571-5e21005471a3', 'f9d0b90d-631a-4f45-982c-d8223bd65c0d', NULL, NULL, NULL, NULL, 'a3157a27-0e5c-41c1-a5c8-61b78fcacf62', 5700, 0, 0, 5700, 'Pcs', '5.95', '33915.00', NULL, NULL, '2021-03-22 16:26:48', '2021-03-22 16:26:48', 0, NULL),
('bfbbbb60-cbe9-46c7-ac9b-a54dd5b0dc30', '2021-07-07', 2021, 'ea05b523-f673-4b0a-af93-4696ef68589a', 'Opening Balance', NULL, NULL, 'f9d0b90d-631a-4f45-982c-d8223bd65c0d', NULL, NULL, NULL, NULL, 'a698985e-880d-4ed4-aa99-8e7e7715d208', NULL, 0, 0, NULL, NULL, NULL, '0.00', 'Opening Balance', NULL, '2021-07-08 05:30:29', '2021-07-08 05:30:29', 0, NULL),
('bfec932a-b406-47be-b614-853641554cb2', '2021-02-09', 2102, 'ae3b0fe8-5f4c-4327-8624-748d572e9c27', 'grn_purchase', 'b39685b2-8017-44d7-9e25-58301cc207e8', 'e7304698-4647-4c88-a8de-8185a5533ec6', 'f9d0b90d-631a-4f45-982c-d8223bd65c0d', NULL, NULL, NULL, NULL, 'a3157a27-0e5c-41c1-a5c8-61b78fcacf62', 0, 0, 0, 0, 'Pcs', '5.95', '0.00', NULL, NULL, '2021-03-22 16:24:12', '2021-03-22 16:24:12', 0, NULL),
('c0e616da-cdaa-4a80-a9cf-d8c9f1b1498c', '2021-02-08', 2102, 'ae3b0fe8-5f4c-4327-8624-748d572e9c27', 'gin_wip', 'a66cd017-0f72-4cf0-a283-4037841572b2', '25c88939-ccbf-45dd-9b71-3b5fa69e1d73', 'f9d0b90d-631a-4f45-982c-d8223bd65c0d', 'Completed', NULL, NULL, NULL, 'f918cfd1-43cc-46a0-9390-6119da495d02', 0, 246096, 0, 0, 'Pcs', '3.33', '819499.68', 'AAA', NULL, '2021-05-25 09:51:31', '2021-05-25 09:51:31', 0, NULL),
('c107ab73-ad4e-457f-b5b1-fc569681bbd9', '2021-02-22', 2021, 'ea05b523-f673-4b0a-af93-4696ef68589a', 'do update', '89b1ba17-9426-476c-8441-1b6c17e123a0', '89b1ba17-9426-476c-8441-1b6c17e123a0', 'f9d0b90d-631a-4f45-982c-d8223bd65c0d', NULL, NULL, NULL, NULL, '2964bb13-9fa9-448f-8282-69dbf8bd2a20', 500, 0, 500, 0, 'Tray', '162.00', '81000.00', 'Stock adjustment while GIN edit', NULL, '2021-06-15 12:44:59', '2021-06-15 12:44:59', 0, NULL),
('c227ce05-6ee8-4dad-ae8f-8dc7e6df949f', '2021-07-07', 2021, 'ea05b523-f673-4b0a-af93-4696ef68589a', 'Opening Balance', NULL, NULL, 'f9d0b90d-631a-4f45-982c-d8223bd65c0d', NULL, NULL, NULL, NULL, '74028493-c436-4e77-a7fd-b27e5eae7cda', NULL, 0, 0, NULL, NULL, NULL, '0.00', 'Opening Balance', NULL, '2021-07-08 05:30:29', '2021-07-08 05:30:29', 0, NULL),
('c335b204-c1f7-4d26-a1c5-b38e676e7627', '2021-03-22', 2103, 'ae3b0fe8-5f4c-4327-8624-748d572e9c27', 'grn_purchase', '032a2363-e637-4431-ba4a-e505afecbc0d', '611968e8-40e9-4d68-9394-fe43aab18ea2', 'f9d0b90d-631a-4f45-982c-d8223bd65c0d', NULL, NULL, NULL, NULL, '8df7c58f-9091-4a4c-b9d0-1c65fb5992c7', 171770, 0, 92125, 79645, 'Pcs', '3.33', '571994.10', NULL, NULL, '2021-03-22 15:23:58', '2021-03-22 15:23:58', 0, NULL),
('c3666c0b-a8e4-405b-b9e0-2f64a4276864', '2021-03-25', 2103, 'ae3b0fe8-5f4c-4327-8624-748d572e9c27', 'grn_purchase', 'c21cd1ad-b7f0-4f00-b6e5-d96c559a337b', '3b38e5dd-d984-49f7-9661-2965cb714a19', 'f9d0b90d-631a-4f45-982c-d8223bd65c0d', NULL, NULL, NULL, NULL, 'c8d5d6f6-b614-4899-a78b-48fef22699e2', 53700, 0, 49184, 4516, 'Pcs', '5.74', '308238.00', NULL, NULL, '2021-03-29 09:24:54', '2021-03-29 09:24:54', 0, NULL),
('c3945a6c-74ba-406a-b1dc-0847db73bf9e', '2021-02-08', 2021, 'ae3b0fe8-5f4c-4327-8624-748d572e9c27', 'gin_wip update', 'a66cd017-0f72-4cf0-a283-4037841572b2', 'a66cd017-0f72-4cf0-a283-4037841572b2', 'f9d0b90d-631a-4f45-982c-d8223bd65c0d', 'Completed', NULL, NULL, NULL, 'c8d5d6f6-b614-4899-a78b-48fef22699e2', 43884, 0, 0, 43884, 'Pcs', '5.07', '222491.88', 'Stock adjustment while GIN edit', NULL, '2021-06-07 00:45:52', '2021-06-07 00:45:52', 0, NULL),
('c3bf024a-ae1c-40e1-b3a7-7c123095339c', '2021-02-19', 2021, 'ea05b523-f673-4b0a-af93-4696ef68589a', 'grn_wip', '7112242d-8177-4e99-9b84-9259fc54fa9f', NULL, 'f9d0b90d-631a-4f45-982c-d8223bd65c0d', 'Completed', NULL, NULL, NULL, '71b6bcc8-0436-41e2-8ceb-ade9a3065845', 5553, 0, 5223, 330, 'Tray', '244.30', '1356574.48', NULL, NULL, '2021-06-15 11:42:02', '2021-06-15 11:42:02', 0, 'MR-200ML-21-00004'),
('c3d9f5c6-84ac-447e-af95-d0d2083bae8c', '2021-05-24', 2105, 'ae3b0fe8-5f4c-4327-8624-748d572e9c27', 'grn_purchase', 'b3f620f1-d19f-4ee9-8b9d-3b8de6a4aa9e', '586a332e-1909-4596-8aff-ed9347a600d8', 'f9d0b90d-631a-4f45-982c-d8223bd65c0d', NULL, NULL, NULL, NULL, 'ca5318cc-d430-4336-9271-496edbcec9c1', 0, 0, 0, 0, 'KG', '2000.00', '0.00', NULL, NULL, '2021-05-24 04:53:09', '2021-05-24 04:53:09', 0, NULL),
('c3eee1db-0e13-4e88-95e2-cf187dd442cd', '2021-08-06', 2021, 'ea05b523-f673-4b0a-af93-4696ef68589a', 'grn_purchase', 'c2ac0f33-bfba-40dd-99fd-8af04ceb767d', '562b6a69-8833-436e-9601-e587a90c3fe8', 'f9d0b90d-631a-4f45-982c-d8223bd65c0d', NULL, NULL, NULL, NULL, 'cb5a1a7d-9dc6-49b7-9711-c007985762a5', 40, 0, 0, 40, 'Pcs', '100.00', '4000.00', 'quqntity 40', NULL, '2021-08-06 05:15:53', '2021-08-06 05:15:53', 9, NULL),
('c45bb34c-a43e-4eaf-b133-485d5ad442a0', '2021-07-07', 2021, 'ea05b523-f673-4b0a-af93-4696ef68589a', 'Opening Balance', NULL, NULL, 'f9d0b90d-631a-4f45-982c-d8223bd65c0d', NULL, NULL, NULL, NULL, '9aa655f4-5b59-4f54-80bc-f3e05175e388', NULL, 0, 0, NULL, NULL, NULL, '0.00', 'Opening Balance', NULL, '2021-07-08 05:30:29', '2021-07-08 05:30:29', 0, NULL),
('c45c861b-0acb-4e29-9049-74a8a79314a7', '2021-04-17', 2021, 'ae3b0fe8-5f4c-4327-8624-748d572e9c27', 'grn_wip', 'ac1d3912-b392-4748-bb8d-e37c3646c559', NULL, 'f9d0b90d-631a-4f45-982c-d8223bd65c0d', 'Completed', NULL, NULL, NULL, '0807433d-e109-4fc1-9e23-0379c3584936', 1356, 0, 0, 1356, 'Ctn', '448.46', '608116.91', NULL, NULL, '2021-06-22 06:17:25', '2021-06-22 06:17:25', 0, 'MR-250ML-21-00017'),
('c47d181f-1320-44df-8f0d-dd7abcbd4bcc', '2021-03-13', 2103, 'ae3b0fe8-5f4c-4327-8624-748d572e9c27', 'grn_purchase', '79920932-e66a-4e09-9d52-09daa91265f6', 'b83ee4d9-7753-48d2-b35e-9d690f1abbe5', 'f9d0b90d-631a-4f45-982c-d8223bd65c0d', NULL, NULL, NULL, NULL, 'a7546905-c250-4ac3-ac07-8d940e811433', 0, 0, 0, 0, 'Pcs', '5.63', '0.00', NULL, NULL, '2021-03-22 16:21:25', '2021-03-22 16:21:25', 0, NULL),
('c495802b-39b0-4b22-b939-c3a01c4c2ca7', '2021-07-07', 2021, 'ea05b523-f673-4b0a-af93-4696ef68589a', 'Opening Balance', NULL, NULL, 'f9d0b90d-631a-4f45-982c-d8223bd65c0d', NULL, NULL, NULL, NULL, '523ddef5-538e-4898-ab53-6b468404e956', NULL, 0, 0, NULL, NULL, NULL, '0.00', 'Opening Balance', NULL, '2021-07-08 05:30:29', '2021-07-08 05:30:29', 0, NULL),
('c54235b5-4beb-4b28-9de1-2bfdd9309ac7', '2021-02-08', 2102, 'ae3b0fe8-5f4c-4327-8624-748d572e9c27', 'gin_wip', 'a66cd017-0f72-4cf0-a283-4037841572b2', '9a085222-8952-4fd4-b550-65d861905320', 'f9d0b90d-631a-4f45-982c-d8223bd65c0d', 'Completed', NULL, NULL, NULL, 'a3157a27-0e5c-41c1-a5c8-61b78fcacf62', 0, 23689, 0, 0, 'Pcs', '5.95', '140949.55', 'Gate Pass # 7498', NULL, '2021-05-25 09:53:15', '2021-05-25 09:53:15', 0, NULL),
('c5822ddc-b3fb-4753-bca8-91490829ecc4', '2021-02-08', 2021, 'ae3b0fe8-5f4c-4327-8624-748d572e9c27', 'gin_wip update', 'a66cd017-0f72-4cf0-a283-4037841572b2', 'a66cd017-0f72-4cf0-a283-4037841572b2', 'f9d0b90d-631a-4f45-982c-d8223bd65c0d', 'Completed', NULL, NULL, NULL, 'a762acbf-7c99-4239-a236-2fb14836dc03', 55232, 0, 55232, 0, 'Pcs', '5.07', '280026.24', 'Stock adjustment while GIN edit', NULL, '2021-06-07 00:45:52', '2021-06-07 00:45:52', 0, NULL),
('c5e79a0b-3709-4b34-8f43-366752e9a8fa', '2021-02-11', 2102, 'ae3b0fe8-5f4c-4327-8624-748d572e9c27', 'grn_purchase', 'e8e33049-0a19-4fea-93fb-eebd2dc97b3c', '4bad33f3-44e0-421b-b5da-564765681082', 'f9d0b90d-631a-4f45-982c-d8223bd65c0d', NULL, NULL, NULL, NULL, 'cb5a1a7d-9dc6-49b7-9711-c007985762a5', 0, 0, 0, 0, 'Pcs', '24.50', '0.00', NULL, NULL, '2021-03-22 16:24:45', '2021-03-22 16:24:45', 0, NULL),
('c5ef19a7-8e15-441a-ad82-f29f567e80e8', '2021-02-08', 2102, 'ae3b0fe8-5f4c-4327-8624-748d572e9c27', 'gin_wip', 'a66cd017-0f72-4cf0-a283-4037841572b2', '27766f9c-e2cf-42ea-99d6-e18cfb343e9a', 'f9d0b90d-631a-4f45-982c-d8223bd65c0d', 'Completed', NULL, NULL, NULL, '1a94e739-6a47-4d58-bb4e-725c5375903c', 0, 6066, 0, 0, 'Pcs', '9.00', '54594.00', 'AAA', NULL, '2021-05-25 09:51:31', '2021-05-25 09:51:31', 0, NULL),
('c66df264-fd61-4ccb-84ca-dd383d98dfa3', '2021-03-29', 2103, 'ae3b0fe8-5f4c-4327-8624-748d572e9c27', 'grn_purchase', '456a31a2-7b64-456b-aafd-52e249fcb45c', 'addca20b-98a9-45c0-b843-6fc46c5beed5', 'f9d0b90d-631a-4f45-982c-d8223bd65c0d', NULL, NULL, NULL, NULL, '8df7c58f-9091-4a4c-b9d0-1c65fb5992c7', 0, 0, 0, 0, 'Pcs', '3.67', '0.00', 'AAA', NULL, '2021-03-31 16:10:27', '2021-03-31 16:10:27', 0, NULL),
('c6c36949-e4ea-49c4-8861-e69bb423f8d2', '2021-05-25', 2105, 'ae3b0fe8-5f4c-4327-8624-748d572e9c27', 'grn_purchase', '4d594a5c-4a91-496d-99ff-af9848b97cea', '181a6629-fb0b-4ee7-ae0a-41ce29256cb7', 'f9d0b90d-631a-4f45-982c-d8223bd65c0d', NULL, NULL, NULL, NULL, 'c8d5d6f6-b614-4899-a78b-48fef22699e2', 106130, 0, 0, 106130, 'Pcs', '5.74', '609186.20', 'AAA', NULL, '2021-05-25 15:18:04', '2021-05-25 15:18:04', 0, NULL),
('c79efe83-51f0-46e5-bf8f-fd1bb95daad8', '2021-02-08', 2021, 'ae3b0fe8-5f4c-4327-8624-748d572e9c27', 'gin_wip update', 'a66cd017-0f72-4cf0-a283-4037841572b2', 'a66cd017-0f72-4cf0-a283-4037841572b2', 'f9d0b90d-631a-4f45-982c-d8223bd65c0d', 'Completed', NULL, NULL, NULL, 'cb5a1a7d-9dc6-49b7-9711-c007985762a5', 5151, 0, 0, 5151, 'Pcs', '24.50', '126199.50', 'Stock adjustment while GIN edit', NULL, '2021-06-07 01:18:33', '2021-06-07 01:18:33', 0, NULL),
('c7b96471-ee77-415b-9a72-790fcdfe9c48', '2021-02-08', 2102, 'ae3b0fe8-5f4c-4327-8624-748d572e9c27', 'gin_wip update', 'a66cd017-0f72-4cf0-a283-4037841572b2', 'a66cd017-0f72-4cf0-a283-4037841572b2', 'f9d0b90d-631a-4f45-982c-d8223bd65c0d', 'Completed', NULL, NULL, NULL, '1a94e739-6a47-4d58-bb4e-725c5375903c', 6066, 0, 6066, 0, 'Pcs', '9.00', '54594.00', 'Stock adjustment while GIN edit', NULL, '2021-05-25 09:53:15', '2021-05-25 09:53:15', 0, NULL),
('c81aecf1-0a05-4790-8d2a-4ce23ab769ff', '2021-02-08', 2021, 'ae3b0fe8-5f4c-4327-8624-748d572e9c27', 'gin_wip update', 'a66cd017-0f72-4cf0-a283-4037841572b2', 'a66cd017-0f72-4cf0-a283-4037841572b2', 'f9d0b90d-631a-4f45-982c-d8223bd65c0d', 'Completed', NULL, NULL, NULL, 'a3157a27-0e5c-41c1-a5c8-61b78fcacf62', 23689, 0, 0, 23689, 'Pcs', '5.95', '140949.55', 'Stock adjustment while GIN edit', NULL, '2021-06-07 01:18:33', '2021-06-07 01:18:33', 0, NULL),
('c88d3a14-6da2-4b9f-87e0-0762ba32a1aa', '2021-03-25', 2103, 'ae3b0fe8-5f4c-4327-8624-748d572e9c27', 'grn_purchase', 'c21cd1ad-b7f0-4f00-b6e5-d96c559a337b', 'c84634bf-ded6-4d56-a62a-09a28ab4846f', 'f9d0b90d-631a-4f45-982c-d8223bd65c0d', NULL, NULL, NULL, NULL, 'c404d9b7-b7f5-46d6-bef7-4b8f2c99be91', 0, 0, 0, 0, 'Pcs', '5.74', '0.00', NULL, NULL, '2021-03-29 09:24:54', '2021-03-29 09:24:54', 0, NULL);
INSERT INTO `inv_inventories` (`id`, `date`, `month`, `warehouse_id`, `source`, `source_id`, `source_detail_id`, `company_id`, `status`, `approvel`, `batch`, `project_id`, `prod_id`, `qty_in`, `qty_out`, `qty_issue`, `balance`, `unit`, `rate`, `amount`, `description`, `updated_by`, `created_at`, `updated_at`, `number`, `batch_no`) VALUES
('c94930aa-929c-416f-960b-2afce149656b', '2021-07-07', 2021, 'ea05b523-f673-4b0a-af93-4696ef68589a', 'Opening Balance', NULL, NULL, 'f9d0b90d-631a-4f45-982c-d8223bd65c0d', NULL, NULL, NULL, NULL, '9a8eaeb7-7884-41b5-979b-390233831321', NULL, 0, 0, NULL, NULL, NULL, '0.00', 'Opening Balance', NULL, '2021-07-08 05:30:29', '2021-07-08 05:30:29', 0, NULL),
('c960d58f-3377-43a4-bf1e-596efd936af9', '2021-02-22', 2102, 'ae3b0fe8-5f4c-4327-8624-748d572e9c27', 'grn_purchase', 'c790dee3-240d-4f76-bd75-17b97101230f', '4a888f3c-ffcf-479f-b390-03157d62aa26', 'f9d0b90d-631a-4f45-982c-d8223bd65c0d', NULL, NULL, NULL, NULL, 'eea5716d-010e-4d9a-90b6-1a3503f1ce25', 4, 0, 0, 4, 'KG', '630.00', '2400.30', NULL, NULL, '2021-04-12 06:15:18', '2021-04-12 06:15:18', 0, NULL),
('c9847dea-edd4-4276-8cf8-0a1f8830731a', '2021-03-31', 2021, 'ae3b0fe8-5f4c-4327-8624-748d572e9c27', 'grn_wip', 'a39b182d-63cd-4f90-93ff-ec2b646a8d13', NULL, 'f9d0b90d-631a-4f45-982c-d8223bd65c0d', 'Completed', NULL, NULL, NULL, '9aa655f4-5b59-4f54-80bc-f3e05175e388', 2098, 0, 0, 2098, 'Tray', '332.89', '698411.84', NULL, NULL, '2021-06-20 12:49:33', '2021-06-20 12:49:33', 0, 'MR-250ML-21-00016'),
('cabd1bec-7d06-4ec4-a208-0d69ba456815', '2021-02-08', 2021, 'ae3b0fe8-5f4c-4327-8624-748d572e9c27', 'gin_wip update', 'a66cd017-0f72-4cf0-a283-4037841572b2', 'a66cd017-0f72-4cf0-a283-4037841572b2', 'f9d0b90d-631a-4f45-982c-d8223bd65c0d', 'Completed', NULL, NULL, NULL, 'f918cfd1-43cc-46a0-9390-6119da495d02', 246096, 0, 0, 246096, 'Pcs', '3.33', '819499.68', 'Stock adjustment while GIN edit', NULL, '2021-06-07 00:45:52', '2021-06-07 00:45:52', 0, NULL),
('cb0de9e9-dc38-4e78-8e3d-20fb04c29d9b', '2021-07-07', 2021, 'ea05b523-f673-4b0a-af93-4696ef68589a', 'Opening Balance', NULL, NULL, 'f9d0b90d-631a-4f45-982c-d8223bd65c0d', NULL, NULL, NULL, NULL, 'aae77964-0163-4e37-b75e-1410512bc52b', NULL, 0, 0, NULL, NULL, NULL, '0.00', 'Opening Balance', NULL, '2021-07-08 05:30:29', '2021-07-08 05:30:29', 0, NULL),
('cb200340-6d3c-49ef-bc35-1b105d453a53', '2021-08-06', 2021, 'ae3b0fe8-5f4c-4327-8624-748d572e9c27', 'grn_purchase', '77e04074-72c9-47e2-8840-b1ad063af866', 'e2870d42-cbb2-493a-a90a-e52de5b7bf04', 'f9d0b90d-631a-4f45-982c-d8223bd65c0d', NULL, NULL, NULL, NULL, '0928fe94-c46c-4316-a575-63fd0530a665', 90, 0, 90, 0, 'Pcs', '88.87', '7998.00', 'ZZZ', NULL, '2021-08-06 07:03:42', '2021-08-06 07:03:42', 15, NULL),
('cb65a058-5bdc-4562-b39f-9ff80d52d2c9', '2021-02-22', 2102, 'ae3b0fe8-5f4c-4327-8624-748d572e9c27', 'grn_purchase', 'c790dee3-240d-4f76-bd75-17b97101230f', '1cc9583c-95bf-4b84-a411-7e9a803edda8', 'f9d0b90d-631a-4f45-982c-d8223bd65c0d', NULL, NULL, NULL, NULL, '18ec96b0-93c3-4d4b-9a14-7d637d33636e', 30, 0, 0, 30, 'KG', '200.00', '6098.00', NULL, NULL, '2021-04-12 06:15:18', '2021-04-12 06:15:18', 0, NULL),
('cb81ac09-bed3-4e65-ade6-b954afe21073', '2021-02-18', 2102, 'ae3b0fe8-5f4c-4327-8624-748d572e9c27', 'grn_purchase', '1cc3906c-01f3-43bf-9d05-96aeda2e1d70', 'e51d52d6-2ec1-410f-baee-9265d03ffa84', 'f9d0b90d-631a-4f45-982c-d8223bd65c0d', NULL, NULL, NULL, NULL, '9a8eaeb7-7884-41b5-979b-390233831321', 3283, 0, 0, 3283, 'KG', '95.00', '311908.75', 'AAA', NULL, '2021-04-12 06:11:42', '2021-04-12 06:11:42', 0, NULL),
('cbad3fa0-dce5-46b2-bc92-92a9ff92dff2', '2021-02-23', 2021, 'ea05b523-f673-4b0a-af93-4696ef68589a', 'delivery_order', 'dca20c74-d7be-4556-8eee-e9302f6ca87a', '6f5dcbc4-d292-4803-801b-f91c6ac09577', 'f9d0b90d-631a-4f45-982c-d8223bd65c0d', NULL, NULL, NULL, NULL, '71b6bcc8-0436-41e2-8ceb-ade9a3065845', 0, 1000, 0, 0, 'Tray', '258.54', '258543.67', 'Remaining Order ( 2021-0005) of 1000 CTN GST', NULL, '2021-06-15 13:08:23', '2021-06-15 13:08:23', 0, NULL),
('cc2821d5-ea2c-43c8-afca-6408d265be9b', '2021-08-06', 2021, 'ea05b523-f673-4b0a-af93-4696ef68589a', 'grn_purchase', 'c2ac0f33-bfba-40dd-99fd-8af04ceb767d', 'd0a9dc18-9646-4844-af7e-714f91f1398d', 'f9d0b90d-631a-4f45-982c-d8223bd65c0d', NULL, NULL, NULL, NULL, '0928fe94-c46c-4316-a575-63fd0530a665', 40, 0, 0, 40, 'Pcs', '88.87', '3554.67', 'quqntity 40', NULL, '2021-08-06 05:15:53', '2021-08-06 05:15:53', 10, NULL),
('cc4df62c-bff3-4302-8b33-1ea3a1176706', '2021-03-25', 2103, 'ae3b0fe8-5f4c-4327-8624-748d572e9c27', 'grn_purchase', 'c21cd1ad-b7f0-4f00-b6e5-d96c559a337b', 'a7231a51-36c1-4cbc-9d3f-0e3fb760a018', 'f9d0b90d-631a-4f45-982c-d8223bd65c0d', NULL, NULL, NULL, NULL, 'f918cfd1-43cc-46a0-9390-6119da495d02', 0, 0, 0, 0, 'Pcs', '3.67', '0.00', NULL, NULL, '2021-03-29 09:24:54', '2021-03-29 09:24:54', 0, NULL),
('ccd9c013-ab75-4485-9132-dfe14e1e5ecc', '2021-02-08', 2021, 'ae3b0fe8-5f4c-4327-8624-748d572e9c27', 'gin_wip update', 'a66cd017-0f72-4cf0-a283-4037841572b2', 'a66cd017-0f72-4cf0-a283-4037841572b2', 'f9d0b90d-631a-4f45-982c-d8223bd65c0d', 'Completed', NULL, NULL, NULL, '8df7c58f-9091-4a4c-b9d0-1c65fb5992c7', 322440, 0, 0, 322440, 'Pcs', '3.42', '1102574.20', 'Stock adjustment while GIN edit', NULL, '2021-06-07 01:18:33', '2021-06-07 01:18:33', 0, NULL),
('ce2d9ebf-32c0-4b23-b466-7fca08f45413', '2021-02-23', 2021, 'ea05b523-f673-4b0a-af93-4696ef68589a', 'delivery_order', 'fe96b607-9fb3-406f-b7f1-abe4c221dd6c', '67e1fc31-4bd0-4b98-8d34-f4a28d464be5', 'f9d0b90d-631a-4f45-982c-d8223bd65c0d', NULL, NULL, NULL, NULL, '71b6bcc8-0436-41e2-8ceb-ade9a3065845', 0, 1000, 0, 0, 'Tray', '244.30', '244300.00', 'Remaining Order ( 2021-0005) of 1000 CTN GST', NULL, '2021-06-15 12:27:53', '2021-06-15 12:27:53', 0, NULL),
('cef119c4-00c1-49fb-9ea4-ed93cb49a22e', '2021-02-08', 2021, 'ae3b0fe8-5f4c-4327-8624-748d572e9c27', 'gin_wip', 'a66cd017-0f72-4cf0-a283-4037841572b2', '0c125ea9-4b61-47f1-894b-03b84df899e1', 'f9d0b90d-631a-4f45-982c-d8223bd65c0d', 'Completed', NULL, NULL, NULL, 'daa2dddb-b342-4ab0-b8dd-a952d7bd52be', 0, 12309, 0, 0, 'Pcs', '4.83', '59452.47', NULL, NULL, '2021-06-07 01:18:33', '2021-06-07 01:18:33', 0, NULL),
('cf2f5a61-f630-4880-9d75-5fd48c6d2ff4', '2021-03-25', 2103, 'ae3b0fe8-5f4c-4327-8624-748d572e9c27', 'grn_purchase', 'c21cd1ad-b7f0-4f00-b6e5-d96c559a337b', 'b2070357-9b9c-4ab9-89e1-b901e646a3c3', 'f9d0b90d-631a-4f45-982c-d8223bd65c0d', NULL, NULL, NULL, NULL, 'ff37340f-a17f-4c24-9ccd-9d26c11f0232', 53840, 0, 42534, 11306, 'Pcs', '5.74', '309041.60', NULL, NULL, '2021-03-29 09:24:54', '2021-03-29 09:24:54', 0, NULL),
('cff1b186-adb5-4245-af03-cef44258f437', '2021-07-07', 2021, 'ea05b523-f673-4b0a-af93-4696ef68589a', 'Opening Balance', NULL, NULL, 'f9d0b90d-631a-4f45-982c-d8223bd65c0d', NULL, NULL, NULL, NULL, 'eab0ab71-31d4-4849-8bb6-fb4512d59e97', NULL, 0, 0, NULL, NULL, NULL, '0.00', 'Opening Balance', NULL, '2021-07-08 05:30:29', '2021-07-08 05:30:29', 0, NULL),
('d0f81458-f508-411d-84f6-dec8930475f4', '2021-02-16', 2102, 'ae3b0fe8-5f4c-4327-8624-748d572e9c27', 'grn_purchase', 'd294aef4-f18a-4f48-b42a-5b0a05539289', '13293388-f70c-4049-9ca1-4fb27e942917', 'f9d0b90d-631a-4f45-982c-d8223bd65c0d', NULL, NULL, NULL, NULL, 'c8d5d6f6-b614-4899-a78b-48fef22699e2', 0, 0, 0, 0, 'Pcs', '5.07', '0.00', NULL, NULL, '2021-03-22 15:24:57', '2021-03-22 15:24:57', 0, NULL),
('d1a43393-562f-4764-bec6-f6e19f63fc8e', '2021-02-28', 2102, 'ae3b0fe8-5f4c-4327-8624-748d572e9c27', 'grn_purchase', '3be57eab-e03b-4709-a3d7-fa0b51c75e19', '57fecd9c-a20f-4376-a3f7-a5e45b86279b', 'f9d0b90d-631a-4f45-982c-d8223bd65c0d', NULL, NULL, NULL, NULL, '9a8eaeb7-7884-41b5-979b-390233831321', 0, 0, 0, 0, 'KG', '95.00', NULL, NULL, NULL, '2021-04-12 06:17:24', '2021-04-12 06:17:24', 0, NULL),
('d21d6ec9-a49a-4d2d-884a-945c5b93138c', '2021-02-14', 2021, 'ea05b523-f673-4b0a-af93-4696ef68589a', 'do update', 'f16c6344-567f-40e8-be3a-7f5a43d51976', 'f16c6344-567f-40e8-be3a-7f5a43d51976', 'f9d0b90d-631a-4f45-982c-d8223bd65c0d', NULL, NULL, NULL, NULL, '2964bb13-9fa9-448f-8282-69dbf8bd2a20', 2779, 0, 2315, 464, 'Tray', '158.28', '439860.12', 'Stock adjustment while GIN edit', NULL, '2021-06-15 12:36:13', '2021-06-15 12:36:13', 0, NULL),
('d23bc05e-de78-4682-9944-fb89bff8f139', '2021-02-25', 2102, 'ae3b0fe8-5f4c-4327-8624-748d572e9c27', 'grn_purchase', 'f511e4bd-9437-4e69-b73b-5f1970bdd380', 'adcf7f24-4f4a-4db1-bbb6-17f7d8aeabe6', 'f9d0b90d-631a-4f45-982c-d8223bd65c0d', NULL, NULL, NULL, NULL, '1a94e739-6a47-4d58-bb4e-725c5375903c', 0, 0, 0, 0, 'Pcs', '7.70', '0.00', NULL, NULL, '2021-03-22 16:27:57', '2021-03-22 16:27:57', 0, NULL),
('d33bfccb-97e1-4eef-8e7f-81ae8e7d67de', '2021-03-13', 2103, 'ae3b0fe8-5f4c-4327-8624-748d572e9c27', 'grn_purchase', '79920932-e66a-4e09-9d52-09daa91265f6', 'f664486a-2756-4148-aa51-fa508a570fd8', 'f9d0b90d-631a-4f45-982c-d8223bd65c0d', NULL, NULL, NULL, NULL, 'c404d9b7-b7f5-46d6-bef7-4b8f2c99be91', 0, 0, 0, 0, 'Pcs', '5.74', '0.00', NULL, NULL, '2021-03-22 16:21:25', '2021-03-22 16:21:25', 0, NULL),
('d3b9deed-005b-4fc7-814f-0e88a4072a99', '2021-07-07', 2021, 'ea05b523-f673-4b0a-af93-4696ef68589a', 'Opening Balance', NULL, NULL, 'f9d0b90d-631a-4f45-982c-d8223bd65c0d', NULL, NULL, NULL, NULL, 'c404d9b7-b7f5-46d6-bef7-4b8f2c99be91', NULL, 0, 0, NULL, NULL, NULL, '0.00', 'Opening Balance', NULL, '2021-07-08 05:30:29', '2021-07-08 05:30:29', 0, NULL),
('d49dbce6-a4fc-4f4b-bbd0-1ac643a4c9be', '2021-03-29', 2103, 'ae3b0fe8-5f4c-4327-8624-748d572e9c27', 'grn_purchase', '456a31a2-7b64-456b-aafd-52e249fcb45c', '8f1b871c-3d55-4c55-b4f3-f64528d2b16a', 'f9d0b90d-631a-4f45-982c-d8223bd65c0d', NULL, NULL, NULL, NULL, 'f918cfd1-43cc-46a0-9390-6119da495d02', 0, 0, 0, 0, 'Pcs', '3.67', '0.00', 'AAA', NULL, '2021-03-31 16:10:27', '2021-03-31 16:10:27', 0, NULL),
('d5135aae-91b6-424a-9044-c4f9ebb596fe', '2021-02-18', 2102, 'ae3b0fe8-5f4c-4327-8624-748d572e9c27', 'grn_purchase', '1cc3906c-01f3-43bf-9d05-96aeda2e1d70', 'af2840f3-35b3-46f9-af96-c2b1a461c2cd', 'f9d0b90d-631a-4f45-982c-d8223bd65c0d', NULL, NULL, NULL, NULL, 'eea5716d-010e-4d9a-90b6-1a3503f1ce25', 9, 0, 0, 9, 'KG', '630.00', '5506.20', 'AAA', NULL, '2021-04-12 06:11:42', '2021-04-12 06:11:42', 0, NULL),
('d5405976-9917-406b-866d-5cb4f48a974c', '2021-02-08', 2021, 'ae3b0fe8-5f4c-4327-8624-748d572e9c27', 'gin_wip', 'a66cd017-0f72-4cf0-a283-4037841572b2', '102bed0d-d872-4716-8bc3-92f33c53bfd3', 'f9d0b90d-631a-4f45-982c-d8223bd65c0d', 'Completed', NULL, NULL, NULL, '1a94e739-6a47-4d58-bb4e-725c5375903c', 0, 6066, 0, 0, 'Pcs', '9.00', '54594.00', NULL, NULL, '2021-06-07 00:45:52', '2021-06-07 00:45:52', 0, NULL),
('d5707e94-6092-47c1-9193-e22a1bac45e8', '2021-04-17', 2021, 'ae3b0fe8-5f4c-4327-8624-748d572e9c27', 'gin_wip', 'b797a3cf-abca-4943-acc6-7df14ee2f223', '47e83cc1-4c27-4a7b-aa40-7348baf46a2a', 'f9d0b90d-631a-4f45-982c-d8223bd65c0d', 'Completed', NULL, NULL, NULL, 'a762acbf-7c99-4239-a236-2fb14836dc03', 0, 98760, 0, 0, 'Pcs', '5.34', '527617.72', 'All Issued April-2021 MIR.', NULL, '2021-06-22 05:44:01', '2021-06-22 05:44:01', 0, NULL),
('d593719c-e5a4-4c0f-ae1a-3627b96ee284', '2021-07-07', 2021, 'ea05b523-f673-4b0a-af93-4696ef68589a', 'Opening Balance', NULL, NULL, 'f9d0b90d-631a-4f45-982c-d8223bd65c0d', NULL, NULL, NULL, NULL, '64fd51ce-e352-4844-a115-474682160907', NULL, 0, 0, NULL, NULL, NULL, '0.00', 'Opening Balance', NULL, '2021-07-08 05:30:29', '2021-07-08 05:30:29', 0, NULL),
('d61d481d-cf4e-42ea-8bd0-c1547e8dc069', '2021-03-29', 2103, 'ae3b0fe8-5f4c-4327-8624-748d572e9c27', 'grn_purchase', '456a31a2-7b64-456b-aafd-52e249fcb45c', 'ef24febd-8764-4517-b52e-4f9a99c07096', 'f9d0b90d-631a-4f45-982c-d8223bd65c0d', NULL, NULL, NULL, NULL, 'dbc1529a-cfee-484d-b9c4-8cbb45d30ca3', 0, 0, 0, 0, 'Pcs', '3.67', '0.00', 'AAA', NULL, '2021-03-31 16:10:27', '2021-03-31 16:10:27', 0, NULL),
('d7000ccb-adfe-44ed-9789-9fb30b7d32bb', '2021-02-21', 2102, 'ae3b0fe8-5f4c-4327-8624-748d572e9c27', 'grn_purchase', '55e33ec2-dd8f-4e55-8166-91adbb01b1c3', '99ca5d85-602c-4f8b-9d77-9c88ccd63b92', 'f9d0b90d-631a-4f45-982c-d8223bd65c0d', NULL, NULL, NULL, NULL, 'cb5a1a7d-9dc6-49b7-9711-c007985762a5', 0, 0, 0, 0, 'Pcs', '24.50', '0.00', NULL, NULL, '2021-03-22 16:26:48', '2021-03-22 16:26:48', 0, NULL),
('d7d08220-dcb5-48b0-a39e-95fafff4e74f', '2021-04-17', 2021, 'ae3b0fe8-5f4c-4327-8624-748d572e9c27', 'gin_wip', 'b797a3cf-abca-4943-acc6-7df14ee2f223', '99174842-ee3b-41c4-a939-94402ad711ee', 'f9d0b90d-631a-4f45-982c-d8223bd65c0d', 'Completed', NULL, NULL, NULL, 'ddbeb847-9738-424d-b5cd-817ea8c280f2', 0, 2182, 0, 0, 'Pcs', '9.50', '20729.00', 'All Issued April-2021 MIR.', NULL, '2021-06-22 05:44:01', '2021-06-22 05:44:01', 0, NULL),
('d8044879-6fb9-4364-b7d5-a755c6edaee4', '2021-03-11', 2021, 'ae3b0fe8-5f4c-4327-8624-748d572e9c27', 'grn_wip', '80ff0b1c-4da4-4113-8de6-684d9b1e1c9c', NULL, 'f9d0b90d-631a-4f45-982c-d8223bd65c0d', 'Completed', NULL, NULL, NULL, '964c865f-ebb6-48d2-95cb-6d460e30c297', 1646, 0, 1646, 0, 'Ctn', '445.30', '732965.78', NULL, NULL, '2021-06-20 10:15:44', '2021-06-20 10:15:44', 0, 'MR-250ML-21-00008'),
('d8bf41e7-04e7-446a-8ce4-9424c2da79fe', '2021-02-28', 2021, 'ea05b523-f673-4b0a-af93-4696ef68589a', 'delivery_order', '0c31da63-4dbc-49f1-aa51-3fc5c85e9c8e', 'cce073e0-69c7-4628-a92a-2bab5bf6c3aa', 'f9d0b90d-631a-4f45-982c-d8223bd65c0d', NULL, NULL, NULL, NULL, '71b6bcc8-0436-41e2-8ceb-ade9a3065845', 0, 1000, 0, 0, 'Tray', '244.30', '244300.00', 'Remaining Order ( 2021-0004) of 1000 CTN GST', NULL, '2021-06-15 12:28:17', '2021-06-15 12:28:17', 0, NULL),
('da278915-14a8-4c5a-a9c1-c780c46f0693', '2021-07-05', 2021, 'ae3b0fe8-5f4c-4327-8624-748d572e9c27', 'counter_sale', 'ce3da1f7-24a2-42fd-a210-46c6193fa58a', '620f355c-ce6d-4ded-8477-876cb518af5b', 'f9d0b90d-631a-4f45-982c-d8223bd65c0d', NULL, NULL, NULL, NULL, '332a9e3d-a1fb-4250-ae29-a8cd1fd2cdc6', 0, 50, 0, 0, 'TRAY', '161.08', '8054.00', 'counbter sale', NULL, '2021-07-05 09:55:11', '2021-07-05 09:55:11', 0, NULL),
('db06f646-e393-4518-bc09-29010c445874', '2021-02-06', 2102, 'ae3b0fe8-5f4c-4327-8624-748d572e9c27', 'grn_purchase', '2f29b48b-1a36-474b-8ac1-db3e1991e5c8', '36fe8bf4-9228-4e4c-90bb-02d31f54c5e0', 'f9d0b90d-631a-4f45-982c-d8223bd65c0d', NULL, NULL, NULL, NULL, '1a94e739-6a47-4d58-bb4e-725c5375903c', 0, 0, 0, 0, 'Pcs', '7.70', '0.00', NULL, NULL, '2021-03-22 16:22:02', '2021-03-22 16:22:02', 0, NULL),
('dcbd8228-3f7c-4aca-8e64-0d19ba6a8692', '2021-02-18', 2102, 'ae3b0fe8-5f4c-4327-8624-748d572e9c27', 'grn_purchase', '1cc3906c-01f3-43bf-9d05-96aeda2e1d70', '2a4cb9c3-6691-45f7-aa01-aa6aa447e5fd', 'f9d0b90d-631a-4f45-982c-d8223bd65c0d', NULL, NULL, NULL, NULL, 'b72b0ce8-c2aa-4d81-ad3e-124b246d3c14', 2, 0, 0, 2, 'KG', '2000.00', '4080.00', 'AAA', NULL, '2021-04-12 06:11:42', '2021-04-12 06:11:42', 0, NULL),
('dcc94ca8-a35f-4c3b-8522-ab7336852323', '2021-02-08', 2102, 'ae3b0fe8-5f4c-4327-8624-748d572e9c27', 'gin_wip', 'a66cd017-0f72-4cf0-a283-4037841572b2', 'b27ceed1-7052-4d78-ab70-0949bb27003a', 'f9d0b90d-631a-4f45-982c-d8223bd65c0d', 'Completed', NULL, NULL, NULL, 'f918cfd1-43cc-46a0-9390-6119da495d02', 0, 246096, 0, 0, 'Pcs', '3.33', '819499.68', 'Gate Pass # 7498', NULL, '2021-05-25 09:53:15', '2021-05-25 09:53:15', 0, NULL),
('ddda0478-fe0e-433d-9dd6-74a4aa6dea59', '2021-02-22', 2021, 'ea05b523-f673-4b0a-af93-4696ef68589a', 'delivery_order', '89b1ba17-9426-476c-8441-1b6c17e123a0', 'bb2043fc-49b9-4c00-a57b-6b57295eb2d4', 'f9d0b90d-631a-4f45-982c-d8223bd65c0d', NULL, NULL, NULL, NULL, '71b6bcc8-0436-41e2-8ceb-ade9a3065845', 0, 483, 0, 0, 'Tray', '273.79', '132240.57', '1000-483 Invoice Issue Remaining balance 517 GST Invoice Pending ( MR-200ML Mango)', NULL, '2021-06-15 06:30:20', '2021-06-15 06:30:20', 0, NULL),
('deed6ef3-95f9-42f0-af85-f2b907f4d72e', '2021-02-08', 2021, 'ae3b0fe8-5f4c-4327-8624-748d572e9c27', 'gin_wip update', 'a66cd017-0f72-4cf0-a283-4037841572b2', 'a66cd017-0f72-4cf0-a283-4037841572b2', 'f9d0b90d-631a-4f45-982c-d8223bd65c0d', 'Completed', NULL, NULL, NULL, 'c8d5d6f6-b614-4899-a78b-48fef22699e2', 43884, 0, 0, 43884, 'Pcs', '5.07', '222491.88', 'Stock adjustment while GIN edit', NULL, '2021-06-07 01:18:33', '2021-06-07 01:18:33', 0, NULL),
('df1bee60-50a3-4764-87bc-3f1c6eb16bda', '2021-02-19', 2021, 'ae3b0fe8-5f4c-4327-8624-748d572e9c27', 'gin_wip', 'c74a9b95-c6f7-4906-b87c-f31ce3499d9b', '47881a81-0914-4a0e-842d-dbba6388ddf1', 'f9d0b90d-631a-4f45-982c-d8223bd65c0d', 'Completed', NULL, NULL, NULL, '1a94e739-6a47-4d58-bb4e-725c5375903c', 0, 5553, 0, 0, 'Pcs', '9.00', '49977.00', 'FC', NULL, '2021-06-15 11:35:49', '2021-06-15 11:35:49', 0, NULL),
('e09a2671-df5a-4b8e-b962-c18ce3629a84', '2021-07-07', 2021, 'ea05b523-f673-4b0a-af93-4696ef68589a', 'Opening Balance', NULL, NULL, 'f9d0b90d-631a-4f45-982c-d8223bd65c0d', NULL, NULL, NULL, NULL, 'a7546905-c250-4ac3-ac07-8d940e811433', NULL, 0, 0, NULL, NULL, NULL, '0.00', 'Opening Balance', NULL, '2021-07-08 05:30:29', '2021-07-08 05:30:29', 0, NULL),
('e1d50d12-60ca-425c-b6e9-83d8a2212c15', '2021-02-21', 2102, 'ae3b0fe8-5f4c-4327-8624-748d572e9c27', 'grn_purchase', '55e33ec2-dd8f-4e55-8166-91adbb01b1c3', '3371bccf-c33b-48f4-9ec3-e3b79ccc85ed', 'f9d0b90d-631a-4f45-982c-d8223bd65c0d', NULL, NULL, NULL, NULL, '1a94e739-6a47-4d58-bb4e-725c5375903c', 0, 0, 0, 0, 'Pcs', '7.70', '0.00', NULL, NULL, '2021-03-22 16:26:48', '2021-03-22 16:26:48', 0, NULL),
('e228d1c8-5ff8-44af-9af1-e67d88a2c1dd', '2021-07-07', 2021, 'ea05b523-f673-4b0a-af93-4696ef68589a', 'Opening Balance', NULL, NULL, 'f9d0b90d-631a-4f45-982c-d8223bd65c0d', NULL, NULL, NULL, NULL, '9e55e4ee-ed2d-41bd-974f-bf2e1378d78f', NULL, 0, 0, NULL, NULL, NULL, '0.00', 'Opening Balance', NULL, '2021-07-08 05:30:29', '2021-07-08 05:30:29', 0, NULL),
('e2a38573-09e5-4a47-9215-8a975e71c106', '2021-02-28', 2102, 'ae3b0fe8-5f4c-4327-8624-748d572e9c27', 'grn_purchase', '3be57eab-e03b-4709-a3d7-fa0b51c75e19', '37814ba8-0dee-4c62-a1af-bcb9d232814e', 'f9d0b90d-631a-4f45-982c-d8223bd65c0d', NULL, NULL, NULL, NULL, 'b72b0ce8-c2aa-4d81-ad3e-124b246d3c14', 0, 0, 0, 0, 'KG', '2000.00', NULL, NULL, NULL, '2021-04-12 06:17:24', '2021-04-12 06:17:24', 0, NULL),
('e33eb17e-327a-4b9d-b742-69086d78250a', '2021-02-22', 2102, 'ae3b0fe8-5f4c-4327-8624-748d572e9c27', 'grn_purchase', 'c790dee3-240d-4f76-bd75-17b97101230f', '3c8978b1-7ed0-4542-83c0-7627af4eee96', 'f9d0b90d-631a-4f45-982c-d8223bd65c0d', NULL, NULL, NULL, NULL, '6b0ddec9-6fa7-43cb-9112-7a1e4f622fe9', 1, 0, 0, 1, 'KG', '1500.00', '1140.00', NULL, NULL, '2021-04-12 06:15:18', '2021-04-12 06:15:18', 0, NULL),
('e3b3e4d7-0cfa-4928-bb82-36984236bf3f', '2021-02-22', 2021, 'ea05b523-f673-4b0a-af93-4696ef68589a', 'delivery_order', '89b1ba17-9426-476c-8441-1b6c17e123a0', '3431e25a-fd44-420e-bd82-6d50043f3a54', 'f9d0b90d-631a-4f45-982c-d8223bd65c0d', NULL, NULL, NULL, NULL, '332a9e3d-a1fb-4250-ae29-a8cd1fd2cdc6', 0, 5000, 0, 0, 'Tray', '160.53', '802650.08', '1000-483 Invoice Issue Remaining balance 517 GST Invoice Pending ( MR-200ML Mango)', NULL, '2021-06-15 12:37:54', '2021-06-15 12:37:54', 0, NULL),
('e3e8aa2f-9890-4e0b-b5b0-f449b14a661f', '2021-02-08', 2021, 'ae3b0fe8-5f4c-4327-8624-748d572e9c27', 'gin_wip update', 'a66cd017-0f72-4cf0-a283-4037841572b2', 'a66cd017-0f72-4cf0-a283-4037841572b2', 'f9d0b90d-631a-4f45-982c-d8223bd65c0d', 'Completed', NULL, NULL, NULL, 'f918cfd1-43cc-46a0-9390-6119da495d02', 246096, 0, 0, 246096, 'Pcs', '3.33', '819499.68', 'Stock adjustment while GIN edit', NULL, '2021-06-07 01:18:33', '2021-06-07 01:18:33', 0, NULL),
('e4af2953-8efd-43a4-9621-617fd488c322', '2021-07-07', 2021, 'ea05b523-f673-4b0a-af93-4696ef68589a', 'Opening Balance', NULL, NULL, 'f9d0b90d-631a-4f45-982c-d8223bd65c0d', NULL, NULL, NULL, NULL, 'd58748ab-557f-473b-8208-4eb55be72890', NULL, 0, 0, NULL, NULL, NULL, '0.00', 'Opening Balance', NULL, '2021-07-08 05:30:29', '2021-07-08 05:30:29', 0, NULL),
('e53872e4-dd03-4c5a-af97-11ebcfbe93e0', '2021-02-08', 2021, 'ae3b0fe8-5f4c-4327-8624-748d572e9c27', 'gin_wip update', 'a66cd017-0f72-4cf0-a283-4037841572b2', 'a66cd017-0f72-4cf0-a283-4037841572b2', 'f9d0b90d-631a-4f45-982c-d8223bd65c0d', 'Completed', NULL, NULL, NULL, '1a94e739-6a47-4d58-bb4e-725c5375903c', 6066, 0, 6066, 0, 'Pcs', '9.00', '54594.00', 'Stock adjustment while GIN edit', NULL, '2021-06-07 01:18:33', '2021-06-07 01:18:33', 0, NULL),
('e55bd8cd-f038-4176-9c2f-1e9b50bb9aa9', '2021-03-27', 2021, 'ae3b0fe8-5f4c-4327-8624-748d572e9c27', 'grn_wip', '17ae33e5-edbf-473a-9722-3f3ff12665b4', NULL, 'f9d0b90d-631a-4f45-982c-d8223bd65c0d', 'Completed', NULL, NULL, NULL, '71b6bcc8-0436-41e2-8ceb-ade9a3065845', 1020, 0, 0, 1020, 'Tray', '254.85', '259945.75', NULL, NULL, '2021-06-20 11:48:25', '2021-06-20 11:48:25', 0, 'MR-200ML-21-00011'),
('e5cf4a3b-44e7-4b58-bd8b-c8309b4c58b3', '2021-04-17', 2021, 'ae3b0fe8-5f4c-4327-8624-748d572e9c27', 'gin_wip', 'b797a3cf-abca-4943-acc6-7df14ee2f223', '5dbf281c-92f9-42ce-a202-8dd0e3c244bb', 'f9d0b90d-631a-4f45-982c-d8223bd65c0d', 'Completed', NULL, NULL, NULL, 'c8d5d6f6-b614-4899-a78b-48fef22699e2', 0, 61848, 0, 0, 'Pcs', '5.60', '346522.64', 'All Issued April-2021 MIR.', NULL, '2021-06-22 05:44:01', '2021-06-22 05:44:01', 0, NULL),
('e61626be-87d1-4878-8ca9-40a4ff88eb8a', '2021-02-18', 2102, 'ae3b0fe8-5f4c-4327-8624-748d572e9c27', 'grn_purchase', '1cc3906c-01f3-43bf-9d05-96aeda2e1d70', 'd75b27bd-4729-4b74-9dc4-914f9791f2cf', 'f9d0b90d-631a-4f45-982c-d8223bd65c0d', NULL, NULL, NULL, NULL, '9e55e4ee-ed2d-41bd-974f-bf2e1378d78f', 53, 0, 0, 53, 'KG', '651.00', '34255.62', 'AAA', NULL, '2021-04-12 06:11:42', '2021-04-12 06:11:42', 0, NULL),
('e6e3cc02-add2-40cc-965b-1c496cc64934', '2021-02-28', 2021, 'ea05b523-f673-4b0a-af93-4696ef68589a', 'grn_wip', '313b84be-a2b5-4f97-a5cd-78c5606ee558', NULL, 'f9d0b90d-631a-4f45-982c-d8223bd65c0d', 'Completed', NULL, NULL, NULL, '964c865f-ebb6-48d2-95cb-6d460e30c297', 1219, 0, 1119, 100, 'Ctn', '421.81', '514182.13', NULL, NULL, '2021-06-13 06:04:02', '2021-06-13 06:04:02', 0, 'MR-250ML-21-00007'),
('e6ef1b4c-57ba-4716-a19d-53f910073db5', '2021-02-17', 2021, 'ae3b0fe8-5f4c-4327-8624-748d572e9c27', 'gin_wip', '662d96c8-9eef-482b-ae6d-763c3da1d842', '49b995af-71af-4ab4-bfb1-c08707c2faed', 'f9d0b90d-631a-4f45-982c-d8223bd65c0d', 'Completed', NULL, NULL, NULL, '8df7c58f-9091-4a4c-b9d0-1c65fb5992c7', 0, 67080, 0, 0, 'Pcs', '3.33', '223376.40', 'MIR # 2021-0003', NULL, '2021-06-20 08:44:26', '2021-06-20 08:44:26', 0, NULL),
('e6fae6c6-c166-4d94-b0d0-901cae95dd26', '2021-02-28', 2021, 'ea05b523-f673-4b0a-af93-4696ef68589a', 'delivery_order', '7a8f3f8d-5d67-499e-87bf-fd861c70d8f8', '4e3cae3c-f183-401d-b9d7-2d88a36e0fa4', 'f9d0b90d-631a-4f45-982c-d8223bd65c0d', NULL, NULL, NULL, NULL, '70377159-1d37-41d7-86fd-ec24afbb19e2', 0, 232, 0, 0, 'Ctn', '428.26', '99356.32', 'Mango 200 ml 660 CTn Invoice Pending GST.\r\nRate Given 520 250ml.', NULL, '2021-06-15 12:27:15', '2021-06-15 12:27:15', 0, NULL),
('e71b1a9e-0e6a-4617-9c6d-a19f90630de5', '2021-03-26', 2103, 'ae3b0fe8-5f4c-4327-8624-748d572e9c27', 'grn_purchase', 'bc05831e-29ac-4019-8481-fa5a2ae148f6', '7b7e8ee8-80a5-4acd-857a-39ef146c012a', 'f9d0b90d-631a-4f45-982c-d8223bd65c0d', NULL, NULL, NULL, NULL, 'ddbeb847-9738-424d-b5cd-817ea8c280f2', 3075, 0, 0, 3075, 'Pcs', '9.50', '29212.50', NULL, NULL, '2021-03-29 09:21:51', '2021-03-29 09:21:51', 0, NULL),
('e90b414a-9f5c-418d-b624-3c4b47eac22c', '2021-02-21', 2021, 'ea05b523-f673-4b0a-af93-4696ef68589a', 'do update', '4d3766a5-a893-42d4-9bc4-5155c097d5d2', '4d3766a5-a893-42d4-9bc4-5155c097d5d2', 'f9d0b90d-631a-4f45-982c-d8223bd65c0d', NULL, NULL, NULL, NULL, '71b6bcc8-0436-41e2-8ceb-ade9a3065845', 30, 0, 0, 30, 'Tray', '273.79', '8213.70', 'Stock adjustment while GIN edit', NULL, '2021-06-15 12:36:55', '2021-06-15 12:36:55', 0, NULL),
('e9ab2b30-cbdc-45b0-ac73-cd19ef8546f1', '2021-07-07', 2021, 'ea05b523-f673-4b0a-af93-4696ef68589a', 'Opening Balance', NULL, NULL, 'f9d0b90d-631a-4f45-982c-d8223bd65c0d', NULL, NULL, NULL, NULL, '1a94e739-6a47-4d58-bb4e-725c5375903c', NULL, 0, 0, NULL, NULL, NULL, '0.00', 'Opening Balance', NULL, '2021-07-08 05:30:29', '2021-07-08 05:30:29', 0, NULL),
('ea965783-baee-40fe-9ffb-e0b5152c1130', '2021-02-27', 2102, 'ae3b0fe8-5f4c-4327-8624-748d572e9c27', 'grn_purchase', '14466fc4-6e50-4f23-bedc-444066990a8c', 'd3683350-7ad1-400f-8010-7d75a65e703f', 'f9d0b90d-631a-4f45-982c-d8223bd65c0d', NULL, NULL, NULL, NULL, '1a94e739-6a47-4d58-bb4e-725c5375903c', 0, 0, 0, 0, 'Pcs', '7.70', '0.00', NULL, NULL, '2021-03-22 16:28:59', '2021-03-22 16:28:59', 0, NULL),
('ec6ba0f1-5ace-4e49-a933-44cfe9e80fa8', '2021-02-08', 2021, 'ae3b0fe8-5f4c-4327-8624-748d572e9c27', 'gin_wip update', 'a66cd017-0f72-4cf0-a283-4037841572b2', 'a66cd017-0f72-4cf0-a283-4037841572b2', 'f9d0b90d-631a-4f45-982c-d8223bd65c0d', 'Completed', NULL, NULL, NULL, 'daa2dddb-b342-4ab0-b8dd-a952d7bd52be', 12309, 0, 0, 12309, 'Pcs', '4.83', '59452.47', 'Stock adjustment while GIN edit', NULL, '2021-06-07 01:18:33', '2021-06-07 01:18:33', 0, NULL),
('ec9f1865-6134-4916-9650-5ff71b8b6efd', '2021-02-17', 2102, 'ae3b0fe8-5f4c-4327-8624-748d572e9c27', 'grn_purchase', '551b8fb7-6015-4ecd-9d86-413f8ea1f5ca', 'ecc0fc16-4553-4d5f-bcb0-dbf0b33f35e8', 'f9d0b90d-631a-4f45-982c-d8223bd65c0d', NULL, NULL, NULL, NULL, 'cb5a1a7d-9dc6-49b7-9711-c007985762a5', 900, 0, 0, 900, 'Pcs', '24.50', '22050.00', NULL, NULL, '2021-03-22 16:26:09', '2021-03-22 16:26:09', 0, NULL),
('ecfe4cbb-31d6-4a95-bff6-8d24a7cbf40a', '2021-03-29', 2103, 'ae3b0fe8-5f4c-4327-8624-748d572e9c27', 'grn_purchase', '456a31a2-7b64-456b-aafd-52e249fcb45c', '3ab411ba-3fc2-45c1-8e43-f4dd94065956', 'f9d0b90d-631a-4f45-982c-d8223bd65c0d', NULL, NULL, NULL, NULL, 'ce1dd112-3270-4861-acb6-70c4f02bb1f2', 0, 0, 0, 0, 'Pcs', '5.63', '0.00', 'AAA', NULL, '2021-03-31 16:10:27', '2021-03-31 16:10:27', 0, NULL),
('ed4e0df9-1790-4d9c-af67-a2dcf2320aac', '2021-07-07', 2021, 'ea05b523-f673-4b0a-af93-4696ef68589a', 'Opening Balance', NULL, NULL, 'f9d0b90d-631a-4f45-982c-d8223bd65c0d', NULL, NULL, NULL, NULL, 'daba05ef-e204-426e-b143-cd3282ac756b', NULL, 0, 0, NULL, NULL, NULL, '0.00', 'Opening Balance', NULL, '2021-07-08 05:30:29', '2021-07-08 05:30:29', 0, NULL),
('edcaeb6b-7a97-4887-9fa8-e47b74be0fca', '2021-02-25', 2102, 'ae3b0fe8-5f4c-4327-8624-748d572e9c27', 'grn_purchase', '7e7d13a2-c798-443b-861a-335f1fc5536a', 'a80b9fbe-1cb3-4597-a670-346994b61d9e', 'f9d0b90d-631a-4f45-982c-d8223bd65c0d', NULL, NULL, NULL, NULL, 'a762acbf-7c99-4239-a236-2fb14836dc03', 143880, 0, 3372, 140508, 'Pcs', '5.07', '729471.60', NULL, NULL, '2021-03-22 15:26:16', '2021-03-22 15:26:16', 0, NULL),
('ee0e21ea-c88d-44d2-84c7-ea67b7f3d718', '2021-02-11', 2102, 'ae3b0fe8-5f4c-4327-8624-748d572e9c27', 'grn_purchase', 'e8e33049-0a19-4fea-93fb-eebd2dc97b3c', 'ba639f0c-8e36-49fa-b47d-52d8ea6f148b', 'f9d0b90d-631a-4f45-982c-d8223bd65c0d', NULL, NULL, NULL, NULL, '1a94e739-6a47-4d58-bb4e-725c5375903c', 6291, 0, 1239, 5052, 'Pcs', '7.70', '48440.70', NULL, NULL, '2021-03-22 16:24:45', '2021-03-22 16:24:45', 0, NULL),
('f01d8a79-d0bb-440f-8e49-040733cae036', '2021-03-14', 2021, 'ae3b0fe8-5f4c-4327-8624-748d572e9c27', 'delivery_order', 'ccd598fc-2be6-43a6-9901-f1c76ca84ee1', '5306d9c9-08b6-44c4-8daf-9c27e3776dce', 'f9d0b90d-631a-4f45-982c-d8223bd65c0d', NULL, NULL, NULL, NULL, '964c865f-ebb6-48d2-95cb-6d460e30c297', 0, 246, 0, 0, 'Ctn', '445.30', '109543.80', 'Gate Pass # 7398.', NULL, '2021-06-21 12:42:02', '2021-06-21 12:42:02', 0, NULL),
('f0366c95-1a21-4c41-8a02-03c56e4158f8', '2021-05-25', 2105, 'ae3b0fe8-5f4c-4327-8624-748d572e9c27', 'gin_wip', 'ed2e70c8-a471-4f88-b2b1-42150591bb20', '24345625-4196-40eb-b6f3-cf6043545680', 'f9d0b90d-631a-4f45-982c-d8223bd65c0d', 'Completed', NULL, NULL, NULL, 'a3157a27-0e5c-41c1-a5c8-61b78fcacf62', 0, 9000, 0, 0, 'Pcs', '5.95', '53550.00', NULL, NULL, '2021-05-25 13:13:58', '2021-05-25 13:13:58', 0, NULL),
('f1fc73aa-dfda-4022-96d1-80a1b417fe49', '2021-07-07', 2021, 'ea05b523-f673-4b0a-af93-4696ef68589a', 'Opening Balance', NULL, NULL, 'f9d0b90d-631a-4f45-982c-d8223bd65c0d', NULL, NULL, NULL, NULL, 'daa2dddb-b342-4ab0-b8dd-a952d7bd52be', NULL, 0, 0, NULL, NULL, NULL, '0.00', 'Opening Balance', NULL, '2021-07-08 05:30:29', '2021-07-08 05:30:29', 0, NULL),
('f21c3519-2f55-4cd5-bf3e-89c14f8eac0a', '2021-02-18', 2102, 'ae3b0fe8-5f4c-4327-8624-748d572e9c27', 'grn_purchase', '1cc3906c-01f3-43bf-9d05-96aeda2e1d70', '94088455-cefd-4d5f-aea5-b1ea21ca321d', 'f9d0b90d-631a-4f45-982c-d8223bd65c0d', NULL, NULL, NULL, NULL, 'd58748ab-557f-473b-8208-4eb55be72890', 22, 0, 0, 22, 'KG', '1630.00', '35599.20', 'AAA', NULL, '2021-04-12 06:11:42', '2021-04-12 06:11:42', 0, NULL),
('f23761dc-b3b7-4132-bc7b-e3864dbfc76a', '2021-02-14', 2021, 'ea05b523-f673-4b0a-af93-4696ef68589a', 'delivery_order', 'f16c6344-567f-40e8-be3a-7f5a43d51976', 'd1ca0b5a-406c-4f85-85d4-81b684545050', 'f9d0b90d-631a-4f45-982c-d8223bd65c0d', NULL, NULL, NULL, NULL, '332a9e3d-a1fb-4250-ae29-a8cd1fd2cdc6', 0, 3581, 0, 0, 'Tray', '164.98', '590793.38', NULL, NULL, '2021-06-15 11:29:33', '2021-06-15 11:29:33', 0, NULL),
('f33368a0-c2ea-45ed-8fcc-21473258397f', '2021-02-28', 2102, 'ae3b0fe8-5f4c-4327-8624-748d572e9c27', 'grn_purchase', 'dbbbcb16-de04-4da2-bd57-9a9d94085ef3', '4400a997-bdbf-4744-a07f-1df758fa95fa', 'f9d0b90d-631a-4f45-982c-d8223bd65c0d', NULL, NULL, NULL, NULL, 'c8d5d6f6-b614-4899-a78b-48fef22699e2', 53505, 0, 0, 53505, 'Pcs', '5.07', '271270.35', NULL, NULL, '2021-03-22 15:27:56', '2021-03-22 15:27:56', 0, NULL),
('f3d8e6fe-864a-469c-b9eb-3f9ae079eb21', '2021-02-17', 2102, 'ae3b0fe8-5f4c-4327-8624-748d572e9c27', 'grn_purchase', '551b8fb7-6015-4ecd-9d86-413f8ea1f5ca', 'eb715757-6eee-491b-9fbd-ad08404c3c65', 'f9d0b90d-631a-4f45-982c-d8223bd65c0d', NULL, NULL, NULL, NULL, '1a94e739-6a47-4d58-bb4e-725c5375903c', 0, 0, 0, 0, 'Pcs', '7.70', '0.00', NULL, NULL, '2021-03-22 16:26:09', '2021-03-22 16:26:09', 0, NULL),
('f4a40fea-a7f9-4bc6-ba5c-e67cb299ae37', '2021-02-22', 2021, 'ea05b523-f673-4b0a-af93-4696ef68589a', 'do update', '89b1ba17-9426-476c-8441-1b6c17e123a0', '89b1ba17-9426-476c-8441-1b6c17e123a0', 'f9d0b90d-631a-4f45-982c-d8223bd65c0d', NULL, NULL, NULL, NULL, '332a9e3d-a1fb-4250-ae29-a8cd1fd2cdc6', 5000, 0, 0, 5000, 'Tray', '149.30', '746500.00', 'Stock adjustment while GIN edit', NULL, '2021-06-15 12:44:59', '2021-06-15 12:44:59', 0, NULL),
('f5d38f86-e260-4dfb-b8fa-94b79452c01c', '2021-05-24', 2105, 'ae3b0fe8-5f4c-4327-8624-748d572e9c27', 'grn_purchase', 'b3f620f1-d19f-4ee9-8b9d-3b8de6a4aa9e', 'b66752b9-7bb1-4bda-8593-ed3e419974ca', 'f9d0b90d-631a-4f45-982c-d8223bd65c0d', NULL, NULL, NULL, NULL, 'd58748ab-557f-473b-8208-4eb55be72890', 0, 0, 0, 0, 'KG', '430.00', '0.00', NULL, NULL, '2021-05-24 04:53:09', '2021-05-24 04:53:09', 0, NULL),
('f5fa331d-cdca-4a1a-ada9-1e6fa7db4397', '2021-02-22', 2102, 'ea05b523-f673-4b0a-af93-4696ef68589a', 'grn_wip', '263476fc-75a4-4437-bffb-09f2c2229970', NULL, 'f9d0b90d-631a-4f45-982c-d8223bd65c0d', 'Completed', NULL, NULL, NULL, '332a9e3d-a1fb-4250-ae29-a8cd1fd2cdc6', 6353, 0, 5999, 354, 'Tray', '149.30', '948504.42', NULL, NULL, '2021-05-27 16:12:03', '2021-05-27 16:12:03', 0, 'CS-125ML-21-00005'),
('f605b8e3-90fe-4ca2-8e1e-edb8078fc174', '2021-08-07', 2021, 'ea05b523-f673-4b0a-af93-4696ef68589a', 'sales_return', '6c3cdf15-bc2f-45ea-9e70-b7c61d7b33b0', '41599733-29bd-487b-a695-ebfc7a576d61', 'f9d0b90d-631a-4f45-982c-d8223bd65c0d', NULL, NULL, NULL, NULL, '71b6bcc8-0436-41e2-8ceb-ade9a3065845', 12, 0, 0, 0, 'TRAY', '355020.00', '4260240.00', 'return 2021-08-07', NULL, '2021-08-07 06:57:50', '2021-08-07 06:57:50', 16, NULL),
('f6a20ace-6106-4b9a-8f69-90abe620389f', '2021-03-06', 2021, 'ea05b523-f673-4b0a-af93-4696ef68589a', 'delivery_order', '9d948ede-c233-41bb-840e-86d61ae4f7e8', 'eea85f8b-175d-47e0-9f73-5a661cc45bce', 'f9d0b90d-631a-4f45-982c-d8223bd65c0d', NULL, NULL, NULL, NULL, '71b6bcc8-0436-41e2-8ceb-ade9a3065845', 0, 970, 0, 0, 'Tray', '244.30', '236971.00', NULL, NULL, '2021-06-21 12:34:11', '2021-06-21 12:34:11', 0, NULL),
('f6ec5988-c525-45c0-ad44-dfc6f61a71b9', '2021-07-07', 2021, 'ea05b523-f673-4b0a-af93-4696ef68589a', 'Opening Balance', NULL, NULL, 'f9d0b90d-631a-4f45-982c-d8223bd65c0d', NULL, NULL, NULL, NULL, '70377159-1d37-41d7-86fd-ec24afbb19e2', NULL, 0, 0, NULL, NULL, NULL, '0.00', 'Opening Balance', NULL, '2021-07-08 05:30:29', '2021-07-08 05:30:29', 0, NULL),
('f6f1ceaf-5783-4098-8ec1-78da041e2307', '2021-02-28', 2021, 'ea05b523-f673-4b0a-af93-4696ef68589a', 'delivery_order', '90dd6506-8439-4cc2-9d61-a7c6b96b6c9d', '3cd6800b-945a-4c98-830d-abc89b3513cc', 'f9d0b90d-631a-4f45-982c-d8223bd65c0d', NULL, NULL, NULL, NULL, '71b6bcc8-0436-41e2-8ceb-ade9a3065845', 0, 606, 0, 0, 'Tray', '244.30', '148045.80', 'Remaining Order ( 2021-0007) of 606 CTN GST', NULL, '2021-06-15 12:30:15', '2021-06-15 12:30:15', 0, NULL),
('f70c8c2a-1aee-4711-bc60-1cf8d1bdc6d5', '2021-02-08', 2102, 'ae3b0fe8-5f4c-4327-8624-748d572e9c27', 'gin_wip', 'a66cd017-0f72-4cf0-a283-4037841572b2', '12af9459-2be5-4ca8-8b59-4ab35f22be41', 'f9d0b90d-631a-4f45-982c-d8223bd65c0d', 'Completed', NULL, NULL, NULL, 'a3157a27-0e5c-41c1-a5c8-61b78fcacf62', 0, 23689, 0, 0, 'Pcs', '5.95', '140949.55', 'AAA', NULL, '2021-05-25 09:51:31', '2021-05-25 09:51:31', 0, NULL),
('f876b554-b9ba-4c77-acce-1a36576389d6', '2021-02-18', 2102, 'ae3b0fe8-5f4c-4327-8624-748d572e9c27', 'grn_purchase', '1cc3906c-01f3-43bf-9d05-96aeda2e1d70', 'f7bf925d-d45d-4054-a235-388075f7c569', 'f9d0b90d-631a-4f45-982c-d8223bd65c0d', NULL, NULL, NULL, NULL, '75b3f18e-55a5-459d-b839-77d37d3145e1', 3, 0, 0, 3, 'KG', '200.00', '608.00', 'AAA', NULL, '2021-04-12 06:11:42', '2021-04-12 06:11:42', 0, NULL),
('f9ad1d49-e770-4d6e-9e80-1e363222551f', '2021-02-08', 2021, 'ae3b0fe8-5f4c-4327-8624-748d572e9c27', 'gin_wip update', 'a66cd017-0f72-4cf0-a283-4037841572b2', 'a66cd017-0f72-4cf0-a283-4037841572b2', 'f9d0b90d-631a-4f45-982c-d8223bd65c0d', 'Completed', NULL, NULL, NULL, 'a762acbf-7c99-4239-a236-2fb14836dc03', 55232, 0, 0, 55232, 'Pcs', '5.07', '280026.24', 'Stock adjustment while GIN edit', NULL, '2021-06-07 01:18:33', '2021-06-07 01:18:33', 0, NULL),
('fa5081b7-d00e-4600-8424-68e3a6963097', '2021-02-14', 2021, 'ea05b523-f673-4b0a-af93-4696ef68589a', 'do update', 'f16c6344-567f-40e8-be3a-7f5a43d51976', 'f16c6344-567f-40e8-be3a-7f5a43d51976', 'f9d0b90d-631a-4f45-982c-d8223bd65c0d', NULL, NULL, NULL, NULL, '2964bb13-9fa9-448f-8282-69dbf8bd2a20', 2799, 0, 0, 2799, 'Tray', '158.31', '443100.12', 'Stock adjustment while GIN edit', NULL, '2021-06-15 12:36:13', '2021-06-15 12:36:13', 0, NULL),
('fa959fda-6eb2-4edd-b81e-8feb1dbd9d27', '2021-03-13', 2103, 'ae3b0fe8-5f4c-4327-8624-748d572e9c27', 'grn_purchase', '79920932-e66a-4e09-9d52-09daa91265f6', '9efbebc2-f88b-4f91-b229-ac504b8643ac', 'f9d0b90d-631a-4f45-982c-d8223bd65c0d', NULL, NULL, NULL, NULL, '29f3b48a-364e-4513-95ab-5ba86ca5dae4', 0, 0, 0, 0, 'Pcs', '5.63', '0.00', NULL, NULL, '2021-03-22 16:21:25', '2021-03-22 16:21:25', 0, NULL),
('fabc42e3-0541-49f2-8190-dba5b195a670', '2021-02-11', 2102, 'ae3b0fe8-5f4c-4327-8624-748d572e9c27', 'grn_purchase', 'e8e33049-0a19-4fea-93fb-eebd2dc97b3c', '6ac4e71e-d756-4841-b5c2-4b437b428c77', 'f9d0b90d-631a-4f45-982c-d8223bd65c0d', NULL, NULL, NULL, NULL, 'a3157a27-0e5c-41c1-a5c8-61b78fcacf62', 0, 0, 0, 0, 'Pcs', '5.95', '0.00', NULL, NULL, '2021-03-22 16:24:45', '2021-03-22 16:24:45', 0, NULL),
('face867e-673c-474e-ae8c-94602e1a33c7', '2021-04-20', 2021, 'ae3b0fe8-5f4c-4327-8624-748d572e9c27', 'grn_wip', '03a75fae-d2a0-4995-9a12-53fdcdedfe11', NULL, 'f9d0b90d-631a-4f45-982c-d8223bd65c0d', 'Completed', NULL, NULL, NULL, '70377159-1d37-41d7-86fd-ec24afbb19e2', 1951, 0, 0, 1951, 'Ctn', '455.01', '887724.48', NULL, NULL, '2021-06-22 10:17:48', '2021-06-22 10:17:48', 0, 'MR-250ML-21-00019'),
('fc9d15e8-4adf-4065-ba89-74d4548dbd59', '2021-02-23', 2021, 'ea05b523-f673-4b0a-af93-4696ef68589a', 'do update', '7640958f-bcc9-4e0c-b6a4-a9d8aa23e154', '7640958f-bcc9-4e0c-b6a4-a9d8aa23e154', 'f9d0b90d-631a-4f45-982c-d8223bd65c0d', NULL, NULL, NULL, NULL, '71b6bcc8-0436-41e2-8ceb-ade9a3065845', 517, 0, 0, 517, 'Tray', '244.30', '126303.10', 'Stock adjustment while GIN edit', NULL, '2021-06-15 13:26:53', '2021-06-15 13:26:53', 0, NULL),
('fe61941b-ad52-4f1c-a8a3-2cfa99ace3e9', '2021-02-22', 2021, 'ea05b523-f673-4b0a-af93-4696ef68589a', 'delivery_order', '89b1ba17-9426-476c-8441-1b6c17e123a0', '62de8842-c2a4-4839-8388-02ae6a342e4a', 'f9d0b90d-631a-4f45-982c-d8223bd65c0d', NULL, NULL, NULL, NULL, '2964bb13-9fa9-448f-8282-69dbf8bd2a20', 0, 500, 0, 0, 'Tray', '162.00', '81000.00', '1000-483 Invoice Issue Remaining balance 517 GST Invoice Pending ( MR-200ML Mango)', NULL, '2021-06-15 06:30:20', '2021-06-15 06:30:20', 0, NULL),
('fe7e7fc5-96e8-4c9d-a68c-0e67d60f9c81', '2021-08-09', 2021, 'ea05b523-f673-4b0a-af93-4696ef68589a', 'grn_purchase', '4db4f75e-0d12-478c-b1ae-2705401c8fe7', '21a896e4-ccbf-4ae9-8aa4-9f96d5f1b655', 'f9d0b90d-631a-4f45-982c-d8223bd65c0d', NULL, NULL, NULL, NULL, '0928fe94-c46c-4316-a575-63fd0530a665', 200, 0, 0, 200, 'Pcs', '88.87', '17773.33', 'Approved Quantity', NULL, '2021-08-09 00:01:05', '2021-08-09 00:01:05', 18, NULL),
('fe96aa75-88f8-4496-8607-0ce04c2ed1bf', '2021-02-22', 2021, 'ea05b523-f673-4b0a-af93-4696ef68589a', 'delivery_order', '89b1ba17-9426-476c-8441-1b6c17e123a0', '57009808-2c51-4ee8-955b-abc70a6c580d', 'f9d0b90d-631a-4f45-982c-d8223bd65c0d', NULL, NULL, NULL, NULL, '332a9e3d-a1fb-4250-ae29-a8cd1fd2cdc6', 0, 5000, 0, 0, 'Tray', '149.30', '746500.00', '1000-483 Invoice Issue Remaining balance 517 GST Invoice Pending ( MR-200ML Mango)', NULL, '2021-06-15 06:30:20', '2021-06-15 06:30:20', 0, NULL),
('fe9f7f08-0bb0-4f21-8bf2-94f560ef088d', '2021-02-08', 2021, 'ae3b0fe8-5f4c-4327-8624-748d572e9c27', 'gin_wip', 'a66cd017-0f72-4cf0-a283-4037841572b2', '907aa517-7eac-4939-a2d0-c6b1969a0923', 'f9d0b90d-631a-4f45-982c-d8223bd65c0d', 'Completed', NULL, NULL, NULL, 'cb5a1a7d-9dc6-49b7-9711-c007985762a5', 0, 5151, 0, 0, 'Pcs', '24.50', '728635.50', NULL, NULL, '2021-06-07 01:18:33', '2021-06-07 01:18:33', 0, NULL),
('ff951ea7-f770-4189-a08e-1a394d6fb1d8', '2021-05-25', 2105, 'ae3b0fe8-5f4c-4327-8624-748d572e9c27', 'grn_purchase', '4d594a5c-4a91-496d-99ff-af9848b97cea', 'bfa24189-45d9-4a8a-8563-c3eb12a8e078', 'f9d0b90d-631a-4f45-982c-d8223bd65c0d', NULL, NULL, NULL, NULL, 'a762acbf-7c99-4239-a236-2fb14836dc03', 108460, 0, 0, 108460, 'Pcs', '5.74', '622560.40', 'AAA', NULL, '2021-05-25 15:18:04', '2021-05-25 15:18:04', 0, NULL),
('1f053c05-a265-4bca-a8df-0efd449ba96a', '2021-09-09', 2021, 'ae3b0fe8-5f4c-4327-8624-748d572e9c27', 'Opening Balance', NULL, NULL, 'f9d0b90d-631a-4f45-982c-d8223bd65c0d', NULL, NULL, NULL, NULL, 'a3157a27-0e5c-41c1-a5c8-61b78fcacf62', 250, 0, 0, 250, NULL, '5.00', '1250.00', 'Opening Balance', NULL, '2021-09-09 04:44:18', '2021-09-09 04:44:18', 19, NULL),
('c9e49b10-a911-4794-bd0f-9fbbfd9080e4', '2021-09-09', 2021, 'ae3b0fe8-5f4c-4327-8624-748d572e9c27', 'Opening Balance', NULL, NULL, 'f9d0b90d-631a-4f45-982c-d8223bd65c0d', NULL, NULL, NULL, NULL, 'f598a2d8-bf18-420d-9b40-80f60d090c8d', 360, 0, 360, 0, NULL, '2.00', '720.00', 'Opening Balance', NULL, '2021-09-09 04:44:18', '2021-09-09 04:44:18', 20, NULL),
('69bbe438-7747-47c7-a665-642a108c03b0', '2021-09-09', 2021, 'ae3b0fe8-5f4c-4327-8624-748d572e9c27', 'Opening Balance', NULL, NULL, 'f9d0b90d-631a-4f45-982c-d8223bd65c0d', NULL, NULL, NULL, NULL, '1a94e739-6a47-4d58-bb4e-725c5375903c', NULL, 0, 0, NULL, NULL, NULL, '0.00', 'Opening Balance', NULL, '2021-09-09 04:44:18', '2021-09-09 04:44:18', 21, NULL),
('8b806dcb-081f-4fa9-8afc-962decdcb844', '2021-09-09', 2021, 'ae3b0fe8-5f4c-4327-8624-748d572e9c27', 'Opening Balance', NULL, NULL, 'f9d0b90d-631a-4f45-982c-d8223bd65c0d', NULL, NULL, NULL, NULL, 'ba1b0ca7-9cfd-4d61-a5a0-b95949117feb', NULL, 0, 0, NULL, NULL, NULL, '0.00', 'Opening Balance', NULL, '2021-09-09 04:44:18', '2021-09-09 04:44:18', 22, NULL),
('19158a11-1c6f-41e3-a350-7c986c0e1719', '2021-09-09', 2021, 'ae3b0fe8-5f4c-4327-8624-748d572e9c27', 'Opening Balance', NULL, NULL, 'f9d0b90d-631a-4f45-982c-d8223bd65c0d', NULL, NULL, NULL, NULL, 'c1fd2b49-0aec-457e-aef6-f8af33604d34', NULL, 0, 0, NULL, NULL, NULL, '0.00', 'Opening Balance', NULL, '2021-09-09 04:44:18', '2021-09-09 04:44:18', 23, NULL),
('9e3c1c54-e6af-4d17-b288-867473f8c347', '2021-09-09', 2021, 'ae3b0fe8-5f4c-4327-8624-748d572e9c27', 'Opening Balance', NULL, NULL, 'f9d0b90d-631a-4f45-982c-d8223bd65c0d', NULL, NULL, NULL, NULL, 'ddbeb847-9738-424d-b5cd-817ea8c280f2', NULL, 0, 0, NULL, NULL, NULL, '0.00', 'Opening Balance', NULL, '2021-09-09 04:44:18', '2021-09-09 04:44:18', 24, NULL),
('95ec5ddb-fec4-47f1-89ca-b8dabba4a825', '2021-09-09', 2021, 'ae3b0fe8-5f4c-4327-8624-748d572e9c27', 'Opening Balance', NULL, NULL, 'f9d0b90d-631a-4f45-982c-d8223bd65c0d', NULL, NULL, NULL, NULL, 'cb5a1a7d-9dc6-49b7-9711-c007985762a5', NULL, 0, 0, NULL, NULL, NULL, '0.00', 'Opening Balance', NULL, '2021-09-09 04:44:18', '2021-09-09 04:44:18', 25, NULL),
('61913b20-cdb5-453a-8ee7-7272109663c2', '2021-09-09', 2021, 'ae3b0fe8-5f4c-4327-8624-748d572e9c27', 'Opening Balance', NULL, NULL, 'f9d0b90d-631a-4f45-982c-d8223bd65c0d', NULL, NULL, NULL, NULL, '0928fe94-c46c-4316-a575-63fd0530a665', NULL, 0, 0, NULL, NULL, NULL, '0.00', 'Opening Balance', NULL, '2021-09-09 04:44:18', '2021-09-09 04:44:18', 26, NULL),
('fdb5d295-bb3e-44e7-8905-384bd5ade54b', '2021-09-09', 2021, 'ae3b0fe8-5f4c-4327-8624-748d572e9c27', 'Opening Balance', NULL, NULL, 'f9d0b90d-631a-4f45-982c-d8223bd65c0d', NULL, NULL, NULL, NULL, '2aaa995b-d5f6-42d2-a078-228ded1cc5da', NULL, 0, 0, NULL, NULL, NULL, '0.00', 'Opening Balance', NULL, '2021-09-09 04:44:18', '2021-09-09 04:44:18', 27, NULL),
('185f8df4-544c-4f52-8b23-7f57bf7c2131', '2021-09-09', 2021, 'ae3b0fe8-5f4c-4327-8624-748d572e9c27', 'Opening Balance', NULL, NULL, 'f9d0b90d-631a-4f45-982c-d8223bd65c0d', NULL, NULL, NULL, NULL, 'faf7282c-ef82-4f8c-bf4d-baf8f88b8d27', NULL, 0, 0, NULL, NULL, NULL, '0.00', 'Opening Balance', NULL, '2021-09-09 04:44:18', '2021-09-09 04:44:18', 28, NULL),
('11201c5d-8280-4932-bd94-742472296420', '2021-09-09', 2021, 'ae3b0fe8-5f4c-4327-8624-748d572e9c27', 'Opening Balance', NULL, NULL, 'f9d0b90d-631a-4f45-982c-d8223bd65c0d', NULL, NULL, NULL, NULL, '26ac4b22-28ea-49eb-97fc-18eb3cf10907', NULL, 0, 0, NULL, NULL, NULL, '0.00', 'Opening Balance', NULL, '2021-09-09 04:44:18', '2021-09-09 04:44:18', 29, NULL),
('aeb7765b-79d2-4b17-9920-bb51007c74b2', '2021-09-09', 2021, 'ae3b0fe8-5f4c-4327-8624-748d572e9c27', 'Opening Balance', NULL, NULL, 'f9d0b90d-631a-4f45-982c-d8223bd65c0d', NULL, NULL, NULL, NULL, '6b0ddec9-6fa7-43cb-9112-7a1e4f622fe9', NULL, 0, 0, NULL, NULL, NULL, '0.00', 'Opening Balance', NULL, '2021-09-09 04:44:18', '2021-09-09 04:44:18', 30, NULL),
('077a8956-0cb8-48b4-9a0a-012f106b4f1f', '2021-09-09', 2021, 'ae3b0fe8-5f4c-4327-8624-748d572e9c27', 'Opening Balance', NULL, NULL, 'f9d0b90d-631a-4f45-982c-d8223bd65c0d', NULL, NULL, NULL, NULL, 'a698985e-880d-4ed4-aa99-8e7e7715d208', NULL, 0, 0, NULL, NULL, NULL, '0.00', 'Opening Balance', NULL, '2021-09-09 04:44:18', '2021-09-09 04:44:18', 31, NULL),
('ee88606c-7183-4cbc-a618-113b502973db', '2021-09-09', 2021, 'ae3b0fe8-5f4c-4327-8624-748d572e9c27', 'Opening Balance', NULL, NULL, 'f9d0b90d-631a-4f45-982c-d8223bd65c0d', NULL, NULL, NULL, NULL, '2964bb13-9fa9-448f-8282-69dbf8bd2a20', NULL, 0, 0, NULL, NULL, NULL, '0.00', 'Opening Balance', NULL, '2021-09-09 04:44:18', '2021-09-09 04:44:18', 32, NULL),
('c83b7fe8-969e-4443-a862-94a046f5cd91', '2021-09-09', 2021, 'ae3b0fe8-5f4c-4327-8624-748d572e9c27', 'Opening Balance', NULL, NULL, 'f9d0b90d-631a-4f45-982c-d8223bd65c0d', NULL, NULL, NULL, NULL, '332a9e3d-a1fb-4250-ae29-a8cd1fd2cdc6', NULL, 0, 0, NULL, NULL, NULL, '0.00', 'Opening Balance', NULL, '2021-09-09 04:44:18', '2021-09-09 04:44:18', 33, NULL),
('8fb6243b-fa2c-4229-b2ea-b4a7a97f2b3e', '2021-09-09', 2021, 'ae3b0fe8-5f4c-4327-8624-748d572e9c27', 'Opening Balance', NULL, NULL, 'f9d0b90d-631a-4f45-982c-d8223bd65c0d', NULL, NULL, NULL, NULL, '001411ef-4f1a-4f7c-b1f4-26735f35503b', NULL, 0, 0, NULL, NULL, NULL, '0.00', 'Opening Balance', NULL, '2021-09-09 04:44:18', '2021-09-09 04:44:18', 34, NULL),
('cfd585d3-221d-49d7-bf59-d2b8d1e7d143', '2021-09-09', 2021, 'ae3b0fe8-5f4c-4327-8624-748d572e9c27', 'Opening Balance', NULL, NULL, 'f9d0b90d-631a-4f45-982c-d8223bd65c0d', NULL, NULL, NULL, NULL, '18ec96b0-93c3-4d4b-9a14-7d637d33636e', NULL, 0, 0, NULL, NULL, NULL, '0.00', 'Opening Balance', NULL, '2021-09-09 04:44:18', '2021-09-09 04:44:18', 35, NULL),
('caf17d89-02cc-49ae-9c08-9a575f8f5a92', '2021-09-09', 2021, 'ae3b0fe8-5f4c-4327-8624-748d572e9c27', 'Opening Balance', NULL, NULL, 'f9d0b90d-631a-4f45-982c-d8223bd65c0d', NULL, NULL, NULL, NULL, '9e55e4ee-ed2d-41bd-974f-bf2e1378d78f', NULL, 0, 0, NULL, NULL, NULL, '0.00', 'Opening Balance', NULL, '2021-09-09 04:44:18', '2021-09-09 04:44:18', 36, NULL),
('d187b9ff-a292-414f-95fe-0c2329795d9f', '2021-09-09', 2021, 'ae3b0fe8-5f4c-4327-8624-748d572e9c27', 'Opening Balance', NULL, NULL, 'f9d0b90d-631a-4f45-982c-d8223bd65c0d', NULL, NULL, NULL, NULL, '1e3a9c62-9b44-4e7c-8e22-15a145627fe9', NULL, 0, 0, NULL, NULL, NULL, '0.00', 'Opening Balance', NULL, '2021-09-09 04:44:18', '2021-09-09 04:44:18', 37, NULL),
('6a240fd0-65a8-4378-a460-ca1f9f5892c1', '2021-09-09', 2021, 'ae3b0fe8-5f4c-4327-8624-748d572e9c27', 'Opening Balance', NULL, NULL, 'f9d0b90d-631a-4f45-982c-d8223bd65c0d', NULL, NULL, NULL, NULL, 'f918cfd1-43cc-46a0-9390-6119da495d02', NULL, 0, 0, NULL, NULL, NULL, '0.00', 'Opening Balance', NULL, '2021-09-09 04:44:18', '2021-09-09 04:44:18', 38, NULL),
('d8302773-e76b-42de-924f-88c0567457d9', '2021-09-09', 2021, 'ae3b0fe8-5f4c-4327-8624-748d572e9c27', 'Opening Balance', NULL, NULL, 'f9d0b90d-631a-4f45-982c-d8223bd65c0d', NULL, NULL, NULL, NULL, '8df7c58f-9091-4a4c-b9d0-1c65fb5992c7', NULL, 0, 0, NULL, NULL, NULL, '0.00', 'Opening Balance', NULL, '2021-09-09 04:44:18', '2021-09-09 04:44:18', 39, NULL),
('66e6cd60-4bc2-479f-8305-2fa9bd165191', '2021-09-09', 2021, 'ae3b0fe8-5f4c-4327-8624-748d572e9c27', 'Opening Balance', NULL, NULL, 'f9d0b90d-631a-4f45-982c-d8223bd65c0d', NULL, NULL, NULL, NULL, 'dbc1529a-cfee-484d-b9c4-8cbb45d30ca3', NULL, 0, 0, NULL, NULL, NULL, '0.00', 'Opening Balance', NULL, '2021-09-09 04:44:18', '2021-09-09 04:44:18', 40, NULL),
('f09f9519-45f5-4c62-9804-a4af44dcc5b5', '2021-09-09', 2021, 'ae3b0fe8-5f4c-4327-8624-748d572e9c27', 'Opening Balance', NULL, NULL, 'f9d0b90d-631a-4f45-982c-d8223bd65c0d', NULL, NULL, NULL, NULL, 'aae77964-0163-4e37-b75e-1410512bc52b', NULL, 0, 0, NULL, NULL, NULL, '0.00', 'Opening Balance', NULL, '2021-09-09 04:44:18', '2021-09-09 04:44:18', 41, NULL),
('1bf8d1ed-019d-452e-909f-a45269e7c8af', '2021-09-09', 2021, 'ae3b0fe8-5f4c-4327-8624-748d572e9c27', 'Opening Balance', NULL, NULL, 'f9d0b90d-631a-4f45-982c-d8223bd65c0d', NULL, NULL, NULL, NULL, '0a3e66f2-8e5d-40ea-914e-8348636144bc', NULL, 0, 0, NULL, NULL, NULL, '0.00', 'Opening Balance', NULL, '2021-09-09 04:44:18', '2021-09-09 04:44:18', 42, NULL),
('66307276-d86b-4b2c-9967-c604af2824b4', '2021-09-09', 2021, 'ae3b0fe8-5f4c-4327-8624-748d572e9c27', 'Opening Balance', NULL, NULL, 'f9d0b90d-631a-4f45-982c-d8223bd65c0d', NULL, NULL, NULL, NULL, 'd58748ab-557f-473b-8208-4eb55be72890', NULL, 0, 0, NULL, NULL, NULL, '0.00', 'Opening Balance', NULL, '2021-09-09 04:44:18', '2021-09-09 04:44:18', 43, NULL),
('54388929-f4af-4c54-9d1e-ceb1c37ca8d5', '2021-09-09', 2021, 'ae3b0fe8-5f4c-4327-8624-748d572e9c27', 'Opening Balance', NULL, NULL, 'f9d0b90d-631a-4f45-982c-d8223bd65c0d', NULL, NULL, NULL, NULL, '72b56809-0b30-4519-9614-ec21013f5229', NULL, 0, 0, NULL, NULL, NULL, '0.00', 'Opening Balance', NULL, '2021-09-09 04:44:18', '2021-09-09 04:44:18', 44, NULL),
('2388b0ba-1a41-4cb9-8b39-2c3f97b6a2c9', '2021-09-09', 2021, 'ae3b0fe8-5f4c-4327-8624-748d572e9c27', 'Opening Balance', NULL, NULL, 'f9d0b90d-631a-4f45-982c-d8223bd65c0d', NULL, NULL, NULL, NULL, '29f3b48a-364e-4513-95ab-5ba86ca5dae4', NULL, 0, 0, NULL, NULL, NULL, '0.00', 'Opening Balance', NULL, '2021-09-09 04:44:18', '2021-09-09 04:44:18', 45, NULL),
('06aeae4e-3571-425b-8235-3a95848073e1', '2021-09-09', 2021, 'ae3b0fe8-5f4c-4327-8624-748d572e9c27', 'Opening Balance', NULL, NULL, 'f9d0b90d-631a-4f45-982c-d8223bd65c0d', NULL, NULL, NULL, NULL, 'a7546905-c250-4ac3-ac07-8d940e811433', NULL, 0, 0, NULL, NULL, NULL, '0.00', 'Opening Balance', NULL, '2021-09-09 04:44:18', '2021-09-09 04:44:18', 46, NULL),
('51355979-6d59-4960-bf40-c79e8aa4fedb', '2021-09-09', 2021, 'ae3b0fe8-5f4c-4327-8624-748d572e9c27', 'Opening Balance', NULL, NULL, 'f9d0b90d-631a-4f45-982c-d8223bd65c0d', NULL, NULL, NULL, NULL, 'daa2dddb-b342-4ab0-b8dd-a952d7bd52be', NULL, 0, 0, NULL, NULL, NULL, '0.00', 'Opening Balance', NULL, '2021-09-09 04:44:18', '2021-09-09 04:44:18', 47, NULL),
('d86e2743-583a-429b-90fb-f8b950e1ee0f', '2021-09-09', 2021, 'ae3b0fe8-5f4c-4327-8624-748d572e9c27', 'Opening Balance', NULL, NULL, 'f9d0b90d-631a-4f45-982c-d8223bd65c0d', NULL, NULL, NULL, NULL, 'bd3d9548-3ec0-473b-a41a-3a501f02bf6a', NULL, 0, 0, NULL, NULL, NULL, '0.00', 'Opening Balance', NULL, '2021-09-09 04:44:18', '2021-09-09 04:44:18', 48, NULL),
('dbd94c6f-6cf8-4a5d-9a04-45ecce5f3943', '2021-09-09', 2021, 'ae3b0fe8-5f4c-4327-8624-748d572e9c27', 'Opening Balance', NULL, NULL, 'f9d0b90d-631a-4f45-982c-d8223bd65c0d', NULL, NULL, NULL, NULL, '61155f72-b939-4542-841d-793c7ebe3f06', NULL, 0, 0, NULL, NULL, NULL, '0.00', 'Opening Balance', NULL, '2021-09-09 04:44:18', '2021-09-09 04:44:18', 49, NULL),
('1cb1e46f-2e7f-49ab-b26a-54e5e0579bba', '2021-09-09', 2021, 'ae3b0fe8-5f4c-4327-8624-748d572e9c27', 'Opening Balance', NULL, NULL, 'f9d0b90d-631a-4f45-982c-d8223bd65c0d', NULL, NULL, NULL, NULL, '64fd51ce-e352-4844-a115-474682160907', NULL, 0, 0, NULL, NULL, NULL, '0.00', 'Opening Balance', NULL, '2021-09-09 04:44:18', '2021-09-09 04:44:18', 50, NULL),
('7115c9bb-3b87-43ea-9cd2-403d65ba28ee', '2021-09-09', 2021, 'ae3b0fe8-5f4c-4327-8624-748d572e9c27', 'Opening Balance', NULL, NULL, 'f9d0b90d-631a-4f45-982c-d8223bd65c0d', NULL, NULL, NULL, NULL, 'ce1dd112-3270-4861-acb6-70c4f02bb1f2', NULL, 0, 0, NULL, NULL, NULL, '0.00', 'Opening Balance', NULL, '2021-09-09 04:44:18', '2021-09-09 04:44:18', 51, NULL);
INSERT INTO `inv_inventories` (`id`, `date`, `month`, `warehouse_id`, `source`, `source_id`, `source_detail_id`, `company_id`, `status`, `approvel`, `batch`, `project_id`, `prod_id`, `qty_in`, `qty_out`, `qty_issue`, `balance`, `unit`, `rate`, `amount`, `description`, `updated_by`, `created_at`, `updated_at`, `number`, `batch_no`) VALUES
('b256012b-e271-40b8-807c-51e2da2f6370', '2021-09-09', 2021, 'ae3b0fe8-5f4c-4327-8624-748d572e9c27', 'Opening Balance', NULL, NULL, 'f9d0b90d-631a-4f45-982c-d8223bd65c0d', NULL, NULL, NULL, NULL, 'ff37340f-a17f-4c24-9ccd-9d26c11f0232', NULL, 0, 0, NULL, NULL, NULL, '0.00', 'Opening Balance', NULL, '2021-09-09 04:44:18', '2021-09-09 04:44:18', 52, NULL),
('fc6383a6-79e4-46fb-9b57-d6f50ef23c35', '2021-09-09', 2021, 'ae3b0fe8-5f4c-4327-8624-748d572e9c27', 'Opening Balance', NULL, NULL, 'f9d0b90d-631a-4f45-982c-d8223bd65c0d', NULL, NULL, NULL, NULL, 'a762acbf-7c99-4239-a236-2fb14836dc03', NULL, 0, 0, NULL, NULL, NULL, '0.00', 'Opening Balance', NULL, '2021-09-09 04:44:18', '2021-09-09 04:44:18', 53, NULL),
('da9ce2bf-82b8-4c72-be3a-678440d6cb53', '2021-09-09', 2021, 'ae3b0fe8-5f4c-4327-8624-748d572e9c27', 'Opening Balance', NULL, NULL, 'f9d0b90d-631a-4f45-982c-d8223bd65c0d', NULL, NULL, NULL, NULL, 'c404d9b7-b7f5-46d6-bef7-4b8f2c99be91', NULL, 0, 0, NULL, NULL, NULL, '0.00', 'Opening Balance', NULL, '2021-09-09 04:44:18', '2021-09-09 04:44:18', 54, NULL),
('e4aa3493-5f80-41f1-a001-9700c1cee9f7', '2021-09-09', 2021, 'ae3b0fe8-5f4c-4327-8624-748d572e9c27', 'Opening Balance', NULL, NULL, 'f9d0b90d-631a-4f45-982c-d8223bd65c0d', NULL, NULL, NULL, NULL, 'c8d5d6f6-b614-4899-a78b-48fef22699e2', NULL, 0, 0, NULL, NULL, NULL, '0.00', 'Opening Balance', NULL, '2021-09-09 04:44:18', '2021-09-09 04:44:18', 55, NULL),
('00122438-9144-487e-9dec-b574343f7b24', '2021-09-09', 2021, 'ae3b0fe8-5f4c-4327-8624-748d572e9c27', 'Opening Balance', NULL, NULL, 'f9d0b90d-631a-4f45-982c-d8223bd65c0d', NULL, NULL, NULL, NULL, '23e365f2-6bdb-41ec-a24f-1f031bd26f8e', NULL, 0, 0, NULL, NULL, NULL, '0.00', 'Opening Balance', NULL, '2021-09-09 04:44:18', '2021-09-09 04:44:18', 56, NULL),
('5d96ec6e-c9a4-4309-8580-6399ae17efdf', '2021-09-09', 2021, 'ae3b0fe8-5f4c-4327-8624-748d572e9c27', 'Opening Balance', NULL, NULL, 'f9d0b90d-631a-4f45-982c-d8223bd65c0d', NULL, NULL, NULL, NULL, '8c6b72ae-173d-4260-9887-fa0836b1f6e9', NULL, 0, 0, NULL, NULL, NULL, '0.00', 'Opening Balance', NULL, '2021-09-09 04:44:18', '2021-09-09 04:44:18', 57, NULL),
('ab05eca1-7dde-4d91-a71a-5a470f8796a8', '2021-09-09', 2021, 'ae3b0fe8-5f4c-4327-8624-748d572e9c27', 'Opening Balance', NULL, NULL, 'f9d0b90d-631a-4f45-982c-d8223bd65c0d', NULL, NULL, NULL, NULL, '71b6bcc8-0436-41e2-8ceb-ade9a3065845', NULL, 0, 0, NULL, NULL, NULL, '0.00', 'Opening Balance', NULL, '2021-09-09 04:44:18', '2021-09-09 04:44:18', 58, NULL),
('f047f065-887e-4dfb-b1b6-28ad51ac9601', '2021-09-09', 2021, 'ae3b0fe8-5f4c-4327-8624-748d572e9c27', 'Opening Balance', NULL, NULL, 'f9d0b90d-631a-4f45-982c-d8223bd65c0d', NULL, NULL, NULL, NULL, 'daba05ef-e204-426e-b143-cd3282ac756b', NULL, 0, 0, NULL, NULL, NULL, '0.00', 'Opening Balance', NULL, '2021-09-09 04:44:18', '2021-09-09 04:44:18', 59, NULL),
('e2ff658a-0b6a-4e44-bf7d-4016472c7f15', '2021-09-09', 2021, 'ae3b0fe8-5f4c-4327-8624-748d572e9c27', 'Opening Balance', NULL, NULL, 'f9d0b90d-631a-4f45-982c-d8223bd65c0d', NULL, NULL, NULL, NULL, 'd0b9f32a-483f-4a43-b15d-18d9681bf9c4', NULL, 0, 0, NULL, NULL, NULL, '0.00', 'Opening Balance', NULL, '2021-09-09 04:44:18', '2021-09-09 04:44:18', 60, NULL),
('f76ab253-1f81-4968-91f8-9f890de537d8', '2021-09-09', 2021, 'ae3b0fe8-5f4c-4327-8624-748d572e9c27', 'Opening Balance', NULL, NULL, 'f9d0b90d-631a-4f45-982c-d8223bd65c0d', NULL, NULL, NULL, NULL, 'db8e584a-8e63-4195-b1e4-a238bd361f3d', NULL, 0, 0, NULL, NULL, NULL, '0.00', 'Opening Balance', NULL, '2021-09-09 04:44:18', '2021-09-09 04:44:18', 61, NULL),
('d3286c37-a597-4eed-8e0c-dbcf69317ee5', '2021-09-09', 2021, 'ae3b0fe8-5f4c-4327-8624-748d572e9c27', 'Opening Balance', NULL, NULL, 'f9d0b90d-631a-4f45-982c-d8223bd65c0d', NULL, NULL, NULL, NULL, 'c155ef3a-4bde-413e-875e-38277a0a564e', NULL, 0, 0, NULL, NULL, NULL, '0.00', 'Opening Balance', NULL, '2021-09-09 04:44:18', '2021-09-09 04:44:18', 62, NULL),
('a4f6a589-91aa-4053-8941-cbcdefdddf51', '2021-09-09', 2021, 'ae3b0fe8-5f4c-4327-8624-748d572e9c27', 'Opening Balance', NULL, NULL, 'f9d0b90d-631a-4f45-982c-d8223bd65c0d', NULL, NULL, NULL, NULL, '8eee862f-41d6-4894-a0c6-728f5fcf2455', NULL, 0, 0, NULL, NULL, NULL, '0.00', 'Opening Balance', NULL, '2021-09-09 04:44:18', '2021-09-09 04:44:18', 63, NULL),
('af0d3c4e-44d1-4ece-b8f2-de0a32ec872a', '2021-09-09', 2021, 'ae3b0fe8-5f4c-4327-8624-748d572e9c27', 'Opening Balance', NULL, NULL, 'f9d0b90d-631a-4f45-982c-d8223bd65c0d', NULL, NULL, NULL, NULL, '74246e7c-662e-4bec-a337-5eb39491eab0', NULL, 0, 0, NULL, NULL, NULL, '0.00', 'Opening Balance', NULL, '2021-09-09 04:44:18', '2021-09-09 04:44:18', 64, NULL),
('27482439-2eee-4eef-85b6-5bc8c7ab5738', '2021-09-09', 2021, 'ae3b0fe8-5f4c-4327-8624-748d572e9c27', 'Opening Balance', NULL, NULL, 'f9d0b90d-631a-4f45-982c-d8223bd65c0d', NULL, NULL, NULL, NULL, '9aa655f4-5b59-4f54-80bc-f3e05175e388', NULL, 0, 0, NULL, NULL, NULL, '0.00', 'Opening Balance', NULL, '2021-09-09 04:44:18', '2021-09-09 04:44:18', 65, NULL),
('34008d0d-0428-4d3f-9f29-eb0711061dcc', '2021-09-09', 2021, 'ae3b0fe8-5f4c-4327-8624-748d572e9c27', 'Opening Balance', NULL, NULL, 'f9d0b90d-631a-4f45-982c-d8223bd65c0d', NULL, NULL, NULL, NULL, '0807433d-e109-4fc1-9e23-0379c3584936', NULL, 0, 0, NULL, NULL, NULL, '0.00', 'Opening Balance', NULL, '2021-09-09 04:44:18', '2021-09-09 04:44:18', 66, NULL),
('f0727404-d1ee-481f-bb0d-e2a998111d57', '2021-09-09', 2021, 'ae3b0fe8-5f4c-4327-8624-748d572e9c27', 'Opening Balance', NULL, NULL, 'f9d0b90d-631a-4f45-982c-d8223bd65c0d', NULL, NULL, NULL, NULL, 'bf1116bd-6243-40ac-a4ad-96ab52e8e17c', NULL, 0, 0, NULL, NULL, NULL, '0.00', 'Opening Balance', NULL, '2021-09-09 04:44:18', '2021-09-09 04:44:18', 67, NULL),
('ce005172-bab9-448a-8247-13610f72c726', '2021-09-09', 2021, 'ae3b0fe8-5f4c-4327-8624-748d572e9c27', 'Opening Balance', NULL, NULL, 'f9d0b90d-631a-4f45-982c-d8223bd65c0d', NULL, NULL, NULL, NULL, 'b6514911-7a07-48d4-8580-04375d7bb948', NULL, 0, 0, NULL, NULL, NULL, '0.00', 'Opening Balance', NULL, '2021-09-09 04:44:18', '2021-09-09 04:44:18', 68, NULL),
('21cdc2a2-611c-4df2-8d03-4368640cec5e', '2021-09-09', 2021, 'ae3b0fe8-5f4c-4327-8624-748d572e9c27', 'Opening Balance', NULL, NULL, 'f9d0b90d-631a-4f45-982c-d8223bd65c0d', NULL, NULL, NULL, NULL, '55553c22-8dc7-4a0f-b621-579738805d59', NULL, 0, 0, NULL, NULL, NULL, '0.00', 'Opening Balance', NULL, '2021-09-09 04:44:18', '2021-09-09 04:44:18', 69, NULL),
('b1123419-10f2-4f1a-8867-3227d8a87bc0', '2021-09-09', 2021, 'ae3b0fe8-5f4c-4327-8624-748d572e9c27', 'Opening Balance', NULL, NULL, 'f9d0b90d-631a-4f45-982c-d8223bd65c0d', NULL, NULL, NULL, NULL, '70377159-1d37-41d7-86fd-ec24afbb19e2', NULL, 0, 0, NULL, NULL, NULL, '0.00', 'Opening Balance', NULL, '2021-09-09 04:44:18', '2021-09-09 04:44:18', 70, NULL),
('012a1925-ede3-4643-8fef-0a827b47a6ca', '2021-09-09', 2021, 'ae3b0fe8-5f4c-4327-8624-748d572e9c27', 'Opening Balance', NULL, NULL, 'f9d0b90d-631a-4f45-982c-d8223bd65c0d', NULL, NULL, NULL, NULL, '523ddef5-538e-4898-ab53-6b468404e956', NULL, 0, 0, NULL, NULL, NULL, '0.00', 'Opening Balance', NULL, '2021-09-09 04:44:18', '2021-09-09 04:44:18', 71, NULL),
('5e916ca4-8c5b-4a08-a1ad-cc0213644bcd', '2021-09-09', 2021, 'ae3b0fe8-5f4c-4327-8624-748d572e9c27', 'Opening Balance', NULL, NULL, 'f9d0b90d-631a-4f45-982c-d8223bd65c0d', NULL, NULL, NULL, NULL, 'cb30331f-b148-4f33-943a-81b3a01c3b4d', NULL, 0, 0, NULL, NULL, NULL, '0.00', 'Opening Balance', NULL, '2021-09-09 04:44:18', '2021-09-09 04:44:18', 72, NULL),
('6fe5a436-d1d9-4e64-a1d7-2d05282446be', '2021-09-09', 2021, 'ae3b0fe8-5f4c-4327-8624-748d572e9c27', 'Opening Balance', NULL, NULL, 'f9d0b90d-631a-4f45-982c-d8223bd65c0d', NULL, NULL, NULL, NULL, 'b6e6a32c-ba07-4277-a480-cff5f76ef71f', NULL, 0, 0, NULL, NULL, NULL, '0.00', 'Opening Balance', NULL, '2021-09-09 04:44:18', '2021-09-09 04:44:18', 73, NULL),
('a1e5a44b-5144-4919-a116-7fe1e067ee99', '2021-09-09', 2021, 'ae3b0fe8-5f4c-4327-8624-748d572e9c27', 'Opening Balance', NULL, NULL, 'f9d0b90d-631a-4f45-982c-d8223bd65c0d', NULL, NULL, NULL, NULL, 'b0c35bc5-c3f8-402e-99a0-5c2e1e0b80d9', NULL, 0, 0, NULL, NULL, NULL, '0.00', 'Opening Balance', NULL, '2021-09-09 04:44:18', '2021-09-09 04:44:18', 74, NULL),
('eee1232a-2ef3-4375-a658-d16c3160b5e9', '2021-09-09', 2021, 'ae3b0fe8-5f4c-4327-8624-748d572e9c27', 'Opening Balance', NULL, NULL, 'f9d0b90d-631a-4f45-982c-d8223bd65c0d', NULL, NULL, NULL, NULL, 'e7f0ac7e-220e-4245-8d0f-51d74b0cd725', NULL, 0, 0, NULL, NULL, NULL, '0.00', 'Opening Balance', NULL, '2021-09-09 04:44:18', '2021-09-09 04:44:18', 75, NULL),
('b6a2a643-5c3d-4adb-8f71-93225d019760', '2021-09-09', 2021, 'ae3b0fe8-5f4c-4327-8624-748d572e9c27', 'Opening Balance', NULL, NULL, 'f9d0b90d-631a-4f45-982c-d8223bd65c0d', NULL, NULL, NULL, NULL, '50ef5ee3-9605-4c1a-a808-e57e89bd16db', NULL, 0, 0, NULL, NULL, NULL, '0.00', 'Opening Balance', NULL, '2021-09-09 04:44:18', '2021-09-09 04:44:18', 76, NULL),
('799bf4d5-b8a4-4f65-87af-d3897577c2c9', '2021-09-09', 2021, 'ae3b0fe8-5f4c-4327-8624-748d572e9c27', 'Opening Balance', NULL, NULL, 'f9d0b90d-631a-4f45-982c-d8223bd65c0d', NULL, NULL, NULL, NULL, 'eab0ab71-31d4-4849-8bb6-fb4512d59e97', NULL, 0, 0, NULL, NULL, NULL, '0.00', 'Opening Balance', NULL, '2021-09-09 04:44:18', '2021-09-09 04:44:18', 77, NULL),
('76f532a7-768d-43fb-a15f-2454db54fdd1', '2021-09-09', 2021, 'ae3b0fe8-5f4c-4327-8624-748d572e9c27', 'Opening Balance', NULL, NULL, 'f9d0b90d-631a-4f45-982c-d8223bd65c0d', NULL, NULL, NULL, NULL, '964c865f-ebb6-48d2-95cb-6d460e30c297', NULL, 0, 0, NULL, NULL, NULL, '0.00', 'Opening Balance', NULL, '2021-09-09 04:44:18', '2021-09-09 04:44:18', 78, NULL),
('5421e144-0f58-4675-9575-273d91b59575', '2021-09-09', 2021, 'ae3b0fe8-5f4c-4327-8624-748d572e9c27', 'Opening Balance', NULL, NULL, 'f9d0b90d-631a-4f45-982c-d8223bd65c0d', NULL, NULL, NULL, NULL, '316f24b0-ddda-4ccc-bab7-9e40f4ed1d86', NULL, 0, 0, NULL, NULL, NULL, '0.00', 'Opening Balance', NULL, '2021-09-09 04:44:18', '2021-09-09 04:44:18', 79, NULL),
('36cfceb4-b0b6-482b-8a61-acd79309bf7b', '2021-09-09', 2021, 'ae3b0fe8-5f4c-4327-8624-748d572e9c27', 'Opening Balance', NULL, NULL, 'f9d0b90d-631a-4f45-982c-d8223bd65c0d', NULL, NULL, NULL, NULL, '74028493-c436-4e77-a7fd-b27e5eae7cda', NULL, 0, 0, NULL, NULL, NULL, '0.00', 'Opening Balance', NULL, '2021-09-09 04:44:18', '2021-09-09 04:44:18', 80, NULL),
('b286e123-a53e-4df6-b17a-cd7cd8b8eae5', '2021-09-09', 2021, 'ae3b0fe8-5f4c-4327-8624-748d572e9c27', 'Opening Balance', NULL, NULL, 'f9d0b90d-631a-4f45-982c-d8223bd65c0d', NULL, NULL, NULL, NULL, 'd00f5a79-854e-433c-879f-b033783e25d3', NULL, 0, 0, NULL, NULL, NULL, '0.00', 'Opening Balance', NULL, '2021-09-09 04:44:18', '2021-09-09 04:44:18', 81, NULL),
('898c09d4-e452-4c00-859d-556e783e9a79', '2021-09-09', 2021, 'ae3b0fe8-5f4c-4327-8624-748d572e9c27', 'Opening Balance', NULL, NULL, 'f9d0b90d-631a-4f45-982c-d8223bd65c0d', NULL, NULL, NULL, NULL, '17ea6b30-c7c5-457d-b50c-b3ff1aa9596d', NULL, 0, 0, NULL, NULL, NULL, '0.00', 'Opening Balance', NULL, '2021-09-09 04:44:18', '2021-09-09 04:44:18', 82, NULL),
('5fc3cd9d-adf1-4ef9-9461-b012ad1a7b96', '2021-09-09', 2021, 'ae3b0fe8-5f4c-4327-8624-748d572e9c27', 'Opening Balance', NULL, NULL, 'f9d0b90d-631a-4f45-982c-d8223bd65c0d', NULL, NULL, NULL, NULL, '66061013-d9cd-46fb-a3a8-ef5d50ca1d7e', NULL, 0, 0, NULL, NULL, NULL, '0.00', 'Opening Balance', NULL, '2021-09-09 04:44:18', '2021-09-09 04:44:18', 83, NULL),
('0b2f6b22-5a3f-4034-b5cd-84658ecb5a06', '2021-09-09', 2021, 'ae3b0fe8-5f4c-4327-8624-748d572e9c27', 'Opening Balance', NULL, NULL, 'f9d0b90d-631a-4f45-982c-d8223bd65c0d', NULL, NULL, NULL, NULL, '94feec8d-cdd7-4f0a-94ee-735836a021f0', NULL, 0, 0, NULL, NULL, NULL, '0.00', 'Opening Balance', NULL, '2021-09-09 04:44:18', '2021-09-09 04:44:18', 84, NULL),
('355a0327-0c73-4f5d-aebc-8d2988dba046', '2021-09-09', 2021, 'ae3b0fe8-5f4c-4327-8624-748d572e9c27', 'Opening Balance', NULL, NULL, 'f9d0b90d-631a-4f45-982c-d8223bd65c0d', NULL, NULL, NULL, NULL, '75b3f18e-55a5-459d-b839-77d37d3145e1', NULL, 0, 0, NULL, NULL, NULL, '0.00', 'Opening Balance', NULL, '2021-09-09 04:44:18', '2021-09-09 04:44:18', 85, NULL),
('19ae89e8-690e-4883-8ef7-7b6783ff1e29', '2021-09-09', 2021, 'ae3b0fe8-5f4c-4327-8624-748d572e9c27', 'Opening Balance', NULL, NULL, 'f9d0b90d-631a-4f45-982c-d8223bd65c0d', NULL, NULL, NULL, NULL, '9d59003f-8e13-4ed7-9220-191effc4dd41', NULL, 0, 0, NULL, NULL, NULL, '0.00', 'Opening Balance', NULL, '2021-09-09 04:44:18', '2021-09-09 04:44:18', 86, NULL),
('77306370-3c8f-4524-b589-214882350f2d', '2021-09-09', 2021, 'ae3b0fe8-5f4c-4327-8624-748d572e9c27', 'Opening Balance', NULL, NULL, 'f9d0b90d-631a-4f45-982c-d8223bd65c0d', NULL, NULL, NULL, NULL, '9a8eaeb7-7884-41b5-979b-390233831321', NULL, 0, 0, NULL, NULL, NULL, '0.00', 'Opening Balance', NULL, '2021-09-09 04:44:18', '2021-09-09 04:44:18', 87, NULL),
('ec0bf17c-3ce4-4975-b52a-f19b9a2aa025', '2021-09-09', 2021, 'ae3b0fe8-5f4c-4327-8624-748d572e9c27', 'Opening Balance', NULL, NULL, 'f9d0b90d-631a-4f45-982c-d8223bd65c0d', NULL, NULL, NULL, NULL, 'ca5318cc-d430-4336-9271-496edbcec9c1', NULL, 0, 0, NULL, NULL, NULL, '0.00', 'Opening Balance', NULL, '2021-09-09 04:44:18', '2021-09-09 04:44:18', 88, NULL),
('3ba18442-77f1-4bbd-ae64-744b574a0853', '2021-09-09', 2021, 'ae3b0fe8-5f4c-4327-8624-748d572e9c27', 'Opening Balance', NULL, NULL, 'f9d0b90d-631a-4f45-982c-d8223bd65c0d', NULL, NULL, NULL, NULL, 'e36069a5-b88c-44f9-9856-f465e104a25d', NULL, 0, 0, NULL, NULL, NULL, '0.00', 'Opening Balance', NULL, '2021-09-09 04:44:18', '2021-09-09 04:44:18', 89, NULL),
('02447a8b-0b2d-47aa-9fb7-cfd5bf3f3e9e', '2021-09-09', 2021, 'ae3b0fe8-5f4c-4327-8624-748d572e9c27', 'Opening Balance', NULL, NULL, 'f9d0b90d-631a-4f45-982c-d8223bd65c0d', NULL, NULL, NULL, NULL, 'b72b0ce8-c2aa-4d81-ad3e-124b246d3c14', NULL, 0, 0, NULL, NULL, NULL, '0.00', 'Opening Balance', NULL, '2021-09-09 04:44:18', '2021-09-09 04:44:18', 91, NULL),
('d4fa5fd2-87b2-4298-99e0-8fb3f4be06ed', '2021-09-09', 2021, 'ae3b0fe8-5f4c-4327-8624-748d572e9c27', 'Opening Balance', NULL, NULL, 'f9d0b90d-631a-4f45-982c-d8223bd65c0d', NULL, NULL, NULL, NULL, 'eea5716d-010e-4d9a-90b6-1a3503f1ce25', NULL, 0, 0, NULL, NULL, NULL, '0.00', 'Opening Balance', NULL, '2021-09-09 04:44:18', '2021-09-09 04:44:18', 92, NULL),
('f565cdfa-f34d-4c76-9e43-6bb224331b50', '2021-09-12', 2021, 'ae3b0fe8-5f4c-4327-8624-748d572e9c27', 'inv_delivery_order', '6e21166e-9313-4fee-abd5-c2d1bf478a84', '9bf7f24e-f6fa-48d7-9d9f-58b1f4a54266', 'f9d0b90d-631a-4f45-982c-d8223bd65c0d', NULL, NULL, NULL, NULL, 'f598a2d8-bf18-420d-9b40-80f60d090c8d', 0, 1, 0, 0, 'Pcs', '2.00', '2.00', 'r', NULL, '2021-09-12 14:27:13', '2021-09-12 14:27:13', 93, NULL),
('686c40c7-8a7c-45c4-a554-51d9b2bc5a45', '2021-09-12', 2021, 'ae3b0fe8-5f4c-4327-8624-748d572e9c27', 'inv_delivery_order', 'bcb7d77e-2acb-4328-9c69-88b1ee8ab7b8', 'c8dce92f-c95b-49f2-b094-a1abdc65105b', 'f9d0b90d-631a-4f45-982c-d8223bd65c0d', NULL, NULL, NULL, NULL, 'f598a2d8-bf18-420d-9b40-80f60d090c8d', 0, 1, 0, 0, 'Pcs', '2.00', '2.00', 'r', NULL, '2021-09-12 14:35:22', '2021-09-12 14:35:22', 94, NULL),
('aa524da8-d83e-45a5-b445-9523b009224a', '2021-09-12', 2021, 'ae3b0fe8-5f4c-4327-8624-748d572e9c27', 'inv_delivery_order', 'bcb7d77e-2acb-4328-9c69-88b1ee8ab7b8', '1159da7c-78bf-494d-8d1c-19b867bf3bea', 'f9d0b90d-631a-4f45-982c-d8223bd65c0d', NULL, NULL, NULL, NULL, '0928fe94-c46c-4316-a575-63fd0530a665', 0, 2, 0, 0, 'Pcs', '88.87', '177.74', 'r', NULL, '2021-09-12 14:35:22', '2021-09-12 14:35:22', 95, NULL),
('4d1e4495-8ae4-4f17-9c71-cf8f7f333519', '2021-09-12', 2021, 'ae3b0fe8-5f4c-4327-8624-748d572e9c27', 'inv_delivery_order', 'bcb7d77e-2acb-4328-9c69-88b1ee8ab7b8', '20d82008-d85f-4a5c-bf62-46e1cf83d283', 'f9d0b90d-631a-4f45-982c-d8223bd65c0d', NULL, NULL, NULL, NULL, '26ac4b22-28ea-49eb-97fc-18eb3cf10907', 0, 3, 0, 0, 'KG', '380.00', '1140.00', 'r', NULL, '2021-09-12 14:35:22', '2021-09-12 14:35:22', 96, NULL),
('5599eced-49e7-4783-b951-7d7a85815712', '2021-09-12', 2021, 'ae3b0fe8-5f4c-4327-8624-748d572e9c27', 'inv_delivery_order', 'bcb7d77e-2acb-4328-9c69-88b1ee8ab7b8', '1e8e450e-1688-4b32-a789-376766abe631', 'f9d0b90d-631a-4f45-982c-d8223bd65c0d', NULL, NULL, NULL, NULL, '1a94e739-6a47-4d58-bb4e-725c5375903c', 0, 4, 0, 0, 'Pcs', '9.00', '36.00', 'r', NULL, '2021-09-12 14:35:22', '2021-09-12 14:35:22', 97, NULL),
('fa2dc8f1-173b-4e8a-826d-7c18b142fb14', '2021-09-12', 2021, 'ae3b0fe8-5f4c-4327-8624-748d572e9c27', 'inv_delivery_order', 'edbb09fe-bb5d-42b2-998c-4c774a73be31', '4eeafe55-8677-4adf-99e1-81a20d2f876a', 'f9d0b90d-631a-4f45-982c-d8223bd65c0d', NULL, NULL, NULL, NULL, '26ac4b22-28ea-49eb-97fc-18eb3cf10907', 0, 15, 0, 0, '5KGs', '380.00', '5700.00', 'Demo Note by ote', NULL, '2021-09-12 16:01:57', '2021-09-12 16:01:57', 98, NULL),
('0add3b0a-6210-4334-a93d-747242819c9b', '2021-09-12', 2021, 'ae3b0fe8-5f4c-4327-8624-748d572e9c27', 'inv_delivery_order', 'd022b568-9536-4f11-9867-8740f3ac5e76', 'dc79ee21-41a9-4fac-8b06-a918d4a9ffdf', 'f9d0b90d-631a-4f45-982c-d8223bd65c0d', NULL, NULL, NULL, NULL, '26ac4b22-28ea-49eb-97fc-18eb3cf10907', 0, 10, 0, 0, '5KGs', '380.00', '3800.00', 'Demo Note by ote', NULL, '2021-09-12 16:39:10', '2021-09-12 16:39:10', 99, NULL),
('e37d885d-0cb1-4f73-8e84-d0479dd79948', '2021-09-14', 2021, 'ae3b0fe8-5f4c-4327-8624-748d572e9c27', 'inv_delivery_order', '922bda3b-b5f7-42a1-8308-6423f346132f', 'f2599c5d-82ab-4ad4-aa37-b30fe64311d6', 'f9d0b90d-631a-4f45-982c-d8223bd65c0d', NULL, NULL, NULL, NULL, 'a3157a27-0e5c-41c1-a5c8-61b78fcacf62', 0, 1000, 0, 0, '10Pcs', '5.95', '5950.00', 'Note one', NULL, '2021-09-14 16:50:21', '2021-09-14 16:50:21', 100, NULL),
('83af2128-bb4c-40f6-a337-6de502a7fbe3', '2021-09-14', 2021, 'ae3b0fe8-5f4c-4327-8624-748d572e9c27', 'inv_delivery_order', '922bda3b-b5f7-42a1-8308-6423f346132f', 'f58eaee9-edcf-4855-b341-c51ea89bf784', 'f9d0b90d-631a-4f45-982c-d8223bd65c0d', NULL, NULL, NULL, NULL, 'f918cfd1-43cc-46a0-9390-6119da495d02', 0, 25000, 0, 0, '10Pcs', '3.33', '83250.00', 'Note one', NULL, '2021-09-14 16:50:21', '2021-09-14 16:50:21', 101, NULL),
('505724d7-cb0c-407c-a878-84a2a5639218', '2021-09-14', 2021, 'ae3b0fe8-5f4c-4327-8624-748d572e9c27', 'inv_delivery_order-update', '922bda3b-b5f7-42a1-8308-6423f346132f', 'f2599c5d-82ab-4ad4-aa37-b30fe64311d6', 'f9d0b90d-631a-4f45-982c-d8223bd65c0d', NULL, NULL, NULL, NULL, 'a3157a27-0e5c-41c1-a5c8-61b78fcacf62', 1000, 0, 0, 1000, '10Pcs', '5.95', '5950.00', 'Note oneRecord is updated.', NULL, '2021-09-14 16:50:21', '2021-09-14 16:50:21', 100, NULL),
('4144a543-0628-4701-8a44-9cd86859fb66', '2021-09-14', 2021, 'ae3b0fe8-5f4c-4327-8624-748d572e9c27', 'inv_delivery_order-update', '922bda3b-b5f7-42a1-8308-6423f346132f', 'f58eaee9-edcf-4855-b341-c51ea89bf784', 'f9d0b90d-631a-4f45-982c-d8223bd65c0d', NULL, NULL, NULL, NULL, 'f918cfd1-43cc-46a0-9390-6119da495d02', 25000, 0, 0, 25000, '10Pcs', '3.33', '83250.00', 'Note oneRecord is updated.', NULL, '2021-09-14 16:50:21', '2021-09-14 16:50:21', 101, NULL),
('87d87494-6815-4879-9de2-eee4535261ee', '2021-09-14', 2021, 'ae3b0fe8-5f4c-4327-8624-748d572e9c27', 'inv_delivery_order', '922bda3b-b5f7-42a1-8308-6423f346132f', '18f7d514-3d27-43ba-939a-534eefaddf75', 'f9d0b90d-631a-4f45-982c-d8223bd65c0d', NULL, NULL, NULL, NULL, 'a3157a27-0e5c-41c1-a5c8-61b78fcacf62', 0, 1000, 0, 0, '10Pcs', '5.95', '5950.00', 'Note one', NULL, '2021-09-14 16:53:42', '2021-09-14 16:53:42', 102, NULL),
('ddf42808-0eed-48c8-b829-1e276c2c8b12', '2021-09-14', 2021, 'ae3b0fe8-5f4c-4327-8624-748d572e9c27', 'inv_delivery_order', '922bda3b-b5f7-42a1-8308-6423f346132f', 'a071dcee-d97b-40e8-89df-af1b77491714', 'f9d0b90d-631a-4f45-982c-d8223bd65c0d', NULL, NULL, NULL, NULL, 'f918cfd1-43cc-46a0-9390-6119da495d02', 0, 35000, 0, 0, '10Pcs', '3.33', '116550.00', 'Note one', NULL, '2021-09-14 16:53:42', '2021-09-14 16:53:42', 103, NULL),
('238df549-d588-4846-a183-a34594123a87', '2021-09-18', 2021, 'ae3b0fe8-5f4c-4327-8624-748d572e9c27', 'inv_delivery_order', '11ef9094-5f32-4af6-b502-d2d5b6740d2e', 'b7d357a0-c138-4e4e-8857-dd2f0feaa48a', 'f9d0b90d-631a-4f45-982c-d8223bd65c0d', NULL, NULL, NULL, NULL, 'a3157a27-0e5c-41c1-a5c8-61b78fcacf62', 0, 500, 0, 0, '10Pcs', '5.95', '2975.00', 'Note one', NULL, '2021-09-17 22:17:15', '2021-09-17 22:17:15', 104, NULL),
('92dce810-b951-409d-9875-9c6b0e486524', '2021-09-18', 2021, 'ae3b0fe8-5f4c-4327-8624-748d572e9c27', 'inv_delivery_order', '11ef9094-5f32-4af6-b502-d2d5b6740d2e', 'db61c7eb-afe0-4ce6-9fa7-cca828640eaa', 'f9d0b90d-631a-4f45-982c-d8223bd65c0d', NULL, NULL, NULL, NULL, 'f918cfd1-43cc-46a0-9390-6119da495d02', 0, 5642, 0, 0, '10Pcs', '3.33', '18787.86', 'Note one', NULL, '2021-09-17 22:17:15', '2021-09-17 22:17:15', 105, NULL);

-- --------------------------------------------------------

--
-- Table structure for table `inv_products`
--

CREATE TABLE `inv_products` (
  `id` char(36) COLLATE utf8mb4_unicode_ci NOT NULL,
  `name` varchar(50) COLLATE utf8mb4_unicode_ci DEFAULT NULL,
  `coa_id` varchar(36) COLLATE utf8mb4_unicode_ci DEFAULT NULL,
  `category` varchar(36) COLLATE utf8mb4_unicode_ci DEFAULT NULL,
  `brand` varchar(36) COLLATE utf8mb4_unicode_ci NOT NULL,
  `type` varchar(36) COLLATE utf8mb4_unicode_ci DEFAULT NULL,
  `code` varchar(40) COLLATE utf8mb4_unicode_ci DEFAULT NULL,
  `sku` varchar(34) COLLATE utf8mb4_unicode_ci DEFAULT NULL,
  `tax` decimal(8,2) DEFAULT NULL,
  `primary_unit` varchar(36) COLLATE utf8mb4_unicode_ci DEFAULT NULL,
  `purchase_unit` varchar(36) COLLATE utf8mb4_unicode_ci DEFAULT NULL,
  `sale_unit` varchar(36) COLLATE utf8mb4_unicode_ci DEFAULT NULL,
  `purchase_price` decimal(10,4) DEFAULT NULL,
  `sale_price` decimal(10,4) DEFAULT NULL,
  `reorder` int(10) UNSIGNED DEFAULT NULL,
  `sales_description` varchar(128) COLLATE utf8mb4_unicode_ci DEFAULT NULL,
  `purchase_description` varchar(128) COLLATE utf8mb4_unicode_ci DEFAULT NULL,
  `packing_detail` varchar(36) COLLATE utf8mb4_unicode_ci DEFAULT NULL,
  `report_order` int(11) DEFAULT NULL,
  `description` varchar(128) COLLATE utf8mb4_unicode_ci DEFAULT NULL,
  `company_id` varchar(36) COLLATE utf8mb4_unicode_ci DEFAULT NULL,
  `status` varchar(15) COLLATE utf8mb4_unicode_ci DEFAULT NULL,
  `deleted_at` datetime DEFAULT NULL,
  `created_at` timestamp NULL DEFAULT NULL,
  `updated_at` timestamp NULL DEFAULT NULL,
  `prod_services` varchar(32) COLLATE utf8mb4_unicode_ci DEFAULT NULL
) ENGINE=InnoDB DEFAULT CHARSET=utf8mb4 COLLATE=utf8mb4_unicode_ci;

--
-- Dumping data for table `inv_products`
--

INSERT INTO `inv_products` (`id`, `name`, `coa_id`, `category`, `brand`, `type`, `code`, `sku`, `tax`, `primary_unit`, `purchase_unit`, `sale_unit`, `purchase_price`, `sale_price`, `reorder`, `sales_description`, `purchase_description`, `packing_detail`, `report_order`, `description`, `company_id`, `status`, `deleted_at`, `created_at`, `updated_at`, `prod_services`) VALUES
('001411ef-4f1a-4f7c-b1f4-26735f35503b', 'CHOTA SULTAN-125ML-MIX FRUIT', '72', 'JUICE-TETRA', 'CHOTA SULTAN', 'FINISH GOODS', '0745178423724', NULL, '8.00', '15', '19', '19', '0.0000', '200.0000', 100, NULL, NULL, 'TRAY', 100, NULL, 'f9d0b90d-631a-4f45-982c-d8223bd65c0d', 'Active', NULL, NULL, NULL, 'product'),
('0807433d-e109-4fc1-9e23-0379c3584936', 'MR.JUICY-250ML-APPLE-1X36', '72', 'JUICE-TETRA', 'MR JUICY', 'FINISH GOODS', '0745178248983', '250ML-APPLE-1X36', '8.00', '14', '14', '14', '0.0000', '520.0000', 100, NULL, NULL, NULL, 200, NULL, 'f9d0b90d-631a-4f45-982c-d8223bd65c0d', 'Active', NULL, NULL, NULL, 'product'),
('0928fe94-c46c-4316-a575-63fd0530a665', '250ML-STRAW-G', '21', 'JUICE-TETRA', 'MR JUICY', 'STRAW', '1004', '250ML-1X27-STRAW', '7.00', '7', '7', '7', '0.0000', '0.0000', 27, NULL, NULL, NULL, NULL, NULL, 'f9d0b90d-631a-4f45-982c-d8223bd65c0d', 'Active', NULL, NULL, NULL, 'product'),
('0a3e66f2-8e5d-40ea-914e-8348636144bc', 'HOTMELT', '21', 'JUICE-TETRA', 'GENERAL', 'HOTMELT', '3003', 'HOTMELT', '8.00', '20', '21', '21', '0.0000', '0.0000', 100, NULL, NULL, NULL, NULL, NULL, 'f9d0b90d-631a-4f45-982c-d8223bd65c0d', 'Active', NULL, NULL, NULL, 'product'),
('17ea6b30-c7c5-457d-b50c-b3ff1aa9596d', 'POMEGRANTE CONCENTRATE', '21', 'JUICE-TETRA', 'GENERAL', 'RAW MATERIAL', '5015', 'POMEGRANTE CONCENTRATE', '8.00', '20', '21', '21', '0.0000', '0.0000', 100, NULL, NULL, 'No', NULL, NULL, 'f9d0b90d-631a-4f45-982c-d8223bd65c0d', 'Active', NULL, NULL, NULL, 'product'),
('18ec96b0-93c3-4d4b-9a14-7d637d33636e', 'CITRIC ACID', '21', 'JUICE-TETRA', 'GENERAL', 'RAW MATERIAL', '5003', 'CITRIC ACID', '8.00', '20', '21', '21', '0.0000', '0.0000', 100, NULL, NULL, 'No', NULL, NULL, 'f9d0b90d-631a-4f45-982c-d8223bd65c0d', 'Active', NULL, NULL, NULL, 'product'),
('1a94e739-6a47-4d58-bb4e-725c5375903c', '200ML-1X24-CARTON', '21', 'JUICE-TETRA', 'MR JUICY', 'CARTON', '2002', '200ML-1X24-CARTON', '2.00', '18', '19', '19', '0.0000', '0.0000', 100, NULL, NULL, NULL, NULL, NULL, 'f9d0b90d-631a-4f45-982c-d8223bd65c0d', 'Active', NULL, NULL, NULL, 'product'),
('1e3a9c62-9b44-4e7c-8e22-15a145627fe9', 'Cost of marketting', '20', 'JUICE-TETRA', 'CHOTA SULTAN', 'STRAW', '234', 'dfjdkfjkdf', '2.00', '14', '14', '14', '1000.0000', '700.0000', 1, 'fgfgfg', 'ergdfgfgg', 'No', 111, 'fgfgfggg', 'f9d0b90d-631a-4f45-982c-d8223bd65c0d', 'Active', NULL, NULL, NULL, 'product'),
('23e365f2-6bdb-41ec-a24f-1f031bd26f8e', 'MR.JUICY-200ML-ANNAR', '72', 'JUICE-TETRA', 'MR JUICY', 'FINISH GOODS', '0745178423649', '200ML - ANNAR', '8.00', '15', '19', '19', '0.0000', '360.0000', 100, NULL, NULL, 'TRAY', 200, NULL, 'f9d0b90d-631a-4f45-982c-d8223bd65c0d', 'Active', NULL, NULL, NULL, 'product'),
('26ac4b22-28ea-49eb-97fc-18eb3cf10907', 'APPLE CONCENTRATE', '21', 'JUICE-TETRA', 'GENERAL', 'RAW MATERIAL', '5012', 'APPLE CONCENTRATE', '2.00', '20', '21', '26', '0.0000', '250.0000', 100, NULL, NULL, NULL, NULL, 'prod-d', 'f9d0b90d-631a-4f45-982c-d8223bd65c0d', 'Active', NULL, NULL, NULL, 'product'),
('2964bb13-9fa9-448f-8282-69dbf8bd2a20', 'CHOTA SULTAN-125ML-APPLE', '72', 'JUICE-TETRA', 'CHOTA SULTAN', 'FINISH GOODS', '0745178423700', '125ML - APPLE', '8.00', '15', '19', '19', '0.0000', '200.0000', 100, NULL, NULL, 'TRAY', 100, NULL, 'f9d0b90d-631a-4f45-982c-d8223bd65c0d', 'Active', NULL, NULL, NULL, 'product'),
('29f3b48a-364e-4513-95ab-5ba86ca5dae4', 'MR-200ML-ANNAR-PAPER', '21', 'JUICE-TETRA', 'MR JUICY', 'PAPER', '0745178423649', '200ML - ANNAR', '8.00', '7', '7', '7', '0.0000', '0.0000', 100, NULL, NULL, NULL, NULL, NULL, 'f9d0b90d-631a-4f45-982c-d8223bd65c0d', 'Active', NULL, NULL, NULL, 'product'),
('2aaa995b-d5f6-42d2-a078-228ded1cc5da', '250ML-STRAW', '21', 'JUICE-TETRA', 'MR JUICY', 'STRAW', '1003', '250ML-1X36-STRAW', '8.00', '7', '7', '7', '0.0000', '0.0000', 36, NULL, NULL, NULL, NULL, NULL, 'f9d0b90d-631a-4f45-982c-d8223bd65c0d', 'Active', NULL, NULL, NULL, 'product'),
('316f24b0-ddda-4ccc-bab7-9e40f4ed1d86', 'ORANGE CONCENTRATE', '21', 'JUICE-TETRA', 'GENERAL', 'RAW MATERIAL', '5013', 'ORANGE CONCENTRATE', '8.00', '20', '21', '21', '0.0000', '0.0000', 100, NULL, NULL, 'No', NULL, NULL, 'f9d0b90d-631a-4f45-982c-d8223bd65c0d', 'Active', NULL, NULL, NULL, 'product'),
('332a9e3d-a1fb-4250-ae29-a8cd1fd2cdc6', 'CHOTA SULTAN-125ML-MANGO', '72', 'JUICE-TETRA', 'CHOTA SULTAN', 'FINISH GOODS', '0745178423694', '125ML - MANGO', '8.00', '15', '19', '19', '0.0000', '200.0000', 100, NULL, NULL, NULL, NULL, NULL, 'f9d0b90d-631a-4f45-982c-d8223bd65c0d', 'Active', NULL, NULL, NULL, 'product'),
('3ca12da4-93a5-4bb0-8120-98f696e1f758', 'TAPE SOLUTION', '21', 'JUICE-TETRA', 'GENERAL', 'TAPE SOULTION', '3002', 'TAPE SOLUTION', '8.00', '7', '7', '7', '0.0000', '0.0000', 100, NULL, NULL, NULL, NULL, NULL, 'f9d0b90d-631a-4f45-982c-d8223bd65c0d', 'Active', NULL, NULL, NULL, 'product'),
('50ef5ee3-9605-4c1a-a808-e57e89bd16db', 'MR.JUICY-250ML-ORANGE MANGO-1X24-TRAY', '72', 'JUICE-TETRA', 'MR JUICY', 'FINISH GOODS', '0745178248979', '250ML-ORANGE MANGO-1X24-TRAY', '2.00', '15', '19', '19', '0.0000', '0.0000', 0, NULL, NULL, NULL, NULL, NULL, 'f9d0b90d-631a-4f45-982c-d8223bd65c0d', 'Active', NULL, NULL, NULL, 'product'),
('523ddef5-538e-4898-ab53-6b468404e956', 'MR.JUICY-250ML-MIX FRUIT-1X24 CTN', '72', 'JUICE-TETRA', 'MR JUICY', 'FINISH GOODS', '0745178248992', '250ML-MIX FRUIT-1X24 CTN', '2.00', '14', '14', '14', '0.0000', '0.0000', 0, NULL, NULL, NULL, NULL, NULL, 'f9d0b90d-631a-4f45-982c-d8223bd65c0d', 'Active', NULL, NULL, NULL, 'product'),
('55553c22-8dc7-4a0f-b621-579738805d59', 'MR.JUICY-250ML-MANGO-1x27', '72', 'JUICE-TETRA', 'MR JUICY', 'FINISH GOODS', '0745178248970', '250ML-MANGO-1X27', '2.00', '15', '19', '19', '0.0000', '0.0000', 0, NULL, NULL, 'TRAY', NULL, NULL, 'f9d0b90d-631a-4f45-982c-d8223bd65c0d', 'Active', NULL, NULL, NULL, 'product'),
('61155f72-b939-4542-841d-793c7ebe3f06', 'MR-200ML-ORANGE MANGO-PAPER', '21', 'JUICE-TETRA', 'MR JUICY', 'PAPER', '0745178423601', '200ML - ORANGE MANGO', '8.00', '7', '7', '7', '0.0000', '0.0000', 100, NULL, NULL, NULL, NULL, NULL, 'f9d0b90d-631a-4f45-982c-d8223bd65c0d', 'Active', NULL, NULL, NULL, 'product'),
('64fd51ce-e352-4844-a115-474682160907', 'MR-200ML-ORANGE-PAPER', '21', 'JUICE-TETRA', 'MR JUICY', 'PAPER', '0745178423632', '200ML - ORANGE', '8.00', '7', '7', '7', '0.0000', '0.0000', 100, NULL, NULL, NULL, NULL, NULL, 'f9d0b90d-631a-4f45-982c-d8223bd65c0d', 'Active', NULL, NULL, NULL, 'product'),
('66061013-d9cd-46fb-a3a8-ef5d50ca1d7e', 'RED GRAPES CONCENTRATE', '21', 'JUICE-TETRA', 'GENERAL', 'RAW MATERIAL', '5014', 'RED GRAPES CONCENTRATE', '8.00', '20', '21', '21', '0.0000', '0.0000', 100, NULL, NULL, 'No', NULL, NULL, 'f9d0b90d-631a-4f45-982c-d8223bd65c0d', 'Active', NULL, NULL, NULL, 'product'),
('6b0ddec9-6fa7-43cb-9112-7a1e4f622fe9', 'ASCORBIC ACID', '21', 'JUICE-TETRA', 'GENERAL', 'RAW MATERIAL', '5006', 'ASCORBIC ACID', '8.00', '20', '21', '21', '0.0000', '0.0000', 100, NULL, NULL, 'No', NULL, NULL, 'f9d0b90d-631a-4f45-982c-d8223bd65c0d', 'Active', NULL, NULL, NULL, 'product'),
('70377159-1d37-41d7-86fd-ec24afbb19e2', 'MR.JUICY-250ML-MANGO-1x36', '72', 'JUICE-TETRA', 'MR JUICY', 'FINISH GOODS', '0745178248969', '250ML-MANGO-1X36', '8.00', '14', '14', '14', '0.0000', '520.0000', 100, NULL, NULL, NULL, NULL, NULL, 'f9d0b90d-631a-4f45-982c-d8223bd65c0d', 'Active', NULL, NULL, NULL, 'product'),
('71b6bcc8-0436-41e2-8ceb-ade9a3065845', 'MR.JUICY-200ML-MANGO', '72', 'JUICE-TETRA', 'MR JUICY', 'FINISH GOODS', '0745178249003', '200ML - MANGO', '8.00', '15', '19', '19', '0.0000', '366.6700', 100, NULL, NULL, 'TRAY', NULL, NULL, 'f9d0b90d-631a-4f45-982c-d8223bd65c0d', 'Active', NULL, NULL, NULL, 'product'),
('72b56809-0b30-4519-9614-ec21013f5229', 'MANGO PULP', '21', 'JUICE-TETRA', 'GENERAL', 'RAW MATERIAL', '5001', 'MANGO PULP', '8.00', '21', '21', '21', '0.0000', '0.0000', 100, NULL, NULL, 'No', NULL, NULL, 'f9d0b90d-631a-4f45-982c-d8223bd65c0d', 'Active', NULL, NULL, NULL, 'product'),
('74028493-c436-4e77-a7fd-b27e5eae7cda', 'ORANGE FLAVOR', '21', 'JUICE-TETRA', 'GENERAL', 'RAW MATERIAL', '5018', 'ORANGE FLAVOR', '8.00', '20', '21', '21', '0.0000', '0.0000', 100, NULL, NULL, 'No', NULL, NULL, 'f9d0b90d-631a-4f45-982c-d8223bd65c0d', 'Active', NULL, NULL, NULL, 'product'),
('74246e7c-662e-4bec-a337-5eb39491eab0', 'MR.JUICY-250ML-APPLE-1X24-TRAY', '72', 'JUICE-TETRA', 'MR JUICY', 'FINISH GOODS', '0745178248986', '250ML-APPLE-1X24-TRAY', '2.00', '15', '19', '19', '0.0000', '0.0000', 0, NULL, NULL, NULL, NULL, NULL, 'f9d0b90d-631a-4f45-982c-d8223bd65c0d', 'Active', NULL, NULL, NULL, 'product'),
('75b3f18e-55a5-459d-b839-77d37d3145e1', 'SODIUM CITRATE', '21', 'JUICE-TETRA', 'GENERAL', 'RAW MATERIAL', '5005', 'SODIUM CITRATE', '8.00', '20', '21', '21', '0.0000', '0.0000', 100, NULL, NULL, 'No', NULL, NULL, 'f9d0b90d-631a-4f45-982c-d8223bd65c0d', 'Active', NULL, NULL, NULL, 'product'),
('8c6b72ae-173d-4260-9887-fa0836b1f6e9', 'MR.JUICY-200ML-APPLE', '72', 'JUICE-TETRA', 'MR JUICY', 'FINISH GOODS', '0745178423618', '200ML - APPLE', '8.00', '15', '19', '19', '0.0000', '360.0000', 100, NULL, NULL, 'TRAY', NULL, NULL, 'f9d0b90d-631a-4f45-982c-d8223bd65c0d', 'Active', NULL, NULL, NULL, 'product'),
('8df7c58f-9091-4a4c-b9d0-1c65fb5992c7', 'CS-125ML-MANGO-PAPER', '21', 'JUICE-TETRA', 'CHOTA SULTAN', 'PAPER', '0745178423694', '125ML - MANGO', '8.00', '7', '7', '7', '0.0000', '0.0000', 100, NULL, NULL, NULL, NULL, NULL, 'f9d0b90d-631a-4f45-982c-d8223bd65c0d', 'Active', NULL, NULL, NULL, 'product'),
('8eee862f-41d6-4894-a0c6-728f5fcf2455', 'MR.JUICY-250ML-APPLE-1X24 CTN', '72', 'JUICE-TETRA', 'MR JUICY', 'FINISH GOODS', '0745178248985', '250ML-APPLE-1X24 CTN', '2.00', '14', '14', '14', '0.0000', '0.0000', 0, NULL, NULL, NULL, NULL, NULL, 'f9d0b90d-631a-4f45-982c-d8223bd65c0d', 'Active', NULL, NULL, NULL, 'product'),
('94feec8d-cdd7-4f0a-94ee-735836a021f0', 'SODIUM BENZOATE', '21', 'JUICE-TETRA', 'GENERAL', 'RAW MATERIAL', '5004', 'SODIUM BENZOATE', '8.00', '20', '21', '21', '0.0000', '0.0000', 100, NULL, NULL, 'No', NULL, NULL, 'f9d0b90d-631a-4f45-982c-d8223bd65c0d', 'Active', NULL, NULL, NULL, 'product'),
('964c865f-ebb6-48d2-95cb-6d460e30c297', 'MR.JUICY-250ML-ORANGE MANGO-1X36', '72', 'JUICE-TETRA', 'MR JUICY', 'FINISH GOODS', '0745178248976', '250ML-ORANGE MANGO-1X36', '8.00', '14', '14', '14', '0.0000', '520.0000', 100, NULL, NULL, NULL, NULL, NULL, 'f9d0b90d-631a-4f45-982c-d8223bd65c0d', 'Active', NULL, NULL, NULL, 'product'),
('9a8eaeb7-7884-41b5-979b-390233831321', 'SUGAR', '21', 'JUICE-TETRA', 'GENERAL', 'RAW MATERIAL', '5002', 'SUGAR', '8.00', '20', '21', '21', '0.0000', '0.0000', 100, NULL, NULL, 'No', NULL, NULL, 'f9d0b90d-631a-4f45-982c-d8223bd65c0d', 'Active', NULL, NULL, NULL, 'product'),
('9aa655f4-5b59-4f54-80bc-f3e05175e388', 'MR.JUICY-250ML-APPLE-1X27', '72', 'JUICE-TETRA', 'MR JUICY', 'TRAY', '0745178248984', '250ML-APPLE-1X27', '2.00', '15', '19', '19', '0.0000', '0.0000', 0, NULL, NULL, NULL, NULL, NULL, 'f9d0b90d-631a-4f45-982c-d8223bd65c0d', 'Active', NULL, NULL, NULL, 'product'),
('9d59003f-8e13-4ed7-9220-191effc4dd41', 'STRETCH FILM ROLL', '21', 'JUICE-TETRA', 'GENERAL', 'STRETCH FILM ROLL', '3004', 'STRETCH FILM ROLL', '8.00', '20', '21', '21', '0.0000', '0.0000', 100, NULL, NULL, NULL, NULL, NULL, 'f9d0b90d-631a-4f45-982c-d8223bd65c0d', 'Active', NULL, NULL, NULL, 'product'),
('9e55e4ee-ed2d-41bd-974f-bf2e1378d78f', 'CMC (CHINA)', '21', 'JUICE-TETRA', 'GENERAL', 'RAW MATERIAL', '5008', 'CMC (CHINA)', '8.00', '20', '21', '21', '0.0000', '0.0000', 100, NULL, NULL, 'No', NULL, NULL, 'f9d0b90d-631a-4f45-982c-d8223bd65c0d', 'Active', NULL, NULL, NULL, 'product'),
('a3157a27-0e5c-41c1-a5c8-61b78fcacf62', '125ML-1X24-CARTON', '21', 'JUICE-TETRA', 'CHOTA SULTAN', 'CARTON', '2001', '125ML-1X24-CARTON', '8.00', '7', '7', '7', '0.0000', '0.0000', 100, NULL, NULL, NULL, NULL, NULL, 'f9d0b90d-631a-4f45-982c-d8223bd65c0d', 'Active', NULL, NULL, NULL, 'product'),
('a698985e-880d-4ed4-aa99-8e7e7715d208', 'CARAMEL COLOR', '21', 'JUICE-TETRA', 'GENERAL', 'RAW MATERIAL', '5019', 'CARAMEL COLOR', '8.00', '20', '21', '21', '0.0000', '0.0000', 100, NULL, NULL, 'No', NULL, NULL, 'f9d0b90d-631a-4f45-982c-d8223bd65c0d', 'Active', NULL, NULL, NULL, 'product'),
('a7546905-c250-4ac3-ac07-8d940e811433', 'MR-200ML-APPLE-PAPER', '21', 'JUICE-TETRA', 'MR JUICY', 'PAPER', '0745178423618', '200ML - APPLE', '8.00', '7', '7', '7', '0.0000', '0.0000', 100, NULL, NULL, NULL, NULL, NULL, 'f9d0b90d-631a-4f45-982c-d8223bd65c0d', 'Active', NULL, NULL, NULL, 'product'),
('a762acbf-7c99-4239-a236-2fb14836dc03', 'MR-250ML-MANGO-PAPER', '21', 'JUICE-TETRA', 'MR JUICY', 'PAPER', '0745178248969', '250ML - MANGO', '8.00', '7', '7', '7', '0.0000', '0.0000', 100, NULL, NULL, NULL, NULL, NULL, 'f9d0b90d-631a-4f45-982c-d8223bd65c0d', 'Active', NULL, NULL, NULL, 'product'),
('aae77964-0163-4e37-b75e-1410512bc52b', 'GREEN APPLE FLAVOR', '21', 'JUICE-TETRA', 'GENERAL', 'RAW MATERIAL', '5017', 'GREEN APPLE FLAVOR', '8.00', '20', '21', '21', '0.0000', '0.0000', 100, NULL, NULL, 'No', NULL, NULL, 'f9d0b90d-631a-4f45-982c-d8223bd65c0d', 'Active', NULL, NULL, NULL, 'product'),
('b0c35bc5-c3f8-402e-99a0-5c2e1e0b80d9', 'MR.JUICY-250ML-MIX FRUIT-1X36', '72', 'JUICE-TETRA', 'MR JUICY', 'FINISH GOODS', '0745178248990', '250ML-MIX FRUIT-1X36', '8.00', '14', '14', '14', '0.0000', '520.0000', 100, NULL, NULL, NULL, NULL, NULL, 'f9d0b90d-631a-4f45-982c-d8223bd65c0d', 'Active', NULL, NULL, NULL, 'product'),
('b6514911-7a07-48d4-8580-04375d7bb948', 'MR.JUICY-250ML-MANGO-1X24-TRAY', '72', 'JUICE-TETRA', 'MR JUICY', 'FINISH GOODS', '0745178248987', '250ML-MANGO-1X24-TRAY', '2.00', '15', '19', '19', '0.0000', '0.0000', 0, NULL, NULL, NULL, NULL, NULL, 'f9d0b90d-631a-4f45-982c-d8223bd65c0d', 'Active', NULL, NULL, NULL, 'product'),
('b6e6a32c-ba07-4277-a480-cff5f76ef71f', 'MR.JUICY-250ML-MIX FRUIT-1X27', '72', 'JUICE-TETRA', 'MR JUICY', 'FINISH GOODS', '0745178248991', '250ML-MIX FRUIT-1X27', '2.00', '15', '19', '19', '0.0000', '0.0000', 0, NULL, NULL, NULL, NULL, NULL, 'f9d0b90d-631a-4f45-982c-d8223bd65c0d', 'Active', NULL, NULL, NULL, 'product'),
('b72b0ce8-c2aa-4d81-ad3e-124b246d3c14', 'TARTRAZINE', '21', 'JUICE-TETRA', 'GENERAL', 'RAW MATERIAL', '5011', 'TARTRAZINE', '8.00', '20', '21', '21', '0.0000', '0.0000', 100, NULL, NULL, NULL, NULL, NULL, 'f9d0b90d-631a-4f45-982c-d8223bd65c0d', 'Active', NULL, NULL, NULL, 'product'),
('ba1b0ca7-9cfd-4d61-a5a0-b95949117feb', '200ML-STRAW', '21', 'JUICE-TETRA', 'GENERAL', 'STRAW', '1002', '200ML-1X24-STRAW', '8.00', '7', '7', '7', '0.0000', '0.0000', 100, NULL, NULL, NULL, NULL, NULL, 'f9d0b90d-631a-4f45-982c-d8223bd65c0d', 'Active', NULL, NULL, NULL, 'product'),
('bd3d9548-3ec0-473b-a41a-3a501f02bf6a', 'MR-200ML-MIX FRUIT-PAPER', '21', 'JUICE-TETRA', 'MR JUICY', 'PAPER', '0745178423625', '200ML - MIX FRUIT', '8.00', '7', '7', '7', '0.0000', '0.0000', 100, NULL, NULL, NULL, NULL, NULL, 'f9d0b90d-631a-4f45-982c-d8223bd65c0d', 'Active', NULL, NULL, NULL, 'product'),
('bf1116bd-6243-40ac-a4ad-96ab52e8e17c', 'MR.JUICY-250ML-MANGO-1x24 CTN', '72', 'JUICE-TETRA', 'MR JUICY', 'FINISH GOODS', '0745178248971', '250ML-MANGO-1X24 CTN', '2.00', '14', '14', '14', '0.0000', '0.0000', 0, NULL, NULL, NULL, NULL, NULL, 'f9d0b90d-631a-4f45-982c-d8223bd65c0d', 'Active', NULL, NULL, NULL, 'product'),
('c155ef3a-4bde-413e-875e-38277a0a564e', 'MR.JUICY-200ML-RED GRAPES', '72', 'JUICE-TETRA', 'MR JUICY', 'FINISH GOODS', '0745178423670', '200ML - RED GRAPES', '8.00', '15', '19', '19', '0.0000', '360.0000', 100, NULL, NULL, 'TRAY', NULL, NULL, 'f9d0b90d-631a-4f45-982c-d8223bd65c0d', 'Active', NULL, NULL, NULL, 'product'),
('c1fd2b49-0aec-457e-aef6-f8af33604d34', '250ML-1X24-CARTON', '21', 'JUICE-TETRA', 'MR JUICY', 'CARTON', '2003', '250ML-1X24-CARTON', '8.00', '7', '7', '7', '0.0000', '0.0000', 100, NULL, NULL, NULL, NULL, NULL, 'f9d0b90d-631a-4f45-982c-d8223bd65c0d', 'Active', NULL, NULL, NULL, 'product'),
('c404d9b7-b7f5-46d6-bef7-4b8f2c99be91', 'MR-250ML-MIX FRUIT-PAPER', '21', 'JUICE-TETRA', 'MR JUICY', 'PAPER', '0745178248990', '250ML - MIX FRUIT', '8.00', '7', '7', '7', '0.0000', '0.0000', 100, NULL, NULL, NULL, NULL, NULL, 'f9d0b90d-631a-4f45-982c-d8223bd65c0d', 'Active', NULL, NULL, NULL, 'product'),
('c8d5d6f6-b614-4899-a78b-48fef22699e2', 'MR-250ML-ORANGE MANGO-PAPER', '21', 'JUICE-TETRA', 'MR JUICY', 'PAPER', '0745178248976', '250ML - ORANGE MANGO', '8.00', '7', '7', '7', '0.0000', '0.0000', 100, NULL, NULL, NULL, NULL, NULL, 'f9d0b90d-631a-4f45-982c-d8223bd65c0d', 'Active', NULL, NULL, NULL, 'product'),
('ca5318cc-d430-4336-9271-496edbcec9c1', 'SUNSET YELLOW COLOR', '21', 'JUICE-TETRA', 'GENERAL', 'RAW MATERIAL', '5010', 'SUNSET YELLOW COLOR', '8.00', '20', '21', '21', '0.0000', '0.0000', 100, NULL, NULL, 'No', NULL, NULL, 'f9d0b90d-631a-4f45-982c-d8223bd65c0d', 'Active', NULL, NULL, NULL, 'product'),
('cb30331f-b148-4f33-943a-81b3a01c3b4d', 'MR.JUICY-250ML-MIX FRUIT-1X24-TRAY', '72', 'JUICE-TETRA', 'MR JUICY', 'FINISH GOODS', '0745178248993', '250ML-MIX FRUIT-1X24-TRAY', '2.00', '15', '19', '19', '0.0000', '0.0000', 0, NULL, NULL, NULL, NULL, NULL, 'f9d0b90d-631a-4f45-982c-d8223bd65c0d', 'Active', NULL, NULL, NULL, 'product'),
('cb5a1a7d-9dc6-49b7-9711-c007985762a5', '250ML-1X36-CARTON', '21', 'JUICE-TETRA', 'MR JUICY', 'CARTON', '2005', '250ML-1X36-CARTON', '8.00', '7', '7', '7', '0.0000', '0.0000', 100, NULL, NULL, NULL, NULL, NULL, 'f9d0b90d-631a-4f45-982c-d8223bd65c0d', 'Active', NULL, NULL, NULL, 'product'),
('ce1dd112-3270-4861-acb6-70c4f02bb1f2', 'MR-200ML-RED GRAPES-PAPER', '21', 'JUICE-TETRA', 'MR JUICY', 'PAPER', '0745178423670', '200ML - RED GRAPES', '8.00', '7', '7', '7', '0.0000', '0.0000', 100, NULL, NULL, NULL, NULL, NULL, 'f9d0b90d-631a-4f45-982c-d8223bd65c0d', 'Active', NULL, NULL, NULL, 'product'),
('d00f5a79-854e-433c-879f-b033783e25d3', 'POLYBAG', '21', 'JUICE-TETRA', 'GENERAL', 'POLY BAG', '3001', 'POLYBAG', '8.00', '20', '21', '21', '0.0000', '0.0000', 100, NULL, NULL, NULL, NULL, NULL, 'f9d0b90d-631a-4f45-982c-d8223bd65c0d', 'Active', NULL, NULL, NULL, 'product'),
('d0b9f32a-483f-4a43-b15d-18d9681bf9c4', 'MR.JUICY-200ML-ORANGE', '72', 'JUICE-TETRA', 'MR JUICY', 'FINISH GOODS', '0745178423632', '200ML - ORANGE', '8.00', '15', '19', '19', '0.0000', '360.0000', 100, NULL, NULL, NULL, NULL, NULL, 'f9d0b90d-631a-4f45-982c-d8223bd65c0d', 'Active', NULL, NULL, NULL, 'product'),
('d58748ab-557f-473b-8208-4eb55be72890', 'MANGO FLAVOR 463S', '21', 'JUICE-TETRA', 'GENERAL', 'RAW MATERIAL', '5016', 'MANGO FLAVOR 463S', '8.00', '20', '21', '21', '0.0000', '0.0000', 100, NULL, NULL, 'No', NULL, NULL, 'f9d0b90d-631a-4f45-982c-d8223bd65c0d', 'Active', NULL, NULL, NULL, 'product'),
('daa2dddb-b342-4ab0-b8dd-a952d7bd52be', 'MR-200ML-MANGO-PAPER', '21', 'JUICE-TETRA', 'MR JUICY', 'PAPER', '0745178249003', '200ML - MANGO', '8.00', '7', '7', '7', '0.0000', '0.0000', 100, NULL, NULL, NULL, NULL, NULL, 'f9d0b90d-631a-4f45-982c-d8223bd65c0d', 'Active', NULL, NULL, NULL, 'product'),
('daba05ef-e204-426e-b143-cd3282ac756b', 'MR.JUICY-200ML-MIX FRUIT', '72', 'JUICE-TETRA', 'MR JUICY', 'FINISH GOODS', '0745178423625', '200ML - MIX FRUIT', '8.00', '15', '19', '19', '0.0000', '200.0000', 100, NULL, NULL, 'TRAY', NULL, NULL, 'f9d0b90d-631a-4f45-982c-d8223bd65c0d', 'Active', NULL, NULL, NULL, 'product'),
('db8e584a-8e63-4195-b1e4-a238bd361f3d', 'MR.JUICY-200ML-ORANGE MANGO', '72', 'JUICE-TETRA', 'MR JUICY', 'FINISH GOODS', '0745178423601', '200ML - ORANGE MANGO', '8.00', '15', '19', '19', '0.0000', '360.0000', 100, NULL, NULL, 'TRAY', NULL, NULL, 'f9d0b90d-631a-4f45-982c-d8223bd65c0d', 'Active', NULL, NULL, NULL, 'product'),
('dbc1529a-cfee-484d-b9c4-8cbb45d30ca3', 'CS-125ML-MIX FRUIT-PAPER', '21', 'JUICE-TETRA', 'CHOTA SULTAN', 'PAPER', '0745178423724', '125ML - MIX FRUIT', '8.00', '7', '7', '7', '0.0000', '0.0000', 100, NULL, NULL, NULL, NULL, NULL, 'f9d0b90d-631a-4f45-982c-d8223bd65c0d', 'Active', NULL, NULL, NULL, 'product'),
('ddbeb847-9738-424d-b5cd-817ea8c280f2', '250ML-1X27-CARTON', '21', 'JUICE-TETRA', 'MR JUICY', 'CARTON', '2004', '250ML-1X27-CARTON', '8.00', '7', '7', '7', '0.0000', '0.0000', 100, NULL, NULL, NULL, NULL, NULL, 'f9d0b90d-631a-4f45-982c-d8223bd65c0d', 'Active', NULL, NULL, NULL, 'product'),
('e36069a5-b88c-44f9-9856-f465e104a25d', 'SWEETENER', '21', 'JUICE-TETRA', 'GENERAL', 'RAW MATERIAL', '5007', 'SWEETENER', '8.00', '20', '21', '21', '0.0000', '0.0000', 100, NULL, NULL, 'No', NULL, NULL, 'f9d0b90d-631a-4f45-982c-d8223bd65c0d', 'Active', NULL, NULL, NULL, 'product'),
('e7f0ac7e-220e-4245-8d0f-51d74b0cd725', 'MR.JUICY-250ML-ORANGE MANGO-1X24 CTN', '72', 'JUICE-TETRA', 'MR JUICY', 'FINISH GOODS', '0745178248978', '250ML-ORANGE MANGO-1X24 CTN', '2.00', '14', '14', '14', '0.0000', '0.0000', 0, NULL, NULL, NULL, NULL, NULL, 'f9d0b90d-631a-4f45-982c-d8223bd65c0d', 'Active', NULL, NULL, NULL, 'product'),
('eab0ab71-31d4-4849-8bb6-fb4512d59e97', 'MR.JUICY-250ML-ORANGE MANGO-1X27', '72', 'JUICE-TETRA', 'MR JUICY', 'FINISH GOODS', '0745178248977', '250ML-ORANGE MANGO-1X27', '2.00', '15', '19', '19', '0.0000', '0.0000', 0, NULL, NULL, NULL, NULL, NULL, 'f9d0b90d-631a-4f45-982c-d8223bd65c0d', 'Active', NULL, NULL, NULL, 'product'),
('eea5716d-010e-4d9a-90b6-1a3503f1ce25', 'XANTHAN GUM', '21', 'JUICE-TETRA', 'GENERAL', 'RAW MATERIAL', '5009', 'XANTHAN GUM', '8.00', '20', '21', '21', '0.0000', '0.0000', 100, NULL, NULL, 'No', NULL, NULL, 'f9d0b90d-631a-4f45-982c-d8223bd65c0d', 'Active', NULL, NULL, NULL, 'product'),
('f598a2d8-bf18-420d-9b40-80f60d090c8d', '125ML-STRAW', '21', 'JUICE-TETRA', 'GENERAL', 'STRAW', '1001', '125ML-1X24-STRAW', '2.00', '18', '7', '7', '0.0000', '0.0000', 100, NULL, NULL, NULL, NULL, NULL, 'f9d0b90d-631a-4f45-982c-d8223bd65c0d', 'Active', NULL, NULL, NULL, 'product'),
('f918cfd1-43cc-46a0-9390-6119da495d02', 'CS-125ML-APPLE-PAPER', '21', 'JUICE-TETRA', 'CHOTA SULTAN', 'PAPER', '07451784237010', '125ML - APPLE1', '2.00', '18', '7', '7', '0.0000', '0.0000', 100, NULL, NULL, NULL, NULL, NULL, 'f9d0b90d-631a-4f45-982c-d8223bd65c0d', 'Active', NULL, NULL, NULL, 'product'),
('faf7282c-ef82-4f8c-bf4d-baf8f88b8d27', '250ML-STRAW', '21', 'JUICE-TETRA', 'MR JUICY', 'STRAW', '1005', '250ML-1X24-STRAW', '7.00', '7', '7', '7', '0.0000', '0.0000', 24, NULL, NULL, NULL, NULL, NULL, 'f9d0b90d-631a-4f45-982c-d8223bd65c0d', 'Active', NULL, NULL, NULL, 'product'),
('ff37340f-a17f-4c24-9ccd-9d26c11f0232', 'MR-250ML-APPLE-PAPER', '21', 'JUICE-TETRA', 'MR JUICY', 'PAPER', '0745178248983', '250ML - APPLE', '8.00', '7', '7', '7', '0.0000', '0.0000', 100, NULL, NULL, NULL, NULL, NULL, 'f9d0b90d-631a-4f45-982c-d8223bd65c0d', 'Active', NULL, NULL, NULL, 'product'),
('541ecbf4-a728-4cd4-896a-0e2518cee415', 'demo', '138', 'JUICE-TETRA', 'MR JUICY', 'FINISH GOODS', '3434', NULL, '2.00', '16', '17', '17', '23.0000', '23.0000', 232, NULL, NULL, '250 ML', 23, NULL, 'f9d0b90d-631a-4f45-982c-d8223bd65c0d', 'Active', NULL, NULL, NULL, 'product'),
('8d71c3bd-9c60-428d-a951-903994eef6c1', 'demo12', '20', 'JUICE-TETRA', 'MR JUICY', 'CARTON', '008', 'sk001', '3.00', '20', '21', '21', '20.0000', '30.0000', 10, 'sale d', 'pur d', NULL, 40, 'gd', 'f9d0b90d-631a-4f45-982c-d8223bd65c0d', 'Suspended', NULL, NULL, NULL, 'product'),
('b285000e-8e4b-4cb5-9184-e7d3840c26f7', 'demo13', '21', 'JUICE-TETRA', 'CHOTA SULTAN', 'HOTMELT', '22', '33', '3.00', '20', '21', '21', '22.0000', '22.0000', 22, NULL, NULL, '200 ML', 22, NULL, 'f9d0b90d-631a-4f45-982c-d8223bd65c0d', 'Suspended', NULL, NULL, NULL, 'product');

-- --------------------------------------------------------

--
-- Table structure for table `inv_products_attachments`
--

CREATE TABLE `inv_products_attachments` (
  `id` char(36) COLLATE utf8mb4_unicode_ci NOT NULL,
  `prd_id` varchar(36) COLLATE utf8mb4_unicode_ci DEFAULT NULL,
  `name` varchar(64) COLLATE utf8mb4_unicode_ci DEFAULT NULL,
  `file` varchar(50) COLLATE utf8mb4_unicode_ci DEFAULT NULL
) ENGINE=InnoDB DEFAULT CHARSET=utf8mb4 COLLATE=utf8mb4_unicode_ci;

-- --------------------------------------------------------

--
-- Table structure for table `inv_products_attributes`
--

CREATE TABLE `inv_products_attributes` (
  `name` varchar(34) COLLATE utf8mb4_unicode_ci DEFAULT NULL,
  `prd_id` varchar(34) COLLATE utf8mb4_unicode_ci DEFAULT NULL
) ENGINE=InnoDB DEFAULT CHARSET=utf8mb4 COLLATE=utf8mb4_unicode_ci;

-- --------------------------------------------------------

--
-- Table structure for table `inv_products_categories`
--

CREATE TABLE `inv_products_categories` (
  `id` varchar(34) COLLATE utf8mb4_unicode_ci DEFAULT NULL,
  `prd_id` varchar(34) COLLATE utf8mb4_unicode_ci DEFAULT NULL,
  `category` varchar(50) COLLATE utf8mb4_unicode_ci DEFAULT NULL
) ENGINE=InnoDB DEFAULT CHARSET=utf8mb4 COLLATE=utf8mb4_unicode_ci;

-- --------------------------------------------------------

--
-- Table structure for table `inv_purchase_requisitions`
--

CREATE TABLE `inv_purchase_requisitions` (
  `id` varchar(36) COLLATE utf8mb4_unicode_ci NOT NULL,
  `date` date DEFAULT NULL,
  `month` smallint(5) UNSIGNED DEFAULT NULL,
  `warehouse` varchar(64) COLLATE utf8mb4_unicode_ci DEFAULT NULL,
  `status` varchar(32) COLLATE utf8mb4_unicode_ci DEFAULT NULL,
  `company_id` varchar(70) COLLATE utf8mb4_unicode_ci DEFAULT NULL,
  `note` varchar(512) COLLATE utf8mb4_unicode_ci DEFAULT NULL,
  `user_id` int(10) UNSIGNED DEFAULT NULL,
  `update_user_id` int(10) UNSIGNED DEFAULT NULL,
  `created_at` timestamp NULL DEFAULT NULL,
  `updated_at` timestamp NULL DEFAULT NULL,
  `number` int(11) NOT NULL,
  `editable` int(11) NOT NULL
) ENGINE=InnoDB DEFAULT CHARSET=utf8mb4 COLLATE=utf8mb4_unicode_ci;

--
-- Dumping data for table `inv_purchase_requisitions`
--

INSERT INTO `inv_purchase_requisitions` (`id`, `date`, `month`, `warehouse`, `status`, `company_id`, `note`, `user_id`, `update_user_id`, `created_at`, `updated_at`, `number`, `editable`) VALUES
('0b1dc360-5d0a-4e53-9295-2294286563cc', '2021-07-08', 2021, 'ae3b0fe8-5f4c-4327-8624-748d572e9c27', 'Hold', 'f9d0b90d-631a-4f45-982c-d8223bd65c0d', 'yyyyyyyyyyyyyyyyyy', 8, NULL, '2021-07-08 08:13:08', '2021-07-08 08:13:08', 3, 0),
('4e4d5df7-a5cd-4cc7-8c26-c5ecfe1caa12', '2021-07-08', 2021, 'ae3b0fe8-5f4c-4327-8624-748d572e9c27', 'Hold', 'f9d0b90d-631a-4f45-982c-d8223bd65c0d', 'product detail product detail product detail product detail', 8, NULL, '2021-07-08 05:55:45', '2021-07-08 05:55:45', 2, 0),
('5cea3913-0494-49e4-961b-314ac48b0c52', '2021-07-08', 2021, 'ae3b0fe8-5f4c-4327-8624-748d572e9c27', 'Completed', 'f9d0b90d-631a-4f45-982c-d8223bd65c0d', 'product detail', 8, NULL, '2021-07-08 05:37:58', '2021-07-08 05:37:58', 1, 0);

-- --------------------------------------------------------

--
-- Table structure for table `inv_purchase_requistion_attachments`
--

CREATE TABLE `inv_purchase_requistion_attachments` (
  `id` varchar(36) COLLATE utf8mb4_unicode_ci NOT NULL,
  `pr_id` varchar(36) COLLATE utf8mb4_unicode_ci NOT NULL,
  `file` varchar(100) COLLATE utf8mb4_unicode_ci DEFAULT NULL
) ENGINE=InnoDB DEFAULT CHARSET=utf8mb4 COLLATE=utf8mb4_unicode_ci;

-- --------------------------------------------------------

--
-- Table structure for table `inv_purchase_requistion_details`
--

CREATE TABLE `inv_purchase_requistion_details` (
  `id` varchar(36) COLLATE utf8mb4_unicode_ci NOT NULL,
  `pr_id` varchar(36) COLLATE utf8mb4_unicode_ci NOT NULL,
  `prod_id` varchar(36) COLLATE utf8mb4_unicode_ci NOT NULL,
  `description` varchar(250) COLLATE utf8mb4_unicode_ci DEFAULT NULL,
  `unit` varchar(12) COLLATE utf8mb4_unicode_ci DEFAULT NULL,
  `qty_in_stock` int(11) DEFAULT NULL,
  `reorder_level` decimal(12,5) DEFAULT NULL,
  `qty_ordered` decimal(12,5) DEFAULT NULL,
  `required_by_date` date DEFAULT NULL,
  `packing_detail` varchar(250) COLLATE utf8mb4_unicode_ci DEFAULT NULL,
  `display` smallint(6) DEFAULT NULL,
  `created_at` timestamp NULL DEFAULT NULL,
  `updated_at` timestamp NULL DEFAULT NULL
) ENGINE=InnoDB DEFAULT CHARSET=utf8mb4 COLLATE=utf8mb4_unicode_ci;

--
-- Dumping data for table `inv_purchase_requistion_details`
--

INSERT INTO `inv_purchase_requistion_details` (`id`, `pr_id`, `prod_id`, `description`, `unit`, `qty_in_stock`, `reorder_level`, `qty_ordered`, `required_by_date`, `packing_detail`, `display`, `created_at`, `updated_at`) VALUES
('2e2e6ba5-e1c2-4e29-92ef-6698f50593af', '5cea3913-0494-49e4-961b-314ac48b0c52', 'f598a2d8-bf18-420d-9b40-80f60d090c8d', '125ML-STRAW', 'Pcs', 0, '100.00000', '12.00000', '2021-07-08', 'packing detail', 1, NULL, NULL),
('528bbb5e-a978-4fe8-8349-0aa4badcf2aa', '5cea3913-0494-49e4-961b-314ac48b0c52', 'c1fd2b49-0aec-457e-aef6-f8af33604d34', '250ML-1X24-CARTON', 'Pcs', 0, '100.00000', '15.00000', '2021-07-09', 'Package Detial1', 2, NULL, NULL),
('a805e372-9e0b-4933-95ea-8f9b62506037', '0b1dc360-5d0a-4e53-9295-2294286563cc', '2aaa995b-d5f6-42d2-a078-228ded1cc5da', '250ML-STRAW', 'Pcs', 0, '36.00000', '23.00000', '2021-07-06', 'pendin', 1, NULL, NULL),
('d6439789-b125-411b-9c42-223c60559a57', '0b1dc360-5d0a-4e53-9295-2294286563cc', 'aae77964-0163-4e37-b75e-1410512bc52b', 'GREEN APPLE FLAVOR', 'KG', 6, '100.00000', '20.00000', '2021-07-08', 'No', 2, NULL, NULL),
('eba58593-b3fe-4908-89ca-44525c812e05', '4e4d5df7-a5cd-4cc7-8c26-c5ecfe1caa12', 'ddbeb847-9738-424d-b5cd-817ea8c280f2', '250ML-1X27-CARTON', 'Pcs', 13064, '100.00000', '20.00000', '2021-07-09', 'Packing is in process', 1, NULL, NULL);

-- --------------------------------------------------------

--
-- Table structure for table `inv_purchase_returns`
--

CREATE TABLE `inv_purchase_returns` (
  `id` varchar(36) COLLATE utf8mb4_unicode_ci NOT NULL,
  `grn_id` varchar(36) COLLATE utf8mb4_unicode_ci DEFAULT NULL,
  `po_id` varchar(36) COLLATE utf8mb4_unicode_ci DEFAULT NULL,
  `date` date DEFAULT NULL,
  `month` smallint(6) DEFAULT NULL,
  `ven_id` varchar(36) COLLATE utf8mb4_unicode_ci DEFAULT NULL,
  `warehouse` varchar(64) COLLATE utf8mb4_unicode_ci DEFAULT NULL,
  `company_id` varchar(36) COLLATE utf8mb4_unicode_ci DEFAULT NULL,
  `status` varchar(32) COLLATE utf8mb4_unicode_ci DEFAULT NULL,
  `note` varchar(512) COLLATE utf8mb4_unicode_ci DEFAULT NULL,
  `user_id` varchar(36) COLLATE utf8mb4_unicode_ci DEFAULT NULL,
  `last_updated` date DEFAULT NULL,
  `update_user_id` varchar(36) COLLATE utf8mb4_unicode_ci DEFAULT NULL,
  `created_at` timestamp NULL DEFAULT NULL,
  `updated_at` timestamp NULL DEFAULT NULL,
  `number` int(11) NOT NULL
) ENGINE=InnoDB DEFAULT CHARSET=utf8mb4 COLLATE=utf8mb4_unicode_ci;

-- --------------------------------------------------------

--
-- Table structure for table `inv_purchase_return_attachments`
--

CREATE TABLE `inv_purchase_return_attachments` (
  `id` varchar(36) COLLATE utf8mb4_unicode_ci NOT NULL,
  `prn_id` varchar(36) COLLATE utf8mb4_unicode_ci DEFAULT NULL,
  `grn_id` varchar(36) COLLATE utf8mb4_unicode_ci DEFAULT NULL,
  `file` varchar(100) COLLATE utf8mb4_unicode_ci DEFAULT NULL
) ENGINE=InnoDB DEFAULT CHARSET=utf8mb4 COLLATE=utf8mb4_unicode_ci;

-- --------------------------------------------------------

--
-- Table structure for table `inv_purchase_return_details`
--

CREATE TABLE `inv_purchase_return_details` (
  `id` varchar(36) COLLATE utf8mb4_unicode_ci NOT NULL,
  `prn_id` varchar(36) COLLATE utf8mb4_unicode_ci DEFAULT NULL,
  `prod_id` varchar(36) COLLATE utf8mb4_unicode_ci DEFAULT NULL,
  `grn_id` varchar(36) COLLATE utf8mb4_unicode_ci DEFAULT NULL,
  `description` varchar(250) COLLATE utf8mb4_unicode_ci DEFAULT NULL,
  `unit` varchar(12) COLLATE utf8mb4_unicode_ci DEFAULT NULL,
  `rate` decimal(12,4) DEFAULT NULL,
  `amount` decimal(13,4) DEFAULT NULL,
  `qty_return` int(11) DEFAULT NULL,
  `total` decimal(14,2) DEFAULT NULL,
  `packing_detail` varchar(250) COLLATE utf8mb4_unicode_ci DEFAULT NULL,
  `display` smallint(6) DEFAULT NULL,
  `created_at` timestamp NULL DEFAULT NULL,
  `updated_at` timestamp NULL DEFAULT NULL
) ENGINE=InnoDB DEFAULT CHARSET=utf8mb4 COLLATE=utf8mb4_unicode_ci;

-- --------------------------------------------------------

--
-- Table structure for table `inv_sale_returns`
--

CREATE TABLE `inv_sale_returns` (
  `id` varchar(36) COLLATE utf8mb4_unicode_ci NOT NULL,
  `inv_id` varchar(36) COLLATE utf8mb4_unicode_ci DEFAULT NULL,
  `gin_id` varchar(36) COLLATE utf8mb4_unicode_ci DEFAULT NULL,
  `date` date DEFAULT NULL,
  `month` int(10) UNSIGNED DEFAULT NULL,
  `cst_coa_id` varchar(36) COLLATE utf8mb4_unicode_ci DEFAULT NULL,
  `warehouse` varchar(64) COLLATE utf8mb4_unicode_ci DEFAULT NULL,
  `status` varchar(32) COLLATE utf8mb4_unicode_ci DEFAULT NULL,
  `note` varchar(512) COLLATE utf8mb4_unicode_ci DEFAULT NULL,
  `company_id` varchar(36) COLLATE utf8mb4_unicode_ci DEFAULT NULL,
  `user_id` varchar(36) COLLATE utf8mb4_unicode_ci DEFAULT NULL,
  `update_user_id` varchar(36) COLLATE utf8mb4_unicode_ci DEFAULT NULL,
  `wip_id` varchar(36) COLLATE utf8mb4_unicode_ci DEFAULT NULL,
  `prj_id` varchar(36) COLLATE utf8mb4_unicode_ci DEFAULT NULL,
  `created_at` timestamp NULL DEFAULT NULL,
  `updated_at` timestamp NULL DEFAULT NULL,
  `number` int(11) NOT NULL
) ENGINE=InnoDB DEFAULT CHARSET=utf8mb4 COLLATE=utf8mb4_unicode_ci;

-- --------------------------------------------------------

--
-- Table structure for table `inv_sale_return_attachments`
--

CREATE TABLE `inv_sale_return_attachments` (
  `id` varchar(36) COLLATE utf8mb4_unicode_ci NOT NULL,
  `srn_id` varchar(36) COLLATE utf8mb4_unicode_ci DEFAULT NULL,
  `file` varchar(100) COLLATE utf8mb4_unicode_ci DEFAULT NULL
) ENGINE=InnoDB DEFAULT CHARSET=utf8mb4 COLLATE=utf8mb4_unicode_ci;

-- --------------------------------------------------------

--
-- Table structure for table `inv_sale_return_details`
--

CREATE TABLE `inv_sale_return_details` (
  `id` varchar(36) COLLATE utf8mb4_unicode_ci NOT NULL,
  `srn_id` varchar(36) COLLATE utf8mb4_unicode_ci DEFAULT NULL,
  `gin_id` varchar(36) COLLATE utf8mb4_unicode_ci DEFAULT NULL,
  `inv_id` varchar(36) COLLATE utf8mb4_unicode_ci DEFAULT NULL,
  `inv_detail_id` varchar(36) COLLATE utf8mb4_unicode_ci DEFAULT NULL,
  `gin_detail_id` varchar(36) COLLATE utf8mb4_unicode_ci DEFAULT NULL,
  `prod_id` varchar(36) COLLATE utf8mb4_unicode_ci DEFAULT NULL,
  `description` varchar(36) COLLATE utf8mb4_unicode_ci DEFAULT NULL,
  `unit` varchar(36) COLLATE utf8mb4_unicode_ci DEFAULT NULL,
  `qty_order` int(11) DEFAULT NULL,
  `qty_return` int(11) DEFAULT NULL,
  `rate` decimal(12,4) DEFAULT NULL,
  `amount` decimal(13,4) DEFAULT NULL,
  `required_by_date` date DEFAULT NULL,
  `packing_detail` varchar(250) COLLATE utf8mb4_unicode_ci DEFAULT NULL,
  `created_at` timestamp NULL DEFAULT NULL,
  `updated_at` timestamp NULL DEFAULT NULL
) ENGINE=InnoDB DEFAULT CHARSET=utf8mb4 COLLATE=utf8mb4_unicode_ci;

-- --------------------------------------------------------

--
-- Table structure for table `inv_type`
--

CREATE TABLE `inv_type` (
  `id` bigint(20) UNSIGNED NOT NULL,
  `type` varchar(50) COLLATE utf8mb4_unicode_ci DEFAULT NULL,
  `created_at` timestamp NULL DEFAULT NULL,
  `updated_at` timestamp NULL DEFAULT NULL
) ENGINE=InnoDB DEFAULT CHARSET=utf8mb4 COLLATE=utf8mb4_unicode_ci;

--
-- Dumping data for table `inv_type`
--

INSERT INTO `inv_type` (`id`, `type`, `created_at`, `updated_at`) VALUES
(1, 'CARTON', NULL, NULL),
(2, 'POLY BAG', NULL, NULL),
(3, 'TAPE SOULTION', NULL, NULL),
(4, 'HOTMELT', NULL, NULL),
(5, 'STRETCH FILM ROLL', NULL, NULL),
(6, 'PAPER', NULL, NULL),
(7, 'FINISH GOODS', NULL, NULL),
(8, 'RAW MATERIAL', NULL, NULL),
(9, 'STRAW', NULL, NULL),
(10, 'TRAY', NULL, NULL);

-- --------------------------------------------------------

--
-- Table structure for table `migrations`
--

CREATE TABLE `migrations` (
  `id` int(10) UNSIGNED NOT NULL,
  `migration` varchar(255) COLLATE utf8mb4_unicode_ci NOT NULL,
  `batch` int(11) NOT NULL
) ENGINE=InnoDB DEFAULT CHARSET=utf8mb4 COLLATE=utf8mb4_unicode_ci;

--
-- Dumping data for table `migrations`
--

INSERT INTO `migrations` (`id`, `migration`, `batch`) VALUES
(2, '2021_07_05_105346_create_counter_sale_details_fmcg_table', 2),
(3, '2021_07_05_105315_create_counter_sales_fmcg_table', 3);

-- --------------------------------------------------------

--
-- Table structure for table `pa_categories`
--

CREATE TABLE `pa_categories` (
  `id` bigint(20) UNSIGNED NOT NULL,
  `category` varchar(128) COLLATE utf8mb4_unicode_ci DEFAULT NULL,
  `created_at` timestamp NULL DEFAULT NULL,
  `updated_at` timestamp NULL DEFAULT NULL
) ENGINE=InnoDB DEFAULT CHARSET=utf8mb4 COLLATE=utf8mb4_unicode_ci;

--
-- Dumping data for table `pa_categories`
--

INSERT INTO `pa_categories` (`id`, `category`, `created_at`, `updated_at`) VALUES
(1, 'Paper', NULL, NULL),
(2, 'Carton', NULL, NULL),
(4, 'Raw Material', NULL, NULL),
(5, 'Paper Supplier', NULL, NULL),
(6, 'Finish Good', NULL, NULL);

-- --------------------------------------------------------

--
-- Table structure for table `pa_vendors`
--

CREATE TABLE `pa_vendors` (
  `id` char(36) COLLATE utf8mb4_unicode_ci NOT NULL,
  `coa_coa_id` char(36) COLLATE utf8mb4_unicode_ci DEFAULT NULL,
  `coa_id` varchar(36) COLLATE utf8mb4_unicode_ci DEFAULT NULL,
  `name` varchar(128) COLLATE utf8mb4_unicode_ci DEFAULT NULL,
  `category` varchar(128) COLLATE utf8mb4_unicode_ci DEFAULT NULL,
  `note` varchar(256) COLLATE utf8mb4_unicode_ci DEFAULT NULL,
  `status` tinyint(4) DEFAULT NULL,
  `type` varchar(15) COLLATE utf8mb4_unicode_ci DEFAULT NULL,
  `credit_limit` varchar(40) COLLATE utf8mb4_unicode_ci DEFAULT NULL,
  `tax_number` varchar(32) COLLATE utf8mb4_unicode_ci DEFAULT NULL,
  `company_id` varchar(36) COLLATE utf8mb4_unicode_ci DEFAULT NULL,
  `created_by` bigint(20) DEFAULT NULL,
  `deleted_at` datetime DEFAULT NULL,
  `created_at` timestamp NULL DEFAULT NULL,
  `updated_at` timestamp NULL DEFAULT NULL
) ENGINE=InnoDB DEFAULT CHARSET=utf8mb4 COLLATE=utf8mb4_unicode_ci;

--
-- Dumping data for table `pa_vendors`
--

INSERT INTO `pa_vendors` (`id`, `coa_coa_id`, `coa_id`, `name`, `category`, `note`, `status`, `type`, `credit_limit`, `tax_number`, `company_id`, `created_by`, `deleted_at`, `created_at`, `updated_at`) VALUES
('0dfa24c7-a9a3-423c-b995-bd88fff823b1', '40', '141', 'Trustpack Abdul Basit', 'Paper', NULL, 1, NULL, '30 Days Credit', '1212', 'f9d0b90d-631a-4f45-982c-d8223bd65c0d', 31, NULL, NULL, NULL),
('5b092654-c987-40f9-9185-194ae46edad5', '40', '142', 'Pulico Printers', 'Carton', NULL, 1, NULL, '30 Days Credit', '0', 'f9d0b90d-631a-4f45-982c-d8223bd65c0d', 31, NULL, NULL, NULL),
('6619eacb-578a-4809-b2f5-c6f510d5f7ce', '40', '143', 'Aimen Foods (Raw Material)', 'Raw Material', NULL, 1, NULL, '30 Days Credit', '0', 'f9d0b90d-631a-4f45-982c-d8223bd65c0d', 31, NULL, NULL, NULL),
('093b47d6-62c9-4086-a15f-4fd5d8487dea', '40', '150', 'Cider Food', 'Finish Good', NULL, 0, NULL, 'Cash', NULL, 'f9d0b90d-631a-4f45-982c-d8223bd65c0d', 45, NULL, NULL, NULL),
('4127a9b6-abed-4bf4-9537-796bf0c4677c', '40', '151', 'Cider Food', 'Finish Good', NULL, 0, NULL, 'Cash', NULL, 'f9d0b90d-631a-4f45-982c-d8223bd65c0d', 45, NULL, NULL, NULL);

-- --------------------------------------------------------

--
-- Table structure for table `pa_vendors33`
--

CREATE TABLE `pa_vendors33` (
  `id` char(36) COLLATE utf8mb4_unicode_ci NOT NULL,
  `coa_coa_id` char(36) COLLATE utf8mb4_unicode_ci DEFAULT NULL,
  `coa_id` varchar(36) COLLATE utf8mb4_unicode_ci DEFAULT NULL,
  `name` varchar(36) COLLATE utf8mb4_unicode_ci DEFAULT NULL,
  `category` varchar(64) COLLATE utf8mb4_unicode_ci DEFAULT NULL,
  `note` varchar(100) COLLATE utf8mb4_unicode_ci DEFAULT NULL,
  `status` tinyint(4) DEFAULT NULL,
  `company_id` varchar(36) COLLATE utf8mb4_unicode_ci DEFAULT NULL,
  `created_by` bigint(20) DEFAULT NULL,
  `deleted_at` datetime DEFAULT NULL,
  `created_at` timestamp NULL DEFAULT NULL,
  `updated_at` timestamp NULL DEFAULT NULL
) ENGINE=InnoDB DEFAULT CHARSET=utf8mb4 COLLATE=utf8mb4_unicode_ci;

-- --------------------------------------------------------

--
-- Table structure for table `pa_vendor_attachments`
--

CREATE TABLE `pa_vendor_attachments` (
  `id` bigint(20) UNSIGNED NOT NULL,
  `pa_ven_id` varchar(36) COLLATE utf8mb4_unicode_ci DEFAULT NULL,
  `file` varchar(100) COLLATE utf8mb4_unicode_ci DEFAULT NULL,
  `created_at` timestamp NULL DEFAULT NULL,
  `updated_at` timestamp NULL DEFAULT NULL
) ENGINE=InnoDB DEFAULT CHARSET=utf8mb4 COLLATE=utf8mb4_unicode_ci;

-- --------------------------------------------------------

--
-- Table structure for table `pa_vendor_details`
--

CREATE TABLE `pa_vendor_details` (
  `id` varchar(36) COLLATE utf8mb4_unicode_ci NOT NULL,
  `pa_ven_id` varchar(36) COLLATE utf8mb4_unicode_ci DEFAULT NULL,
  `location` varchar(64) COLLATE utf8mb4_unicode_ci DEFAULT NULL,
  `address` varchar(100) COLLATE utf8mb4_unicode_ci DEFAULT NULL,
  `phone` varchar(64) COLLATE utf8mb4_unicode_ci DEFAULT NULL,
  `email` varchar(64) COLLATE utf8mb4_unicode_ci DEFAULT NULL,
  `fax` varchar(64) COLLATE utf8mb4_unicode_ci DEFAULT NULL,
  `deleted_at` datetime DEFAULT NULL,
  `created_at` timestamp NULL DEFAULT NULL,
  `updated_at` timestamp NULL DEFAULT NULL
) ENGINE=InnoDB DEFAULT CHARSET=utf8mb4 COLLATE=utf8mb4_unicode_ci;

--
-- Dumping data for table `pa_vendor_details`
--

INSERT INTO `pa_vendor_details` (`id`, `pa_ven_id`, `location`, `address`, `phone`, `email`, `fax`, `deleted_at`, `created_at`, `updated_at`) VALUES
('1dc5de9e-a88e-4bd2-8ae5-7e70df866e66', '093b47d6-62c9-4086-a15f-4fd5d8487dea', NULL, NULL, '0', NULL, NULL, NULL, NULL, NULL),
('a00231b3-a4db-47fb-84fe-089ef53cbbac', '0dfa24c7-a9a3-423c-b995-bd88fff823b1', 'Lahore', 'Lahore', '000', '000@gmail.com', '000', NULL, NULL, NULL),
('af6daf31-f9c9-4dc2-b599-acfc979031c9', '4127a9b6-abed-4bf4-9537-796bf0c4677c', NULL, NULL, '0', NULL, NULL, NULL, NULL, NULL),
('d895db6f-65f3-40ed-aed8-e9b2731b45ab', '6619eacb-578a-4809-b2f5-c6f510d5f7ce', 'Lahore', 'Lahore', '00000', 'aimen@gmail.com', '0000', NULL, NULL, NULL),
('e3f092ad-af19-407f-9416-aba181b03fb0', '5b092654-c987-40f9-9185-194ae46edad5', 'Lahore', 'Lahore', '0000', '000@gmail.com', '000', NULL, NULL, NULL);

-- --------------------------------------------------------

--
-- Table structure for table `prj_projects`
--

CREATE TABLE `prj_projects` (
  `id` varchar(36) COLLATE utf8mb4_unicode_ci NOT NULL,
  `parent_id` varchar(36) COLLATE utf8mb4_unicode_ci DEFAULT NULL,
  `cust_coa_id` varchar(36) COLLATE utf8mb4_unicode_ci DEFAULT NULL,
  `project_manager` varchar(30) COLLATE utf8mb4_unicode_ci DEFAULT NULL,
  `name` varchar(150) COLLATE utf8mb4_unicode_ci DEFAULT NULL,
  `start_date` date NOT NULL,
  `end_date` date DEFAULT NULL,
  `category` varchar(25) COLLATE utf8mb4_unicode_ci DEFAULT NULL,
  `description` varchar(100) COLLATE utf8mb4_unicode_ci DEFAULT NULL,
  `company_id` varchar(36) COLLATE utf8mb4_unicode_ci DEFAULT NULL,
  `status` varchar(36) COLLATE utf8mb4_unicode_ci DEFAULT NULL,
  `created_at` timestamp NULL DEFAULT NULL,
  `updated_at` timestamp NULL DEFAULT NULL
) ENGINE=InnoDB DEFAULT CHARSET=utf8mb4 COLLATE=utf8mb4_unicode_ci;

--
-- Dumping data for table `prj_projects`
--

INSERT INTO `prj_projects` (`id`, `parent_id`, `cust_coa_id`, `project_manager`, `name`, `start_date`, `end_date`, `category`, `description`, `company_id`, `status`, `created_at`, `updated_at`) VALUES
('50ac961d-924c-4ece-902c-6bc79df91ca2', NULL, '146', '68', 'DSP', '2021-06-29', '2021-06-30', '-1', 'dsp project', 'f9d0b90d-631a-4f45-982c-d8223bd65c0d', NULL, NULL, NULL),
('c8f9e0df-653b-4958-ac01-0b2cbc1c2cdf', NULL, '144', '63', 'Ofdesk7', '2021-06-29', '2021-06-30', '-1', 'ofdesk description', 'f9d0b90d-631a-4f45-982c-d8223bd65c0d', NULL, NULL, NULL);

-- --------------------------------------------------------

--
-- Table structure for table `prj_project_team`
--

CREATE TABLE `prj_project_team` (
  `id` varchar(36) COLLATE utf8mb4_unicode_ci NOT NULL,
  `prj_id` varchar(36) COLLATE utf8mb4_unicode_ci DEFAULT NULL,
  `emp_id` varchar(36) COLLATE utf8mb4_unicode_ci DEFAULT NULL,
  `date` date DEFAULT NULL,
  `company_id` varchar(36) COLLATE utf8mb4_unicode_ci DEFAULT NULL
) ENGINE=InnoDB DEFAULT CHARSET=utf8mb4 COLLATE=utf8mb4_unicode_ci;

--
-- Dumping data for table `prj_project_team`
--

INSERT INTO `prj_project_team` (`id`, `prj_id`, `emp_id`, `date`, `company_id`) VALUES
('a2d5f765-8fc5-4b88-805a-5694298f3488', '50ac961d-924c-4ece-902c-6bc79df91ca2', 'bcb413a4-5316-41ca-a66d-fa4071324b54', '2021-06-29', NULL),
('3461201e-a103-41cc-b8a2-ba75eea380bc', '50ac961d-924c-4ece-902c-6bc79df91ca2', 'fbb5a15f-c5d6-456d-9d54-0ee3fc95b2cc', '2021-06-29', NULL);

-- --------------------------------------------------------

--
-- Table structure for table `pur_purchase_orders`
--

CREATE TABLE `pur_purchase_orders` (
  `id` varchar(36) CHARACTER SET utf8mb4 COLLATE utf8mb4_unicode_ci NOT NULL,
  `month` smallint(6) DEFAULT NULL,
  `date` date DEFAULT NULL,
  `warehouse` varchar(64) CHARACTER SET utf8mb4 COLLATE utf8mb4_unicode_ci DEFAULT NULL,
  `po_type` varchar(60) CHARACTER SET utf8mb4 COLLATE utf8mb4_unicode_ci DEFAULT NULL,
  `purchaser` varchar(30) CHARACTER SET utf8mb4 COLLATE utf8mb4_unicode_ci DEFAULT NULL,
  `importance` varchar(15) CHARACTER SET utf8mb4 COLLATE utf8mb4_unicode_ci DEFAULT NULL,
  `pr_id` varchar(36) CHARACTER SET utf8mb4 COLLATE utf8mb4_unicode_ci DEFAULT NULL,
  `status` varchar(32) CHARACTER SET utf8mb4 COLLATE utf8mb4_unicode_ci DEFAULT NULL,
  `note` varchar(512) CHARACTER SET utf8mb4 COLLATE utf8mb4_unicode_ci DEFAULT NULL,
  `company_id` varchar(36) CHARACTER SET utf8mb4 COLLATE utf8mb4_unicode_ci DEFAULT NULL,
  `ven_id` varchar(36) CHARACTER SET utf8mb4 COLLATE utf8mb4_unicode_ci DEFAULT NULL,
  `user_id` varchar(36) CHARACTER SET utf8mb4 COLLATE utf8mb4_unicode_ci DEFAULT NULL,
  `last_updated` date DEFAULT NULL,
  `update_user_id` varchar(36) CHARACTER SET utf8mb4 COLLATE utf8mb4_unicode_ci DEFAULT NULL,
  `created_at` timestamp NULL DEFAULT NULL,
  `updated_at` timestamp NULL DEFAULT NULL,
  `number` int(11) NOT NULL,
  `editable` int(11) NOT NULL DEFAULT 1,
  `close_status` int(11) NOT NULL DEFAULT 1,
  `po_return_status` int(11) NOT NULL DEFAULT 1
) ENGINE=InnoDB DEFAULT CHARSET=latin1;

--
-- Dumping data for table `pur_purchase_orders`
--

INSERT INTO `pur_purchase_orders` (`id`, `month`, `date`, `warehouse`, `po_type`, `purchaser`, `importance`, `pr_id`, `status`, `note`, `company_id`, `ven_id`, `user_id`, `last_updated`, `update_user_id`, `created_at`, `updated_at`, `number`, `editable`, `close_status`, `po_return_status`) VALUES
('12b36a53-5622-4951-be3b-e12fc640d27b', 2102, '2021-02-18', 'ae3b0fe8-5f4c-4327-8624-748d572e9c27', 'Local', 'Noman', 'High', NULL, 'Completed', 'AAA', 'f9d0b90d-631a-4f45-982c-d8223bd65c0d', '6619eacb-578a-4809-b2f5-c6f510d5f7ce', '45', NULL, '31', '2021-04-03 01:23:43', '2021-04-04 05:40:35', 8, 0, 1, 1),
('17a9abaf-c96b-4f70-b0bc-cdcc5d519139', 2021, '2021-08-05', 'ae3b0fe8-5f4c-4327-8624-748d572e9c27', 'Local', 'aaa', 'High', NULL, 'Completed', NULL, 'f9d0b90d-631a-4f45-982c-d8223bd65c0d', '4127a9b6-abed-4bf4-9537-796bf0c4677c', '8', NULL, NULL, '2021-08-05 08:26:21', NULL, 4, 1, 0, 1),
('185d0fff-dd86-4ddb-9545-fb729a4cdc99', 2021, '2021-08-05', 'ea05b523-f673-4b0a-af93-4696ef68589a', 'Import', 'ffff', 'Normal', NULL, 'Hold', NULL, 'f9d0b90d-631a-4f45-982c-d8223bd65c0d', '4127a9b6-abed-4bf4-9537-796bf0c4677c', '8', NULL, NULL, '2021-08-05 08:14:36', NULL, 3, 1, 0, 1),
('4dea9852-d33b-4a98-8e26-42209a2b6d87', 2103, '2021-03-28', 'ae3b0fe8-5f4c-4327-8624-748d572e9c27', 'Local', 'AAA', 'High', NULL, 'Completed', '0056', 'f9d0b90d-631a-4f45-982c-d8223bd65c0d', '5b092654-c987-40f9-9185-194ae46edad5', '45', NULL, '45', '2021-05-23 10:35:01', '2021-05-23 10:35:01', 12, 0, 1, 1),
('5acb0a82-6ef3-4052-a6b6-253252154926', 2021, '2021-07-05', 'ae3b0fe8-5f4c-4327-8624-748d572e9c27', 'Local', 'Raza', 'Normal', NULL, 'Completed', 'po note', 'f9d0b90d-631a-4f45-982c-d8223bd65c0d', '5b092654-c987-40f9-9185-194ae46edad5', '8', NULL, NULL, '2021-07-05 01:17:02', NULL, 1, 0, 1, 1),
('5cc78117-fea9-48cc-8e0a-b96544a364d6', 2021, '2021-08-05', 'ae3b0fe8-5f4c-4327-8624-748d572e9c27', 'Project', 'today1 pur', 'Normal', NULL, 'Hold', 'today 1 transaction', 'f9d0b90d-631a-4f45-982c-d8223bd65c0d', '0dfa24c7-a9a3-423c-b995-bd88fff823b1', '8', NULL, NULL, '2021-08-05 08:42:27', NULL, 6, 0, 1, 1),
('5f708878-b704-4abe-88e0-a83f3ad9a219', 2103, '2021-03-20', 'ae3b0fe8-5f4c-4327-8624-748d572e9c27', 'Local', 'AAA', 'High', NULL, 'Completed', 'AAA', 'f9d0b90d-631a-4f45-982c-d8223bd65c0d', '5b092654-c987-40f9-9185-194ae46edad5', '45', NULL, '45', '2021-03-22 16:47:55', '2021-03-22 16:47:55', 4, 0, 0, 1),
('61dc76f2-2c65-4057-9325-f3bd151f68c5', 2101, '2021-01-07', 'ae3b0fe8-5f4c-4327-8624-748d572e9c27', 'Local', 'AAA', 'High', NULL, 'Completed', 'Old Price', 'f9d0b90d-631a-4f45-982c-d8223bd65c0d', '0dfa24c7-a9a3-423c-b995-bd88fff823b1', '45', NULL, '45', '2021-03-22 12:01:57', '2021-03-22 14:40:20', 1, 0, 1, 1),
('85f13647-011d-4342-bae8-3f12e8346552', 2103, '2021-03-26', 'ae3b0fe8-5f4c-4327-8624-748d572e9c27', 'Local', 'AAA', 'High', NULL, 'Completed', NULL, 'f9d0b90d-631a-4f45-982c-d8223bd65c0d', '5b092654-c987-40f9-9185-194ae46edad5', '45', NULL, '45', '2021-03-29 07:08:17', '2021-03-29 07:08:17', 5, 0, 1, 1),
('9068e2b4-c8e9-4da6-b752-4ec85195336d', 2102, '2021-02-28', 'ae3b0fe8-5f4c-4327-8624-748d572e9c27', 'Local', 'Noman', 'High', NULL, 'Completed', 'AAA', 'f9d0b90d-631a-4f45-982c-d8223bd65c0d', '6619eacb-578a-4809-b2f5-c6f510d5f7ce', '45', NULL, '45', '2021-04-04 06:17:19', '2021-04-04 06:17:19', 10, 0, 1, 1),
('990a813a-216c-489e-a72c-36d2135d416b', 2103, '2021-03-28', 'ae3b0fe8-5f4c-4327-8624-748d572e9c27', 'Local', 'AAA', 'High', NULL, 'Completed', 'Invoice # 0056', 'f9d0b90d-631a-4f45-982c-d8223bd65c0d', '5b092654-c987-40f9-9185-194ae46edad5', '45', NULL, '45', '2021-05-11 06:34:16', '2021-05-11 06:34:16', 11, 0, 1, 1),
('c737e3ed-1809-4380-b841-3151ea984db8', 2102, '2021-02-07', 'ae3b0fe8-5f4c-4327-8624-748d572e9c27', 'Local', 'AAA', 'High', NULL, 'Completed', 'New Price', 'f9d0b90d-631a-4f45-982c-d8223bd65c0d', '0dfa24c7-a9a3-423c-b995-bd88fff823b1', '45', NULL, '45', '2021-03-22 12:25:21', '2021-03-22 14:28:25', 3, 0, 0, 1),
('d2110a60-dd9f-4222-97b0-56a0bf625d77', 2102, '2021-02-10', 'ae3b0fe8-5f4c-4327-8624-748d572e9c27', 'Local', 'Noman', 'High', NULL, 'Completed', 'AAA', 'f9d0b90d-631a-4f45-982c-d8223bd65c0d', '6619eacb-578a-4809-b2f5-c6f510d5f7ce', '45', NULL, '45', '2021-04-01 03:16:17', '2021-04-01 03:16:17', 6, 0, 1, 1),
('d34a8fd5-2cdd-4a82-85e2-ad1a644f4258', 2102, '2021-02-22', 'ae3b0fe8-5f4c-4327-8624-748d572e9c27', 'Local', 'Noman', 'High', NULL, 'Completed', 'AAA', 'f9d0b90d-631a-4f45-982c-d8223bd65c0d', '6619eacb-578a-4809-b2f5-c6f510d5f7ce', '45', NULL, '45', '2021-04-04 05:58:33', '2021-04-04 05:58:33', 9, 0, 1, 1),
('d79cf293-965f-4c8c-a5ca-4dd27194dae8', 2021, '2021-08-05', 'ae3b0fe8-5f4c-4327-8624-748d572e9c27', 'Import', 'trustpack', 'Low', NULL, 'Completed', 'note kjkjkj', 'f9d0b90d-631a-4f45-982c-d8223bd65c0d', '0dfa24c7-a9a3-423c-b995-bd88fff823b1', '8', NULL, NULL, '2021-08-05 08:50:00', NULL, 7, 1, 0, 1),
('dde152e1-e136-4ceb-bf7a-478efca05703', 2101, '2021-01-07', 'ae3b0fe8-5f4c-4327-8624-748d572e9c27', 'Local', 'AAA', 'High', NULL, 'Completed', 'AAA', 'f9d0b90d-631a-4f45-982c-d8223bd65c0d', '5b092654-c987-40f9-9185-194ae46edad5', '45', NULL, '45', '2021-03-22 12:11:54', '2021-03-22 12:11:54', 2, 0, 1, 1),
('df815bd3-7825-43bd-9cf5-a2a59e67226f', 2021, '2021-08-05', 'ae3b0fe8-5f4c-4327-8624-748d572e9c27', 'Import', 'asdf', 'Normal', NULL, 'Completed', 'werq', 'f9d0b90d-631a-4f45-982c-d8223bd65c0d', '093b47d6-62c9-4086-a15f-4fd5d8487dea', '8', NULL, NULL, '2021-08-05 08:39:35', NULL, 5, 0, 1, 1),
('e0a166e5-3489-4aa8-814e-062db39702a6', 2103, '2021-03-24', 'ae3b0fe8-5f4c-4327-8624-748d572e9c27', 'Local', 'AAA', 'Normal', NULL, 'Completed', 'AAA', 'f9d0b90d-631a-4f45-982c-d8223bd65c0d', '5b092654-c987-40f9-9185-194ae46edad5', '45', NULL, '45', '2021-04-01 06:20:25', '2021-04-01 06:20:25', 7, 0, 1, 1),
('eb82b351-5927-4aad-8a8f-514f24bcc3cf', 2021, '2021-08-05', 'ae3b0fe8-5f4c-4327-8624-748d572e9c27', 'Local', 'ffff', 'Normal', NULL, 'Hold', NULL, 'f9d0b90d-631a-4f45-982c-d8223bd65c0d', '0dfa24c7-a9a3-423c-b995-bd88fff823b1', '8', NULL, NULL, '2021-08-05 07:38:51', NULL, 2, 0, 0, 1);

-- --------------------------------------------------------

--
-- Table structure for table `pur_purchase_order_attachments`
--

CREATE TABLE `pur_purchase_order_attachments` (
  `id` char(36) COLLATE utf8mb4_unicode_ci NOT NULL,
  `po_id` varchar(36) COLLATE utf8mb4_unicode_ci NOT NULL,
  `file` varchar(100) COLLATE utf8mb4_unicode_ci NOT NULL
) ENGINE=InnoDB DEFAULT CHARSET=utf8mb4 COLLATE=utf8mb4_unicode_ci;

-- --------------------------------------------------------

--
-- Table structure for table `pur_purchase_order_details`
--

CREATE TABLE `pur_purchase_order_details` (
  `id` varchar(36) COLLATE utf8mb4_unicode_ci NOT NULL,
  `po_id` varchar(36) COLLATE utf8mb4_unicode_ci NOT NULL,
  `prod_id` varchar(36) COLLATE utf8mb4_unicode_ci NOT NULL,
  `detail` varchar(150) COLLATE utf8mb4_unicode_ci DEFAULT NULL,
  `description` varchar(250) COLLATE utf8mb4_unicode_ci DEFAULT NULL,
  `unit` varchar(12) COLLATE utf8mb4_unicode_ci DEFAULT NULL,
  `qty_in_stock` int(11) DEFAULT NULL,
  `qty` decimal(12,5) DEFAULT NULL,
  `qty_received` decimal(12,5) DEFAULT 0.00000,
  `base_qty` decimal(12,5) DEFAULT NULL,
  `rate` decimal(12,5) DEFAULT NULL,
  `base_rate` decimal(12,5) DEFAULT NULL,
  `amount` decimal(12,2) DEFAULT NULL,
  `discount` decimal(12,5) DEFAULT NULL,
  `discount_amount` decimal(12,5) DEFAULT NULL,
  `tax_percent` decimal(12,5) DEFAULT NULL,
  `tax_amount` decimal(12,5) DEFAULT NULL,
  `delivery_charges` decimal(12,5) DEFAULT NULL,
  `net_amount` decimal(12,5) DEFAULT NULL,
  `required_by_date` date DEFAULT NULL,
  `packing_detail` varchar(250) COLLATE utf8mb4_unicode_ci DEFAULT NULL,
  `display` int(11) NOT NULL,
  `created_at` timestamp NULL DEFAULT NULL,
  `updated_at` timestamp NULL DEFAULT NULL
) ENGINE=InnoDB DEFAULT CHARSET=utf8mb4 COLLATE=utf8mb4_unicode_ci;

--
-- Dumping data for table `pur_purchase_order_details`
--

INSERT INTO `pur_purchase_order_details` (`id`, `po_id`, `prod_id`, `detail`, `description`, `unit`, `qty_in_stock`, `qty`, `qty_received`, `base_qty`, `rate`, `base_rate`, `amount`, `discount`, `discount_amount`, `tax_percent`, `tax_amount`, `delivery_charges`, `net_amount`, `required_by_date`, `packing_detail`, `display`, `created_at`, `updated_at`) VALUES
('00c7187b-70a9-4e24-a09d-564eb55821aa', '12b36a53-5622-4951-be3b-e12fc640d27b', 'eea5716d-010e-4d9a-90b6-1a3503f1ce25', 'Sku:XANTHAN GUM', 'XANTHAN GUM', 'KG', NULL, '8.74000', '8.74000', '8.74000', '630.00000', '630.00000', '5503.05', '0.00000', '0.00000', '0.00000', '0.00000', '0.00000', '5503.05000', '2021-02-18', 'No', 8, NULL, NULL),
('00f4d111-c7d6-40f5-a7fa-a88262303895', '9068e2b4-c8e9-4da6-b752-4ec85195336d', '18ec96b0-93c3-4d4b-9a14-7d637d33636e', 'Sku:CITRIC ACID', 'CITRIC ACID', 'KG', NULL, '86.49000', '86.49000', '86.49000', '200.00000', '200.00000', '17298.00', '0.00000', '0.00000', '0.00000', '0.00000', '0.00000', '17298.00000', '2021-02-28', 'No', 2, NULL, NULL),
('0a885de1-ee72-4de6-8b86-53ce3e559ee1', '12b36a53-5622-4951-be3b-e12fc640d27b', 'aae77964-0163-4e37-b75e-1410512bc52b', 'Sku:GREEN APPLE FLAVOR', 'GREEN APPLE FLAVOR', 'KG', NULL, '5.93000', '5.93000', '5.93000', '1365.00000', '1365.00000', '8089.67', '0.00000', '0.00000', '0.00000', '0.00000', '0.00000', '8089.67000', '2021-02-18', 'No', 15, NULL, NULL),
('0dca448c-d188-4da2-a014-be7a456cd585', 'c737e3ed-1809-4380-b841-3151ea984db8', 'ff37340f-a17f-4c24-9ccd-9d26c11f0232', 'Sku:250ML - APPLE', 'MR-250ML-APPLE-PAPER', 'Pcs', NULL, '520333.00000', '338112.00000', '520333.00000', '5.74000', '5.74000', '2986711.42', '0.00000', '0.00000', '0.00000', '0.00000', '0.00000', '2986711.42000', '2021-02-28', 'REEL', 6, NULL, NULL),
('0e25afb0-e45e-4870-a244-28d7b0003d8e', '5acb0a82-6ef3-4052-a6b6-253252154926', '1a94e739-6a47-4d58-bb4e-725c5375903c', NULL, '200ML-1X24-CARTON', 'Pcs', NULL, '500.00000', '500.00000', '500.00000', '100.00000', '102.20000', '50000.00', '2.00000', '1000.00000', '2.00000', '2.00000', '100.00000', '51100.00000', NULL, NULL, 2, NULL, NULL),
('0fab5881-3cea-4081-bd52-8a2b4886fff2', '9068e2b4-c8e9-4da6-b752-4ec85195336d', '94feec8d-cdd7-4f0a-94ee-735836a021f0', 'Sku:SODIUM BENZOATE', 'SODIUM BENZOATE', 'KG', NULL, '9.27000', '9.27000', '9.27000', '295.00000', '295.00000', '2734.65', '0.00000', '0.00000', '0.00000', '0.00000', '0.00000', '2734.65000', '2021-02-28', 'No', 3, NULL, NULL),
('101a27e6-34f7-473f-9ecc-66abd9a32070', 'e0a166e5-3489-4aa8-814e-062db39702a6', 'cb5a1a7d-9dc6-49b7-9711-c007985762a5', 'Sku:250ML-1X36-CARTON', '250ML-1X36-CARTON', 'Pcs', NULL, '3270.00000', '3270.00000', '3270.00000', '24.50000', '24.50000', '80115.00', '0.00000', '0.00000', '0.00000', '0.00000', '0.00000', '80115.00000', '2021-03-31', 'CARTOON', 1, NULL, NULL),
('14d61336-875c-4412-a598-75c677b21793', 'c737e3ed-1809-4380-b841-3151ea984db8', 'a7546905-c250-4ac3-ac07-8d940e811433', 'Sku:200ML - APPLE', 'MR-200ML-APPLE-PAPER', 'Pcs', NULL, '142857.00000', '20.00000', '142857.00000', '5.63000', '5.63000', '804284.91', '0.00000', '0.00000', '0.00000', '0.00000', '0.00000', '804284.91000', '2021-02-28', 'REEL', 11, NULL, NULL),
('15012ef8-fe18-4382-a462-a0a80fddae24', '9068e2b4-c8e9-4da6-b752-4ec85195336d', 'd58748ab-557f-473b-8208-4eb55be72890', 'Sku:MANGO FLAVOR 463S', 'MANGO FLAVOR 463S', 'KG', NULL, '33.12000', '33.12000', '33.12000', '1630.00000', '1630.00000', '53985.60', '0.00000', '0.00000', '0.00000', '0.00000', '0.00000', '53985.60000', '2021-02-28', 'No', 13, NULL, NULL),
('177b7bcc-2afc-41a7-9f39-d56f7c5983e6', 'dde152e1-e136-4ceb-bf7a-478efca05703', '1a94e739-6a47-4d58-bb4e-725c5375903c', 'Sku:200ML-1X24-CARTON', '200ML-1X24-CARTON', 'Pcs', NULL, '6291.00000', '6291.00000', '6291.00000', '7.70000', '7.70000', '48440.70', '0.00000', '0.00000', '0.00000', '0.00000', '0.00000', '48440.70000', '2021-01-30', 'TRAY', 3, NULL, NULL),
('1f11397e-d613-4ad7-ac07-c41a7cc2a422', '5f708878-b704-4abe-88e0-a83f3ad9a219', '1a94e739-6a47-4d58-bb4e-725c5375903c', 'Sku:200ML-1X24-CARTON', '200ML-1X24-CARTON', 'Pcs', NULL, '10000.00000', '7318.00000', '10000.00000', '9.00000', '9.00000', '90000.00', '0.00000', '0.00000', '0.00000', '0.00000', '0.00000', '90000.00000', '2021-03-23', 'TRAY', 2, NULL, NULL),
('22ff2201-e289-4a96-b8f7-0bed637eba6e', '61dc76f2-2c65-4057-9325-f3bd151f68c5', '8df7c58f-9091-4a4c-b9d0-1c65fb5992c7', 'Sku:125ML - MANGO', 'CS-125ML-MANGO-PAPER', 'Pcs', NULL, '402085.00000', '402085.00000', '402085.00000', '3.33000', '3.33000', '1338943.05', '0.00000', '0.00000', '0.00000', '0.00000', '0.00000', '1338943.05000', '2021-01-31', 'REEL', 4, NULL, NULL),
('235474fb-5244-43ad-bf9d-01ac277f4f57', 'd34a8fd5-2cdd-4a82-85e2-ad1a644f4258', 'e36069a5-b88c-44f9-9856-f465e104a25d', 'Sku:SWEETENER', 'SWEETENER', 'KG', NULL, '7.62000', '7.62000', '7.62000', '982.00000', '982.00000', '7482.84', '0.00000', '0.00000', '0.00000', '0.00000', '0.00000', '7482.84000', '2021-02-22', 'No', 6, NULL, NULL),
('24f7a1b8-fb76-4278-ae27-3c6b7404620a', 'c737e3ed-1809-4380-b841-3151ea984db8', 'f918cfd1-43cc-46a0-9390-6119da495d02', 'Sku:125ML - APPLE', 'CS-125ML-APPLE-PAPER', 'Pcs', NULL, '734693.00000', '258482.00000', '734693.00000', '3.67000', '3.67000', '2696323.31', '0.00000', '0.00000', '0.00000', '0.00000', '0.00000', '2696323.31000', '2021-02-28', 'REEL', 2, NULL, NULL),
('26b6e4bb-b2d2-45b0-be14-c4ae7d7d8491', 'c737e3ed-1809-4380-b841-3151ea984db8', '8df7c58f-9091-4a4c-b9d0-1c65fb5992c7', 'Sku:125ML - MANGO', 'CS-125ML-MANGO-PAPER', 'Pcs', NULL, '1720772.00000', '571867.00000', '1720772.00000', '3.67000', '3.67000', '6315233.24', '0.00000', '0.00000', '0.00000', '0.00000', '0.00000', '6315233.24000', '2021-02-28', 'REEL', 1, NULL, NULL),
('2b696db0-7e7b-4efd-97e2-81dde9d0a22c', '9068e2b4-c8e9-4da6-b752-4ec85195336d', '316f24b0-ddda-4ccc-bab7-9e40f4ed1d86', 'Sku:ORANGE CONCENTRATE', 'ORANGE CONCENTRATE', 'KG', NULL, '21.94000', '21.94000', '21.94000', '430.00000', '430.00000', '9434.20', '0.00000', '0.00000', '0.00000', '0.00000', '0.00000', '9434.20000', '2021-02-28', 'No', 12, NULL, NULL),
('2f25b2ba-9903-4740-9e8a-e6e2de0a05c4', '9068e2b4-c8e9-4da6-b752-4ec85195336d', '6b0ddec9-6fa7-43cb-9112-7a1e4f622fe9', 'Sku:ASCORBIC ACID', 'ASCORBIC ACID', 'KG', NULL, '4.64000', '4.64000', '4.64000', '1500.00000', '1500.00000', '6960.00', '0.00000', '0.00000', '0.00000', '0.00000', '0.00000', '6960.00000', '2021-02-28', 'No', 5, NULL, NULL),
('2f2eaf2b-d6fc-4dd8-b12d-2ce234bbe2c5', '12b36a53-5622-4951-be3b-e12fc640d27b', 'e36069a5-b88c-44f9-9856-f465e104a25d', 'Sku:SWEETENER', 'SWEETENER', 'KG', NULL, '9.11000', '9.11000', '9.11000', '982.00000', '982.00000', '8944.74', '0.00000', '0.00000', '0.00000', '0.00000', '0.00000', '8944.74000', '2021-02-18', 'No', 6, NULL, NULL),
('322e54bc-4408-4779-9e6b-ec29d75416b4', '12b36a53-5622-4951-be3b-e12fc640d27b', '9e55e4ee-ed2d-41bd-974f-bf2e1378d78f', 'Sku:CMC (CHINA)', 'CMC (CHINA)', 'KG', NULL, '52.62000', '52.62000', '52.62000', '651.00000', '651.00000', '34253.34', '0.00000', '0.00000', '0.00000', '0.00000', '0.00000', '34253.34000', '2021-02-18', 'No', 7, NULL, NULL),
('356ccb26-03d1-44dd-81b1-80979209655e', '9068e2b4-c8e9-4da6-b752-4ec85195336d', 'e36069a5-b88c-44f9-9856-f465e104a25d', 'Sku:SWEETENER', 'SWEETENER', 'KG', NULL, '6.68000', '6.68000', '6.68000', '982.00000', '982.00000', '6559.76', '0.00000', '0.00000', '0.00000', '0.00000', '0.00000', '6559.76000', '2021-02-28', 'No', 6, NULL, NULL),
('377ff95f-b6a0-4d8b-b62a-71410674945d', '61dc76f2-2c65-4057-9325-f3bd151f68c5', 'a762acbf-7c99-4239-a236-2fb14836dc03', 'Sku:250ML - MANGO', 'MR-250ML-MANGO-PAPER', 'Pcs', NULL, '304385.00000', '497335.00000', '304385.00000', '5.07000', '5.07000', '1543231.95', '0.00000', '0.00000', '0.00000', '0.00000', '0.00000', '1543231.95000', '2021-01-31', 'REEL', 1, NULL, NULL),
('3ae67335-c6d6-4257-840a-e97f7b93c642', 'd2110a60-dd9f-4222-97b0-56a0bf625d77', '26ac4b22-28ea-49eb-97fc-18eb3cf10907', 'Sku:APPLE CONCENTRATE', 'APPLE CONCENTRATE', 'KG', NULL, '94.55000', '189.10000', '94.55000', '380.00000', '380.00000', '35929.00', '0.00000', '0.00000', '0.00000', '0.00000', '0.00000', '35929.00000', '2021-02-10', 'No', 13, NULL, NULL),
('425e7700-b8d4-4606-b16d-98d6193f193d', 'd2110a60-dd9f-4222-97b0-56a0bf625d77', 'a698985e-880d-4ed4-aa99-8e7e7715d208', 'Sku:CARAMEL COLOR', 'CARAMEL COLOR', 'KG', NULL, '3.78000', '7.56000', '3.78000', '260.00000', '260.00000', '982.80', '0.00000', '0.00000', '0.00000', '0.00000', '0.00000', '982.80000', '2021-02-10', 'No', 11, NULL, NULL),
('45535efd-1cfc-4ac9-962b-1f5c0bfa0577', '12b36a53-5622-4951-be3b-e12fc640d27b', '94feec8d-cdd7-4f0a-94ee-735836a021f0', 'Sku:SODIUM BENZOATE', 'SODIUM BENZOATE', 'KG', NULL, '7.72000', '7.72000', '7.72000', '295.00000', '295.00000', '2277.34', '0.00000', '0.00000', '0.00000', '0.00000', '0.00000', '2277.34000', '2021-02-18', 'No', 3, NULL, NULL),
('4a2a78df-367a-4c40-b8c0-64ab6114a4cf', 'eb82b351-5927-4aad-8a8f-514f24bcc3cf', '0928fe94-c46c-4316-a575-63fd0530a665', NULL, '250ML-STRAW', 'Pcs', NULL, '15.00000', '463.00000', '15.00000', '90.00000', '88.86667', '1350.00', '12.00000', '162.00000', '10.00000', '135.00000', '10.00000', '1333.00000', NULL, NULL, 2, NULL, NULL),
('50772c41-5297-4f61-98f9-df0343d2c86c', 'c737e3ed-1809-4380-b841-3151ea984db8', 'daa2dddb-b342-4ab0-b8dd-a952d7bd52be', 'Sku:200ML - MANGO', 'MR-200ML-MANGO-PAPER', 'Pcs', NULL, '456979.00000', '181682.00000', '456979.00000', '5.63000', '5.63000', '2572791.77', '0.00000', '0.00000', '0.00000', '0.00000', '0.00000', '2572791.77000', '2021-02-28', 'REEL', 8, NULL, NULL),
('5092d8d1-c41f-47c8-9485-b393f202f800', '9068e2b4-c8e9-4da6-b752-4ec85195336d', '72b56809-0b30-4519-9614-ec21013f5229', 'Sku:MANGO PULP', 'MANGO PULP', 'KG', NULL, '2671.83000', '2671.83000', '2671.83000', '75.00000', '75.00000', '200387.25', '0.00000', '0.00000', '0.00000', '0.00000', '0.00000', '200387.25000', '2021-02-28', 'No', 11, NULL, NULL),
('55b3cc8e-6bb6-4e00-8f3b-0c1002d49521', 'd2110a60-dd9f-4222-97b0-56a0bf625d77', '72b56809-0b30-4519-9614-ec21013f5229', 'Sku:MANGO PULP', 'MANGO PULP', 'KG', NULL, '467.41000', '934.82000', '467.41000', '75.00000', '75.00000', '35055.75', '0.00000', '0.00000', '0.00000', '0.00000', '0.00000', '35055.75000', '2021-02-10', 'No', 12, NULL, NULL),
('56363cda-8646-4f2e-a7a9-4dfc05d32239', 'c737e3ed-1809-4380-b841-3151ea984db8', 'c8d5d6f6-b614-4899-a78b-48fef22699e2', 'Sku:250ML - ORANGE MANGO', 'MR-250ML-ORANGE MANGO-PAPER', 'Pcs', NULL, '808242.00000', '285287.00000', '808242.00000', '5.74000', '5.74000', '4639309.08', '0.00000', '0.00000', '0.00000', '0.00000', '0.00000', '4639309.08000', '2021-02-28', 'REEL', 5, NULL, NULL),
('5ca7e020-20ac-4275-b76f-e7dc497330de', 'c737e3ed-1809-4380-b841-3151ea984db8', 'ce1dd112-3270-4861-acb6-70c4f02bb1f2', 'Sku:200ML - RED GRAPES', 'MR-200ML-RED GRAPES-PAPER', 'Pcs', NULL, '142857.00000', '32.00000', '142857.00000', '5.63000', '5.63000', '804284.91', '0.00000', '0.00000', '0.00000', '0.00000', '0.00000', '804284.91000', '2021-02-28', 'REEL', 10, NULL, NULL),
('5e706314-5f9e-4509-b7b3-d3797ea279d1', '12b36a53-5622-4951-be3b-e12fc640d27b', '6b0ddec9-6fa7-43cb-9112-7a1e4f622fe9', 'Sku:ASCORBIC ACID', 'ASCORBIC ACID', 'KG', NULL, '2.91000', '2.91000', '2.91000', '1500.00000', '1500.00000', '4367.55', '0.00000', '0.00000', '0.00000', '0.00000', '0.00000', '4367.55000', '2021-02-18', 'No', 5, NULL, NULL),
('602753c2-d8c1-4418-8ece-755769ab2eac', 'df815bd3-7825-43bd-9cf5-a2a59e67226f', 'c1fd2b49-0aec-457e-aef6-f8af33604d34', NULL, '250ML-1X24-CARTON', 'Pcs', NULL, '30.00000', '30.00000', '30.00000', '60.00000', '71.20000', '1800.00', '5.00000', '90.00000', '7.00000', '126.00000', '300.00000', '2136.00000', NULL, NULL, 2, NULL, NULL),
('620744ba-d80c-493a-94bb-68fa9e99a493', 'd2110a60-dd9f-4222-97b0-56a0bf625d77', 'ca5318cc-d430-4336-9271-496edbcec9c1', 'Sku:SUNSET YELLOW COLOR', 'SUNSET YELLOW COLOR', 'KG', NULL, '0.17000', '0.34000', '0.17000', '2000.00000', '2000.00000', '340.00', '0.00000', '0.00000', '0.00000', '0.00000', '0.00000', '340.00000', '2021-02-10', 'No', 9, NULL, NULL),
('624eaa3f-e719-4e2e-bf75-20fec4b5aadf', 'd34a8fd5-2cdd-4a82-85e2-ad1a644f4258', '9e55e4ee-ed2d-41bd-974f-bf2e1378d78f', 'Sku:CMC (CHINA)', 'CMC (CHINA)', 'KG', NULL, '19.06000', '19.06000', '19.06000', '651.00000', '651.00000', '12408.06', '0.00000', '0.00000', '0.00000', '0.00000', '0.00000', '12408.06000', '2021-02-22', 'No', 7, NULL, NULL),
('633571e7-d25f-45ba-b64b-f091d53a980c', '61dc76f2-2c65-4057-9325-f3bd151f68c5', 'f918cfd1-43cc-46a0-9390-6119da495d02', 'Sku:125ML - APPLE', 'CS-125ML-APPLE-PAPER', 'Pcs', NULL, '258450.00000', '258450.00000', '258450.00000', '3.33000', '3.33000', '860638.50', '0.00000', '0.00000', '0.00000', '0.00000', '0.00000', '860638.50000', '2021-01-31', 'REEL', 5, NULL, NULL),
('65ccd028-80ec-466f-a492-81ca96dbd89e', 'd2110a60-dd9f-4222-97b0-56a0bf625d77', '75b3f18e-55a5-459d-b839-77d37d3145e1', 'Sku:SODIUM CITRATE', 'SODIUM CITRATE', 'KG', NULL, '2.41000', '4.82000', '2.41000', '200.00000', '200.00000', '482.00', '0.00000', '0.00000', '0.00000', '0.00000', '0.00000', '482.00000', '2021-02-10', 'No', 4, NULL, NULL),
('65f7a362-f7a6-4050-be1e-2d75b6ce7391', 'c737e3ed-1809-4380-b841-3151ea984db8', '29f3b48a-364e-4513-95ab-5ba86ca5dae4', 'Sku:200ML - ANNAR', 'MR-200ML-ANNAR-PAPER', 'Pcs', NULL, '142857.00000', '32.00000', '142857.00000', '5.63000', '5.63000', '804284.91', '0.00000', '0.00000', '0.00000', '0.00000', '0.00000', '804284.91000', '2021-02-28', 'REEL', 9, NULL, NULL),
('6752694e-3a62-441b-8285-1159f195a4a8', '61dc76f2-2c65-4057-9325-f3bd151f68c5', 'daa2dddb-b342-4ab0-b8dd-a952d7bd52be', 'Sku:200ML - MANGO', 'MR-200ML-MANGO-PAPER', 'Pcs', NULL, '181650.00000', '181650.00000', '181650.00000', '4.83000', '4.83000', '877369.50', '0.00000', '0.00000', '0.00000', '0.00000', '0.00000', '877369.50000', '2021-01-31', 'REEL', 3, NULL, NULL),
('68e83a33-c8d7-43df-b05a-0da714dbff74', 'd34a8fd5-2cdd-4a82-85e2-ad1a644f4258', 'd58748ab-557f-473b-8208-4eb55be72890', 'Sku:MANGO FLAVOR 463S', 'MANGO FLAVOR 463S', 'KG', NULL, '11.44000', '11.44000', '11.44000', '1630.00000', '1630.00000', '18647.20', '0.00000', '0.00000', '0.00000', '0.00000', '0.00000', '18647.20000', '2021-02-22', 'No', 12, NULL, NULL),
('6df543ea-9db6-480c-b334-0e6d29785e92', 'd2110a60-dd9f-4222-97b0-56a0bf625d77', '9e55e4ee-ed2d-41bd-974f-bf2e1378d78f', 'Sku:CMC (CHINA)', 'CMC (CHINA)', 'KG', NULL, '40.16000', '80.32000', '40.16000', '651.00000', '651.00000', '26144.16', '0.00000', '0.00000', '0.00000', '0.00000', '0.00000', '26144.16000', '2021-02-10', 'No', 7, NULL, NULL),
('701e4960-432c-47c7-b12a-d18304c0b206', '9068e2b4-c8e9-4da6-b752-4ec85195336d', 'b72b0ce8-c2aa-4d81-ad3e-124b246d3c14', 'Sku:TARTRAZINE', 'TARTRAZINE', 'KG', NULL, '2.50000', '2.50000', '2.50000', '2000.00000', '2000.00000', '5000.00', '0.00000', '0.00000', '0.00000', '0.00000', '0.00000', '5000.00000', '2021-02-28', NULL, 10, NULL, NULL),
('73c3598b-6dab-48f7-bf60-75ee4b1dbefe', 'd34a8fd5-2cdd-4a82-85e2-ad1a644f4258', 'ca5318cc-d430-4336-9271-496edbcec9c1', 'Sku:SUNSET YELLOW COLOR', 'SUNSET YELLOW COLOR', 'KG', NULL, '0.15000', '0.15000', '0.15000', '2000.00000', '2000.00000', '300.00', '0.00000', '0.00000', '0.00000', '0.00000', '0.00000', '300.00000', '2021-02-22', 'No', 9, NULL, NULL),
('7b0a6112-f45c-48d5-a495-754dcc3d2498', 'd2110a60-dd9f-4222-97b0-56a0bf625d77', '94feec8d-cdd7-4f0a-94ee-735836a021f0', 'Sku:SODIUM BENZOATE', 'SODIUM BENZOATE', 'KG', NULL, '6.42000', '12.84000', '6.42000', '295.00000', '295.00000', '1893.90', '0.00000', '0.00000', '0.00000', '0.00000', '0.00000', '1893.90000', '2021-02-10', 'No', 3, NULL, NULL),
('7b93864f-9b3f-4b1b-8ee9-0dd3554bfb5a', '4dea9852-d33b-4a98-8e26-42209a2b6d87', 'cb5a1a7d-9dc6-49b7-9711-c007985762a5', 'Sku:250ML-1X36-CARTON', '250ML-1X36-CARTON', 'Pcs', NULL, '2850.00000', '2850.00000', '2850.00000', '24.50000', '245.00000', '69825.00', '0.00000', '0.00000', '0.00000', '0.00000', '1800.00000', '698250.00000', '2021-04-01', 'CARTOON', 1, NULL, NULL),
('7be7c1f7-439a-423d-a573-c5cdd26b6cc3', '5cc78117-fea9-48cc-8e0a-b96544a364d6', '26ac4b22-28ea-49eb-97fc-18eb3cf10907', NULL, 'APPLE CONCENTRATE', 'KG', NULL, '20.00000', '20.00000', '20.00000', '100.00000', '90.00000', '2000.00', '20.00000', '400.00000', '10.00000', '200.00000', '0.00000', '1800.00000', NULL, NULL, 1, NULL, NULL),
('80233bb7-6cc4-4802-8541-78de69671cc5', 'dde152e1-e136-4ceb-bf7a-478efca05703', 'a3157a27-0e5c-41c1-a5c8-61b78fcacf62', 'Sku:125ML-1X24-CARTON', '125ML-1X24-CARTON', 'Pcs', NULL, '47364.00000', '47364.00000', '47364.00000', '5.95000', '5.95000', '281815.80', '0.00000', '0.00000', '0.00000', '0.00000', '0.00000', '281815.80000', '2021-01-30', 'TRAY', 1, NULL, NULL),
('827b23fe-f10c-4bb3-9aed-e4ab45259396', '5f708878-b704-4abe-88e0-a83f3ad9a219', 'ddbeb847-9738-424d-b5cd-817ea8c280f2', 'Sku:250ML-1X27-CARTON', '250ML-1X27-CARTON', 'Pcs', NULL, '20000.00000', '20000.00000', '20000.00000', '9.50000', '9.50000', '190000.00', '0.00000', '0.00000', '0.00000', '0.00000', '0.00000', '190000.00000', '2021-03-23', 'TRAY', 1, NULL, NULL),
('83d926d5-5634-413c-9859-6a1a50630f87', '9068e2b4-c8e9-4da6-b752-4ec85195336d', '74028493-c436-4e77-a7fd-b27e5eae7cda', 'Sku:ORANGE FLAVOR', 'ORANGE FLAVOR', 'KG', NULL, '2.63000', '2.63000', '2.63000', '1502.00000', '1502.00000', '3950.26', '0.00000', '0.00000', '0.00000', '0.00000', '0.00000', '3950.26000', '2021-02-28', 'No', 14, NULL, NULL),
('8539f37f-fd03-4ff0-a167-e691f8a2caea', '9068e2b4-c8e9-4da6-b752-4ec85195336d', '9e55e4ee-ed2d-41bd-974f-bf2e1378d78f', 'Sku:CMC (CHINA)', 'CMC (CHINA)', 'KG', NULL, '62.71000', '62.71000', '62.71000', '651.00000', '651.00000', '40824.21', '0.00000', '0.00000', '0.00000', '0.00000', '0.00000', '40824.21000', '2021-02-28', 'No', 7, NULL, NULL),
('8ce08471-4812-4044-a1da-37aca4d640ab', '9068e2b4-c8e9-4da6-b752-4ec85195336d', 'ca5318cc-d430-4336-9271-496edbcec9c1', 'Sku:SUNSET YELLOW COLOR', 'SUNSET YELLOW COLOR', 'KG', NULL, '3.26000', '3.26000', '3.26000', '2000.00000', '2000.00000', '6520.00', '0.00000', '0.00000', '0.00000', '0.00000', '0.00000', '6520.00000', '2021-02-28', 'No', 9, NULL, NULL),
('9052ac4c-3dcf-4b64-815c-7af31ecbbf2b', '5cc78117-fea9-48cc-8e0a-b96544a364d6', '18ec96b0-93c3-4d4b-9a14-7d637d33636e', NULL, 'CITRIC ACID', 'KG', NULL, '15.00000', '15.00000', '15.00000', '150.00000', '142.50000', '2250.00', '15.00000', '337.50000', '10.00000', '225.00000', '0.00000', '2137.50000', NULL, NULL, 2, NULL, NULL),
('94952bdc-aa7d-45bc-ae90-2c6c25a2e49e', 'd2110a60-dd9f-4222-97b0-56a0bf625d77', 'aae77964-0163-4e37-b75e-1410512bc52b', 'Sku:GREEN APPLE FLAVOR', 'GREEN APPLE FLAVOR', 'KG', NULL, '9.45000', '18.90000', '9.45000', '1365.00000', '1365.00000', '12899.25', '0.00000', '0.00000', '0.00000', '0.00000', '0.00000', '12899.25000', '2021-02-10', 'No', 15, NULL, NULL),
('9719957d-872f-4058-a822-3468d8a5ec8b', 'd2110a60-dd9f-4222-97b0-56a0bf625d77', 'eea5716d-010e-4d9a-90b6-1a3503f1ce25', 'Sku:XANTHAN GUM', 'XANTHAN GUM', 'KG', NULL, '4.25000', '8.50000', '4.25000', '630.00000', '630.00000', '2677.50', '0.00000', '0.00000', '0.00000', '0.00000', '0.00000', '2677.50000', '2021-02-10', 'No', 8, NULL, NULL),
('9a07ce32-69b6-4f79-8bf4-a528d9fb193f', 'd34a8fd5-2cdd-4a82-85e2-ad1a644f4258', '94feec8d-cdd7-4f0a-94ee-735836a021f0', 'Sku:SODIUM BENZOATE', 'SODIUM BENZOATE', 'KG', NULL, '3.05000', '3.05000', '3.05000', '295.00000', '295.00000', '899.75', '0.00000', '0.00000', '0.00000', '0.00000', '0.00000', '899.75000', '2021-02-22', 'No', 3, NULL, NULL),
('9a7a7f0f-eb57-41f5-a774-c3cfa3dd4a68', 'd34a8fd5-2cdd-4a82-85e2-ad1a644f4258', 'eea5716d-010e-4d9a-90b6-1a3503f1ce25', 'Sku:XANTHAN GUM', 'XANTHAN GUM', 'KG', NULL, '3.81000', '3.81000', '3.81000', '630.00000', '630.00000', '2400.30', '0.00000', '0.00000', '0.00000', '0.00000', '0.00000', '2400.30000', '2021-02-22', 'No', 8, NULL, NULL),
('9c78aa38-3b17-4a6c-a381-7f56608e681d', '12b36a53-5622-4951-be3b-e12fc640d27b', 'd58748ab-557f-473b-8208-4eb55be72890', 'Sku:MANGO FLAVOR 463S', 'MANGO FLAVOR 463S', 'KG', NULL, '21.84000', '21.84000', '21.84000', '1630.00000', '1630.00000', '35595.29', '0.00000', '0.00000', '0.00000', '0.00000', '0.00000', '35595.29000', '2021-02-18', 'No', 14, NULL, NULL),
('a0f9f253-3acb-4679-b3f5-51be3332b153', 'd34a8fd5-2cdd-4a82-85e2-ad1a644f4258', '72b56809-0b30-4519-9614-ec21013f5229', 'Sku:MANGO PULP', 'MANGO PULP', 'KG', NULL, '419.30000', '419.30000', '419.30000', '75.00000', '75.00000', '31447.50', '0.00000', '0.00000', '0.00000', '0.00000', '0.00000', '31447.50000', '2021-02-22', 'No', 11, NULL, NULL),
('a964bb6e-83cf-4416-9307-d170fba5fd56', '9068e2b4-c8e9-4da6-b752-4ec85195336d', '9a8eaeb7-7884-41b5-979b-390233831321', 'Sku:SUGAR', 'SUGAR', 'KG', NULL, '4308.91000', '4308.91000', '4308.91000', '95.00000', '95.00000', '409346.45', '0.00000', '0.00000', '0.00000', '0.00000', '0.00000', '409346.45000', '2021-02-28', 'No', 1, NULL, NULL),
('a965bdfd-7203-4429-80e1-bd9c9e9f5969', 'd2110a60-dd9f-4222-97b0-56a0bf625d77', '6b0ddec9-6fa7-43cb-9112-7a1e4f622fe9', 'Sku:ASCORBIC ACID', 'ASCORBIC ACID', 'KG', NULL, '0.85000', '1.70000', '0.85000', '1500.00000', '1500.00000', '1275.00', '0.00000', '0.00000', '0.00000', '0.00000', '0.00000', '1275.00000', '2021-02-10', 'No', 5, NULL, NULL),
('ac02ee56-7bb6-42e4-9c30-23388980d11d', '12b36a53-5622-4951-be3b-e12fc640d27b', '26ac4b22-28ea-49eb-97fc-18eb3cf10907', 'Sku:APPLE CONCENTRATE', 'APPLE CONCENTRATE', 'KG', NULL, '59.27000', '59.27000', '59.27000', '380.00000', '380.00000', '22520.70', '0.00000', '0.00000', '0.00000', '0.00000', '0.00000', '22520.70000', '2021-02-18', 'No', 13, NULL, NULL),
('ad1b9d11-fa4a-47e2-921f-45d6c3b0e711', 'd2110a60-dd9f-4222-97b0-56a0bf625d77', '9a8eaeb7-7884-41b5-979b-390233831321', 'Sku:SUGAR', 'SUGAR', 'KG', NULL, '1984.17000', '3968.34000', '1984.17000', '95.00000', '95.00000', '188496.15', '0.00000', '0.00000', '0.00000', '0.00000', '0.00000', '188496.15000', '2021-02-10', 'No', 1, NULL, NULL),
('b09514b8-5838-487d-ad03-497be9a2eaef', 'd34a8fd5-2cdd-4a82-85e2-ad1a644f4258', '75b3f18e-55a5-459d-b839-77d37d3145e1', 'Sku:SODIUM CITRATE', 'SODIUM CITRATE', 'KG', NULL, '1.14000', '1.14000', '1.14000', '200.00000', '200.00000', '228.00', '0.00000', '0.00000', '0.00000', '0.00000', '0.00000', '228.00000', '2021-02-22', 'No', 4, NULL, NULL),
('b119587c-b711-43bb-ac30-7358dfaf9ff2', 'd2110a60-dd9f-4222-97b0-56a0bf625d77', 'e36069a5-b88c-44f9-9856-f465e104a25d', 'Sku:SWEETENER', 'SWEETENER', 'KG', NULL, '16.06000', '32.12000', '16.06000', '982.00000', '982.00000', '15770.92', '0.00000', '0.00000', '0.00000', '0.00000', '0.00000', '15770.92000', '2021-02-10', 'No', 6, NULL, NULL),
('b4b8c543-855d-4313-83e0-09ef65adffb3', '5acb0a82-6ef3-4052-a6b6-253252154926', 'a3157a27-0e5c-41c1-a5c8-61b78fcacf62', NULL, '125ML-1X24-CARTON', 'Pcs', NULL, '500.00000', '500.00000', '500.00000', '100.00000', '102.20000', '50000.00', '2.00000', '1000.00000', '2.00000', '2.00000', '100.00000', '51100.00000', NULL, NULL, 1, NULL, NULL),
('b7fc10f4-80e6-4a29-bb5e-e417b9501823', 'df815bd3-7825-43bd-9cf5-a2a59e67226f', 'a3157a27-0e5c-41c1-a5c8-61b78fcacf62', NULL, '125ML-1X24-CARTON', 'Pcs', NULL, '25.00000', '25.00000', '25.00000', '50.00000', '72.50000', '1250.00', '10.00000', '125.00000', '15.00000', '187.50000', '500.00000', '1812.50000', NULL, NULL, 1, NULL, NULL),
('b865dfdb-a103-45d7-afe8-d5db16110343', '12b36a53-5622-4951-be3b-e12fc640d27b', '75b3f18e-55a5-459d-b839-77d37d3145e1', 'Sku:SODIUM CITRATE', 'SODIUM CITRATE', 'KG', NULL, '3.04000', '3.04000', '3.04000', '200.00000', '200.00000', '608.10', '0.00000', '0.00000', '0.00000', '0.00000', '0.00000', '608.10000', '2021-02-18', 'No', 4, NULL, NULL),
('bde110ba-3d7f-4544-8ef8-15978cc31676', 'dde152e1-e136-4ceb-bf7a-478efca05703', 'cb5a1a7d-9dc6-49b7-9711-c007985762a5', 'Sku:250ML-1X36-CARTON', '250ML-1X36-CARTON', 'Pcs', NULL, '14250.00000', '14250.00000', '14250.00000', '24.50000', '24.50000', '349125.00', '0.00000', '0.00000', '0.00000', '0.00000', '0.00000', '349125.00000', '2021-01-30', 'CARTOON', 2, NULL, NULL),
('be580834-663e-41b3-ba26-44efac88411d', '85f13647-011d-4342-bae8-3f12e8346552', 'ddbeb847-9738-424d-b5cd-817ea8c280f2', 'Sku:250ML-1X27-CARTON', '250ML-1X27-CARTON', 'Pcs', NULL, '133.00000', '5766.00000', '133.00000', '9.50000', '9.50000', '1263.50', '0.00000', '0.00000', '0.00000', '0.00000', '0.00000', '1263.50000', '2021-03-26', 'TRAY', 1, NULL, NULL),
('beb88bb2-31c5-439a-b46c-3de61b54ef87', '9068e2b4-c8e9-4da6-b752-4ec85195336d', '75b3f18e-55a5-459d-b839-77d37d3145e1', 'Sku:SODIUM CITRATE', 'SODIUM CITRATE', 'KG', NULL, '3.93000', '3.93000', '3.93000', '200.00000', '200.00000', '786.00', '0.00000', '0.00000', '0.00000', '0.00000', '0.00000', '786.00000', '2021-02-28', 'No', 4, NULL, NULL),
('c31d584f-4acb-4e2e-95a9-bb5dcccae7e7', '12b36a53-5622-4951-be3b-e12fc640d27b', 'ca5318cc-d430-4336-9271-496edbcec9c1', 'Sku:SUNSET YELLOW COLOR', 'SUNSET YELLOW COLOR', 'KG', NULL, '2.62000', '2.62000', '2.62000', '2000.00000', '2000.00000', '5241.00', '0.00000', '0.00000', '0.00000', '0.00000', '0.00000', '5241.00000', '2021-02-18', 'No', 9, NULL, NULL),
('c3bddb46-fcc4-4094-b71e-a1d39a9f0c14', '12b36a53-5622-4951-be3b-e12fc640d27b', '9a8eaeb7-7884-41b5-979b-390233831321', 'Sku:SUGAR', 'SUGAR', 'KG', NULL, '3283.25000', '3283.25000', '3283.25000', '95.00000', '95.00000', '311908.62', '0.00000', '0.00000', '0.00000', '0.00000', '0.00000', '311908.62000', '2021-02-18', 'No', 1, NULL, NULL),
('c442e651-16d9-4a89-bb9a-1b8ad080e30e', 'c737e3ed-1809-4380-b841-3151ea984db8', 'c404d9b7-b7f5-46d6-bef7-4b8f2c99be91', 'Sku:250ML - MIX FRUIT', 'MR-250ML-MIX FRUIT-PAPER', 'Pcs', NULL, '268667.00000', '32.00000', '268667.00000', '5.74000', '5.74000', '1542148.58', '0.00000', '0.00000', '0.00000', '0.00000', '0.00000', '1542148.58000', '2021-02-28', 'REEL', 7, NULL, NULL),
('c6c21170-d729-4661-94f2-785001da7ec3', '9068e2b4-c8e9-4da6-b752-4ec85195336d', 'eea5716d-010e-4d9a-90b6-1a3503f1ce25', 'Sku:XANTHAN GUM', 'XANTHAN GUM', 'KG', NULL, '12.81000', '12.81000', '12.81000', '630.00000', '630.00000', '8070.30', '0.00000', '0.00000', '0.00000', '0.00000', '0.00000', '8070.30000', '2021-02-28', 'No', 8, NULL, NULL),
('c8d83692-0f54-4f7e-b87e-f67f73954dd7', 'd34a8fd5-2cdd-4a82-85e2-ad1a644f4258', '18ec96b0-93c3-4d4b-9a14-7d637d33636e', 'Sku:CITRIC ACID', 'CITRIC ACID', 'KG', NULL, '30.49000', '30.49000', '30.49000', '200.00000', '200.00000', '6098.00', '0.00000', '0.00000', '0.00000', '0.00000', '0.00000', '6098.00000', '2021-02-22', 'No', 2, NULL, NULL),
('cf4df7ef-9be7-4b54-a939-a253b0be36a6', '12b36a53-5622-4951-be3b-e12fc640d27b', '72b56809-0b30-4519-9614-ec21013f5229', 'Sku:MANGO PULP', 'MANGO PULP', 'KG', NULL, '1747.01000', '1747.01000', '1747.01000', '75.00000', '75.00000', '131025.60', '0.00000', '0.00000', '0.00000', '0.00000', '0.00000', '131025.60000', '2021-02-18', 'No', 12, NULL, NULL),
('d1cab7e1-000d-4c08-9f90-bc817da774ef', '990a813a-216c-489e-a72c-36d2135d416b', 'cb5a1a7d-9dc6-49b7-9711-c007985762a5', 'Sku:250ML-1X36-CARTON', '250ML-1X36-CARTON', 'Pcs', NULL, '2850.00000', '2850.00000', '2850.00000', '24.50000', '245.00000', '69825.00', '0.00000', '0.00000', '0.00000', '0.00000', '1800.00000', '698250.00000', '2021-04-01', 'CARTOON', 1, NULL, NULL),
('d2320d24-2ca7-4fca-a820-658cf67538c9', 'd2110a60-dd9f-4222-97b0-56a0bf625d77', 'd58748ab-557f-473b-8208-4eb55be72890', 'Sku:MANGO FLAVOR 463S', 'MANGO FLAVOR 463S', 'KG', NULL, '12.75000', '25.50000', '12.75000', '430.00000', '430.00000', '5482.50', '0.00000', '0.00000', '0.00000', '0.00000', '0.00000', '5482.50000', '2021-02-10', 'No', 14, NULL, NULL),
('d54873cf-6c66-4446-a371-06a2376458d7', 'd34a8fd5-2cdd-4a82-85e2-ad1a644f4258', '6b0ddec9-6fa7-43cb-9112-7a1e4f622fe9', 'Sku:ASCORBIC ACID', 'ASCORBIC ACID', 'KG', NULL, '0.76000', '0.76000', '0.76000', '1500.00000', '1500.00000', '1140.00', '0.00000', '0.00000', '0.00000', '0.00000', '0.00000', '1140.00000', '2021-02-22', 'No', 5, NULL, NULL),
('d83a70a6-8e54-4e73-94ed-4d497dade39d', '61dc76f2-2c65-4057-9325-f3bd151f68c5', 'c8d5d6f6-b614-4899-a78b-48fef22699e2', 'Sku:250ML - ORANGE MANGO', 'MR-250ML-ORANGE MANGO-PAPER', 'Pcs', NULL, '125425.00000', '179125.00000', '125425.00000', '5.07000', '5.07000', '635904.75', '0.00000', '0.00000', '0.00000', '0.00000', '0.00000', '635904.75000', '2021-01-31', 'REEL', 2, NULL, NULL),
('dd1bd8b5-f646-419c-9559-6ea74c5b656d', '12b36a53-5622-4951-be3b-e12fc640d27b', '18ec96b0-93c3-4d4b-9a14-7d637d33636e', 'Sku:CITRIC ACID', 'CITRIC ACID', 'KG', NULL, '87.43000', '87.43000', '87.43000', '200.00000', '200.00000', '17485.64', '0.00000', '0.00000', '0.00000', '0.00000', '0.00000', '17485.64000', '2021-02-18', 'No', 2, NULL, NULL),
('e246cf69-e2ec-4be5-bfad-7b19a7411779', 'd34a8fd5-2cdd-4a82-85e2-ad1a644f4258', '9a8eaeb7-7884-41b5-979b-390233831321', 'Sku:SUGAR', 'SUGAR', 'KG', NULL, '914.83000', '914.83000', '914.83000', '95.00000', '95.00000', '86908.85', '0.00000', '0.00000', '0.00000', '0.00000', '0.00000', '86908.85000', '2021-02-22', 'No', 1, NULL, NULL),
('e52ed9c9-2758-4885-b572-c31e332978cc', 'eb82b351-5927-4aad-8a8f-514f24bcc3cf', 'cb5a1a7d-9dc6-49b7-9711-c007985762a5', NULL, '250ML-1X36-CARTON', 'Pcs', NULL, '20.00000', '393.00000', '20.00000', '100.00000', '100.00000', '2000.00', '15.00000', '300.00000', '10.00000', '200.00000', '100.00000', '2000.00000', NULL, NULL, 1, NULL, NULL),
('e86eea1e-01ec-4e20-8787-c934f2e2c708', '12b36a53-5622-4951-be3b-e12fc640d27b', 'a698985e-880d-4ed4-aa99-8e7e7715d208', 'Sku:CARAMEL COLOR', 'CARAMEL COLOR', 'KG', NULL, '2.37000', '2.37000', '2.37000', '260.00000', '260.00000', '616.36', '0.00000', '0.00000', '0.00000', '0.00000', '0.00000', '616.36000', '2021-02-18', 'No', 11, NULL, NULL),
('ef1eecdd-ccef-4ca1-b531-c060446d8529', 'd34a8fd5-2cdd-4a82-85e2-ad1a644f4258', 'b72b0ce8-c2aa-4d81-ad3e-124b246d3c14', 'Sku:TARTRAZINE', 'TARTRAZINE', 'KG', NULL, '0.13000', '0.13000', '0.13000', '2000.00000', '2000.00000', '260.00', '0.00000', '0.00000', '0.00000', '0.00000', '0.00000', '260.00000', '2021-02-22', NULL, 10, NULL, NULL),
('f0455a9a-46fa-4a51-8f56-659272ab4bb8', 'd2110a60-dd9f-4222-97b0-56a0bf625d77', '18ec96b0-93c3-4d4b-9a14-7d637d33636e', 'Sku:CITRIC ACID', 'CITRIC ACID', 'KG', NULL, '94.50000', '189.00000', '94.50000', '200.00000', '200.00000', '18900.00', '0.00000', '0.00000', '0.00000', '0.00000', '0.00000', '18900.00000', '2021-02-10', 'No', 2, NULL, NULL),
('f3b539ab-e4d0-4d5a-a143-809c0518d4f5', 'c737e3ed-1809-4380-b841-3151ea984db8', 'dbc1529a-cfee-484d-b9c4-8cbb45d30ca3', 'Sku:125ML - MIX FRUIT', 'CS-125ML-MIX FRUIT-PAPER', 'Pcs', NULL, '221714.00000', '106162.00000', '221714.00000', '3.67000', '3.67000', '813690.38', '0.00000', '0.00000', '0.00000', '0.00000', '0.00000', '813690.38000', '2021-02-28', 'REEL', 3, NULL, NULL),
('fa60d1b3-0d5c-4177-a404-1172b855dc43', 'c737e3ed-1809-4380-b841-3151ea984db8', 'a762acbf-7c99-4239-a236-2fb14836dc03', 'Sku:250ML - MANGO', 'MR-250ML-MANGO-PAPER', 'Pcs', NULL, '1251615.00000', '714287.00000', '1251615.00000', '5.74000', '5.74000', '7184270.10', '0.00000', '0.00000', '0.00000', '0.00000', '0.00000', '7184270.10000', '2021-02-28', 'REEL', 4, NULL, NULL),
('fc4dd94d-2a48-4d13-9305-4d751eb8faef', 'd2110a60-dd9f-4222-97b0-56a0bf625d77', 'b72b0ce8-c2aa-4d81-ad3e-124b246d3c14', 'Sku:TARTRAZINE', 'TARTRAZINE', 'KG', NULL, '0.15000', '0.30000', '0.15000', '2000.00000', '2000.00000', '300.00', '0.00000', '0.00000', '0.00000', '0.00000', '0.00000', '300.00000', '2021-02-10', NULL, 10, NULL, NULL),
('ff973f52-ba46-44ce-b31c-752f677d2a58', '12b36a53-5622-4951-be3b-e12fc640d27b', 'b72b0ce8-c2aa-4d81-ad3e-124b246d3c14', 'Sku:TARTRAZINE', 'TARTRAZINE', 'KG', NULL, '2.04000', '2.04000', '2.04000', '2000.00000', '2000.00000', '4076.40', '0.00000', '0.00000', '0.00000', '0.00000', '0.00000', '4076.40000', '2021-02-18', NULL, 10, NULL, NULL);

-- --------------------------------------------------------

--
-- Table structure for table `sale_customer_discount_fmcg`
--

CREATE TABLE `sale_customer_discount_fmcg` (
  `id` varchar(36) COLLATE utf8mb4_unicode_ci NOT NULL,
  `company_id` varchar(36) COLLATE utf8mb4_unicode_ci DEFAULT NULL,
  `cust_id` varchar(36) COLLATE utf8mb4_unicode_ci DEFAULT NULL,
  `month` int(11) DEFAULT NULL,
  `date_from` date DEFAULT NULL,
  `date_to` date DEFAULT NULL,
  `qty_discount` decimal(12,5) DEFAULT NULL,
  `amount_discount_percent` decimal(7,5) DEFAULT NULL,
  `number` int(11) NOT NULL
) ENGINE=InnoDB DEFAULT CHARSET=utf8mb4 COLLATE=utf8mb4_unicode_ci;

--
-- Dumping data for table `sale_customer_discount_fmcg`
--

INSERT INTO `sale_customer_discount_fmcg` (`id`, `company_id`, `cust_id`, `month`, `date_from`, `date_to`, `qty_discount`, `amount_discount_percent`, `number`) VALUES
('abe30cd5-5cab-4a84-8847-86257a869d7f', 'f9d0b90d-631a-4f45-982c-d8223bd65c0d', '145', 2021, '2021-03-01', '2021-03-31', '40.38000', NULL, 1);

-- --------------------------------------------------------

--
-- Table structure for table `sale_invoice_detail_fmcg`
--

CREATE TABLE `sale_invoice_detail_fmcg` (
  `id` varchar(255) COLLATE utf8mb4_unicode_ci NOT NULL,
  `inv_id` varchar(36) COLLATE utf8mb4_unicode_ci DEFAULT NULL,
  `soa_detail_id` varchar(36) COLLATE utf8mb4_unicode_ci DEFAULT NULL,
  `do_detail_id` varchar(36) COLLATE utf8mb4_unicode_ci DEFAULT NULL,
  `prod_id` varchar(36) COLLATE utf8mb4_unicode_ci DEFAULT NULL,
  `unit` varchar(20) COLLATE utf8mb4_unicode_ci DEFAULT NULL,
  `qty_stock` decimal(12,5) DEFAULT NULL,
  `qty_ordered` decimal(12,5) DEFAULT NULL,
  `qty_approved` decimal(12,5) DEFAULT NULL,
  `remain_qty` decimal(12,5) DEFAULT NULL,
  `rate_code_id` varchar(36) COLLATE utf8mb4_unicode_ci DEFAULT NULL,
  `base_rate` decimal(12,5) DEFAULT NULL,
  `sales_tax` decimal(12,5) DEFAULT NULL,
  `fed` decimal(12,5) DEFAULT NULL,
  `further_tax` decimal(12,5) DEFAULT NULL,
  `inclusive_value` decimal(12,5) DEFAULT NULL,
  `lu` decimal(12,5) DEFAULT NULL,
  `freight` decimal(12,5) DEFAULT NULL,
  `other_discount` decimal(12,5) DEFAULT NULL,
  `fixed_margin` decimal(12,5) DEFAULT NULL,
  `amount_before_discount` decimal(12,5) DEFAULT NULL,
  `amount_after_discount` decimal(12,5) DEFAULT NULL,
  `adv_payment` decimal(12,5) DEFAULT NULL,
  `rate` decimal(12,5) DEFAULT NULL,
  `trade_discount_ids` varchar(36) COLLATE utf8mb4_unicode_ci DEFAULT NULL,
  `trade_offer` decimal(12,5) DEFAULT NULL,
  `discount` decimal(12,5) DEFAULT NULL,
  `display` int(11) DEFAULT NULL
) ENGINE=InnoDB DEFAULT CHARSET=utf8mb4 COLLATE=utf8mb4_unicode_ci;

--
-- Dumping data for table `sale_invoice_detail_fmcg`
--

INSERT INTO `sale_invoice_detail_fmcg` (`id`, `inv_id`, `soa_detail_id`, `do_detail_id`, `prod_id`, `unit`, `qty_stock`, `qty_ordered`, `qty_approved`, `remain_qty`, `rate_code_id`, `base_rate`, `sales_tax`, `fed`, `further_tax`, `inclusive_value`, `lu`, `freight`, `other_discount`, `fixed_margin`, `amount_before_discount`, `amount_after_discount`, `adv_payment`, `rate`, `trade_discount_ids`, `trade_offer`, `discount`, `display`) VALUES
('03f8c91d-c7ce-479a-a31d-2b566d574d16', 'e0dbe54f-1a5b-4430-a489-1193508daebf', NULL, NULL, '332a9e3d-a1fb-4250-ae29-a8cd1fd2cdc6', NULL, NULL, NULL, '50.00000', NULL, NULL, '10250.00000', '0.00000', '0.00000', '0.00000', '10250.00000', '102.50000', '256.25000', '51.25000', '307.50000', '9532.50000', '9532.50000', '0.00000', NULL, NULL, '0.00000', '0.00000', 1),
('048c59c8-5910-4711-859b-324672ed6df0', '4a35af77-75dd-407d-837f-a57bb89f0eaa', '7ea6327f-9da4-4e67-bd8a-52236c5cba59', 'b6c6f5ad-8daa-4236-be15-1b1278bccb19', '71b6bcc8-0436-41e2-8ceb-ade9a3065845', NULL, NULL, NULL, '1066.00000', NULL, NULL, '366.00000', '0.00000', '0.00000', '0.00000', '0.00000', '3901.56000', '9753.90000', '1950.78000', '11704.68000', '362845.08000', '319800.00000', '0.00000', NULL, NULL, '43045.08000', '0.00000', 3),
('1f6d6c0a-c8d6-475b-9a06-f58e16d1ccde', '4af3d40e-f061-4a84-9c80-06019a02e22f', '3cbaaac1-150c-4557-b3ed-66e70506a1f7', 'd030c96f-dfb4-47a2-b91c-9c7cb9ee0131', '964c865f-ebb6-48d2-95cb-6d460e30c297', NULL, NULL, NULL, '300.00000', NULL, NULL, '521.00000', '0.00000', '0.00000', '0.00000', '0.00000', '1563.00000', '3907.50000', '781.50000', '4689.00000', '145359.00000', '141000.00000', '0.00000', NULL, NULL, '4359.00000', '0.00000', 2),
('311ecd84-22f6-498a-8ccf-129630c698e2', 'a31a8c9c-c3df-47d1-be61-203f3ffa1d70', '73d75d50-5b24-4fe8-95b6-2592075a84d9', 'f1981c94-9e88-41f4-82c6-04e1eec62504', '70377159-1d37-41d7-86fd-ec24afbb19e2', NULL, NULL, NULL, '1100.00000', NULL, NULL, '521.00000', '0.00000', '0.00000', '0.00000', '0.00000', '5731.00000', '0.00000', '2865.50000', '17193.00000', '547310.50000', '533494.50000', '0.00000', NULL, NULL, '13816.00000', '0.00000', 2),
('432ce345-c700-4862-b89b-88027ca213b9', '23cbf475-47ef-44c2-8b83-b5c82b89c0ba', 'a6ad8e82-7e5e-4439-b22d-c40b16059877', '5306d9c9-08b6-44c4-8daf-9c27e3776dce', '964c865f-ebb6-48d2-95cb-6d460e30c297', NULL, NULL, NULL, '246.00000', NULL, NULL, '521.00000', '0.00000', '0.00000', '0.00000', '0.00000', '1281.66000', '3204.15000', '640.83000', '3844.98000', '119194.38000', '115620.00000', '0.00000', NULL, NULL, '3574.38000', '0.00000', 1),
('45f41472-eb6a-468b-9813-fd425301312b', 'bcf3131f-ca4a-407f-b440-d26c35edc1b8', 'd20a356c-5268-40f8-8fec-a541a985a81d', 'ee7a0d64-2c5e-4708-93d9-96abb82c9bf4', '71b6bcc8-0436-41e2-8ceb-ade9a3065845', NULL, NULL, NULL, '517.00000', NULL, NULL, '366.00000', '0.00000', '0.00000', '0.00000', '0.00000', '1892.22000', '4730.55000', '946.11000', '5676.66000', '175976.46000', '155580.81000', '0.00000', NULL, NULL, '20395.65000', '0.00000', 1),
('4bca3abc-4581-4970-8483-f54b8df000d9', '23cbf475-47ef-44c2-8b83-b5c82b89c0ba', '59b6866e-2959-481f-a305-58768e67efd2', 'ff61b919-7293-4c2d-a30d-bc0cf8834b80', '70377159-1d37-41d7-86fd-ec24afbb19e2', NULL, NULL, NULL, '254.00000', NULL, NULL, '521.00000', '0.00000', '0.00000', '0.00000', '0.00000', '1323.34000', '3308.35000', '661.67000', '3970.02000', '123070.62000', '119380.00000', '0.00000', NULL, NULL, '3690.62000', '0.00000', 2),
('539ba1c0-6c4c-4f80-9cbb-538f23163a1a', '5c241c11-127f-4830-9026-7d9ffad87d6a', '73873eb9-b3fc-4617-829e-d0ec60823ac9', 'd5a52176-859d-446b-96c3-d622689d23f2', '964c865f-ebb6-48d2-95cb-6d460e30c297', NULL, NULL, NULL, '500.00000', NULL, NULL, '521.00000', '0.00000', '0.00000', '0.00000', '0.00000', '2605.00000', '6512.50000', '1302.50000', '7815.00000', '242265.00000', '235000.00000', '0.00000', NULL, NULL, '7265.00000', '0.00000', 2),
('5a2d363c-f6f8-4e37-911b-baf0bff51f8f', '69f284c5-2ba3-4df1-b352-74c1d1b87267', '0a932bb7-3983-4f9f-87a5-0cbaf7b348d1', 'd0459164-e5f6-4516-80c4-91767acf3038', '2964bb13-9fa9-448f-8282-69dbf8bd2a20', NULL, NULL, NULL, '500.00000', NULL, NULL, '205.00000', '0.00000', '0.00000', '0.00000', '0.00000', '1025.00000', '2562.50000', '512.50000', '3075.00000', '95325.00000', '91000.00000', '0.00000', NULL, NULL, '4325.00000', '0.00000', 3),
('5ec0c336-a0c0-424c-ae6d-ecee464dc855', '6c8e1a07-7d76-469e-a4bc-6fce08289ffc', '26d6a870-edca-4ce6-a019-c6dd2f6ea1e6', 'eea85f8b-175d-47e0-9f73-5a661cc45bce', '71b6bcc8-0436-41e2-8ceb-ade9a3065845', NULL, NULL, NULL, '970.00000', NULL, NULL, '366.00000', '0.00000', '0.00000', '0.00000', '0.00000', '3550.20000', '0.00000', '1775.10000', '10650.60000', '339044.10000', '299875.50000', '0.00000', NULL, NULL, '39168.60000', '0.00000', 1),
('65aa2619-2140-4986-a23c-fd04bc663fe0', 'b46ee21e-c3e6-4e5d-8394-196784a48523', '29e525ff-ba9f-4d45-a9bb-5cbf80a2a969', 'd79727e3-63d8-4973-8880-607ab6dfcd55', '2964bb13-9fa9-448f-8282-69dbf8bd2a20', NULL, NULL, NULL, '3500.00000', NULL, NULL, '205.00000', '0.00000', '0.00000', '0.00000', '0.00000', '7175.00000', '17937.50000', '3587.50000', '21525.00000', '667275.00000', '637000.00000', '0.00000', NULL, NULL, '30275.00000', '0.00000', 2),
('66210950-0bf6-4e5b-9827-5972790e518a', 'b46ee21e-c3e6-4e5d-8394-196784a48523', 'b905c512-0acc-44d7-8229-6895d5c0ceb7', '4a78ab60-6b45-4b09-b2ce-5038151d4254', '332a9e3d-a1fb-4250-ae29-a8cd1fd2cdc6', NULL, NULL, NULL, '3500.00000', NULL, NULL, '205.00000', '0.00000', '0.00000', '0.00000', '0.00000', '7175.00000', '17937.50000', '3587.50000', '21525.00000', '667275.00000', '637000.00000', '0.00000', NULL, NULL, '30275.00000', '0.00000', 1),
('6bc58ab5-25c5-4ed1-8887-e463b162cad9', 'cf5fdecd-c6f5-4528-9354-bd397229bf8b', NULL, NULL, '332a9e3d-a1fb-4250-ae29-a8cd1fd2cdc6', NULL, NULL, NULL, '50.00000', NULL, NULL, '10250.00000', '0.00000', '0.00000', '0.00000', '10250.00000', '102.50000', '256.25000', '51.25000', '307.50000', '9532.50000', '9532.50000', '0.00000', NULL, NULL, '0.00000', '0.00000', 1),
('8dd0d1e6-c61d-4c4d-8d5f-51c0efcbb971', 'dcd87138-56eb-43fe-ab0f-86b01942526a', 'd4e369b1-a51e-49a3-9cc1-36253f5eb976', 'd6e4520e-0e43-4280-8f65-078b2e4ed888', '2964bb13-9fa9-448f-8282-69dbf8bd2a20', NULL, NULL, NULL, '20.00000', NULL, NULL, '205.00000', '0.00000', '0.00000', '0.00000', '0.00000', '41.00000', '0.00000', '20.50000', '123.00000', '3915.50000', '3915.50000', '0.00000', NULL, NULL, '0.00000', '0.00000', 2),
('8e01b3b3-8137-4a10-9f7f-364b32c7ebca', '3088f468-07f3-4edb-b892-4259b2b73011', 'ccc6c4e5-8912-48cc-a8ee-2a165025bf3b', 'cce073e0-69c7-4628-a92a-2bab5bf6c3aa', '71b6bcc8-0436-41e2-8ceb-ade9a3065845', NULL, NULL, NULL, '1000.00000', NULL, NULL, '366.00000', '0.00000', '0.00000', '0.00000', '0.00000', '3660.00000', '9150.00000', '1830.00000', '10980.00000', '340380.00000', '300930.00000', '0.00000', NULL, NULL, '39450.00000', '0.00000', 1),
('91efff87-3013-4b5d-a7c0-544bcbd85127', '57442ecf-0131-4e2b-863c-65b32d4ceb00', '073d78cb-cd24-4398-8840-616cf79dfdef', '3cd6800b-945a-4c98-830d-abc89b3513cc', '71b6bcc8-0436-41e2-8ceb-ade9a3065845', NULL, NULL, NULL, '606.00000', NULL, NULL, '366.00000', '0.00000', '0.00000', '0.00000', '0.00000', '2217.96000', '0.00000', '1108.98000', '6653.88000', '211815.18000', '211815.18000', '0.00000', NULL, NULL, '0.00000', '0.00000', 1),
('944ec570-533f-4a77-b6d2-c36fe725c2e2', '2397d815-cd77-40cd-a3b9-e7c378c66669', 'aa295b88-2799-4bd8-b734-37722d6b902e', '20f0dc4e-ff66-4b45-8764-8a129a26f716', '964c865f-ebb6-48d2-95cb-6d460e30c297', NULL, NULL, NULL, '500.00000', NULL, NULL, '521.00000', '0.00000', '0.00000', '0.00000', '0.00000', '2605.00000', '6512.50000', '1302.50000', '7815.00000', '242265.00000', '235000.00000', '0.00000', NULL, NULL, '7265.00000', '0.00000', 1),
('a4b17a19-9489-47ce-aaba-ff70323806f7', '2397d815-cd77-40cd-a3b9-e7c378c66669', '733f8fd7-d6c1-4f0b-96ed-a34df40c922a', 'c803a433-4696-448d-880f-9d669cdf0fd1', '70377159-1d37-41d7-86fd-ec24afbb19e2', NULL, NULL, NULL, '1300.00000', NULL, NULL, '521.00000', '0.00000', '0.00000', '0.00000', '0.00000', '6773.00000', '16932.50000', '3386.50000', '20319.00000', '629889.00000', '611000.00000', '0.00000', NULL, NULL, '18889.00000', '0.00000', 2),
('aa3058a8-d0a5-472c-bf19-e053216a7406', '85cf0b6d-ed82-4259-80ec-0354a2ca0e76', 'd1fda5ca-5d46-4c10-be3d-ff84bd0a455d', 'a001b6ea-6933-43cc-bcf2-0eaf60204ae8', '2964bb13-9fa9-448f-8282-69dbf8bd2a20', NULL, NULL, NULL, '500.00000', NULL, NULL, '205.00000', '0.00000', '0.00000', '0.00000', '0.00000', '1025.00000', '2562.50000', '512.50000', '3075.00000', '95325.00000', '91000.00000', '0.00000', NULL, NULL, '4325.00000', '0.00000', 3),
('b28b128d-4506-4dff-957f-a1e4e63ad00f', '072c4829-ad03-4ed5-91d9-5a3912a50fa6', 'c10a0e2b-331d-474c-ac49-43e3260b32a7', '4e3cae3c-f183-401d-b9d7-2d88a36e0fa4', '70377159-1d37-41d7-86fd-ec24afbb19e2', NULL, NULL, NULL, '232.00000', NULL, NULL, '521.00000', '0.00000', '0.00000', '0.00000', '0.00000', '1208.72000', '0.00000', '604.36000', '3626.16000', '115432.76000', '112061.80000', '0.00000', NULL, NULL, '3370.96000', '0.00000', 2),
('bd9ae29f-ea16-488e-be1c-90eb131e4c3e', 'b9536f86-bf8b-44b4-829a-b3be2d66aadd', '7f9eebbe-4a42-4b89-be47-53a579161355', 'bd62cd18-c91d-4177-9f22-ff99ef88944d', '332a9e3d-a1fb-4250-ae29-a8cd1fd2cdc6', NULL, NULL, NULL, '3581.00000', NULL, NULL, '205.00000', '0.00000', '0.00000', '0.00000', '0.00000', '7341.05000', '18352.62500', '3670.52500', '22023.15000', '682717.65000', '651742.00000', '0.00000', NULL, NULL, '30975.65000', '0.00000', 1),
('bf15e72d-4b57-42e8-b6ae-963ac4082e81', '69f284c5-2ba3-4df1-b352-74c1d1b87267', '47deb7e2-d2a6-48f6-892a-14e6eeaa5351', 'b26ee67c-63a1-4160-8965-df9fd54d637a', '332a9e3d-a1fb-4250-ae29-a8cd1fd2cdc6', NULL, NULL, NULL, '1000.00000', NULL, NULL, '205.00000', '0.00000', '0.00000', '0.00000', '0.00000', '2050.00000', '5125.00000', '1025.00000', '6150.00000', '190650.00000', '182000.00000', '0.00000', NULL, NULL, '8650.00000', '0.00000', 1),
('c6ac79b8-c3cf-41e8-bc6a-481791ce10a7', '35d79ede-377f-4694-9174-9a9dc2af1bfc', NULL, NULL, '332a9e3d-a1fb-4250-ae29-a8cd1fd2cdc6', NULL, NULL, NULL, '50.00000', NULL, NULL, '10250.00000', '0.00000', '0.00000', '0.00000', '10250.00000', '102.50000', '256.25000', '51.25000', '307.50000', '9532.50000', '9532.50000', '0.00000', NULL, NULL, '0.00000', '0.00000', 1),
('cb140e90-5af0-4b6e-a23f-718819225980', '69f284c5-2ba3-4df1-b352-74c1d1b87267', '941ce106-21a2-4db5-97de-31867c807d4a', 'b91fd067-cac0-403e-80cf-df7aae2c9236', '71b6bcc8-0436-41e2-8ceb-ade9a3065845', NULL, NULL, NULL, '30.00000', NULL, NULL, '366.00000', '0.00000', '0.00000', '0.00000', '0.00000', '109.80000', '274.50000', '54.90000', '329.40000', '10211.40000', '9027.90000', '0.00000', NULL, NULL, '1183.50000', '0.00000', 2),
('d6795331-8f25-4d57-a7d0-ebc053de9fa9', '072c4829-ad03-4ed5-91d9-5a3912a50fa6', '179f68aa-b570-44d1-b86f-a0b949ee6b7d', '2fc6349d-d8db-4e08-a796-eb2e683f310b', '964c865f-ebb6-48d2-95cb-6d460e30c297', NULL, NULL, NULL, '119.00000', NULL, NULL, '521.00000', '0.00000', '0.00000', '0.00000', '0.00000', '619.99000', '0.00000', '309.99500', '1859.97000', '59209.04500', '57479.97500', '0.00000', NULL, NULL, '1729.07000', '0.00000', 1),
('d78573db-8a69-4b79-b042-ca27bb0ad7e1', '85cf0b6d-ed82-4259-80ec-0354a2ca0e76', 'd9c20ff9-a3ee-4e27-a10d-1cd6e81b9fd1', '24d8d0d9-0e4f-4325-aab5-c208de3887f1', '332a9e3d-a1fb-4250-ae29-a8cd1fd2cdc6', NULL, NULL, NULL, '5000.00000', NULL, NULL, '205.00000', '0.00000', '0.00000', '0.00000', '0.00000', '10250.00000', '25625.00000', '5125.00000', '30750.00000', '953250.00000', '910000.00000', '0.00000', NULL, NULL, '43250.00000', '0.00000', 1),
('d8314db5-6d12-4254-95c1-ee791e6e9838', 'dcd87138-56eb-43fe-ab0f-86b01942526a', '802539d6-8db4-484f-b79f-c77c700e402a', '7b1f89ac-2cff-4b74-968a-6f4cb4f58ae5', '332a9e3d-a1fb-4250-ae29-a8cd1fd2cdc6', NULL, NULL, NULL, '20.00000', NULL, NULL, '4100.00000', '0.00000', '0.00000', '0.00000', '0.00000', '820.00000', '0.00000', '410.00000', '2460.00000', '78310.00000', '78310.00000', '0.00000', NULL, NULL, '0.00000', '0.00000', 1),
('d88f6adf-1822-40de-8408-34dfbd396bab', '4af3d40e-f061-4a84-9c80-06019a02e22f', '5f493229-c275-497b-b7a4-9d339ab7ca8e', '454b2f51-778f-4208-b31d-4e7ed3e7c3ed', '70377159-1d37-41d7-86fd-ec24afbb19e2', NULL, NULL, NULL, '900.00000', NULL, NULL, '521.00000', '0.00000', '0.00000', '0.00000', '0.00000', '4689.00000', '11722.50000', '2344.50000', '14067.00000', '436077.00000', '423000.00000', '0.00000', NULL, NULL, '13077.00000', '0.00000', 1),
('e281572c-0789-4bec-abe1-5ada4bb7f8ac', '85cf0b6d-ed82-4259-80ec-0354a2ca0e76', '1ad82ca6-678c-45b9-96f0-47429321e61c', '9d0c8423-5f14-4bca-bc6f-e2aefc0cce91', '71b6bcc8-0436-41e2-8ceb-ade9a3065845', NULL, NULL, NULL, '483.00000', NULL, NULL, '366.00000', '0.00000', '0.00000', '0.00000', '0.00000', '1767.78000', '4419.45000', '883.89000', '5303.34000', '164403.54000', '145349.19000', '0.00000', NULL, NULL, '19054.35000', '0.00000', 2),
('e2d0948a-0602-4c4f-a898-512effb1c8c9', 'b9536f86-bf8b-44b4-829a-b3be2d66aadd', 'b4fed8a9-c69a-479c-bd41-0ce70f14287d', 'bf3c6792-6582-4e0f-a4bf-35c3afc8811a', '2964bb13-9fa9-448f-8282-69dbf8bd2a20', NULL, NULL, NULL, '2799.00000', NULL, NULL, '205.00000', '0.00000', '0.00000', '0.00000', '0.00000', '5737.95000', '14344.87500', '2868.97500', '17213.85000', '533629.35000', '509418.00000', '0.00000', NULL, NULL, '24211.35000', '0.00000', 2),
('e3bedd97-aaef-4a55-bde1-9568cdc79075', '2a2e6821-8afa-47be-bff4-a7f28be96200', '628b8246-39d9-4323-9794-c0edb9ba538f', '6f5dcbc4-d292-4803-801b-f91c6ac09577', '71b6bcc8-0436-41e2-8ceb-ade9a3065845', NULL, NULL, NULL, '1000.00000', NULL, NULL, '366.00000', '0.00000', '0.00000', '0.00000', '0.00000', '3660.00000', '9150.00000', '1830.00000', '10980.00000', '340380.00000', '300930.00000', '0.00000', NULL, NULL, '39450.00000', '0.00000', 1),
('e911b115-89b1-4855-8e3c-5ad0c08e8b29', '4a35af77-75dd-407d-837f-a57bb89f0eaa', 'ff8f6535-d1f8-4c60-9ab7-267f5abdfd35', '644e5f90-2b43-4828-a329-7dd357fcd838', '332a9e3d-a1fb-4250-ae29-a8cd1fd2cdc6', NULL, NULL, NULL, '353.00000', NULL, NULL, '205.00000', '0.00000', '0.00000', '0.00000', '0.00000', '723.65000', '1809.12500', '361.82500', '2170.95000', '67299.45000', '64246.00000', '0.00000', NULL, NULL, '3053.45000', '0.00000', 1),
('f361d785-baf2-4a70-a515-8285a8169e89', 'a31a8c9c-c3df-47d1-be61-203f3ffa1d70', '77924741-bb97-456a-9e9e-c9b83742a2d6', '761b7f2d-b84d-450a-8e45-4f459d8a503c', '964c865f-ebb6-48d2-95cb-6d460e30c297', NULL, NULL, NULL, '1100.00000', NULL, NULL, '521.00000', '0.00000', '0.00000', '0.00000', '0.00000', '5731.00000', '0.00000', '2865.50000', '17193.00000', '547310.50000', '533494.50000', '0.00000', NULL, NULL, '13816.00000', '0.00000', 1),
('fc335fad-cd8f-4992-9762-e4ca4c9f8b16', '4a35af77-75dd-407d-837f-a57bb89f0eaa', '4ecea4ea-df73-4f71-9ca4-b56a0a5867f6', 'b24fdea5-436c-4e69-a407-aaaaf47c1438', '2964bb13-9fa9-448f-8282-69dbf8bd2a20', NULL, NULL, NULL, '2951.00000', NULL, NULL, '205.00000', '0.00000', '0.00000', '0.00000', '0.00000', '6049.55000', '15123.87500', '3024.77500', '18148.65000', '562608.15000', '537082.00000', '0.00000', NULL, NULL, '25526.15000', '0.00000', 2),
('fc4acfb6-3c24-4032-bd9c-50d60d30d0ac', '5c241c11-127f-4830-9026-7d9ffad87d6a', '36ce49d7-c4f6-4cdb-b67b-4ddbfe9ecb23', '572e5644-57c2-4a53-9315-4c7aded8c150', '70377159-1d37-41d7-86fd-ec24afbb19e2', NULL, NULL, NULL, '1300.00000', NULL, NULL, '521.00000', '0.00000', '0.00000', '0.00000', '0.00000', '6773.00000', '16932.50000', '3386.50000', '20319.00000', '629889.00000', '611000.00000', '0.00000', NULL, NULL, '18889.00000', '0.00000', 1);

-- --------------------------------------------------------

--
-- Table structure for table `sale_orders`
--

CREATE TABLE `sale_orders` (
  `id` varchar(36) COLLATE utf8mb4_unicode_ci NOT NULL,
  `month` int(11) DEFAULT NULL,
  `date` date DEFAULT NULL,
  `cust_id` varchar(36) COLLATE utf8mb4_unicode_ci DEFAULT NULL,
  `cust_balance` decimal(12,2) DEFAULT NULL,
  `margen_per` decimal(5,3) DEFAULT NULL,
  `adv_payment_per` decimal(5,3) DEFAULT NULL,
  `cod_per` decimal(5,3) DEFAULT NULL,
  `scheme_per` decimal(5,3) DEFAULT NULL,
  `special_per` decimal(5,3) DEFAULT NULL,
  `trade_offer` decimal(12,2) DEFAULT NULL,
  `remarks` varchar(500) COLLATE utf8mb4_unicode_ci DEFAULT NULL,
  `attachment` varchar(100) COLLATE utf8mb4_unicode_ci DEFAULT NULL,
  `company_id` varchar(100) COLLATE utf8mb4_unicode_ci DEFAULT NULL,
  `created_by` int(11) DEFAULT NULL,
  `updated_by` int(11) DEFAULT NULL,
  `created_at` timestamp NULL DEFAULT NULL,
  `updated_at` timestamp NULL DEFAULT NULL,
  `number` int(11) DEFAULT NULL,
  `editable` int(11) NOT NULL DEFAULT 1
) ENGINE=InnoDB DEFAULT CHARSET=utf8mb4 COLLATE=utf8mb4_unicode_ci;

--
-- Dumping data for table `sale_orders`
--

INSERT INTO `sale_orders` (`id`, `month`, `date`, `cust_id`, `cust_balance`, `margen_per`, `adv_payment_per`, `cod_per`, `scheme_per`, `special_per`, `trade_offer`, `remarks`, `attachment`, `company_id`, `created_by`, `updated_by`, `created_at`, `updated_at`, `number`, `editable`) VALUES
('0b960d76-781e-4061-9bc2-1138cfe279b2', 2021, '2021-02-28', '139', NULL, NULL, NULL, NULL, NULL, NULL, NULL, 'Mango 200 ml 660 CTn Invoice Pending GST.\r\nRate Given 520 250ml.', NULL, 'f9d0b90d-631a-4f45-982c-d8223bd65c0d', 49, NULL, '2021-06-13 10:27:28', NULL, 7, 0),
('329f1015-4cb9-4339-bc8f-3c4b580e8349', 2021, '2021-02-28', '139', NULL, NULL, NULL, NULL, NULL, NULL, NULL, 'Remaining Order ( 2021-0007) of 606 CTN GST', NULL, 'f9d0b90d-631a-4f45-982c-d8223bd65c0d', 49, NULL, '2021-06-15 12:13:03', NULL, 12, 0),
('364e0503-6e01-4569-a62b-9489bdf53439', 2021, '2021-03-11', '146', '-500000.00', NULL, NULL, NULL, NULL, NULL, NULL, NULL, NULL, 'f9d0b90d-631a-4f45-982c-d8223bd65c0d', 49, NULL, '2021-06-21 12:12:42', NULL, 15, 0),
('3a0644ee-6c98-442b-b2b6-f73e6f7735fe', 2021, '2021-03-13', '147', '-100000.00', NULL, NULL, NULL, NULL, NULL, NULL, 'Gate Pass # 7398.', NULL, 'f9d0b90d-631a-4f45-982c-d8223bd65c0d', 49, 49, '2021-06-21 12:14:41', '2021-06-21 12:19:42', 16, 0),
('41492b3b-f277-4d6d-85cc-177cad13e08f', 2021, '2021-03-13', '144', '-1541000.00', NULL, NULL, NULL, NULL, NULL, NULL, NULL, NULL, 'f9d0b90d-631a-4f45-982c-d8223bd65c0d', 49, NULL, '2021-06-21 12:16:05', NULL, 17, 0),
('43334b68-6049-43de-b198-aab25f1f1c4b', 2021, '2021-03-05', '145', '-289600.00', NULL, NULL, NULL, NULL, NULL, NULL, NULL, NULL, 'f9d0b90d-631a-4f45-982c-d8223bd65c0d', 49, NULL, '2021-06-21 12:00:04', NULL, 14, 0),
('8702d6d7-0e2f-4a80-bc43-20bc6007c039', 2021, '2021-02-23', '135', NULL, NULL, NULL, NULL, NULL, NULL, NULL, 'Remaining Order ( 2021-0004) of 517 CTN GST.', NULL, 'f9d0b90d-631a-4f45-982c-d8223bd65c0d', 49, NULL, '2021-06-15 12:09:45', NULL, 11, 0),
('887d3ad5-3618-4633-9b09-73434ba835f0', 2021, '2021-04-27', '135', '466792.00', NULL, NULL, NULL, NULL, NULL, NULL, NULL, NULL, 'f9d0b90d-631a-4f45-982c-d8223bd65c0d', 49, 49, '2021-06-22 11:27:24', '2021-06-28 12:05:20', 19, 1),
('893138e8-3764-4703-8db8-57397b303a8e', 2021, '2021-02-14', '135', NULL, NULL, NULL, NULL, NULL, NULL, NULL, 'Dispatch at Larkana & Gaaji Khawar.', NULL, 'f9d0b90d-631a-4f45-982c-d8223bd65c0d', 49, 49, '2021-06-13 09:36:24', '2021-06-14 05:55:09', 1, 0),
('8cfa2f5c-c786-4960-89ea-7da743029a95', 2021, '2021-02-23', '135', NULL, NULL, NULL, NULL, NULL, NULL, NULL, 'Remaining Order ( 2021-0005) of 1000 CTN GST', NULL, 'f9d0b90d-631a-4f45-982c-d8223bd65c0d', 49, 49, '2021-06-15 11:59:20', '2021-06-15 12:01:38', 9, 0),
('979d398a-69a9-442d-93f9-1af716b0afcf', 2021, '2021-02-27', '135', NULL, NULL, NULL, NULL, NULL, NULL, NULL, '1000 CTN Mango 200ML ( Invoice GST Pending)\r\n125 Rate 180.', NULL, 'f9d0b90d-631a-4f45-982c-d8223bd65c0d', 49, 49, '2021-06-13 10:21:21', '2021-06-14 06:10:26', 5, 0),
('a2dfea6d-361b-4c9e-87d1-29f2492f64c6', 2021, '2021-03-01', '144', '-1541000.00', NULL, NULL, NULL, NULL, NULL, NULL, 'Gate Pass # 7373.', NULL, 'f9d0b90d-631a-4f45-982c-d8223bd65c0d', 49, NULL, '2021-06-21 11:37:06', NULL, 13, 0),
('a87107d9-77f7-4eeb-b88b-5a9cde65f686', 2021, '2021-04-02', '149', '0.00', NULL, NULL, NULL, NULL, NULL, NULL, NULL, NULL, 'f9d0b90d-631a-4f45-982c-d8223bd65c0d', 49, NULL, '2021-06-22 11:17:33', NULL, 18, 1),
('ad36cafd-1af1-4df8-812e-eaf2a42d8787', 2021, '2021-02-21', '137', NULL, NULL, NULL, NULL, NULL, NULL, NULL, 'Done:Distributor Type Will Ce Change from Direct to Sole.', NULL, 'f9d0b90d-631a-4f45-982c-d8223bd65c0d', 49, 49, '2021-06-13 10:07:40', '2021-06-14 06:45:54', 3, 0),
('b32f59ab-2551-4d1c-86f9-90841d89f958', 2021, '2021-06-29', '139', '181356.96', NULL, NULL, NULL, NULL, NULL, NULL, 'sale order', NULL, 'f9d0b90d-631a-4f45-982c-d8223bd65c0d', 8, NULL, '2021-06-29 03:49:40', NULL, 20, 0),
('b6760b97-243e-4cb1-bffa-9dbdc7c6067f', 2021, '2021-02-14', '136', NULL, NULL, NULL, NULL, NULL, NULL, NULL, NULL, NULL, 'f9d0b90d-631a-4f45-982c-d8223bd65c0d', 49, 49, '2021-06-13 09:39:38', '2021-06-14 05:55:54', 2, 0),
('dcc67eb5-8cac-46b5-9e5d-df93683358ba', 2021, '2021-02-28', '135', NULL, NULL, NULL, NULL, NULL, NULL, NULL, 'Remaining Order ( 2021-0004) of 1000 CTN GST', NULL, 'f9d0b90d-631a-4f45-982c-d8223bd65c0d', 49, NULL, '2021-06-15 12:05:21', NULL, 10, 0),
('e57ecd46-87e5-475f-b632-e3aef52eaec8', 2021, '2021-02-22', '135', NULL, NULL, NULL, NULL, NULL, NULL, NULL, '1000-483 Invoice Issue Remaining balance 517 GST Invoice Pending ( MR-200ML Mango)', NULL, 'f9d0b90d-631a-4f45-982c-d8223bd65c0d', 49, 49, '2021-06-13 10:17:10', '2021-06-14 08:15:12', 4, 0),
('e6edfbfd-0ae9-4a0c-92cd-b3915f44066d', 2021, '2021-02-27', '135', NULL, NULL, NULL, NULL, NULL, NULL, NULL, 'Mango 200ML 1000 CTN are Pending Invoice of GST\r\nRate 125ml = 180.', NULL, 'f9d0b90d-631a-4f45-982c-d8223bd65c0d', 49, 49, '2021-06-13 10:24:12', '2021-06-14 06:06:24', 6, 0);

-- --------------------------------------------------------

--
-- Table structure for table `sale_order_approvel`
--

CREATE TABLE `sale_order_approvel` (
  `id` varchar(36) COLLATE utf8mb4_unicode_ci NOT NULL,
  `so_id` varchar(36) COLLATE utf8mb4_unicode_ci DEFAULT NULL,
  `month` int(11) DEFAULT NULL,
  `date` date DEFAULT NULL,
  `cust_id` varchar(36) COLLATE utf8mb4_unicode_ci DEFAULT NULL,
  `cust_balance` decimal(12,2) DEFAULT NULL,
  `credit_days` int(11) DEFAULT NULL,
  `credit_amount` decimal(10,2) DEFAULT NULL,
  `avg_recover_date` smallint(6) DEFAULT NULL,
  `note` varchar(100) COLLATE utf8mb4_unicode_ci DEFAULT NULL,
  `company_id` varchar(36) COLLATE utf8mb4_unicode_ci DEFAULT NULL,
  `user_id` int(11) NOT NULL,
  `user_name` varchar(25) COLLATE utf8mb4_unicode_ci DEFAULT NULL,
  `created_at` timestamp NULL DEFAULT NULL,
  `updated_at` timestamp NULL DEFAULT NULL,
  `number` int(11) DEFAULT NULL,
  `editable` int(11) NOT NULL DEFAULT 1,
  `close_status` int(11) NOT NULL DEFAULT 0
) ENGINE=InnoDB DEFAULT CHARSET=utf8mb4 COLLATE=utf8mb4_unicode_ci;

--
-- Dumping data for table `sale_order_approvel`
--

INSERT INTO `sale_order_approvel` (`id`, `so_id`, `month`, `date`, `cust_id`, `cust_balance`, `credit_days`, `credit_amount`, `avg_recover_date`, `note`, `company_id`, `user_id`, `user_name`, `created_at`, `updated_at`, `number`, `editable`, `close_status`) VALUES
('093da516-55df-4168-9c25-f2fd97ee36c9', '893138e8-3764-4703-8db8-57397b303a8e', 2021, '2021-02-14', '135', NULL, 0, NULL, NULL, 'Dispatch at Larkana & Gaaji Khawar.', 'f9d0b90d-631a-4f45-982c-d8223bd65c0d', 49, '49', '2021-06-14 08:18:26', NULL, 1, 0, 1),
('1ff7572b-8b7e-4cd3-862c-a66674a560e7', 'dcc67eb5-8cac-46b5-9e5d-df93683358ba', 2021, '2021-02-28', '135', NULL, 0, NULL, NULL, 'Remaining Order ( 2021-0004) of 1000 CTN GST', 'f9d0b90d-631a-4f45-982c-d8223bd65c0d', 49, '49', '2021-06-15 12:19:35', NULL, 10, 0, 1),
('3b96b9ab-7ec3-478d-8a3b-118672a774bd', 'b32f59ab-2551-4d1c-86f9-90841d89f958', 2021, '2021-06-29', '139', '181356.96', 15, NULL, NULL, 'sale order,approvel', 'f9d0b90d-631a-4f45-982c-d8223bd65c0d', 8, '8', '2021-06-29 03:50:25', NULL, 18, 0, 1),
('3bb465d3-731d-4ef9-8085-93e4d3edb5b4', '3a0644ee-6c98-442b-b2b6-f73e6f7735fe', 2021, '2021-03-14', '147', '-100000.00', 15, NULL, NULL, 'Gate Pass # 7398.', 'f9d0b90d-631a-4f45-982c-d8223bd65c0d', 49, '49', '2021-06-21 12:29:15', NULL, 16, 0, 1),
('78be6fcb-4744-4792-983e-f6f82581004f', '41492b3b-f277-4d6d-85cc-177cad13e08f', 2021, '2021-03-14', '144', '-1541000.00', 15, '0.00', NULL, NULL, 'f9d0b90d-631a-4f45-982c-d8223bd65c0d', 49, '49', '2021-06-21 12:30:07', NULL, 17, 0, 1),
('8130ed23-1641-4305-9664-af881004506f', 'a2dfea6d-361b-4c9e-87d1-29f2492f64c6', 2021, '2021-03-02', '144', '-1541000.00', 15, '0.00', NULL, 'Gate Pass # 7373.', 'f9d0b90d-631a-4f45-982c-d8223bd65c0d', 49, '49', '2021-06-21 12:25:32', NULL, 13, 0, 1),
('84e9f8c0-979d-4a42-a7ed-1661d952eb8a', '979d398a-69a9-442d-93f9-1af716b0afcf', 2021, '2021-02-27', '135', NULL, 0, NULL, NULL, '1000 CTN Mango 200ML ( Invoice GST Pending)\r\n125 Rate 180.', 'f9d0b90d-631a-4f45-982c-d8223bd65c0d', 49, '49', '2021-06-14 08:20:36', NULL, 5, 0, 1),
('8a1188d2-5f5c-4804-8456-38dadacec923', 'b6760b97-243e-4cb1-bffa-9dbdc7c6067f', 2021, '2021-02-14', '136', NULL, 0, NULL, NULL, NULL, 'f9d0b90d-631a-4f45-982c-d8223bd65c0d', 49, '49', '2021-06-14 08:19:05', NULL, 2, 0, 1),
('8c5f63e9-2bb4-4c4d-aff6-9e778354c613', '8cfa2f5c-c786-4960-89ea-7da743029a95', 2021, '2021-02-23', '135', NULL, 0, NULL, NULL, 'Remaining Order ( 2021-0005) of 1000 CTN GST', 'f9d0b90d-631a-4f45-982c-d8223bd65c0d', 31, '31', '2021-06-15 12:18:56', '2021-06-15 12:45:36', 9, 0, 1),
('9332fd16-ce7a-41ad-8db0-b80b61b3f8e9', 'e6edfbfd-0ae9-4a0c-92cd-b3915f44066d', 2021, '2021-02-27', '135', NULL, 0, NULL, NULL, 'Mango 200ML 1000 CTN are Pending Invoice of GST\r\nRate 125ml = 180.', 'f9d0b90d-631a-4f45-982c-d8223bd65c0d', 49, '49', '2021-06-14 08:21:10', '2021-06-15 08:48:22', 6, 0, 1),
('939e54fd-1da7-47c0-a4c1-6f08379343c1', '364e0503-6e01-4569-a62b-9489bdf53439', 2021, '2021-03-12', '146', '-500000.00', 15, NULL, NULL, NULL, 'f9d0b90d-631a-4f45-982c-d8223bd65c0d', 49, '49', '2021-06-21 12:27:38', NULL, 15, 0, 1),
('93d3bef3-df92-4de3-91d2-016e605e6b9c', '43334b68-6049-43de-b198-aab25f1f1c4b', 2021, '2021-03-06', '145', '-289600.00', 0, NULL, NULL, NULL, 'f9d0b90d-631a-4f45-982c-d8223bd65c0d', 49, '49', '2021-06-21 12:26:32', NULL, 14, 0, 1),
('a20f3828-f7fb-4254-b591-5cd44834a12b', '329f1015-4cb9-4339-bc8f-3c4b580e8349', 2021, '2021-02-28', '139', NULL, 15, NULL, NULL, 'Remaining Order ( 2021-0007) of 606 CTN GST', 'f9d0b90d-631a-4f45-982c-d8223bd65c0d', 49, '49', '2021-06-15 12:20:19', NULL, 12, 0, 1),
('a57fd3d1-7320-4bb3-bff4-c50c1d3ceda4', '8702d6d7-0e2f-4a80-bc43-20bc6007c039', 2021, '2021-02-23', '135', NULL, 0, NULL, NULL, 'Remaining Order ( 2021-0004) of 517 CTN GST.', 'f9d0b90d-631a-4f45-982c-d8223bd65c0d', 49, '49', '2021-06-15 12:19:57', NULL, 11, 0, 1),
('a811f122-3c1b-4557-aecc-d3542aff8f8b', 'e57ecd46-87e5-475f-b632-e3aef52eaec8', 2021, '2021-02-22', '135', NULL, 0, NULL, NULL, '1000-483 Invoice Issue Remaining balance 517 GST Invoice Pending ( MR-200ML Mango)', 'f9d0b90d-631a-4f45-982c-d8223bd65c0d', 49, '49', '2021-06-14 08:20:11', NULL, 4, 0, 1),
('a8c096ae-c94a-4975-860d-9ec9d9112b58', 'ad36cafd-1af1-4df8-812e-eaf2a42d8787', 2021, '2021-02-21', '137', NULL, 0, NULL, NULL, 'Done:Distributor Type Will Ce Change from Direct to Sole.', 'f9d0b90d-631a-4f45-982c-d8223bd65c0d', 49, '49', '2021-06-14 08:19:33', NULL, 3, 0, 1),
('d6929885-97f6-4191-8016-f7a68fc1b551', '0b960d76-781e-4061-9bc2-1138cfe279b2', 2021, '2021-02-28', '139', NULL, 15, NULL, NULL, 'Mango 200 ml 660 CTn Invoice Pending GST.\r\nRate Given 520 250ml.', 'f9d0b90d-631a-4f45-982c-d8223bd65c0d', 49, '49', '2021-06-14 08:21:41', NULL, 7, 0, 1);

-- --------------------------------------------------------

--
-- Table structure for table `sale_order_attachments`
--

CREATE TABLE `sale_order_attachments` (
  `id` varchar(36) COLLATE utf8mb4_unicode_ci NOT NULL,
  `so_id` varchar(36) COLLATE utf8mb4_unicode_ci NOT NULL,
  `file` varchar(100) COLLATE utf8mb4_unicode_ci DEFAULT NULL
) ENGINE=InnoDB DEFAULT CHARSET=utf8mb4 COLLATE=utf8mb4_unicode_ci;

-- --------------------------------------------------------

--
-- Table structure for table `sale_order_details`
--

CREATE TABLE `sale_order_details` (
  `id` varchar(36) COLLATE utf8mb4_unicode_ci NOT NULL,
  `so_id` varchar(36) COLLATE utf8mb4_unicode_ci NOT NULL,
  `prod_id` varchar(36) COLLATE utf8mb4_unicode_ci DEFAULT NULL,
  `unit` varchar(12) COLLATE utf8mb4_unicode_ci DEFAULT NULL,
  `qty_stock` decimal(12,5) DEFAULT NULL,
  `qty_ordered` decimal(12,5) DEFAULT NULL,
  `trade_discount_ids` varchar(100) COLLATE utf8mb4_unicode_ci DEFAULT NULL,
  `trade_discount` decimal(12,5) DEFAULT NULL,
  `rate_code_id` varchar(36) COLLATE utf8mb4_unicode_ci DEFAULT NULL,
  `base_rate` decimal(12,5) DEFAULT NULL,
  `sales_tax` decimal(12,5) DEFAULT NULL,
  `fed` decimal(12,5) DEFAULT NULL,
  `further_tax` decimal(12,5) DEFAULT NULL,
  `inclusive_value` decimal(12,5) DEFAULT NULL,
  `lu` decimal(12,5) DEFAULT NULL,
  `freight` decimal(12,5) DEFAULT NULL,
  `other_discount` decimal(12,5) DEFAULT NULL,
  `rate` decimal(12,5) DEFAULT NULL,
  `fixed_margin` decimal(12,5) DEFAULT NULL,
  `amount_before_discount` decimal(12,5) DEFAULT NULL,
  `trade_offer` decimal(12,5) DEFAULT NULL,
  `discount` decimal(12,5) DEFAULT NULL,
  `amount_after_discount` decimal(12,5) DEFAULT NULL,
  `adv_payment` decimal(12,5) DEFAULT NULL,
  `display` int(11) DEFAULT NULL
) ENGINE=InnoDB DEFAULT CHARSET=utf8mb4 COLLATE=utf8mb4_unicode_ci;

--
-- Dumping data for table `sale_order_details`
--

INSERT INTO `sale_order_details` (`id`, `so_id`, `prod_id`, `unit`, `qty_stock`, `qty_ordered`, `trade_discount_ids`, `trade_discount`, `rate_code_id`, `base_rate`, `sales_tax`, `fed`, `further_tax`, `inclusive_value`, `lu`, `freight`, `other_discount`, `rate`, `fixed_margin`, `amount_before_discount`, `trade_offer`, `discount`, `amount_after_discount`, `adv_payment`, `display`) VALUES
('086c7a57-9f49-485a-9492-85ac24e80735', '364e0503-6e01-4569-a62b-9489bdf53439', '964c865f-ebb6-48d2-95cb-6d460e30c297', 'Ctn', '1746.00000', '1100.00000', NULL, NULL, '2cb2ff6e-4479-4fb9-a21a-e815c6718ad1', '573100.00000', '0.00000', '0.00000', '0.00000', '573100.00000', '5731.00000', '0.00000', '2865.50000', '564503.50000', '17193.00000', '547310.50000', '13816.00000', '0.00000', '533494.50000', '0.00000', 2),
('0a43c53e-705a-4cc7-8a2f-7ae2b16bb90c', 'dcc67eb5-8cac-46b5-9e5d-df93683358ba', '71b6bcc8-0436-41e2-8ceb-ade9a3065845', 'TRAY', '5553.00000', '1000.00000', NULL, NULL, '5dd42c5f-678f-4a18-a35d-e862a88e7bee', '366000.00000', '0.00000', '0.00000', '0.00000', '366000.00000', '3660.00000', '9150.00000', '1830.00000', '351360.00000', '10980.00000', '340380.00000', '39450.00000', '0.00000', '300930.00000', '0.00000', 1),
('12ed53a7-d214-4f0a-8669-8b9c6c28f196', '41492b3b-f277-4d6d-85cc-177cad13e08f', '70377159-1d37-41d7-86fd-ec24afbb19e2', 'Ctn', '5313.00000', '900.00000', NULL, NULL, '5dd42c5f-678f-4a18-a35d-e862a88e7bee', '468900.00000', '0.00000', '0.00000', '0.00000', '468900.00000', '4689.00000', '11722.50000', '2344.50000', '450144.00000', '14067.00000', '436077.00000', '13077.00000', '0.00000', '423000.00000', '0.00000', 1),
('18bf7c2b-87f1-4365-973e-671974e5d285', '8cfa2f5c-c786-4960-89ea-7da743029a95', '71b6bcc8-0436-41e2-8ceb-ade9a3065845', 'TRAY', '5553.00000', '1000.00000', NULL, NULL, '5dd42c5f-678f-4a18-a35d-e862a88e7bee', '366000.00000', '0.00000', '0.00000', '0.00000', '366000.00000', '3660.00000', '9150.00000', '1830.00000', '351360.00000', '10980.00000', '340380.00000', '39450.00000', '0.00000', '300930.00000', '0.00000', 1),
('19c4c3be-d6cc-49e8-9863-95938f566fb4', 'a2dfea6d-361b-4c9e-87d1-29f2492f64c6', '2964bb13-9fa9-448f-8282-69dbf8bd2a20', 'TRAY', '6234.00000', '2951.00000', NULL, NULL, '5dd42c5f-678f-4a18-a35d-e862a88e7bee', '604955.00000', '0.00000', '0.00000', '0.00000', '604955.00000', '6049.55000', '15123.87500', '3024.77500', '580756.80000', '18148.65000', '562608.15000', '25526.15000', '0.00000', '537082.00000', '0.00000', 2),
('1d9c6c76-2d43-4df7-9f62-4b2622dfd1d5', '893138e8-3764-4703-8db8-57397b303a8e', '332a9e3d-a1fb-4250-ae29-a8cd1fd2cdc6', 'TRAY', '13435.00000', '3500.00000', NULL, NULL, '5dd42c5f-678f-4a18-a35d-e862a88e7bee', '717500.00000', '0.00000', '0.00000', '0.00000', '717500.00000', '7175.00000', '17937.50000', '3587.50000', '688800.00000', '21525.00000', '667275.00000', '30275.00000', '0.00000', '637000.00000', '0.00000', 1),
('204905ec-242b-42c6-80c1-0c00f6c5b887', 'e57ecd46-87e5-475f-b632-e3aef52eaec8', '71b6bcc8-0436-41e2-8ceb-ade9a3065845', 'TRAY', '513.00000', '483.00000', NULL, NULL, '5dd42c5f-678f-4a18-a35d-e862a88e7bee', '176778.00000', '0.00000', '0.00000', '0.00000', '176778.00000', '1767.78000', '4419.45000', '883.89000', '169706.88000', '5303.34000', '164403.54000', '19054.35000', '0.00000', '145349.19000', '0.00000', 3),
('2d6c47ea-1372-4270-86f7-4e66cc17a83b', 'ad36cafd-1af1-4df8-812e-eaf2a42d8787', '2964bb13-9fa9-448f-8282-69dbf8bd2a20', 'TRAY', '10254.00000', '500.00000', NULL, NULL, '5dd42c5f-678f-4a18-a35d-e862a88e7bee', '102500.00000', '0.00000', '0.00000', '0.00000', '102500.00000', '1025.00000', '2562.50000', '512.50000', '98400.00000', '3075.00000', '95325.00000', '4325.00000', '0.00000', '91000.00000', '0.00000', 2),
('35ed5ce4-035a-46c4-a283-d2edcdba08e1', 'e57ecd46-87e5-475f-b632-e3aef52eaec8', '332a9e3d-a1fb-4250-ae29-a8cd1fd2cdc6', 'TRAY', '13435.00000', '5000.00000', NULL, NULL, '5dd42c5f-678f-4a18-a35d-e862a88e7bee', '1025000.00000', '0.00000', '0.00000', '0.00000', '1025000.00000', '10250.00000', '25625.00000', '5125.00000', '984000.00000', '30750.00000', '953250.00000', '43250.00000', '0.00000', '910000.00000', '0.00000', 1),
('5b901963-f9e7-44e0-82ae-7c7fad36608c', 'b6760b97-243e-4cb1-bffa-9dbdc7c6067f', '2964bb13-9fa9-448f-8282-69dbf8bd2a20', 'TRAY', '10254.00000', '2799.00000', NULL, NULL, '5dd42c5f-678f-4a18-a35d-e862a88e7bee', '573795.00000', '0.00000', '0.00000', '0.00000', '573795.00000', '5737.95000', '14344.87500', '2868.97500', '550843.20000', '17213.85000', '533629.35000', '24211.35000', '0.00000', '509418.00000', '0.00000', 2),
('5ecc1b27-5436-4347-b9cb-08fbeee508d2', '0b960d76-781e-4061-9bc2-1138cfe279b2', '964c865f-ebb6-48d2-95cb-6d460e30c297', 'Ctn', '1219.00000', '119.00000', NULL, NULL, '2cb2ff6e-4479-4fb9-a21a-e815c6718ad1', '61999.00000', '0.00000', '0.00000', '0.00000', '61999.00000', '619.99000', '0.00000', '309.99500', '61069.01500', '1859.97000', '59209.04500', '0.00000', '0.00000', '59209.04500', '0.00000', 2),
('6b57b186-a9a1-4b25-bc83-f4ab1b2d29a4', 'e6edfbfd-0ae9-4a0c-92cd-b3915f44066d', '964c865f-ebb6-48d2-95cb-6d460e30c297', 'Ctn', '1219.00000', '500.00000', NULL, NULL, '5dd42c5f-678f-4a18-a35d-e862a88e7bee', '260500.00000', '0.00000', '0.00000', '0.00000', '260500.00000', '2605.00000', '6512.50000', '1302.50000', '250080.00000', '7815.00000', '242265.00000', '7265.00000', '0.00000', '235000.00000', '0.00000', 2),
('6bef4cad-8454-4948-84cf-57b6f524bf95', '364e0503-6e01-4569-a62b-9489bdf53439', '70377159-1d37-41d7-86fd-ec24afbb19e2', 'Ctn', '5313.00000', '1100.00000', NULL, NULL, '2cb2ff6e-4479-4fb9-a21a-e815c6718ad1', '573100.00000', '0.00000', '0.00000', '0.00000', '573100.00000', '5731.00000', '0.00000', '2865.50000', '564503.50000', '17193.00000', '547310.50000', '13816.00000', '0.00000', '533494.50000', '0.00000', 1),
('716db3ef-d6db-41e6-95e8-1a8eabf822cd', 'a87107d9-77f7-4eeb-b88b-5a9cde65f686', '964c865f-ebb6-48d2-95cb-6d460e30c297', 'Ctn', '1818.00000', '100.00000', NULL, NULL, '5dd42c5f-678f-4a18-a35d-e862a88e7bee', '52100.00000', '0.00000', '0.00000', '0.00000', '52100.00000', '521.00000', '1302.50000', '260.50000', '50016.00000', '1563.00000', '48453.00000', '1453.00000', '0.00000', '47000.00000', '0.00000', 2),
('760a956a-5419-453d-80ca-015ab1af533d', 'ad36cafd-1af1-4df8-812e-eaf2a42d8787', '71b6bcc8-0436-41e2-8ceb-ade9a3065845', 'TRAY', '513.00000', '30.00000', NULL, NULL, '5dd42c5f-678f-4a18-a35d-e862a88e7bee', '10980.00000', '0.00000', '0.00000', '0.00000', '10980.00000', '109.80000', '274.50000', '54.90000', '10540.80000', '329.40000', '10211.40000', '1183.50000', '0.00000', '9027.90000', '0.00000', 3),
('78da5fac-ec32-40eb-ace0-b6706b59f058', 'a2dfea6d-361b-4c9e-87d1-29f2492f64c6', '332a9e3d-a1fb-4250-ae29-a8cd1fd2cdc6', 'TRAY', '11730.00000', '353.00000', NULL, NULL, '5dd42c5f-678f-4a18-a35d-e862a88e7bee', '72365.00000', '0.00000', '0.00000', '0.00000', '72365.00000', '723.65000', '1809.12500', '361.82500', '69470.40000', '2170.95000', '67299.45000', '3053.45000', '0.00000', '64246.00000', '0.00000', 1),
('8924a502-ef5e-4af9-a7ac-76389bbdaa30', 'ad36cafd-1af1-4df8-812e-eaf2a42d8787', '332a9e3d-a1fb-4250-ae29-a8cd1fd2cdc6', 'TRAY', '13435.00000', '1000.00000', NULL, NULL, '5dd42c5f-678f-4a18-a35d-e862a88e7bee', '205000.00000', '0.00000', '0.00000', '0.00000', '205000.00000', '2050.00000', '5125.00000', '1025.00000', '196800.00000', '6150.00000', '190650.00000', '8650.00000', '0.00000', '182000.00000', '0.00000', 1),
('952c1cc1-ce87-49a7-8668-0eef090c1c6f', 'b32f59ab-2551-4d1c-86f9-90841d89f958', '332a9e3d-a1fb-4250-ae29-a8cd1fd2cdc6', 'TRAY', '11377.00000', '25.00000', NULL, NULL, '3aadf645-1a1d-4a61-9c81-f1a68d8fd7f8', '102500.00000', '0.00000', '0.00000', '0.00000', '102500.00000', '1025.00000', '0.00000', '512.50000', '100962.50000', '3075.00000', '97887.50000', '0.00000', '0.00000', '97887.50000', '0.00000', 2),
('992fca23-9f31-4acb-b44d-8f315f71e545', '41492b3b-f277-4d6d-85cc-177cad13e08f', '964c865f-ebb6-48d2-95cb-6d460e30c297', 'Ctn', '1746.00000', '300.00000', NULL, NULL, '5dd42c5f-678f-4a18-a35d-e862a88e7bee', '156300.00000', '0.00000', '0.00000', '0.00000', '156300.00000', '1563.00000', '3907.50000', '781.50000', '150048.00000', '4689.00000', '145359.00000', '4359.00000', '0.00000', '141000.00000', '0.00000', 2),
('9d7bad99-6161-4c26-8925-ad7c9895f077', '3a0644ee-6c98-442b-b2b6-f73e6f7735fe', '70377159-1d37-41d7-86fd-ec24afbb19e2', 'Ctn', '5313.00000', '254.00000', NULL, NULL, '5dd42c5f-678f-4a18-a35d-e862a88e7bee', '132334.00000', '0.00000', '0.00000', '0.00000', '132334.00000', '1323.34000', '3308.35000', '661.67000', '127040.64000', '3970.02000', '123070.62000', '3690.62000', '0.00000', '119380.00000', '0.00000', 1),
('9ea24002-a8de-40c5-8fae-682d6568bcde', 'a87107d9-77f7-4eeb-b88b-5a9cde65f686', '70377159-1d37-41d7-86fd-ec24afbb19e2', 'Ctn', '5010.00000', '1100.00000', NULL, NULL, '5dd42c5f-678f-4a18-a35d-e862a88e7bee', '573100.00000', '0.00000', '0.00000', '0.00000', '573100.00000', '5731.00000', '14327.50000', '2865.50000', '550176.00000', '17193.00000', '532983.00000', '15983.00000', '0.00000', '517000.00000', '0.00000', 1),
('b387241f-e908-4b69-99a6-70981af9a729', '43334b68-6049-43de-b198-aab25f1f1c4b', '71b6bcc8-0436-41e2-8ceb-ade9a3065845', 'TRAY', '3933.00000', '970.00000', NULL, NULL, '2cb2ff6e-4479-4fb9-a21a-e815c6718ad1', '355020.00000', '0.00000', '0.00000', '0.00000', '355020.00000', '3550.20000', '0.00000', '1775.10000', '349694.70000', '10650.60000', '339044.10000', '39168.60000', '0.00000', '299875.50000', '0.00000', 1),
('bd8c7e95-0421-4e8e-8222-e3717cb4cbf1', '979d398a-69a9-442d-93f9-1af716b0afcf', '70377159-1d37-41d7-86fd-ec24afbb19e2', 'Ctn', '1534.00000', '1300.00000', NULL, NULL, '5dd42c5f-678f-4a18-a35d-e862a88e7bee', '677300.00000', '0.00000', '0.00000', '0.00000', '677300.00000', '6773.00000', '16932.50000', '3386.50000', '650208.00000', '20319.00000', '629889.00000', '18889.00000', '0.00000', '611000.00000', '0.00000', 1),
('c2e9539f-2199-472e-8959-52312d4371eb', '979d398a-69a9-442d-93f9-1af716b0afcf', '964c865f-ebb6-48d2-95cb-6d460e30c297', 'Ctn', '1219.00000', '500.00000', NULL, NULL, '5dd42c5f-678f-4a18-a35d-e862a88e7bee', '260500.00000', '0.00000', '0.00000', '0.00000', '260500.00000', '2605.00000', '6512.50000', '1302.50000', '250080.00000', '7815.00000', '242265.00000', '7265.00000', '0.00000', '235000.00000', '0.00000', 2),
('c604f5d8-2271-412b-bf6a-460cab4ea079', '8702d6d7-0e2f-4a80-bc43-20bc6007c039', '71b6bcc8-0436-41e2-8ceb-ade9a3065845', 'TRAY', '5553.00000', '517.00000', NULL, NULL, '5dd42c5f-678f-4a18-a35d-e862a88e7bee', '189222.00000', '0.00000', '0.00000', '0.00000', '189222.00000', '1892.22000', '4730.55000', '946.11000', '181653.12000', '5676.66000', '175976.46000', '20395.65000', '0.00000', '155580.81000', '0.00000', 1),
('c8f24082-2503-4aa3-b853-84c70008220e', 'a2dfea6d-361b-4c9e-87d1-29f2492f64c6', '71b6bcc8-0436-41e2-8ceb-ade9a3065845', 'TRAY', '3933.00000', '1066.00000', NULL, NULL, '5dd42c5f-678f-4a18-a35d-e862a88e7bee', '390156.00000', '0.00000', '0.00000', '0.00000', '390156.00000', '3901.56000', '9753.90000', '1950.78000', '374549.76000', '11704.68000', '362845.08000', '43045.08000', '0.00000', '319800.00000', '0.00000', 3),
('dbd289e2-9d19-42e9-86ef-4f94e2ff89cf', 'b32f59ab-2551-4d1c-86f9-90841d89f958', '2964bb13-9fa9-448f-8282-69dbf8bd2a20', 'TRAY', '3283.00000', '20.00000', NULL, NULL, '3aadf645-1a1d-4a61-9c81-f1a68d8fd7f8', '4100.00000', '0.00000', '0.00000', '0.00000', '4100.00000', '41.00000', '0.00000', '20.50000', '4038.50000', '123.00000', '3915.50000', '0.00000', '0.00000', '3915.50000', '0.00000', 1),
('e57d8a24-5f8f-426e-b8ae-1eb749ff2a0f', 'e6edfbfd-0ae9-4a0c-92cd-b3915f44066d', '70377159-1d37-41d7-86fd-ec24afbb19e2', 'Ctn', '1534.00000', '1300.00000', NULL, NULL, '5dd42c5f-678f-4a18-a35d-e862a88e7bee', '677300.00000', '0.00000', '0.00000', '0.00000', '677300.00000', '6773.00000', '16932.50000', '3386.50000', '650208.00000', '20319.00000', '629889.00000', '18889.00000', '0.00000', '611000.00000', '0.00000', 1),
('e806c5d4-7156-440f-98aa-8f2bdaf29155', '3a0644ee-6c98-442b-b2b6-f73e6f7735fe', '964c865f-ebb6-48d2-95cb-6d460e30c297', 'Ctn', '1746.00000', '246.00000', NULL, NULL, '5dd42c5f-678f-4a18-a35d-e862a88e7bee', '128166.00000', '0.00000', '0.00000', '0.00000', '128166.00000', '1281.66000', '3204.15000', '640.83000', '123039.36000', '3844.98000', '119194.38000', '3574.38000', '0.00000', '115620.00000', '0.00000', 2),
('ea5c3956-fd9f-44da-8213-f4fc3cbfa58a', '893138e8-3764-4703-8db8-57397b303a8e', '2964bb13-9fa9-448f-8282-69dbf8bd2a20', 'TRAY', '10254.00000', '3500.00000', NULL, NULL, '5dd42c5f-678f-4a18-a35d-e862a88e7bee', '717500.00000', '0.00000', '0.00000', '0.00000', '717500.00000', '7175.00000', '17937.50000', '3587.50000', '688800.00000', '21525.00000', '667275.00000', '30275.00000', '0.00000', '637000.00000', '0.00000', 2),
('f0652528-c6ab-4835-9619-0b31a51c72fc', 'e57ecd46-87e5-475f-b632-e3aef52eaec8', '2964bb13-9fa9-448f-8282-69dbf8bd2a20', 'TRAY', '10254.00000', '500.00000', NULL, NULL, '5dd42c5f-678f-4a18-a35d-e862a88e7bee', '102500.00000', '0.00000', '0.00000', '0.00000', '102500.00000', '1025.00000', '2562.50000', '512.50000', '98400.00000', '3075.00000', '95325.00000', '4325.00000', '0.00000', '91000.00000', '0.00000', 2),
('fc8bbf0b-1be7-4d88-842c-adf1689f6777', '329f1015-4cb9-4339-bc8f-3c4b580e8349', '71b6bcc8-0436-41e2-8ceb-ade9a3065845', 'TRAY', '5553.00000', '606.00000', NULL, NULL, '2cb2ff6e-4479-4fb9-a21a-e815c6718ad1', '221796.00000', '0.00000', '0.00000', '0.00000', '221796.00000', '2217.96000', '0.00000', '1108.98000', '218469.06000', '6653.88000', '211815.18000', '0.00000', '0.00000', '211815.18000', '0.00000', 1),
('fce32ec0-e868-41fd-b8e5-0d6ad3bea177', '887d3ad5-3618-4633-9b09-73434ba835f0', '70377159-1d37-41d7-86fd-ec24afbb19e2', 'Ctn', '5010.00000', '700.00000', NULL, NULL, 'd5b438a3-2681-45a4-bf2a-8e4c13e01bb1', '364700.00000', '0.00000', '0.00000', '0.00000', '364700.00000', '3647.00000', '9117.50000', '1823.50000', '350112.00000', '10941.00000', '339171.00000', '10171.00000', '0.00000', '329000.00000', '0.00000', 1),
('feb214de-5834-4894-8bf7-a340f9fd21e7', 'b6760b97-243e-4cb1-bffa-9dbdc7c6067f', '332a9e3d-a1fb-4250-ae29-a8cd1fd2cdc6', 'TRAY', '13435.00000', '3581.00000', NULL, NULL, '5dd42c5f-678f-4a18-a35d-e862a88e7bee', '734105.00000', '0.00000', '0.00000', '0.00000', '734105.00000', '7341.05000', '18352.62500', '3670.52500', '704740.80000', '22023.15000', '682717.65000', '30975.65000', '0.00000', '651742.00000', '0.00000', 1),
('ffa27934-0fa6-4d17-83c6-561126f427e7', '0b960d76-781e-4061-9bc2-1138cfe279b2', '70377159-1d37-41d7-86fd-ec24afbb19e2', 'Ctn', '1534.00000', '232.00000', NULL, NULL, '2cb2ff6e-4479-4fb9-a21a-e815c6718ad1', '120872.00000', '0.00000', '0.00000', '0.00000', '120872.00000', '1208.72000', '0.00000', '604.36000', '119058.92000', '3626.16000', '115432.76000', '0.00000', '0.00000', '115432.76000', '0.00000', 1);

-- --------------------------------------------------------

--
-- Table structure for table `sale_order_detail_approvel`
--

CREATE TABLE `sale_order_detail_approvel` (
  `id` varchar(36) COLLATE utf8mb4_unicode_ci NOT NULL,
  `soa_id` varchar(36) COLLATE utf8mb4_unicode_ci DEFAULT NULL,
  `prod_id` varchar(36) COLLATE utf8mb4_unicode_ci DEFAULT NULL,
  `unit` varchar(20) COLLATE utf8mb4_unicode_ci DEFAULT NULL,
  `qty_stock` decimal(12,5) DEFAULT NULL,
  `qty_ordered` decimal(12,5) DEFAULT NULL,
  `qty_approved` decimal(12,5) DEFAULT NULL,
  `remain_qty` decimal(12,5) DEFAULT 0.00000,
  `rate_code_id` varchar(36) COLLATE utf8mb4_unicode_ci DEFAULT NULL,
  `base_rate` decimal(12,5) DEFAULT NULL,
  `sales_tax` decimal(12,5) DEFAULT NULL,
  `fed` decimal(12,5) DEFAULT NULL,
  `further_tax` decimal(12,5) DEFAULT NULL,
  `inclusive_value` decimal(12,5) DEFAULT NULL,
  `lu` decimal(12,5) DEFAULT NULL,
  `freight` decimal(12,5) DEFAULT NULL,
  `other_discount` decimal(12,5) DEFAULT NULL,
  `fixed_margin` decimal(12,5) DEFAULT NULL,
  `amount_before_discount` decimal(12,5) DEFAULT NULL,
  `amount_after_discount` decimal(12,5) DEFAULT NULL,
  `adv_payment` decimal(12,5) DEFAULT NULL,
  `rate` decimal(12,5) DEFAULT NULL,
  `trade_discount_ids` varchar(100) COLLATE utf8mb4_unicode_ci DEFAULT NULL,
  `trade_offer` decimal(12,5) DEFAULT NULL,
  `discount` decimal(12,5) DEFAULT NULL,
  `display` int(11) DEFAULT NULL
) ENGINE=InnoDB DEFAULT CHARSET=utf8mb4 COLLATE=utf8mb4_unicode_ci;

--
-- Dumping data for table `sale_order_detail_approvel`
--

INSERT INTO `sale_order_detail_approvel` (`id`, `soa_id`, `prod_id`, `unit`, `qty_stock`, `qty_ordered`, `qty_approved`, `remain_qty`, `rate_code_id`, `base_rate`, `sales_tax`, `fed`, `further_tax`, `inclusive_value`, `lu`, `freight`, `other_discount`, `fixed_margin`, `amount_before_discount`, `amount_after_discount`, `adv_payment`, `rate`, `trade_discount_ids`, `trade_offer`, `discount`, `display`) VALUES
('073d78cb-cd24-4398-8840-616cf79dfdef', 'a20f3828-f7fb-4254-b591-5cd44834a12b', '71b6bcc8-0436-41e2-8ceb-ade9a3065845', 'TRAY', '5553.00000', '606.00000', '606.00000', '606.00000', '2cb2ff6e-4479-4fb9-a21a-e815c6718ad1', '221796.00000', '0.00000', '0.00000', '0.00000', '221796.00000', '2217.96000', '0.00000', '1108.98000', '6653.88000', '211815.18000', '211815.18000', '0.00000', '218469.06000', NULL, '0.00000', '0.00000', 1),
('0a932bb7-3983-4f9f-87a5-0cbaf7b348d1', 'a8c096ae-c94a-4975-860d-9ec9d9112b58', '2964bb13-9fa9-448f-8282-69dbf8bd2a20', 'TRAY', '10254.00000', '500.00000', '500.00000', '500.00000', '5dd42c5f-678f-4a18-a35d-e862a88e7bee', '102500.00000', '0.00000', '0.00000', '0.00000', '102500.00000', '1025.00000', '2562.50000', '512.50000', '3075.00000', '95325.00000', '91000.00000', '0.00000', '98400.00000', NULL, '4325.00000', '0.00000', 2),
('179f68aa-b570-44d1-b86f-a0b949ee6b7d', 'd6929885-97f6-4191-8016-f7a68fc1b551', '964c865f-ebb6-48d2-95cb-6d460e30c297', 'Ctn', '1219.00000', '119.00000', '119.00000', '119.00000', '2cb2ff6e-4479-4fb9-a21a-e815c6718ad1', '61999.00000', '0.00000', '0.00000', '0.00000', '61999.00000', '619.99000', '0.00000', '309.99500', '1859.97000', '59209.04500', '57479.97500', '0.00000', '61069.01500', NULL, '1729.07000', '0.00000', 2),
('1ad82ca6-678c-45b9-96f0-47429321e61c', 'a811f122-3c1b-4557-aecc-d3542aff8f8b', '71b6bcc8-0436-41e2-8ceb-ade9a3065845', 'TRAY', '513.00000', '483.00000', '483.00000', '483.00000', '5dd42c5f-678f-4a18-a35d-e862a88e7bee', '176778.00000', '0.00000', '0.00000', '0.00000', '176778.00000', '1767.78000', '4419.45000', '883.89000', '5303.34000', '164403.54000', '145349.19000', '0.00000', '169706.88000', NULL, '19054.35000', '0.00000', 3),
('26d6a870-edca-4ce6-a019-c6dd2f6ea1e6', '93d3bef3-df92-4de3-91d2-016e605e6b9c', '71b6bcc8-0436-41e2-8ceb-ade9a3065845', 'TRAY', '3933.00000', '970.00000', '970.00000', '970.00000', '2cb2ff6e-4479-4fb9-a21a-e815c6718ad1', '355020.00000', '0.00000', '0.00000', '0.00000', '355020.00000', '3550.20000', '0.00000', '1775.10000', '10650.60000', '339044.10000', '299875.50000', '0.00000', '349694.70000', NULL, '39168.60000', '0.00000', 1),
('29e525ff-ba9f-4d45-a9bb-5cbf80a2a969', '093da516-55df-4168-9c25-f2fd97ee36c9', '2964bb13-9fa9-448f-8282-69dbf8bd2a20', 'TRAY', '10254.00000', '3500.00000', '3500.00000', '3500.00000', '5dd42c5f-678f-4a18-a35d-e862a88e7bee', '717500.00000', '0.00000', '0.00000', '0.00000', '717500.00000', '7175.00000', '17937.50000', '3587.50000', '21525.00000', '667275.00000', '637000.00000', '0.00000', '688800.00000', NULL, '30275.00000', '0.00000', 2),
('36ce49d7-c4f6-4cdb-b67b-4ddbfe9ecb23', '9332fd16-ce7a-41ad-8db0-b80b61b3f8e9', '70377159-1d37-41d7-86fd-ec24afbb19e2', 'Ctn', '1534.00000', '1300.00000', '1300.00000', '1300.00000', '5dd42c5f-678f-4a18-a35d-e862a88e7bee', '677300.00000', '0.00000', '0.00000', '0.00000', '677300.00000', '6773.00000', '16932.50000', '3386.50000', '20319.00000', '629889.00000', '611000.00000', '0.00000', '650208.00000', NULL, '18889.00000', '0.00000', 1),
('3cbaaac1-150c-4557-b3ed-66e70506a1f7', '78be6fcb-4744-4792-983e-f6f82581004f', '964c865f-ebb6-48d2-95cb-6d460e30c297', 'Ctn', '1746.00000', '300.00000', '300.00000', '300.00000', '5dd42c5f-678f-4a18-a35d-e862a88e7bee', '156300.00000', '0.00000', '0.00000', '0.00000', '156300.00000', '1563.00000', '3907.50000', '781.50000', '4689.00000', '145359.00000', '141000.00000', '0.00000', '150048.00000', NULL, '4359.00000', '0.00000', 2),
('47deb7e2-d2a6-48f6-892a-14e6eeaa5351', 'a8c096ae-c94a-4975-860d-9ec9d9112b58', '332a9e3d-a1fb-4250-ae29-a8cd1fd2cdc6', 'TRAY', '13435.00000', '1000.00000', '1000.00000', '1000.00000', '5dd42c5f-678f-4a18-a35d-e862a88e7bee', '205000.00000', '0.00000', '0.00000', '0.00000', '205000.00000', '2050.00000', '5125.00000', '1025.00000', '6150.00000', '190650.00000', '182000.00000', '0.00000', '196800.00000', NULL, '8650.00000', '0.00000', 1),
('4ecea4ea-df73-4f71-9ca4-b56a0a5867f6', '8130ed23-1641-4305-9664-af881004506f', '2964bb13-9fa9-448f-8282-69dbf8bd2a20', 'TRAY', '6234.00000', '2951.00000', '2951.00000', '2951.00000', '5dd42c5f-678f-4a18-a35d-e862a88e7bee', '604955.00000', '0.00000', '0.00000', '0.00000', '604955.00000', '6049.55000', '15123.87500', '3024.77500', '18148.65000', '562608.15000', '537082.00000', '0.00000', '580756.80000', NULL, '25526.15000', '0.00000', 2),
('59b6866e-2959-481f-a305-58768e67efd2', '3bb465d3-731d-4ef9-8085-93e4d3edb5b4', '70377159-1d37-41d7-86fd-ec24afbb19e2', 'Ctn', '5313.00000', '254.00000', '254.00000', '254.00000', '5dd42c5f-678f-4a18-a35d-e862a88e7bee', '132334.00000', '0.00000', '0.00000', '0.00000', '132334.00000', '1323.34000', '3308.35000', '661.67000', '3970.02000', '123070.62000', '119380.00000', '0.00000', '127040.64000', NULL, '3690.62000', '0.00000', 1),
('5f493229-c275-497b-b7a4-9d339ab7ca8e', '78be6fcb-4744-4792-983e-f6f82581004f', '70377159-1d37-41d7-86fd-ec24afbb19e2', 'Ctn', '5313.00000', '900.00000', '900.00000', '900.00000', '5dd42c5f-678f-4a18-a35d-e862a88e7bee', '468900.00000', '0.00000', '0.00000', '0.00000', '468900.00000', '4689.00000', '11722.50000', '2344.50000', '14067.00000', '436077.00000', '423000.00000', '0.00000', '450144.00000', NULL, '13077.00000', '0.00000', 1),
('628b8246-39d9-4323-9794-c0edb9ba538f', '8c5f63e9-2bb4-4c4d-aff6-9e778354c613', '71b6bcc8-0436-41e2-8ceb-ade9a3065845', 'TRAY', '5553.00000', '1000.00000', '1000.00000', '1000.00000', '5dd42c5f-678f-4a18-a35d-e862a88e7bee', '366000.00000', '0.00000', '0.00000', '0.00000', '366000.00000', '3660.00000', '9150.00000', '1830.00000', '10980.00000', '340380.00000', '300930.00000', '0.00000', '351360.00000', NULL, '39450.00000', '0.00000', 1),
('733f8fd7-d6c1-4f0b-96ed-a34df40c922a', '84e9f8c0-979d-4a42-a7ed-1661d952eb8a', '70377159-1d37-41d7-86fd-ec24afbb19e2', 'Ctn', '1534.00000', '1300.00000', '1300.00000', '1300.00000', '5dd42c5f-678f-4a18-a35d-e862a88e7bee', '677300.00000', '0.00000', '0.00000', '0.00000', '677300.00000', '6773.00000', '16932.50000', '3386.50000', '20319.00000', '629889.00000', '611000.00000', '0.00000', '650208.00000', NULL, '18889.00000', '0.00000', 1),
('73873eb9-b3fc-4617-829e-d0ec60823ac9', '9332fd16-ce7a-41ad-8db0-b80b61b3f8e9', '964c865f-ebb6-48d2-95cb-6d460e30c297', 'Ctn', '1219.00000', '500.00000', '500.00000', '500.00000', '5dd42c5f-678f-4a18-a35d-e862a88e7bee', '260500.00000', '0.00000', '0.00000', '0.00000', '260500.00000', '2605.00000', '6512.50000', '1302.50000', '7815.00000', '242265.00000', '235000.00000', '0.00000', '250080.00000', NULL, '7265.00000', '0.00000', 2),
('73d75d50-5b24-4fe8-95b6-2592075a84d9', '939e54fd-1da7-47c0-a4c1-6f08379343c1', '70377159-1d37-41d7-86fd-ec24afbb19e2', 'Ctn', '5313.00000', '1100.00000', '1100.00000', '1100.00000', '2cb2ff6e-4479-4fb9-a21a-e815c6718ad1', '573100.00000', '0.00000', '0.00000', '0.00000', '573100.00000', '5731.00000', '0.00000', '2865.50000', '17193.00000', '547310.50000', '533494.50000', '0.00000', '564503.50000', NULL, '13816.00000', '0.00000', 1),
('77924741-bb97-456a-9e9e-c9b83742a2d6', '939e54fd-1da7-47c0-a4c1-6f08379343c1', '964c865f-ebb6-48d2-95cb-6d460e30c297', 'Ctn', '1746.00000', '1100.00000', '1100.00000', '1100.00000', '2cb2ff6e-4479-4fb9-a21a-e815c6718ad1', '573100.00000', '0.00000', '0.00000', '0.00000', '573100.00000', '5731.00000', '0.00000', '2865.50000', '17193.00000', '547310.50000', '533494.50000', '0.00000', '564503.50000', NULL, '13816.00000', '0.00000', 2),
('7ea6327f-9da4-4e67-bd8a-52236c5cba59', '8130ed23-1641-4305-9664-af881004506f', '71b6bcc8-0436-41e2-8ceb-ade9a3065845', 'TRAY', '3933.00000', '1066.00000', '1066.00000', '1066.00000', '5dd42c5f-678f-4a18-a35d-e862a88e7bee', '390156.00000', '0.00000', '0.00000', '0.00000', '390156.00000', '3901.56000', '9753.90000', '1950.78000', '11704.68000', '362845.08000', '319800.00000', '0.00000', '374549.76000', NULL, '43045.08000', '0.00000', 3),
('7f9eebbe-4a42-4b89-be47-53a579161355', '8a1188d2-5f5c-4804-8456-38dadacec923', '332a9e3d-a1fb-4250-ae29-a8cd1fd2cdc6', 'TRAY', '13435.00000', '3581.00000', '3581.00000', '3581.00000', '5dd42c5f-678f-4a18-a35d-e862a88e7bee', '734105.00000', '0.00000', '0.00000', '0.00000', '734105.00000', '7341.05000', '18352.62500', '3670.52500', '22023.15000', '682717.65000', '651742.00000', '0.00000', '704740.80000', NULL, '30975.65000', '0.00000', 1),
('802539d6-8db4-484f-b79f-c77c700e402a', '3b96b9ab-7ec3-478d-8a3b-118672a774bd', '332a9e3d-a1fb-4250-ae29-a8cd1fd2cdc6', 'TRAY', '11377.00000', '25.00000', '20.00000', '20.00000', '3aadf645-1a1d-4a61-9c81-f1a68d8fd7f8', '82000.00000', '0.00000', '0.00000', '0.00000', '82000.00000', '820.00000', '0.00000', '410.00000', '2460.00000', '78310.00000', '78310.00000', '0.00000', '80770.00000', NULL, '0.00000', '0.00000', 2),
('941ce106-21a2-4db5-97de-31867c807d4a', 'a8c096ae-c94a-4975-860d-9ec9d9112b58', '71b6bcc8-0436-41e2-8ceb-ade9a3065845', 'TRAY', '513.00000', '30.00000', '30.00000', '30.00000', '5dd42c5f-678f-4a18-a35d-e862a88e7bee', '10980.00000', '0.00000', '0.00000', '0.00000', '10980.00000', '109.80000', '274.50000', '54.90000', '329.40000', '10211.40000', '9027.90000', '0.00000', '10540.80000', NULL, '1183.50000', '0.00000', 3),
('a6ad8e82-7e5e-4439-b22d-c40b16059877', '3bb465d3-731d-4ef9-8085-93e4d3edb5b4', '964c865f-ebb6-48d2-95cb-6d460e30c297', 'Ctn', '1746.00000', '246.00000', '246.00000', '246.00000', '5dd42c5f-678f-4a18-a35d-e862a88e7bee', '128166.00000', '0.00000', '0.00000', '0.00000', '128166.00000', '1281.66000', '3204.15000', '640.83000', '3844.98000', '119194.38000', '115620.00000', '0.00000', '123039.36000', NULL, '3574.38000', '0.00000', 2),
('aa295b88-2799-4bd8-b734-37722d6b902e', '84e9f8c0-979d-4a42-a7ed-1661d952eb8a', '964c865f-ebb6-48d2-95cb-6d460e30c297', 'Ctn', '1219.00000', '500.00000', '500.00000', '500.00000', '5dd42c5f-678f-4a18-a35d-e862a88e7bee', '260500.00000', '0.00000', '0.00000', '0.00000', '260500.00000', '2605.00000', '6512.50000', '1302.50000', '7815.00000', '242265.00000', '235000.00000', '0.00000', '250080.00000', NULL, '7265.00000', '0.00000', 2),
('b4fed8a9-c69a-479c-bd41-0ce70f14287d', '8a1188d2-5f5c-4804-8456-38dadacec923', '2964bb13-9fa9-448f-8282-69dbf8bd2a20', 'TRAY', '10254.00000', '2799.00000', '2799.00000', '2799.00000', '5dd42c5f-678f-4a18-a35d-e862a88e7bee', '573795.00000', '0.00000', '0.00000', '0.00000', '573795.00000', '5737.95000', '14344.87500', '2868.97500', '17213.85000', '533629.35000', '509418.00000', '0.00000', '550843.20000', NULL, '24211.35000', '0.00000', 2),
('b905c512-0acc-44d7-8229-6895d5c0ceb7', '093da516-55df-4168-9c25-f2fd97ee36c9', '332a9e3d-a1fb-4250-ae29-a8cd1fd2cdc6', 'TRAY', '13435.00000', '3500.00000', '3500.00000', '3500.00000', '5dd42c5f-678f-4a18-a35d-e862a88e7bee', '717500.00000', '0.00000', '0.00000', '0.00000', '717500.00000', '7175.00000', '17937.50000', '3587.50000', '21525.00000', '667275.00000', '637000.00000', '0.00000', '688800.00000', NULL, '30275.00000', '0.00000', 1),
('c10a0e2b-331d-474c-ac49-43e3260b32a7', 'd6929885-97f6-4191-8016-f7a68fc1b551', '70377159-1d37-41d7-86fd-ec24afbb19e2', 'Ctn', '1534.00000', '232.00000', '232.00000', '232.00000', '2cb2ff6e-4479-4fb9-a21a-e815c6718ad1', '120872.00000', '0.00000', '0.00000', '0.00000', '120872.00000', '1208.72000', '0.00000', '604.36000', '3626.16000', '115432.76000', '112061.80000', '0.00000', '119058.92000', NULL, '3370.96000', '0.00000', 1),
('ccc6c4e5-8912-48cc-a8ee-2a165025bf3b', '1ff7572b-8b7e-4cd3-862c-a66674a560e7', '71b6bcc8-0436-41e2-8ceb-ade9a3065845', 'TRAY', '5553.00000', '1000.00000', '1000.00000', '1000.00000', '5dd42c5f-678f-4a18-a35d-e862a88e7bee', '366000.00000', '0.00000', '0.00000', '0.00000', '366000.00000', '3660.00000', '9150.00000', '1830.00000', '10980.00000', '340380.00000', '300930.00000', '0.00000', '351360.00000', NULL, '39450.00000', '0.00000', 1),
('d1fda5ca-5d46-4c10-be3d-ff84bd0a455d', 'a811f122-3c1b-4557-aecc-d3542aff8f8b', '2964bb13-9fa9-448f-8282-69dbf8bd2a20', 'TRAY', '10254.00000', '500.00000', '500.00000', '500.00000', '5dd42c5f-678f-4a18-a35d-e862a88e7bee', '102500.00000', '0.00000', '0.00000', '0.00000', '102500.00000', '1025.00000', '2562.50000', '512.50000', '3075.00000', '95325.00000', '91000.00000', '0.00000', '98400.00000', NULL, '4325.00000', '0.00000', 2),
('d20a356c-5268-40f8-8fec-a541a985a81d', 'a57fd3d1-7320-4bb3-bff4-c50c1d3ceda4', '71b6bcc8-0436-41e2-8ceb-ade9a3065845', 'TRAY', '5553.00000', '517.00000', '517.00000', '517.00000', '5dd42c5f-678f-4a18-a35d-e862a88e7bee', '189222.00000', '0.00000', '0.00000', '0.00000', '189222.00000', '1892.22000', '4730.55000', '946.11000', '5676.66000', '175976.46000', '155580.81000', '0.00000', '181653.12000', NULL, '20395.65000', '0.00000', 1),
('d4e369b1-a51e-49a3-9cc1-36253f5eb976', '3b96b9ab-7ec3-478d-8a3b-118672a774bd', '2964bb13-9fa9-448f-8282-69dbf8bd2a20', 'TRAY', '3283.00000', '20.00000', '20.00000', '20.00000', '3aadf645-1a1d-4a61-9c81-f1a68d8fd7f8', '4100.00000', '0.00000', '0.00000', '0.00000', '4100.00000', '41.00000', '0.00000', '20.50000', '123.00000', '3915.50000', '3915.50000', '0.00000', '4038.50000', NULL, '0.00000', '0.00000', 1),
('d9c20ff9-a3ee-4e27-a10d-1cd6e81b9fd1', 'a811f122-3c1b-4557-aecc-d3542aff8f8b', '332a9e3d-a1fb-4250-ae29-a8cd1fd2cdc6', 'TRAY', '13435.00000', '5000.00000', '5000.00000', '5000.00000', '5dd42c5f-678f-4a18-a35d-e862a88e7bee', '1025000.00000', '0.00000', '0.00000', '0.00000', '1025000.00000', '10250.00000', '25625.00000', '5125.00000', '30750.00000', '953250.00000', '910000.00000', '0.00000', '984000.00000', NULL, '43250.00000', '0.00000', 1),
('ff8f6535-d1f8-4c60-9ab7-267f5abdfd35', '8130ed23-1641-4305-9664-af881004506f', '332a9e3d-a1fb-4250-ae29-a8cd1fd2cdc6', 'TRAY', '11730.00000', '353.00000', '353.00000', '353.00000', '5dd42c5f-678f-4a18-a35d-e862a88e7bee', '72365.00000', '0.00000', '0.00000', '0.00000', '72365.00000', '723.65000', '1809.12500', '361.82500', '2170.95000', '67299.45000', '64246.00000', '0.00000', '69470.40000', NULL, '3053.45000', '0.00000', 1);

-- --------------------------------------------------------

--
-- Table structure for table `sale_rate_code_fmcg`
--

CREATE TABLE `sale_rate_code_fmcg` (
  `id` varchar(36) COLLATE utf8mb4_unicode_ci NOT NULL,
  `month` int(11) DEFAULT NULL,
  `number` int(11) DEFAULT NULL,
  `customer_category` varchar(36) COLLATE utf8mb4_unicode_ci DEFAULT NULL,
  `company_id` varchar(36) COLLATE utf8mb4_unicode_ci DEFAULT NULL,
  `prod_id` varchar(36) COLLATE utf8mb4_unicode_ci DEFAULT NULL,
  `base_rate` decimal(12,5) DEFAULT NULL,
  `gst_tax` decimal(7,5) DEFAULT NULL,
  `gst_tax_amount` decimal(12,5) DEFAULT NULL,
  `fed_tax` decimal(7,5) DEFAULT NULL,
  `fed_tax_amount` decimal(12,5) DEFAULT NULL,
  `others_tax` decimal(7,5) DEFAULT NULL,
  `others_tax_amount` decimal(12,5) DEFAULT NULL,
  `total_tax_amount` decimal(12,5) DEFAULT NULL,
  `amount_after_tax` decimal(12,5) DEFAULT NULL,
  `fix_margin` decimal(7,5) DEFAULT NULL,
  `fix_margin_amount` decimal(12,5) DEFAULT NULL,
  `lu_margin` decimal(7,5) DEFAULT NULL,
  `lu_margin_amount` decimal(12,5) DEFAULT NULL,
  `others_margin` decimal(7,5) DEFAULT NULL,
  `others_margin_amount` decimal(12,5) DEFAULT NULL,
  `freight` decimal(7,5) DEFAULT NULL,
  `freight_amount` decimal(12,5) DEFAULT NULL,
  `total_margins_amount` decimal(12,5) DEFAULT NULL,
  `gross_rate` decimal(12,5) DEFAULT NULL,
  `advance_payment` decimal(7,5) DEFAULT NULL
) ENGINE=InnoDB DEFAULT CHARSET=utf8mb4 COLLATE=utf8mb4_unicode_ci;

--
-- Dumping data for table `sale_rate_code_fmcg`
--

INSERT INTO `sale_rate_code_fmcg` (`id`, `month`, `number`, `customer_category`, `company_id`, `prod_id`, `base_rate`, `gst_tax`, `gst_tax_amount`, `fed_tax`, `fed_tax_amount`, `others_tax`, `others_tax_amount`, `total_tax_amount`, `amount_after_tax`, `fix_margin`, `fix_margin_amount`, `lu_margin`, `lu_margin_amount`, `others_margin`, `others_margin_amount`, `freight`, `freight_amount`, `total_margins_amount`, `gross_rate`, `advance_payment`) VALUES
('2cb2ff6e-4479-4fb9-a21a-e815c6718ad1', 2021, 1, 'Distributor - Direct', 'f9d0b90d-631a-4f45-982c-d8223bd65c0d', '001411ef-4f1a-4f7c-b1f4-26735f35503b', '205.00000', '0.00000', '0.00000', '0.00000', '0.00000', '0.00000', '0.00000', '0.00000', '205.00000', '3.00000', '6.15000', '1.00000', '2.05000', '0.50000', '1.02500', '0.00000', '0.00000', '9.22500', '195.77500', '1.00000'),
('2cb2ff6e-4479-4fb9-a21a-e815c6718ad1', 2021, 1, 'Distributor - Direct', 'f9d0b90d-631a-4f45-982c-d8223bd65c0d', '0807433d-e109-4fc1-9e23-0379c3584936', '521.00000', '0.00000', '0.00000', '0.00000', '0.00000', '0.00000', '0.00000', '0.00000', '521.00000', '3.00000', '15.63000', '1.00000', '5.21000', '0.50000', '2.60500', '0.00000', '0.00000', '23.44500', '497.55500', '1.00000'),
('2cb2ff6e-4479-4fb9-a21a-e815c6718ad1', 2021, 1, 'Distributor - Direct', 'f9d0b90d-631a-4f45-982c-d8223bd65c0d', '23e365f2-6bdb-41ec-a24f-1f031bd26f8e', '366.00000', '0.00000', '0.00000', '0.00000', '0.00000', '0.00000', '0.00000', '0.00000', '366.00000', '3.00000', '10.98000', '1.00000', '3.66000', '0.50000', '1.83000', '0.00000', '0.00000', '16.47000', '349.53000', '1.00000'),
('2cb2ff6e-4479-4fb9-a21a-e815c6718ad1', 2021, 1, 'Distributor - Direct', 'f9d0b90d-631a-4f45-982c-d8223bd65c0d', '2964bb13-9fa9-448f-8282-69dbf8bd2a20', '205.00000', '0.00000', '0.00000', '0.00000', '0.00000', '0.00000', '0.00000', '0.00000', '205.00000', '3.00000', '6.15000', '1.00000', '2.05000', '0.50000', '1.02500', '0.00000', '0.00000', '9.22500', '195.77500', '1.00000'),
('2cb2ff6e-4479-4fb9-a21a-e815c6718ad1', 2021, 1, 'Distributor - Direct', 'f9d0b90d-631a-4f45-982c-d8223bd65c0d', '332a9e3d-a1fb-4250-ae29-a8cd1fd2cdc6', '205.00000', '0.00000', '0.00000', '0.00000', '0.00000', '0.00000', '0.00000', '0.00000', '205.00000', '3.00000', '6.15000', '1.00000', '2.05000', '0.50000', '1.02500', '0.00000', '0.00000', '9.22500', '195.77500', '1.00000'),
('2cb2ff6e-4479-4fb9-a21a-e815c6718ad1', 2021, 1, 'Distributor - Direct', 'f9d0b90d-631a-4f45-982c-d8223bd65c0d', '70377159-1d37-41d7-86fd-ec24afbb19e2', '521.00000', '0.00000', '0.00000', '0.00000', '0.00000', '0.00000', '0.00000', '0.00000', '521.00000', '3.00000', '15.63000', '1.00000', '5.21000', '0.50000', '2.60500', '0.00000', '0.00000', '23.44500', '497.55500', '1.00000'),
('2cb2ff6e-4479-4fb9-a21a-e815c6718ad1', 2021, 1, 'Distributor - Direct', 'f9d0b90d-631a-4f45-982c-d8223bd65c0d', '71b6bcc8-0436-41e2-8ceb-ade9a3065845', '366.00000', '0.00000', '0.00000', '0.00000', '0.00000', '0.00000', '0.00000', '0.00000', '366.00000', '3.00000', '10.98000', '1.00000', '3.66000', '0.50000', '1.83000', '0.00000', '0.00000', '16.47000', '349.53000', '1.00000'),
('2cb2ff6e-4479-4fb9-a21a-e815c6718ad1', 2021, 1, 'Distributor - Direct', 'f9d0b90d-631a-4f45-982c-d8223bd65c0d', '8c6b72ae-173d-4260-9887-fa0836b1f6e9', '366.00000', '0.00000', '0.00000', '0.00000', '0.00000', '0.00000', '0.00000', '0.00000', '366.00000', '3.00000', '10.98000', '1.00000', '3.66000', '0.50000', '1.83000', '0.00000', '0.00000', '16.47000', '349.53000', '1.00000'),
('2cb2ff6e-4479-4fb9-a21a-e815c6718ad1', 2021, 1, 'Distributor - Direct', 'f9d0b90d-631a-4f45-982c-d8223bd65c0d', '964c865f-ebb6-48d2-95cb-6d460e30c297', '521.00000', '0.00000', '0.00000', '0.00000', '0.00000', '0.00000', '0.00000', '0.00000', '521.00000', '3.00000', '15.63000', '1.00000', '5.21000', '0.50000', '2.60500', '0.00000', '0.00000', '23.44500', '497.55500', '1.00000'),
('2cb2ff6e-4479-4fb9-a21a-e815c6718ad1', 2021, 1, 'Distributor - Direct', 'f9d0b90d-631a-4f45-982c-d8223bd65c0d', 'b0c35bc5-c3f8-402e-99a0-5c2e1e0b80d9', '521.00000', '0.00000', '0.00000', '0.00000', '0.00000', '0.00000', '0.00000', '0.00000', '521.00000', '3.00000', '15.63000', '1.00000', '5.21000', '0.50000', '2.60500', '0.00000', '0.00000', '23.44500', '497.55500', '1.00000'),
('2cb2ff6e-4479-4fb9-a21a-e815c6718ad1', 2021, 1, 'Distributor - Direct', 'f9d0b90d-631a-4f45-982c-d8223bd65c0d', 'c155ef3a-4bde-413e-875e-38277a0a564e', '366.00000', '0.00000', '0.00000', '0.00000', '0.00000', '0.00000', '0.00000', '0.00000', '366.00000', '3.00000', '10.98000', '1.00000', '3.66000', '0.50000', '1.83000', '0.00000', '0.00000', '16.47000', '349.53000', '1.00000'),
('2cb2ff6e-4479-4fb9-a21a-e815c6718ad1', 2021, 1, 'Distributor - Direct', 'f9d0b90d-631a-4f45-982c-d8223bd65c0d', 'd0b9f32a-483f-4a43-b15d-18d9681bf9c4', '366.00000', '0.00000', '0.00000', '0.00000', '0.00000', '0.00000', '0.00000', '0.00000', '366.00000', '3.00000', '10.98000', '1.00000', '3.66000', '0.50000', '1.83000', '0.00000', '0.00000', '16.47000', '349.53000', '1.00000'),
('2cb2ff6e-4479-4fb9-a21a-e815c6718ad1', 2021, 1, 'Distributor - Direct', 'f9d0b90d-631a-4f45-982c-d8223bd65c0d', 'daba05ef-e204-426e-b143-cd3282ac756b', '366.00000', '0.00000', '0.00000', '0.00000', '0.00000', '0.00000', '0.00000', '0.00000', '366.00000', '3.00000', '10.98000', '1.00000', '3.66000', '0.50000', '1.83000', '0.00000', '0.00000', '16.47000', '349.53000', '1.00000'),
('2cb2ff6e-4479-4fb9-a21a-e815c6718ad1', 2021, 1, 'Distributor - Direct', 'f9d0b90d-631a-4f45-982c-d8223bd65c0d', 'db8e584a-8e63-4195-b1e4-a238bd361f3d', '366.00000', '0.00000', '0.00000', '0.00000', '0.00000', '0.00000', '0.00000', '0.00000', '366.00000', '3.00000', '10.98000', '1.00000', '3.66000', '0.50000', '1.83000', '0.00000', '0.00000', '16.47000', '349.53000', '1.00000'),
('d5b438a3-2681-45a4-bf2a-8e4c13e01bb1', 2021, 2, 'Distributor - Sole', 'f9d0b90d-631a-4f45-982c-d8223bd65c0d', '001411ef-4f1a-4f7c-b1f4-26735f35503b', '205.00000', '0.00000', '0.00000', '0.00000', '0.00000', '0.00000', '0.00000', '0.00000', '205.00000', '3.00000', '6.15000', '1.00000', '2.05000', '0.50000', '1.02500', '2.50000', '5.12500', '14.35000', '190.65000', '0.00000'),
('d5b438a3-2681-45a4-bf2a-8e4c13e01bb1', 2021, 2, 'Distributor - Sole', 'f9d0b90d-631a-4f45-982c-d8223bd65c0d', '0807433d-e109-4fc1-9e23-0379c3584936', '521.00000', '0.00000', '0.00000', '0.00000', '0.00000', '0.00000', '0.00000', '0.00000', '521.00000', '3.00000', '15.63000', '1.00000', '5.21000', '0.50000', '2.60500', '2.50000', '13.02500', '36.47000', '484.53000', '0.00000'),
('d5b438a3-2681-45a4-bf2a-8e4c13e01bb1', 2021, 2, 'Distributor - Sole', 'f9d0b90d-631a-4f45-982c-d8223bd65c0d', '23e365f2-6bdb-41ec-a24f-1f031bd26f8e', '366.00000', '0.00000', '0.00000', '0.00000', '0.00000', '0.00000', '0.00000', '0.00000', '366.00000', '3.00000', '10.98000', '1.00000', '3.66000', '0.50000', '1.83000', '2.50000', '9.15000', '25.62000', '340.38000', '0.00000'),
('d5b438a3-2681-45a4-bf2a-8e4c13e01bb1', 2021, 2, 'Distributor - Sole', 'f9d0b90d-631a-4f45-982c-d8223bd65c0d', '2964bb13-9fa9-448f-8282-69dbf8bd2a20', '205.00000', '0.00000', '0.00000', '0.00000', '0.00000', '0.00000', '0.00000', '0.00000', '205.00000', '3.00000', '6.15000', '1.00000', '2.05000', '0.50000', '1.02500', '2.50000', '5.12500', '14.35000', '190.65000', '0.00000'),
('d5b438a3-2681-45a4-bf2a-8e4c13e01bb1', 2021, 2, 'Distributor - Sole', 'f9d0b90d-631a-4f45-982c-d8223bd65c0d', '332a9e3d-a1fb-4250-ae29-a8cd1fd2cdc6', '205.00000', '0.00000', '0.00000', '0.00000', '0.00000', '0.00000', '0.00000', '0.00000', '205.00000', '3.00000', '6.15000', '1.00000', '2.05000', '0.50000', '1.02500', '2.50000', '5.12500', '14.35000', '190.65000', '0.00000'),
('d5b438a3-2681-45a4-bf2a-8e4c13e01bb1', 2021, 2, 'Distributor - Sole', 'f9d0b90d-631a-4f45-982c-d8223bd65c0d', '70377159-1d37-41d7-86fd-ec24afbb19e2', '521.00000', '0.00000', '0.00000', '0.00000', '0.00000', '0.00000', '0.00000', '0.00000', '521.00000', '3.00000', '15.63000', '1.00000', '5.21000', '0.50000', '2.60500', '2.50000', '13.02500', '36.47000', '484.53000', '0.00000'),
('d5b438a3-2681-45a4-bf2a-8e4c13e01bb1', 2021, 2, 'Distributor - Sole', 'f9d0b90d-631a-4f45-982c-d8223bd65c0d', '71b6bcc8-0436-41e2-8ceb-ade9a3065845', '366.00000', '0.00000', '0.00000', '0.00000', '0.00000', '0.00000', '0.00000', '0.00000', '366.00000', '3.00000', '10.98000', '1.00000', '3.66000', '0.50000', '1.83000', '2.50000', '9.15000', '25.62000', '340.38000', '0.00000'),
('d5b438a3-2681-45a4-bf2a-8e4c13e01bb1', 2021, 2, 'Distributor - Sole', 'f9d0b90d-631a-4f45-982c-d8223bd65c0d', '8c6b72ae-173d-4260-9887-fa0836b1f6e9', '366.00000', '0.00000', '0.00000', '0.00000', '0.00000', '0.00000', '0.00000', '0.00000', '366.00000', '3.00000', '10.98000', '1.00000', '3.66000', '0.50000', '1.83000', '2.50000', '9.15000', '25.62000', '340.38000', '0.00000'),
('d5b438a3-2681-45a4-bf2a-8e4c13e01bb1', 2021, 2, 'Distributor - Sole', 'f9d0b90d-631a-4f45-982c-d8223bd65c0d', '964c865f-ebb6-48d2-95cb-6d460e30c297', '521.00000', '0.00000', '0.00000', '0.00000', '0.00000', '0.00000', '0.00000', '0.00000', '521.00000', '3.00000', '15.63000', '1.00000', '5.21000', '0.50000', '2.60500', '2.50000', '13.02500', '36.47000', '484.53000', '0.00000'),
('d5b438a3-2681-45a4-bf2a-8e4c13e01bb1', 2021, 2, 'Distributor - Sole', 'f9d0b90d-631a-4f45-982c-d8223bd65c0d', 'b0c35bc5-c3f8-402e-99a0-5c2e1e0b80d9', '521.00000', '0.00000', '0.00000', '0.00000', '0.00000', '0.00000', '0.00000', '0.00000', '521.00000', '3.00000', '15.63000', '1.00000', '5.21000', '0.50000', '2.60500', '2.50000', '13.02500', '36.47000', '484.53000', '0.00000'),
('d5b438a3-2681-45a4-bf2a-8e4c13e01bb1', 2021, 2, 'Distributor - Sole', 'f9d0b90d-631a-4f45-982c-d8223bd65c0d', 'c155ef3a-4bde-413e-875e-38277a0a564e', '366.00000', '0.00000', '0.00000', '0.00000', '0.00000', '0.00000', '0.00000', '0.00000', '366.00000', '3.00000', '10.98000', '1.00000', '3.66000', '0.50000', '1.83000', '2.50000', '9.15000', '25.62000', '340.38000', '0.00000'),
('d5b438a3-2681-45a4-bf2a-8e4c13e01bb1', 2021, 2, 'Distributor - Sole', 'f9d0b90d-631a-4f45-982c-d8223bd65c0d', 'd0b9f32a-483f-4a43-b15d-18d9681bf9c4', '366.00000', '0.00000', '0.00000', '0.00000', '0.00000', '0.00000', '0.00000', '0.00000', '366.00000', '3.00000', '10.98000', '1.00000', '3.66000', '0.50000', '1.83000', '2.50000', '9.15000', '25.62000', '340.38000', '0.00000'),
('d5b438a3-2681-45a4-bf2a-8e4c13e01bb1', 2021, 2, 'Distributor - Sole', 'f9d0b90d-631a-4f45-982c-d8223bd65c0d', 'daba05ef-e204-426e-b143-cd3282ac756b', '366.00000', '0.00000', '0.00000', '0.00000', '0.00000', '0.00000', '0.00000', '0.00000', '366.00000', '3.00000', '10.98000', '1.00000', '3.66000', '0.50000', '1.83000', '2.50000', '9.15000', '25.62000', '340.38000', '0.00000'),
('d5b438a3-2681-45a4-bf2a-8e4c13e01bb1', 2021, 2, 'Distributor - Sole', 'f9d0b90d-631a-4f45-982c-d8223bd65c0d', 'db8e584a-8e63-4195-b1e4-a238bd361f3d', '366.00000', '0.00000', '0.00000', '0.00000', '0.00000', '0.00000', '0.00000', '0.00000', '366.00000', '3.00000', '10.98000', '1.00000', '3.66000', '0.50000', '1.83000', '2.50000', '9.15000', '25.62000', '340.38000', '0.00000'),
('d17fda76-d046-4b7e-9859-fa12f57b814d', 2021, 4, 'Distributor - Sole', 'f9d0b90d-631a-4f45-982c-d8223bd65c0d', '001411ef-4f1a-4f7c-b1f4-26735f35503b', '0.00000', '0.00000', '0.00000', '0.00000', '0.00000', '0.00000', '0.00000', '0.00000', '0.00000', '3.00000', '0.00000', '1.00000', '0.00000', '1.00000', '0.00000', '2.00000', '0.00000', '0.00000', '0.00000', '0.00000'),
('d17fda76-d046-4b7e-9859-fa12f57b814d', 2021, 4, 'Distributor - Sole', 'f9d0b90d-631a-4f45-982c-d8223bd65c0d', '0807433d-e109-4fc1-9e23-0379c3584936', '553.76000', '0.00000', '0.00000', '0.00000', '0.00000', '0.00000', '0.00000', '0.00000', '553.76000', '3.00000', '16.61280', '1.00000', '5.53760', '1.00000', '5.53760', '2.00000', '11.07520', '38.76320', '514.99680', '0.00000'),
('d17fda76-d046-4b7e-9859-fa12f57b814d', 2021, 4, 'Distributor - Sole', 'f9d0b90d-631a-4f45-982c-d8223bd65c0d', '23e365f2-6bdb-41ec-a24f-1f031bd26f8e', '0.00000', '0.00000', '0.00000', '0.00000', '0.00000', '0.00000', '0.00000', '0.00000', '0.00000', '3.00000', '0.00000', '1.00000', '0.00000', '1.00000', '0.00000', '2.00000', '0.00000', '0.00000', '0.00000', '0.00000'),
('d17fda76-d046-4b7e-9859-fa12f57b814d', 2021, 4, 'Distributor - Sole', 'f9d0b90d-631a-4f45-982c-d8223bd65c0d', '2964bb13-9fa9-448f-8282-69dbf8bd2a20', '0.00000', '0.00000', '0.00000', '0.00000', '0.00000', '0.00000', '0.00000', '0.00000', '0.00000', '3.00000', '0.00000', '1.00000', '0.00000', '1.00000', '0.00000', '2.00000', '0.00000', '0.00000', '0.00000', '0.00000'),
('d17fda76-d046-4b7e-9859-fa12f57b814d', 2021, 4, 'Distributor - Sole', 'f9d0b90d-631a-4f45-982c-d8223bd65c0d', '332a9e3d-a1fb-4250-ae29-a8cd1fd2cdc6', '0.00000', '0.00000', '0.00000', '0.00000', '0.00000', '0.00000', '0.00000', '0.00000', '0.00000', '3.00000', '0.00000', '1.00000', '0.00000', '1.00000', '0.00000', '2.00000', '0.00000', '0.00000', '0.00000', '0.00000'),
('d17fda76-d046-4b7e-9859-fa12f57b814d', 2021, 4, 'Distributor - Sole', 'f9d0b90d-631a-4f45-982c-d8223bd65c0d', '70377159-1d37-41d7-86fd-ec24afbb19e2', '553.76000', '0.00000', '0.00000', '0.00000', '0.00000', '0.00000', '0.00000', '0.00000', '553.76000', '3.00000', '16.61280', '1.00000', '5.53760', '1.00000', '5.53760', '2.00000', '11.07520', '38.76320', '514.99680', '0.00000'),
('d17fda76-d046-4b7e-9859-fa12f57b814d', 2021, 4, 'Distributor - Sole', 'f9d0b90d-631a-4f45-982c-d8223bd65c0d', '71b6bcc8-0436-41e2-8ceb-ade9a3065845', '0.00000', '0.00000', '0.00000', '0.00000', '0.00000', '0.00000', '0.00000', '0.00000', '0.00000', '3.00000', '0.00000', '1.00000', '0.00000', '1.00000', '0.00000', '2.00000', '0.00000', '0.00000', '0.00000', '0.00000'),
('d17fda76-d046-4b7e-9859-fa12f57b814d', 2021, 4, 'Distributor - Sole', 'f9d0b90d-631a-4f45-982c-d8223bd65c0d', '8c6b72ae-173d-4260-9887-fa0836b1f6e9', '0.00000', '0.00000', '0.00000', '0.00000', '0.00000', '0.00000', '0.00000', '0.00000', '0.00000', '3.00000', '0.00000', '1.00000', '0.00000', '1.00000', '0.00000', '2.00000', '0.00000', '0.00000', '0.00000', '0.00000'),
('d17fda76-d046-4b7e-9859-fa12f57b814d', 2021, 4, 'Distributor - Sole', 'f9d0b90d-631a-4f45-982c-d8223bd65c0d', '964c865f-ebb6-48d2-95cb-6d460e30c297', '553.76000', '0.00000', '0.00000', '0.00000', '0.00000', '0.00000', '0.00000', '0.00000', '553.76000', '3.00000', '16.61280', '1.00000', '5.53760', '1.00000', '5.53760', '2.00000', '11.07520', '38.76320', '514.99680', '0.00000'),
('d17fda76-d046-4b7e-9859-fa12f57b814d', 2021, 4, 'Distributor - Sole', 'f9d0b90d-631a-4f45-982c-d8223bd65c0d', 'b0c35bc5-c3f8-402e-99a0-5c2e1e0b80d9', '553.76000', '0.00000', '0.00000', '0.00000', '0.00000', '0.00000', '0.00000', '0.00000', '553.76000', '3.00000', '16.61280', '1.00000', '5.53760', '1.00000', '5.53760', '2.00000', '11.07520', '38.76320', '514.99680', '0.00000'),
('d17fda76-d046-4b7e-9859-fa12f57b814d', 2021, 4, 'Distributor - Sole', 'f9d0b90d-631a-4f45-982c-d8223bd65c0d', 'c155ef3a-4bde-413e-875e-38277a0a564e', '0.00000', '0.00000', '0.00000', '0.00000', '0.00000', '0.00000', '0.00000', '0.00000', '0.00000', '3.00000', '0.00000', '1.00000', '0.00000', '1.00000', '0.00000', '2.00000', '0.00000', '0.00000', '0.00000', '0.00000'),
('d17fda76-d046-4b7e-9859-fa12f57b814d', 2021, 4, 'Distributor - Sole', 'f9d0b90d-631a-4f45-982c-d8223bd65c0d', 'd0b9f32a-483f-4a43-b15d-18d9681bf9c4', '0.00000', '0.00000', '0.00000', '0.00000', '0.00000', '0.00000', '0.00000', '0.00000', '0.00000', '3.00000', '0.00000', '1.00000', '0.00000', '1.00000', '0.00000', '2.00000', '0.00000', '0.00000', '0.00000', '0.00000'),
('d17fda76-d046-4b7e-9859-fa12f57b814d', 2021, 4, 'Distributor - Sole', 'f9d0b90d-631a-4f45-982c-d8223bd65c0d', 'daba05ef-e204-426e-b143-cd3282ac756b', '0.00000', '0.00000', '0.00000', '0.00000', '0.00000', '0.00000', '0.00000', '0.00000', '0.00000', '3.00000', '0.00000', '1.00000', '0.00000', '1.00000', '0.00000', '2.00000', '0.00000', '0.00000', '0.00000', '0.00000'),
('d17fda76-d046-4b7e-9859-fa12f57b814d', 2021, 4, 'Distributor - Sole', 'f9d0b90d-631a-4f45-982c-d8223bd65c0d', 'db8e584a-8e63-4195-b1e4-a238bd361f3d', '0.00000', '0.00000', '0.00000', '0.00000', '0.00000', '0.00000', '0.00000', '0.00000', '0.00000', '3.00000', '0.00000', '1.00000', '0.00000', '1.00000', '0.00000', '2.00000', '0.00000', '0.00000', '0.00000', '0.00000'),
('79b10464-33bc-4ed9-883a-49bab6c301df', 2021, 3, 'Distributor - Direct', 'f9d0b90d-631a-4f45-982c-d8223bd65c0d', '001411ef-4f1a-4f7c-b1f4-26735f35503b', '0.00000', '0.00000', '0.00000', '0.00000', '0.00000', '0.00000', '0.00000', '0.00000', '0.00000', '3.00000', '0.00000', '1.00000', '0.00000', '0.50000', '0.00000', '0.00000', '0.00000', '0.00000', '0.00000', '0.00000'),
('79b10464-33bc-4ed9-883a-49bab6c301df', 2021, 3, 'Distributor - Direct', 'f9d0b90d-631a-4f45-982c-d8223bd65c0d', '0807433d-e109-4fc1-9e23-0379c3584936', '553.76000', '0.00000', '0.00000', '0.00000', '0.00000', '0.00000', '0.00000', '0.00000', '553.76000', '3.00000', '16.61280', '1.00000', '5.53760', '0.50000', '2.76880', '0.00000', '0.00000', '24.91920', '528.84080', '0.00000'),
('79b10464-33bc-4ed9-883a-49bab6c301df', 2021, 3, 'Distributor - Direct', 'f9d0b90d-631a-4f45-982c-d8223bd65c0d', '23e365f2-6bdb-41ec-a24f-1f031bd26f8e', '0.00000', '0.00000', '0.00000', '0.00000', '0.00000', '0.00000', '0.00000', '0.00000', '0.00000', '3.00000', '0.00000', '1.00000', '0.00000', '0.50000', '0.00000', '0.00000', '0.00000', '0.00000', '0.00000', '0.00000'),
('79b10464-33bc-4ed9-883a-49bab6c301df', 2021, 3, 'Distributor - Direct', 'f9d0b90d-631a-4f45-982c-d8223bd65c0d', '2964bb13-9fa9-448f-8282-69dbf8bd2a20', '0.00000', '0.00000', '0.00000', '0.00000', '0.00000', '0.00000', '0.00000', '0.00000', '0.00000', '3.00000', '0.00000', '1.00000', '0.00000', '0.50000', '0.00000', '0.00000', '0.00000', '0.00000', '0.00000', '0.00000'),
('79b10464-33bc-4ed9-883a-49bab6c301df', 2021, 3, 'Distributor - Direct', 'f9d0b90d-631a-4f45-982c-d8223bd65c0d', '332a9e3d-a1fb-4250-ae29-a8cd1fd2cdc6', '0.00000', '0.00000', '0.00000', '0.00000', '0.00000', '0.00000', '0.00000', '0.00000', '0.00000', '3.00000', '0.00000', '1.00000', '0.00000', '0.50000', '0.00000', '0.00000', '0.00000', '0.00000', '0.00000', '0.00000'),
('79b10464-33bc-4ed9-883a-49bab6c301df', 2021, 3, 'Distributor - Direct', 'f9d0b90d-631a-4f45-982c-d8223bd65c0d', '70377159-1d37-41d7-86fd-ec24afbb19e2', '553.76000', '0.00000', '0.00000', '0.00000', '0.00000', '0.00000', '0.00000', '0.00000', '553.76000', '3.00000', '16.61280', '1.00000', '5.53760', '0.50000', '2.76880', '0.00000', '0.00000', '24.91920', '528.84080', '0.00000'),
('79b10464-33bc-4ed9-883a-49bab6c301df', 2021, 3, 'Distributor - Direct', 'f9d0b90d-631a-4f45-982c-d8223bd65c0d', '71b6bcc8-0436-41e2-8ceb-ade9a3065845', '0.00000', '0.00000', '0.00000', '0.00000', '0.00000', '0.00000', '0.00000', '0.00000', '0.00000', '3.00000', '0.00000', '1.00000', '0.00000', '0.50000', '0.00000', '0.00000', '0.00000', '0.00000', '0.00000', '0.00000'),
('79b10464-33bc-4ed9-883a-49bab6c301df', 2021, 3, 'Distributor - Direct', 'f9d0b90d-631a-4f45-982c-d8223bd65c0d', '8c6b72ae-173d-4260-9887-fa0836b1f6e9', '0.00000', '0.00000', '0.00000', '0.00000', '0.00000', '0.00000', '0.00000', '0.00000', '0.00000', '3.00000', '0.00000', '1.00000', '0.00000', '0.50000', '0.00000', '0.00000', '0.00000', '0.00000', '0.00000', '0.00000'),
('79b10464-33bc-4ed9-883a-49bab6c301df', 2021, 3, 'Distributor - Direct', 'f9d0b90d-631a-4f45-982c-d8223bd65c0d', '964c865f-ebb6-48d2-95cb-6d460e30c297', '553.76000', '0.00000', '0.00000', '0.00000', '0.00000', '0.00000', '0.00000', '0.00000', '553.76000', '3.00000', '16.61280', '1.00000', '5.53760', '0.50000', '2.76880', '0.00000', '0.00000', '24.91920', '528.84080', '0.00000'),
('79b10464-33bc-4ed9-883a-49bab6c301df', 2021, 3, 'Distributor - Direct', 'f9d0b90d-631a-4f45-982c-d8223bd65c0d', 'b0c35bc5-c3f8-402e-99a0-5c2e1e0b80d9', '553.76000', '0.00000', '0.00000', '0.00000', '0.00000', '0.00000', '0.00000', '0.00000', '553.76000', '3.00000', '16.61280', '1.00000', '5.53760', '0.50000', '2.76880', '0.00000', '0.00000', '24.91920', '528.84080', '0.00000'),
('79b10464-33bc-4ed9-883a-49bab6c301df', 2021, 3, 'Distributor - Direct', 'f9d0b90d-631a-4f45-982c-d8223bd65c0d', 'c155ef3a-4bde-413e-875e-38277a0a564e', '0.00000', '0.00000', '0.00000', '0.00000', '0.00000', '0.00000', '0.00000', '0.00000', '0.00000', '3.00000', '0.00000', '1.00000', '0.00000', '0.50000', '0.00000', '0.00000', '0.00000', '0.00000', '0.00000', '0.00000'),
('79b10464-33bc-4ed9-883a-49bab6c301df', 2021, 3, 'Distributor - Direct', 'f9d0b90d-631a-4f45-982c-d8223bd65c0d', 'd0b9f32a-483f-4a43-b15d-18d9681bf9c4', '0.00000', '0.00000', '0.00000', '0.00000', '0.00000', '0.00000', '0.00000', '0.00000', '0.00000', '3.00000', '0.00000', '1.00000', '0.00000', '0.50000', '0.00000', '0.00000', '0.00000', '0.00000', '0.00000', '0.00000'),
('79b10464-33bc-4ed9-883a-49bab6c301df', 2021, 3, 'Distributor - Direct', 'f9d0b90d-631a-4f45-982c-d8223bd65c0d', 'daba05ef-e204-426e-b143-cd3282ac756b', '0.00000', '0.00000', '0.00000', '0.00000', '0.00000', '0.00000', '0.00000', '0.00000', '0.00000', '3.00000', '0.00000', '1.00000', '0.00000', '0.50000', '0.00000', '0.00000', '0.00000', '0.00000', '0.00000', '0.00000'),
('79b10464-33bc-4ed9-883a-49bab6c301df', 2021, 3, 'Distributor - Direct', 'f9d0b90d-631a-4f45-982c-d8223bd65c0d', 'db8e584a-8e63-4195-b1e4-a238bd361f3d', '0.00000', '0.00000', '0.00000', '0.00000', '0.00000', '0.00000', '0.00000', '0.00000', '0.00000', '3.00000', '0.00000', '1.00000', '0.00000', '0.50000', '0.00000', '0.00000', '0.00000', '0.00000', '0.00000', '0.00000'),
('05f3d668-3710-4add-823d-8895aba522cc', 2021, 5, 'Distributor - Sole', 'f9d0b90d-631a-4f45-982c-d8223bd65c0d', '001411ef-4f1a-4f7c-b1f4-26735f35503b', '205.00000', '0.00000', '0.00000', '0.00000', '0.00000', '0.00000', '0.00000', '0.00000', '205.00000', '3.00000', '6.15000', '1.00000', '2.05000', '0.50000', '1.02500', '2.50000', '5.12500', '14.35000', '190.65000', '0.00000'),
('05f3d668-3710-4add-823d-8895aba522cc', 2021, 5, 'Distributor - Sole', 'f9d0b90d-631a-4f45-982c-d8223bd65c0d', '0807433d-e109-4fc1-9e23-0379c3584936', '555.00000', '0.00000', '0.00000', '0.00000', '0.00000', '0.00000', '0.00000', '0.00000', '555.00000', '3.00000', '16.65000', '1.00000', '5.55000', '0.50000', '2.77500', '2.50000', '13.87500', '38.85000', '516.15000', '0.00000'),
('05f3d668-3710-4add-823d-8895aba522cc', 2021, 5, 'Distributor - Sole', 'f9d0b90d-631a-4f45-982c-d8223bd65c0d', '23e365f2-6bdb-41ec-a24f-1f031bd26f8e', '366.00000', '0.00000', '0.00000', '0.00000', '0.00000', '0.00000', '0.00000', '0.00000', '366.00000', '3.00000', '10.98000', '1.00000', '3.66000', '0.50000', '1.83000', '2.50000', '9.15000', '25.62000', '340.38000', '0.00000'),
('05f3d668-3710-4add-823d-8895aba522cc', 2021, 5, 'Distributor - Sole', 'f9d0b90d-631a-4f45-982c-d8223bd65c0d', '2964bb13-9fa9-448f-8282-69dbf8bd2a20', '205.00000', '0.00000', '0.00000', '0.00000', '0.00000', '0.00000', '0.00000', '0.00000', '205.00000', '3.00000', '6.15000', '1.00000', '2.05000', '0.50000', '1.02500', '2.50000', '5.12500', '14.35000', '190.65000', '0.00000'),
('05f3d668-3710-4add-823d-8895aba522cc', 2021, 5, 'Distributor - Sole', 'f9d0b90d-631a-4f45-982c-d8223bd65c0d', '332a9e3d-a1fb-4250-ae29-a8cd1fd2cdc6', '205.00000', '0.00000', '0.00000', '0.00000', '0.00000', '0.00000', '0.00000', '0.00000', '205.00000', '3.00000', '6.15000', '1.00000', '2.05000', '0.50000', '1.02500', '2.50000', '5.12500', '14.35000', '190.65000', '0.00000'),
('05f3d668-3710-4add-823d-8895aba522cc', 2021, 5, 'Distributor - Sole', 'f9d0b90d-631a-4f45-982c-d8223bd65c0d', '50ef5ee3-9605-4c1a-a808-e57e89bd16db', '0.00000', '0.00000', '0.00000', '0.00000', '0.00000', '0.00000', '0.00000', '0.00000', '0.00000', '3.00000', '0.00000', '1.00000', '0.00000', '0.50000', '0.00000', '2.50000', '0.00000', '0.00000', '0.00000', '0.00000'),
('05f3d668-3710-4add-823d-8895aba522cc', 2021, 5, 'Distributor - Sole', 'f9d0b90d-631a-4f45-982c-d8223bd65c0d', '523ddef5-538e-4898-ab53-6b468404e956', '370.00000', '0.00000', '0.00000', '0.00000', '0.00000', '0.00000', '0.00000', '0.00000', '370.00000', '3.00000', '11.10000', '1.00000', '3.70000', '0.50000', '1.85000', '2.50000', '9.25000', '25.90000', '344.10000', '0.00000'),
('05f3d668-3710-4add-823d-8895aba522cc', 2021, 5, 'Distributor - Sole', 'f9d0b90d-631a-4f45-982c-d8223bd65c0d', '55553c22-8dc7-4a0f-b621-579738805d59', '400.00000', '0.00000', '0.00000', '0.00000', '0.00000', '0.00000', '0.00000', '0.00000', '400.00000', '3.00000', '12.00000', '1.00000', '4.00000', '0.50000', '2.00000', '2.50000', '10.00000', '28.00000', '372.00000', '0.00000'),
('05f3d668-3710-4add-823d-8895aba522cc', 2021, 5, 'Distributor - Sole', 'f9d0b90d-631a-4f45-982c-d8223bd65c0d', '70377159-1d37-41d7-86fd-ec24afbb19e2', '555.00000', '0.00000', '0.00000', '0.00000', '0.00000', '0.00000', '0.00000', '0.00000', '555.00000', '3.00000', '16.65000', '1.00000', '5.55000', '0.50000', '2.77500', '2.50000', '13.87500', '38.85000', '516.15000', '0.00000'),
('05f3d668-3710-4add-823d-8895aba522cc', 2021, 5, 'Distributor - Sole', 'f9d0b90d-631a-4f45-982c-d8223bd65c0d', '71b6bcc8-0436-41e2-8ceb-ade9a3065845', '366.00000', '0.00000', '0.00000', '0.00000', '0.00000', '0.00000', '0.00000', '0.00000', '366.00000', '3.00000', '10.98000', '1.00000', '3.66000', '0.50000', '1.83000', '2.50000', '9.15000', '25.62000', '340.38000', '0.00000'),
('05f3d668-3710-4add-823d-8895aba522cc', 2021, 5, 'Distributor - Sole', 'f9d0b90d-631a-4f45-982c-d8223bd65c0d', '74246e7c-662e-4bec-a337-5eb39491eab0', '0.00000', '0.00000', '0.00000', '0.00000', '0.00000', '0.00000', '0.00000', '0.00000', '0.00000', '3.00000', '0.00000', '1.00000', '0.00000', '0.50000', '0.00000', '2.50000', '0.00000', '0.00000', '0.00000', '0.00000'),
('05f3d668-3710-4add-823d-8895aba522cc', 2021, 5, 'Distributor - Sole', 'f9d0b90d-631a-4f45-982c-d8223bd65c0d', '8c6b72ae-173d-4260-9887-fa0836b1f6e9', '366.00000', '0.00000', '0.00000', '0.00000', '0.00000', '0.00000', '0.00000', '0.00000', '366.00000', '3.00000', '10.98000', '1.00000', '3.66000', '0.50000', '1.83000', '2.50000', '9.15000', '25.62000', '340.38000', '0.00000'),
('05f3d668-3710-4add-823d-8895aba522cc', 2021, 5, 'Distributor - Sole', 'f9d0b90d-631a-4f45-982c-d8223bd65c0d', '8eee862f-41d6-4894-a0c6-728f5fcf2455', '370.00000', '0.00000', '0.00000', '0.00000', '0.00000', '0.00000', '0.00000', '0.00000', '370.00000', '3.00000', '11.10000', '1.00000', '3.70000', '0.50000', '1.85000', '2.50000', '9.25000', '25.90000', '344.10000', '0.00000'),
('05f3d668-3710-4add-823d-8895aba522cc', 2021, 5, 'Distributor - Sole', 'f9d0b90d-631a-4f45-982c-d8223bd65c0d', '964c865f-ebb6-48d2-95cb-6d460e30c297', '555.00000', '0.00000', '0.00000', '0.00000', '0.00000', '0.00000', '0.00000', '0.00000', '555.00000', '3.00000', '16.65000', '1.00000', '5.55000', '0.50000', '2.77500', '2.50000', '13.87500', '38.85000', '516.15000', '0.00000'),
('05f3d668-3710-4add-823d-8895aba522cc', 2021, 5, 'Distributor - Sole', 'f9d0b90d-631a-4f45-982c-d8223bd65c0d', 'b0c35bc5-c3f8-402e-99a0-5c2e1e0b80d9', '555.00000', '0.00000', '0.00000', '0.00000', '0.00000', '0.00000', '0.00000', '0.00000', '555.00000', '3.00000', '16.65000', '1.00000', '5.55000', '0.50000', '2.77500', '2.50000', '13.87500', '38.85000', '516.15000', '0.00000'),
('05f3d668-3710-4add-823d-8895aba522cc', 2021, 5, 'Distributor - Sole', 'f9d0b90d-631a-4f45-982c-d8223bd65c0d', 'b6514911-7a07-48d4-8580-04375d7bb948', '0.00000', '0.00000', '0.00000', '0.00000', '0.00000', '0.00000', '0.00000', '0.00000', '0.00000', '3.00000', '0.00000', '1.00000', '0.00000', '0.50000', '0.00000', '2.50000', '0.00000', '0.00000', '0.00000', '0.00000'),
('05f3d668-3710-4add-823d-8895aba522cc', 2021, 5, 'Distributor - Sole', 'f9d0b90d-631a-4f45-982c-d8223bd65c0d', 'b6e6a32c-ba07-4277-a480-cff5f76ef71f', '400.00000', '0.00000', '0.00000', '0.00000', '0.00000', '0.00000', '0.00000', '0.00000', '400.00000', '3.00000', '12.00000', '1.00000', '4.00000', '0.50000', '2.00000', '2.50000', '10.00000', '28.00000', '372.00000', '0.00000'),
('05f3d668-3710-4add-823d-8895aba522cc', 2021, 5, 'Distributor - Sole', 'f9d0b90d-631a-4f45-982c-d8223bd65c0d', 'bf1116bd-6243-40ac-a4ad-96ab52e8e17c', '370.00000', '0.00000', '0.00000', '0.00000', '0.00000', '0.00000', '0.00000', '0.00000', '370.00000', '3.00000', '11.10000', '1.00000', '3.70000', '0.50000', '1.85000', '2.50000', '9.25000', '25.90000', '344.10000', '0.00000'),
('05f3d668-3710-4add-823d-8895aba522cc', 2021, 5, 'Distributor - Sole', 'f9d0b90d-631a-4f45-982c-d8223bd65c0d', 'c155ef3a-4bde-413e-875e-38277a0a564e', '366.00000', '0.00000', '0.00000', '0.00000', '0.00000', '0.00000', '0.00000', '0.00000', '366.00000', '3.00000', '10.98000', '1.00000', '3.66000', '0.50000', '1.83000', '2.50000', '9.15000', '25.62000', '340.38000', '0.00000'),
('05f3d668-3710-4add-823d-8895aba522cc', 2021, 5, 'Distributor - Sole', 'f9d0b90d-631a-4f45-982c-d8223bd65c0d', 'cb30331f-b148-4f33-943a-81b3a01c3b4d', '0.00000', '0.00000', '0.00000', '0.00000', '0.00000', '0.00000', '0.00000', '0.00000', '0.00000', '3.00000', '0.00000', '1.00000', '0.00000', '0.50000', '0.00000', '2.50000', '0.00000', '0.00000', '0.00000', '0.00000'),
('05f3d668-3710-4add-823d-8895aba522cc', 2021, 5, 'Distributor - Sole', 'f9d0b90d-631a-4f45-982c-d8223bd65c0d', 'd0b9f32a-483f-4a43-b15d-18d9681bf9c4', '366.00000', '0.00000', '0.00000', '0.00000', '0.00000', '0.00000', '0.00000', '0.00000', '366.00000', '3.00000', '10.98000', '1.00000', '3.66000', '0.50000', '1.83000', '2.50000', '9.15000', '25.62000', '340.38000', '0.00000'),
('05f3d668-3710-4add-823d-8895aba522cc', 2021, 5, 'Distributor - Sole', 'f9d0b90d-631a-4f45-982c-d8223bd65c0d', 'daba05ef-e204-426e-b143-cd3282ac756b', '366.00000', '0.00000', '0.00000', '0.00000', '0.00000', '0.00000', '0.00000', '0.00000', '366.00000', '3.00000', '10.98000', '1.00000', '3.66000', '0.50000', '1.83000', '2.50000', '9.15000', '25.62000', '340.38000', '0.00000'),
('05f3d668-3710-4add-823d-8895aba522cc', 2021, 5, 'Distributor - Sole', 'f9d0b90d-631a-4f45-982c-d8223bd65c0d', 'db8e584a-8e63-4195-b1e4-a238bd361f3d', '366.00000', '0.00000', '0.00000', '0.00000', '0.00000', '0.00000', '0.00000', '0.00000', '366.00000', '3.00000', '10.98000', '1.00000', '3.66000', '0.50000', '1.83000', '2.50000', '9.15000', '25.62000', '340.38000', '0.00000'),
('05f3d668-3710-4add-823d-8895aba522cc', 2021, 5, 'Distributor - Sole', 'f9d0b90d-631a-4f45-982c-d8223bd65c0d', 'e7f0ac7e-220e-4245-8d0f-51d74b0cd725', '370.00000', '0.00000', '0.00000', '0.00000', '0.00000', '0.00000', '0.00000', '0.00000', '370.00000', '3.00000', '11.10000', '1.00000', '3.70000', '0.50000', '1.85000', '2.50000', '9.25000', '25.90000', '344.10000', '0.00000'),
('05f3d668-3710-4add-823d-8895aba522cc', 2021, 5, 'Distributor - Sole', 'f9d0b90d-631a-4f45-982c-d8223bd65c0d', 'eab0ab71-31d4-4849-8bb6-fb4512d59e97', '400.00000', '0.00000', '0.00000', '0.00000', '0.00000', '0.00000', '0.00000', '0.00000', '400.00000', '3.00000', '12.00000', '1.00000', '4.00000', '0.50000', '2.00000', '2.50000', '10.00000', '28.00000', '372.00000', '0.00000'),
('3aadf645-1a1d-4a61-9c81-f1a68d8fd7f8', 2021, 6, 'Distributor - Direct', 'f9d0b90d-631a-4f45-982c-d8223bd65c0d', '001411ef-4f1a-4f7c-b1f4-26735f35503b', '2050.00000', '0.00000', '0.00000', '0.00000', '0.00000', '0.00000', '0.00000', '0.00000', '2050.00000', '3.00000', '61.50000', '1.00000', '20.50000', '0.50000', '10.25000', '0.00000', '0.00000', '92.25000', '1957.75000', '0.00000'),
('3aadf645-1a1d-4a61-9c81-f1a68d8fd7f8', 2021, 6, 'Distributor - Direct', 'f9d0b90d-631a-4f45-982c-d8223bd65c0d', '0807433d-e109-4fc1-9e23-0379c3584936', '555.00000', '0.00000', '0.00000', '0.00000', '0.00000', '0.00000', '0.00000', '0.00000', '555.00000', '3.00000', '16.65000', '1.00000', '5.55000', '0.50000', '2.77500', '0.00000', '0.00000', '24.97500', '530.02500', '0.00000'),
('3aadf645-1a1d-4a61-9c81-f1a68d8fd7f8', 2021, 6, 'Distributor - Direct', 'f9d0b90d-631a-4f45-982c-d8223bd65c0d', '23e365f2-6bdb-41ec-a24f-1f031bd26f8e', '366.00000', '0.00000', '0.00000', '0.00000', '0.00000', '0.00000', '0.00000', '0.00000', '366.00000', '3.00000', '10.98000', '1.00000', '3.66000', '0.50000', '1.83000', '0.00000', '0.00000', '16.47000', '349.53000', '0.00000'),
('3aadf645-1a1d-4a61-9c81-f1a68d8fd7f8', 2021, 6, 'Distributor - Direct', 'f9d0b90d-631a-4f45-982c-d8223bd65c0d', '2964bb13-9fa9-448f-8282-69dbf8bd2a20', '205.00000', '0.00000', '0.00000', '0.00000', '0.00000', '0.00000', '0.00000', '0.00000', '205.00000', '3.00000', '6.15000', '1.00000', '2.05000', '0.50000', '1.02500', '0.00000', '0.00000', '9.22500', '195.77500', '0.00000'),
('3aadf645-1a1d-4a61-9c81-f1a68d8fd7f8', 2021, 6, 'Distributor - Direct', 'f9d0b90d-631a-4f45-982c-d8223bd65c0d', '332a9e3d-a1fb-4250-ae29-a8cd1fd2cdc6', '205.00000', '0.00000', '0.00000', '0.00000', '0.00000', '0.00000', '0.00000', '0.00000', '205.00000', '3.00000', '6.15000', '1.00000', '2.05000', '0.50000', '1.02500', '0.00000', '0.00000', '9.22500', '195.77500', '0.00000'),
('3aadf645-1a1d-4a61-9c81-f1a68d8fd7f8', 2021, 6, 'Distributor - Direct', 'f9d0b90d-631a-4f45-982c-d8223bd65c0d', '50ef5ee3-9605-4c1a-a808-e57e89bd16db', '0.00000', '0.00000', '0.00000', '0.00000', '0.00000', '0.00000', '0.00000', '0.00000', '0.00000', '3.00000', '0.00000', '1.00000', '0.00000', '0.50000', '0.00000', '0.00000', '0.00000', '0.00000', '0.00000', '0.00000'),
('3aadf645-1a1d-4a61-9c81-f1a68d8fd7f8', 2021, 6, 'Distributor - Direct', 'f9d0b90d-631a-4f45-982c-d8223bd65c0d', '523ddef5-538e-4898-ab53-6b468404e956', '370.00000', '0.00000', '0.00000', '0.00000', '0.00000', '0.00000', '0.00000', '0.00000', '370.00000', '3.00000', '11.10000', '1.00000', '3.70000', '0.50000', '1.85000', '0.00000', '0.00000', '16.65000', '353.35000', '0.00000'),
('3aadf645-1a1d-4a61-9c81-f1a68d8fd7f8', 2021, 6, 'Distributor - Direct', 'f9d0b90d-631a-4f45-982c-d8223bd65c0d', '55553c22-8dc7-4a0f-b621-579738805d59', '400.00000', '0.00000', '0.00000', '0.00000', '0.00000', '0.00000', '0.00000', '0.00000', '400.00000', '3.00000', '12.00000', '1.00000', '4.00000', '0.50000', '2.00000', '0.00000', '0.00000', '18.00000', '382.00000', '0.00000'),
('3aadf645-1a1d-4a61-9c81-f1a68d8fd7f8', 2021, 6, 'Distributor - Direct', 'f9d0b90d-631a-4f45-982c-d8223bd65c0d', '70377159-1d37-41d7-86fd-ec24afbb19e2', '555.00000', '0.00000', '0.00000', '0.00000', '0.00000', '0.00000', '0.00000', '0.00000', '555.00000', '3.00000', '16.65000', '1.00000', '5.55000', '0.50000', '2.77500', '0.00000', '0.00000', '24.97500', '530.02500', '0.00000'),
('3aadf645-1a1d-4a61-9c81-f1a68d8fd7f8', 2021, 6, 'Distributor - Direct', 'f9d0b90d-631a-4f45-982c-d8223bd65c0d', '71b6bcc8-0436-41e2-8ceb-ade9a3065845', '366.00000', '0.00000', '0.00000', '0.00000', '0.00000', '0.00000', '0.00000', '0.00000', '366.00000', '3.00000', '10.98000', '1.00000', '3.66000', '0.50000', '1.83000', '0.00000', '0.00000', '16.47000', '349.53000', '0.00000'),
('3aadf645-1a1d-4a61-9c81-f1a68d8fd7f8', 2021, 6, 'Distributor - Direct', 'f9d0b90d-631a-4f45-982c-d8223bd65c0d', '74246e7c-662e-4bec-a337-5eb39491eab0', '0.00000', '0.00000', '0.00000', '0.00000', '0.00000', '0.00000', '0.00000', '0.00000', '0.00000', '3.00000', '0.00000', '1.00000', '0.00000', '0.50000', '0.00000', '0.00000', '0.00000', '0.00000', '0.00000', '0.00000'),
('3aadf645-1a1d-4a61-9c81-f1a68d8fd7f8', 2021, 6, 'Distributor - Direct', 'f9d0b90d-631a-4f45-982c-d8223bd65c0d', '8c6b72ae-173d-4260-9887-fa0836b1f6e9', '366.00000', '0.00000', '0.00000', '0.00000', '0.00000', '0.00000', '0.00000', '0.00000', '366.00000', '3.00000', '10.98000', '1.00000', '3.66000', '0.50000', '1.83000', '0.00000', '0.00000', '16.47000', '349.53000', '0.00000'),
('3aadf645-1a1d-4a61-9c81-f1a68d8fd7f8', 2021, 6, 'Distributor - Direct', 'f9d0b90d-631a-4f45-982c-d8223bd65c0d', '8eee862f-41d6-4894-a0c6-728f5fcf2455', '370.00000', '0.00000', '0.00000', '0.00000', '0.00000', '0.00000', '0.00000', '0.00000', '370.00000', '3.00000', '11.10000', '1.00000', '3.70000', '0.50000', '1.85000', '0.00000', '0.00000', '16.65000', '353.35000', '0.00000'),
('3aadf645-1a1d-4a61-9c81-f1a68d8fd7f8', 2021, 6, 'Distributor - Direct', 'f9d0b90d-631a-4f45-982c-d8223bd65c0d', '964c865f-ebb6-48d2-95cb-6d460e30c297', '555.00000', '0.00000', '0.00000', '0.00000', '0.00000', '0.00000', '0.00000', '0.00000', '555.00000', '3.00000', '16.65000', '1.00000', '5.55000', '0.50000', '2.77500', '0.00000', '0.00000', '24.97500', '530.02500', '0.00000'),
('3aadf645-1a1d-4a61-9c81-f1a68d8fd7f8', 2021, 6, 'Distributor - Direct', 'f9d0b90d-631a-4f45-982c-d8223bd65c0d', 'b0c35bc5-c3f8-402e-99a0-5c2e1e0b80d9', '555.00000', '0.00000', '0.00000', '0.00000', '0.00000', '0.00000', '0.00000', '0.00000', '555.00000', '3.00000', '16.65000', '1.00000', '5.55000', '0.50000', '2.77500', '0.00000', '0.00000', '24.97500', '530.02500', '0.00000'),
('3aadf645-1a1d-4a61-9c81-f1a68d8fd7f8', 2021, 6, 'Distributor - Direct', 'f9d0b90d-631a-4f45-982c-d8223bd65c0d', 'b6514911-7a07-48d4-8580-04375d7bb948', '0.00000', '0.00000', '0.00000', '0.00000', '0.00000', '0.00000', '0.00000', '0.00000', '0.00000', '3.00000', '0.00000', '1.00000', '0.00000', '0.50000', '0.00000', '0.00000', '0.00000', '0.00000', '0.00000', '0.00000'),
('3aadf645-1a1d-4a61-9c81-f1a68d8fd7f8', 2021, 6, 'Distributor - Direct', 'f9d0b90d-631a-4f45-982c-d8223bd65c0d', 'b6e6a32c-ba07-4277-a480-cff5f76ef71f', '400.00000', '0.00000', '0.00000', '0.00000', '0.00000', '0.00000', '0.00000', '0.00000', '400.00000', '3.00000', '12.00000', '1.00000', '4.00000', '0.50000', '2.00000', '0.00000', '0.00000', '18.00000', '382.00000', '0.00000'),
('3aadf645-1a1d-4a61-9c81-f1a68d8fd7f8', 2021, 6, 'Distributor - Direct', 'f9d0b90d-631a-4f45-982c-d8223bd65c0d', 'bf1116bd-6243-40ac-a4ad-96ab52e8e17c', '370.00000', '0.00000', '0.00000', '0.00000', '0.00000', '0.00000', '0.00000', '0.00000', '370.00000', '3.00000', '11.10000', '1.00000', '3.70000', '0.50000', '1.85000', '0.00000', '0.00000', '16.65000', '353.35000', '0.00000'),
('3aadf645-1a1d-4a61-9c81-f1a68d8fd7f8', 2021, 6, 'Distributor - Direct', 'f9d0b90d-631a-4f45-982c-d8223bd65c0d', 'c155ef3a-4bde-413e-875e-38277a0a564e', '366.00000', '0.00000', '0.00000', '0.00000', '0.00000', '0.00000', '0.00000', '0.00000', '366.00000', '3.00000', '10.98000', '1.00000', '3.66000', '0.50000', '1.83000', '0.00000', '0.00000', '16.47000', '349.53000', '0.00000'),
('3aadf645-1a1d-4a61-9c81-f1a68d8fd7f8', 2021, 6, 'Distributor - Direct', 'f9d0b90d-631a-4f45-982c-d8223bd65c0d', 'cb30331f-b148-4f33-943a-81b3a01c3b4d', '0.00000', '0.00000', '0.00000', '0.00000', '0.00000', '0.00000', '0.00000', '0.00000', '0.00000', '3.00000', '0.00000', '1.00000', '0.00000', '0.50000', '0.00000', '0.00000', '0.00000', '0.00000', '0.00000', '0.00000'),
('3aadf645-1a1d-4a61-9c81-f1a68d8fd7f8', 2021, 6, 'Distributor - Direct', 'f9d0b90d-631a-4f45-982c-d8223bd65c0d', 'd0b9f32a-483f-4a43-b15d-18d9681bf9c4', '366.00000', '0.00000', '0.00000', '0.00000', '0.00000', '0.00000', '0.00000', '0.00000', '366.00000', '3.00000', '10.98000', '1.00000', '3.66000', '0.50000', '1.83000', '0.00000', '0.00000', '16.47000', '349.53000', '0.00000'),
('3aadf645-1a1d-4a61-9c81-f1a68d8fd7f8', 2021, 6, 'Distributor - Direct', 'f9d0b90d-631a-4f45-982c-d8223bd65c0d', 'daba05ef-e204-426e-b143-cd3282ac756b', '366.00000', '0.00000', '0.00000', '0.00000', '0.00000', '0.00000', '0.00000', '0.00000', '366.00000', '3.00000', '10.98000', '1.00000', '3.66000', '0.50000', '1.83000', '0.00000', '0.00000', '16.47000', '349.53000', '0.00000'),
('3aadf645-1a1d-4a61-9c81-f1a68d8fd7f8', 2021, 6, 'Distributor - Direct', 'f9d0b90d-631a-4f45-982c-d8223bd65c0d', 'db8e584a-8e63-4195-b1e4-a238bd361f3d', '366.00000', '0.00000', '0.00000', '0.00000', '0.00000', '0.00000', '0.00000', '0.00000', '366.00000', '3.00000', '10.98000', '1.00000', '3.66000', '0.50000', '1.83000', '0.00000', '0.00000', '16.47000', '349.53000', '0.00000'),
('3aadf645-1a1d-4a61-9c81-f1a68d8fd7f8', 2021, 6, 'Distributor - Direct', 'f9d0b90d-631a-4f45-982c-d8223bd65c0d', 'e7f0ac7e-220e-4245-8d0f-51d74b0cd725', '370.00000', '0.00000', '0.00000', '0.00000', '0.00000', '0.00000', '0.00000', '0.00000', '370.00000', '3.00000', '11.10000', '1.00000', '3.70000', '0.50000', '1.85000', '0.00000', '0.00000', '16.65000', '353.35000', '0.00000'),
('3aadf645-1a1d-4a61-9c81-f1a68d8fd7f8', 2021, 6, 'Distributor - Direct', 'f9d0b90d-631a-4f45-982c-d8223bd65c0d', 'eab0ab71-31d4-4849-8bb6-fb4512d59e97', '400.00000', '0.00000', '0.00000', '0.00000', '0.00000', '0.00000', '0.00000', '0.00000', '400.00000', '3.00000', '12.00000', '1.00000', '4.00000', '0.50000', '2.00000', '0.00000', '0.00000', '18.00000', '382.00000', '0.00000');

-- --------------------------------------------------------

--
-- Table structure for table `sale_returns_fmcg`
--

CREATE TABLE `sale_returns_fmcg` (
  `id` varchar(36) COLLATE utf8mb4_unicode_ci NOT NULL,
  `do_id` varchar(36) COLLATE utf8mb4_unicode_ci DEFAULT NULL,
  `soa_id` varchar(36) COLLATE utf8mb4_unicode_ci DEFAULT NULL,
  `date` date DEFAULT NULL,
  `month` int(11) DEFAULT NULL,
  `cust_coa_id` varchar(36) COLLATE utf8mb4_unicode_ci DEFAULT NULL,
  `warehouse_id` varchar(36) COLLATE utf8mb4_unicode_ci DEFAULT NULL,
  `company_id` varchar(36) COLLATE utf8mb4_unicode_ci DEFAULT NULL,
  `note` varchar(255) COLLATE utf8mb4_unicode_ci DEFAULT NULL,
  `user_id` int(11) NOT NULL,
  `number` int(11) DEFAULT NULL,
  `created_at` timestamp NULL DEFAULT NULL,
  `updated_at` timestamp NULL DEFAULT NULL
) ENGINE=InnoDB DEFAULT CHARSET=utf8mb4 COLLATE=utf8mb4_unicode_ci;

--
-- Dumping data for table `sale_returns_fmcg`
--

INSERT INTO `sale_returns_fmcg` (`id`, `do_id`, `soa_id`, `date`, `month`, `cust_coa_id`, `warehouse_id`, `company_id`, `note`, `user_id`, `number`, `created_at`, `updated_at`) VALUES
('6c3cdf15-bc2f-45ea-9e70-b7c61d7b33b0', '9d948ede-c233-41bb-840e-86d61ae4f7e8', NULL, '2021-08-07', 2021, '145', 'ea05b523-f673-4b0a-af93-4696ef68589a', 'f9d0b90d-631a-4f45-982c-d8223bd65c0d', 'return 2021-08-07', 8, 1, '2021-08-07 06:57:49', NULL);

-- --------------------------------------------------------

--
-- Table structure for table `sale_return_detail_fmcg`
--

CREATE TABLE `sale_return_detail_fmcg` (
  `id` varchar(36) COLLATE utf8mb4_unicode_ci NOT NULL,
  `srn_id` varchar(36) COLLATE utf8mb4_unicode_ci DEFAULT NULL,
  `prod_id` varchar(36) COLLATE utf8mb4_unicode_ci DEFAULT NULL,
  `do_id` varchar(36) COLLATE utf8mb4_unicode_ci DEFAULT NULL,
  `unit` varchar(20) COLLATE utf8mb4_unicode_ci DEFAULT NULL,
  `qty_issue` decimal(12,5) DEFAULT NULL,
  `qty_return` decimal(12,5) DEFAULT NULL,
  `rate_code_id` varchar(36) COLLATE utf8mb4_unicode_ci DEFAULT NULL,
  `base_rate` decimal(12,5) DEFAULT NULL,
  `sales_tax` decimal(12,5) DEFAULT NULL,
  `fed` decimal(12,5) DEFAULT NULL,
  `further_tax` decimal(12,5) DEFAULT NULL,
  `inclusive_value` decimal(12,5) DEFAULT NULL,
  `lu` decimal(12,5) DEFAULT NULL,
  `freight` decimal(12,5) DEFAULT NULL,
  `other` decimal(12,5) DEFAULT NULL,
  `fixed_margin` decimal(12,5) DEFAULT NULL,
  `amount_before_discount` decimal(12,5) DEFAULT NULL,
  `trade_offer` decimal(12,5) DEFAULT NULL,
  `discount` decimal(12,5) DEFAULT NULL,
  `amount_after_discount` decimal(12,5) DEFAULT NULL,
  `adv_payment` decimal(12,5) DEFAULT NULL
) ENGINE=InnoDB DEFAULT CHARSET=utf8mb4 COLLATE=utf8mb4_unicode_ci;

--
-- Dumping data for table `sale_return_detail_fmcg`
--

INSERT INTO `sale_return_detail_fmcg` (`id`, `srn_id`, `prod_id`, `do_id`, `unit`, `qty_issue`, `qty_return`, `rate_code_id`, `base_rate`, `sales_tax`, `fed`, `further_tax`, `inclusive_value`, `lu`, `freight`, `other`, `fixed_margin`, `amount_before_discount`, `trade_offer`, `discount`, `amount_after_discount`, `adv_payment`) VALUES
('41599733-29bd-487b-a695-ebfc7a576d61', '6c3cdf15-bc2f-45ea-9e70-b7c61d7b33b0', '71b6bcc8-0436-41e2-8ceb-ade9a3065845', '9d948ede-c233-41bb-840e-86d61ae4f7e8', 'TRAY', '970.00000', '12.00000', '2cb2ff6e-4479-4fb9-a21a-e815c6718ad1', '355020.00000', '0.00000', '0.00000', '0.00000', '355020.00000', '3550.20000', '0.00000', '1775.10000', '10650.60000', '339044.10000', '39168.60000', '0.00000', '299875.50000', '0.00000');

-- --------------------------------------------------------

--
-- Table structure for table `sale_trade_offers`
--

CREATE TABLE `sale_trade_offers` (
  `id` varchar(36) COLLATE utf8mb4_unicode_ci NOT NULL,
  `prod_id` varchar(36) COLLATE utf8mb4_unicode_ci DEFAULT NULL,
  `number` int(11) DEFAULT NULL,
  `month` varchar(20) COLLATE utf8mb4_unicode_ci DEFAULT NULL,
  `from_date` date DEFAULT NULL,
  `to_date` date DEFAULT NULL,
  `status` varchar(15) COLLATE utf8mb4_unicode_ci DEFAULT NULL,
  `apply_on` varchar(36) COLLATE utf8mb4_unicode_ci DEFAULT NULL,
  `importance` varchar(10) COLLATE utf8mb4_unicode_ci DEFAULT NULL,
  `customer_category` varchar(36) COLLATE utf8mb4_unicode_ci DEFAULT NULL,
  `type` varchar(10) COLLATE utf8mb4_unicode_ci DEFAULT NULL,
  `from_qty` int(11) DEFAULT NULL,
  `to_qty` int(11) DEFAULT NULL,
  `repeat_on` int(11) DEFAULT NULL,
  `disc_percent` decimal(4,2) DEFAULT NULL,
  `disc_amount` decimal(10,2) DEFAULT NULL,
  `cust_id` varchar(36) COLLATE utf8mb4_unicode_ci DEFAULT NULL,
  `town` varchar(36) COLLATE utf8mb4_unicode_ci DEFAULT NULL,
  `free_prod_id` varchar(36) COLLATE utf8mb4_unicode_ci DEFAULT NULL,
  `free_qty` int(11) DEFAULT NULL,
  `note` varchar(100) COLLATE utf8mb4_unicode_ci DEFAULT NULL,
  `company_id` varchar(36) COLLATE utf8mb4_unicode_ci DEFAULT NULL
) ENGINE=InnoDB DEFAULT CHARSET=utf8mb4 COLLATE=utf8mb4_unicode_ci;

--
-- Dumping data for table `sale_trade_offers`
--

INSERT INTO `sale_trade_offers` (`id`, `prod_id`, `number`, `month`, `from_date`, `to_date`, `status`, `apply_on`, `importance`, `customer_category`, `type`, `from_qty`, `to_qty`, `repeat_on`, `disc_percent`, `disc_amount`, `cust_id`, `town`, `free_prod_id`, `free_qty`, `note`, `company_id`) VALUES
('e5ad6268-2452-4b1b-9f69-4eb44f686363', '001411ef-4f1a-4f7c-b1f4-26735f35503b', NULL, '2021', '2021-02-01', '2021-03-31', NULL, NULL, 'High', 'Distributor - Sole', 'Quantity', 1, 99999, 1, NULL, '8.65', NULL, NULL, NULL, NULL, NULL, NULL),
('e5ad6268-2452-4b1b-9f69-4eb44f686363', '332a9e3d-a1fb-4250-ae29-a8cd1fd2cdc6', NULL, '2021', '2021-02-01', '2021-03-31', NULL, NULL, 'High', 'Distributor - Sole', 'Quantity', 1, 99999, 1, NULL, '8.65', NULL, NULL, NULL, NULL, NULL, NULL),
('e5ad6268-2452-4b1b-9f69-4eb44f686363', '2964bb13-9fa9-448f-8282-69dbf8bd2a20', NULL, '2021', '2021-02-01', '2021-03-31', NULL, NULL, 'High', 'Distributor - Sole', 'Quantity', 1, 99999, 1, NULL, '8.65', NULL, NULL, NULL, NULL, NULL, NULL),
('71764145-b7bc-4dae-b302-0734dd7a141c', '70377159-1d37-41d7-86fd-ec24afbb19e2', NULL, '2021', '2021-02-01', '2021-03-31', NULL, NULL, 'High', 'Distributor - Sole', 'Quantity', 1, 999999, 1, NULL, '14.53', NULL, NULL, NULL, NULL, NULL, NULL),
('71764145-b7bc-4dae-b302-0734dd7a141c', '964c865f-ebb6-48d2-95cb-6d460e30c297', NULL, '2021', '2021-02-01', '2021-03-31', NULL, NULL, 'High', 'Distributor - Sole', 'Quantity', 1, 999999, 1, NULL, '14.53', NULL, NULL, NULL, NULL, NULL, NULL),
('71764145-b7bc-4dae-b302-0734dd7a141c', '0807433d-e109-4fc1-9e23-0379c3584936', NULL, '2021', '2021-02-01', '2021-03-31', NULL, NULL, 'High', 'Distributor - Sole', 'Quantity', 1, 999999, 1, NULL, '14.53', NULL, NULL, NULL, NULL, NULL, NULL),
('71764145-b7bc-4dae-b302-0734dd7a141c', 'b0c35bc5-c3f8-402e-99a0-5c2e1e0b80d9', NULL, '2021', '2021-02-01', '2021-03-31', NULL, NULL, 'High', 'Distributor - Sole', 'Quantity', 1, 999999, 1, NULL, '14.53', NULL, NULL, NULL, NULL, NULL, NULL),
('ef4c475f-1765-4144-bf9e-56e333dbc030', '23e365f2-6bdb-41ec-a24f-1f031bd26f8e', NULL, '2021', '2021-02-01', '2021-03-31', NULL, NULL, 'High', 'Distributor - Sole', 'Quantity', 1, 999999, 1, NULL, '39.45', NULL, NULL, NULL, NULL, NULL, NULL),
('ef4c475f-1765-4144-bf9e-56e333dbc030', '71b6bcc8-0436-41e2-8ceb-ade9a3065845', NULL, '2021', '2021-02-01', '2021-03-31', NULL, NULL, 'High', 'Distributor - Sole', 'Quantity', 1, 999999, 1, NULL, '39.45', NULL, NULL, NULL, NULL, NULL, NULL),
('ef4c475f-1765-4144-bf9e-56e333dbc030', '8c6b72ae-173d-4260-9887-fa0836b1f6e9', NULL, '2021', '2021-02-01', '2021-03-31', NULL, NULL, 'High', 'Distributor - Sole', 'Quantity', 1, 999999, 1, NULL, '39.45', NULL, NULL, NULL, NULL, NULL, NULL),
('ef4c475f-1765-4144-bf9e-56e333dbc030', 'c155ef3a-4bde-413e-875e-38277a0a564e', NULL, '2021', '2021-02-01', '2021-03-31', NULL, NULL, 'High', 'Distributor - Sole', 'Quantity', 1, 999999, 1, NULL, '39.45', NULL, NULL, NULL, NULL, NULL, NULL),
('ef4c475f-1765-4144-bf9e-56e333dbc030', 'd0b9f32a-483f-4a43-b15d-18d9681bf9c4', NULL, '2021', '2021-02-01', '2021-03-31', NULL, NULL, 'High', 'Distributor - Sole', 'Quantity', 1, 999999, 1, NULL, '39.45', NULL, NULL, NULL, NULL, NULL, NULL),
('ef4c475f-1765-4144-bf9e-56e333dbc030', 'daba05ef-e204-426e-b143-cd3282ac756b', NULL, '2021', '2021-02-01', '2021-03-31', NULL, NULL, 'High', 'Distributor - Sole', 'Quantity', 1, 999999, 1, NULL, '39.45', NULL, NULL, NULL, NULL, NULL, NULL),
('ef4c475f-1765-4144-bf9e-56e333dbc030', 'db8e584a-8e63-4195-b1e4-a238bd361f3d', NULL, '2021', '2021-02-01', '2021-03-31', NULL, NULL, 'High', 'Distributor - Sole', 'Quantity', 1, 999999, 1, NULL, '39.45', NULL, NULL, NULL, NULL, NULL, NULL),
('f4045da3-eed8-4be2-9f29-049ed1da7a40', '2964bb13-9fa9-448f-8282-69dbf8bd2a20', NULL, '2021', '2021-01-02', '2021-03-31', NULL, 'gross_amount', 'High', 'Distributor - Sole', 'Quantity', 1, 1000000, 1, NULL, '8.65', NULL, NULL, NULL, NULL, NULL, NULL),
('f4045da3-eed8-4be2-9f29-049ed1da7a40', '332a9e3d-a1fb-4250-ae29-a8cd1fd2cdc6', NULL, '2021', '2021-01-02', '2021-03-31', NULL, 'gross_amount', 'High', 'Distributor - Sole', 'Quantity', 1, 1000000, 1, NULL, '8.65', NULL, NULL, NULL, NULL, NULL, NULL),
('af3668af-ccb7-4a8b-a49a-1d79f7253186', '23e365f2-6bdb-41ec-a24f-1f031bd26f8e', NULL, '2021', '2021-03-01', '2021-03-01', NULL, 'gross_amount', 'High', 'Distributor - Sole', 'Quantity', 1, 10000000, 1, NULL, '40.38', NULL, NULL, NULL, NULL, NULL, NULL),
('af3668af-ccb7-4a8b-a49a-1d79f7253186', 'db8e584a-8e63-4195-b1e4-a238bd361f3d', NULL, '2021', '2021-03-01', '2021-03-01', NULL, 'gross_amount', 'High', 'Distributor - Sole', 'Quantity', 1, 10000000, 1, NULL, '40.38', NULL, NULL, NULL, NULL, NULL, NULL),
('af3668af-ccb7-4a8b-a49a-1d79f7253186', 'd0b9f32a-483f-4a43-b15d-18d9681bf9c4', NULL, '2021', '2021-03-01', '2021-03-01', NULL, 'gross_amount', 'High', 'Distributor - Sole', 'Quantity', 1, 10000000, 1, NULL, '40.38', NULL, NULL, NULL, NULL, NULL, NULL),
('af3668af-ccb7-4a8b-a49a-1d79f7253186', 'daba05ef-e204-426e-b143-cd3282ac756b', NULL, '2021', '2021-03-01', '2021-03-01', NULL, 'gross_amount', 'High', 'Distributor - Sole', 'Quantity', 1, 10000000, 1, NULL, '40.38', NULL, NULL, NULL, NULL, NULL, NULL),
('af3668af-ccb7-4a8b-a49a-1d79f7253186', '71b6bcc8-0436-41e2-8ceb-ade9a3065845', NULL, '2021', '2021-03-01', '2021-03-01', NULL, 'gross_amount', 'High', 'Distributor - Sole', 'Quantity', 1, 10000000, 1, NULL, '40.38', NULL, NULL, NULL, NULL, NULL, NULL),
('af3668af-ccb7-4a8b-a49a-1d79f7253186', '8c6b72ae-173d-4260-9887-fa0836b1f6e9', NULL, '2021', '2021-03-01', '2021-03-01', NULL, 'gross_amount', 'High', 'Distributor - Sole', 'Quantity', 1, 10000000, 1, NULL, '40.38', NULL, NULL, NULL, NULL, NULL, NULL),
('4c5e92db-f3dd-4f22-a816-779857d35960', '70377159-1d37-41d7-86fd-ec24afbb19e2', NULL, '2021', '2021-03-01', '2021-03-31', NULL, NULL, 'High', 'Distributor - Sole', 'Quantity', 1, 10000000, 0, NULL, '14.53', NULL, NULL, NULL, NULL, NULL, NULL),
('4c5e92db-f3dd-4f22-a816-779857d35960', '964c865f-ebb6-48d2-95cb-6d460e30c297', NULL, '2021', '2021-03-01', '2021-03-31', NULL, NULL, 'High', 'Distributor - Sole', 'Quantity', 1, 10000000, 0, NULL, '14.53', NULL, NULL, NULL, NULL, NULL, NULL),
('4c5e92db-f3dd-4f22-a816-779857d35960', 'b0c35bc5-c3f8-402e-99a0-5c2e1e0b80d9', NULL, '2021', '2021-03-01', '2021-03-31', NULL, NULL, 'High', 'Distributor - Sole', 'Quantity', 1, 10000000, 0, NULL, '14.53', NULL, NULL, NULL, NULL, NULL, NULL),
('4c5e92db-f3dd-4f22-a816-779857d35960', '0807433d-e109-4fc1-9e23-0379c3584936', NULL, '2021', '2021-03-01', '2021-03-31', NULL, NULL, 'High', 'Distributor - Sole', 'Quantity', 1, 10000000, 0, NULL, '14.53', NULL, NULL, NULL, NULL, NULL, NULL),
('f888d0b3-c337-43ed-be16-cbc3fc2c346f', '2964bb13-9fa9-448f-8282-69dbf8bd2a20', NULL, '2021', '2021-01-02', '2021-03-31', NULL, NULL, 'High', 'Distributor - Sole', 'Quantity', 1, 10000000, 1, NULL, '8.65', NULL, NULL, NULL, NULL, NULL, NULL),
('f888d0b3-c337-43ed-be16-cbc3fc2c346f', '332a9e3d-a1fb-4250-ae29-a8cd1fd2cdc6', NULL, '2021', '2021-01-02', '2021-03-31', NULL, NULL, 'High', 'Distributor - Sole', 'Quantity', 1, 10000000, 1, NULL, '8.65', NULL, NULL, NULL, NULL, NULL, NULL),
('0ba8541b-b55e-40b5-aeff-f24ad63d91bd', '8c6b72ae-173d-4260-9887-fa0836b1f6e9', NULL, '2021', '2021-01-02', '2021-03-31', NULL, NULL, 'High', 'Distributor - Sole', 'Quantity', 1, 10000000, 1, NULL, '40.38', NULL, NULL, NULL, NULL, NULL, NULL),
('0ba8541b-b55e-40b5-aeff-f24ad63d91bd', '23e365f2-6bdb-41ec-a24f-1f031bd26f8e', NULL, '2021', '2021-01-02', '2021-03-31', NULL, NULL, 'High', 'Distributor - Sole', 'Quantity', 1, 10000000, 1, NULL, '40.38', NULL, NULL, NULL, NULL, NULL, NULL),
('0ba8541b-b55e-40b5-aeff-f24ad63d91bd', '71b6bcc8-0436-41e2-8ceb-ade9a3065845', NULL, '2021', '2021-01-02', '2021-03-31', NULL, NULL, 'High', 'Distributor - Sole', 'Quantity', 1, 10000000, 1, NULL, '40.38', NULL, NULL, NULL, NULL, NULL, NULL),
('0ba8541b-b55e-40b5-aeff-f24ad63d91bd', 'd0b9f32a-483f-4a43-b15d-18d9681bf9c4', NULL, '2021', '2021-01-02', '2021-03-31', NULL, NULL, 'High', 'Distributor - Sole', 'Quantity', 1, 10000000, 1, NULL, '40.38', NULL, NULL, NULL, NULL, NULL, NULL),
('0ba8541b-b55e-40b5-aeff-f24ad63d91bd', 'daba05ef-e204-426e-b143-cd3282ac756b', NULL, '2021', '2021-01-02', '2021-03-31', NULL, NULL, 'High', 'Distributor - Sole', 'Quantity', 1, 10000000, 1, NULL, '40.38', NULL, NULL, NULL, NULL, NULL, NULL),
('8ba0cc4d-7e6a-4e70-9ece-4fa70d2de527', 'b0c35bc5-c3f8-402e-99a0-5c2e1e0b80d9', NULL, '2021', '2021-01-02', '2021-03-31', NULL, NULL, 'High', 'Distributor - Sole', 'Quantity', 1, 10000000, 1, NULL, '14.53', NULL, NULL, NULL, NULL, NULL, NULL),
('8ba0cc4d-7e6a-4e70-9ece-4fa70d2de527', '964c865f-ebb6-48d2-95cb-6d460e30c297', NULL, '2021', '2021-01-02', '2021-03-31', NULL, NULL, 'High', 'Distributor - Sole', 'Quantity', 1, 10000000, 1, NULL, '14.53', NULL, NULL, NULL, NULL, NULL, NULL),
('8ba0cc4d-7e6a-4e70-9ece-4fa70d2de527', '70377159-1d37-41d7-86fd-ec24afbb19e2', NULL, '2021', '2021-01-02', '2021-03-31', NULL, NULL, 'High', 'Distributor - Sole', 'Quantity', 1, 10000000, 1, NULL, '14.53', NULL, NULL, NULL, NULL, NULL, NULL),
('8ba0cc4d-7e6a-4e70-9ece-4fa70d2de527', '0807433d-e109-4fc1-9e23-0379c3584936', NULL, '2021', '2021-01-02', '2021-03-31', NULL, NULL, 'High', 'Distributor - Sole', 'Quantity', 1, 10000000, 1, NULL, '14.53', NULL, NULL, NULL, NULL, NULL, NULL),
('733cf79a-98e8-484a-9236-9290c1112654', '70377159-1d37-41d7-86fd-ec24afbb19e2', NULL, '2021', '2021-01-01', '2021-03-31', NULL, NULL, 'High', 'Distributor - Direct', 'Quantity', 1, 1000000, 1, NULL, '12.56', NULL, NULL, NULL, NULL, NULL, NULL),
('46ddd561-79ad-4a3c-b133-3cf201fba97e', '332a9e3d-a1fb-4250-ae29-a8cd1fd2cdc6', NULL, '2021', '2021-01-01', '2021-04-30', NULL, NULL, 'High', 'Distributor - Sole', 'Quantity', 1, 10000000, 1, NULL, '8.65', NULL, NULL, NULL, NULL, NULL, NULL),
('46ddd561-79ad-4a3c-b133-3cf201fba97e', '2964bb13-9fa9-448f-8282-69dbf8bd2a20', NULL, '2021', '2021-01-01', '2021-04-30', NULL, NULL, 'High', 'Distributor - Sole', 'Quantity', 1, 10000000, 1, NULL, '8.65', NULL, NULL, NULL, NULL, NULL, NULL),
('97c1c0a1-8a7b-42f8-81a7-02967d22ea0b', '23e365f2-6bdb-41ec-a24f-1f031bd26f8e', NULL, '2021', '2021-01-01', '2021-04-30', NULL, NULL, 'High', 'Distributor - Sole', 'Quantity', 1, 1000000, 1, NULL, '40.38', NULL, NULL, NULL, NULL, NULL, NULL),
('97c1c0a1-8a7b-42f8-81a7-02967d22ea0b', '8c6b72ae-173d-4260-9887-fa0836b1f6e9', NULL, '2021', '2021-01-01', '2021-04-30', NULL, NULL, 'High', 'Distributor - Sole', 'Quantity', 1, 1000000, 1, NULL, '40.38', NULL, NULL, NULL, NULL, NULL, NULL),
('97c1c0a1-8a7b-42f8-81a7-02967d22ea0b', '71b6bcc8-0436-41e2-8ceb-ade9a3065845', NULL, '2021', '2021-01-01', '2021-04-30', NULL, NULL, 'High', 'Distributor - Sole', 'Quantity', 1, 1000000, 1, NULL, '40.38', NULL, NULL, NULL, NULL, NULL, NULL),
('6be995b9-5fb6-4eb4-82fb-3349a6c92f1c', '0807433d-e109-4fc1-9e23-0379c3584936', NULL, '2021', '2021-01-01', '2021-04-30', NULL, NULL, 'High', 'Distributor - Sole', 'Quantity', 1, 1000000, 1, NULL, '14.53', NULL, NULL, NULL, NULL, NULL, NULL),
('6be995b9-5fb6-4eb4-82fb-3349a6c92f1c', '70377159-1d37-41d7-86fd-ec24afbb19e2', NULL, '2021', '2021-01-01', '2021-04-30', NULL, NULL, 'High', 'Distributor - Sole', 'Quantity', 1, 1000000, 1, NULL, '14.53', NULL, NULL, NULL, NULL, NULL, NULL),
('6be995b9-5fb6-4eb4-82fb-3349a6c92f1c', '964c865f-ebb6-48d2-95cb-6d460e30c297', NULL, '2021', '2021-01-01', '2021-04-30', NULL, NULL, 'High', 'Distributor - Sole', 'Quantity', 1, 1000000, 1, NULL, '14.53', NULL, NULL, NULL, NULL, NULL, NULL),
('6be995b9-5fb6-4eb4-82fb-3349a6c92f1c', 'b0c35bc5-c3f8-402e-99a0-5c2e1e0b80d9', NULL, '2021', '2021-01-01', '2021-04-30', NULL, NULL, 'High', 'Distributor - Sole', 'Quantity', 1, 1000000, 1, NULL, '14.53', NULL, NULL, NULL, NULL, NULL, NULL),
('f0b6bae6-f4fb-4044-88c1-84f3205012c3', '71b6bcc8-0436-41e2-8ceb-ade9a3065845', NULL, '2021', '2021-01-01', '2021-04-30', NULL, NULL, 'High', 'Distributor - Direct', 'Quantity', 1, 10000000, 1, NULL, '40.38', NULL, NULL, NULL, NULL, NULL, NULL),
('6021c84a-b6c8-45e6-87c4-cc92a45a6ae2', '70377159-1d37-41d7-86fd-ec24afbb19e2', NULL, '2021', '2021-01-01', '2021-04-30', NULL, NULL, 'High', 'Distributor - Direct', 'Quantity', 1, 1000000, 1, NULL, '12.56', NULL, NULL, NULL, NULL, NULL, NULL),
('6021c84a-b6c8-45e6-87c4-cc92a45a6ae2', '964c865f-ebb6-48d2-95cb-6d460e30c297', NULL, '2021', '2021-01-01', '2021-04-30', NULL, NULL, 'High', 'Distributor - Direct', 'Quantity', 1, 1000000, 1, NULL, '12.56', NULL, NULL, NULL, NULL, NULL, NULL),
('6021c84a-b6c8-45e6-87c4-cc92a45a6ae2', 'b0c35bc5-c3f8-402e-99a0-5c2e1e0b80d9', NULL, '2021', '2021-01-01', '2021-04-30', NULL, NULL, 'High', 'Distributor - Direct', 'Quantity', 1, 1000000, 1, NULL, '12.56', NULL, NULL, NULL, NULL, NULL, NULL),
('6021c84a-b6c8-45e6-87c4-cc92a45a6ae2', '0807433d-e109-4fc1-9e23-0379c3584936', NULL, '2021', '2021-01-01', '2021-04-30', NULL, NULL, 'High', 'Distributor - Direct', 'Quantity', 1, 1000000, 1, NULL, '12.56', NULL, NULL, NULL, NULL, NULL, NULL),
('50405e93-f6ea-4ab8-bacc-12b93566048c', '001411ef-4f1a-4f7c-b1f4-26735f35503b', 1, '2021', '2021-04-01', '2021-04-30', NULL, NULL, 'High', 'Distributor - Sole', 'Quantity', 1, 10000000, 1, NULL, '8.65', NULL, NULL, NULL, NULL, NULL, 'f9d0b90d-631a-4f45-982c-d8223bd65c0d'),
('50405e93-f6ea-4ab8-bacc-12b93566048c', '2964bb13-9fa9-448f-8282-69dbf8bd2a20', 1, '2021', '2021-04-01', '2021-04-30', NULL, NULL, 'High', 'Distributor - Sole', 'Quantity', 1, 10000000, 1, NULL, '8.65', NULL, NULL, NULL, NULL, NULL, 'f9d0b90d-631a-4f45-982c-d8223bd65c0d'),
('50405e93-f6ea-4ab8-bacc-12b93566048c', '332a9e3d-a1fb-4250-ae29-a8cd1fd2cdc6', 1, '2021', '2021-04-01', '2021-04-30', NULL, NULL, 'High', 'Distributor - Sole', 'Quantity', 1, 10000000, 1, NULL, '8.65', NULL, NULL, NULL, NULL, NULL, 'f9d0b90d-631a-4f45-982c-d8223bd65c0d'),
('7d5301fa-69df-4588-86fb-8061a444d482', '0807433d-e109-4fc1-9e23-0379c3584936', 3, '2021', '2021-04-01', '2021-06-30', NULL, NULL, 'High', 'Distributor - Sole', 'Quantity', 1, 10000000, 1, NULL, '16.15', NULL, NULL, NULL, NULL, NULL, 'f9d0b90d-631a-4f45-982c-d8223bd65c0d'),
('7d5301fa-69df-4588-86fb-8061a444d482', '70377159-1d37-41d7-86fd-ec24afbb19e2', 3, '2021', '2021-04-01', '2021-06-30', NULL, NULL, 'High', 'Distributor - Sole', 'Quantity', 1, 10000000, 1, NULL, '16.15', NULL, NULL, NULL, NULL, NULL, 'f9d0b90d-631a-4f45-982c-d8223bd65c0d'),
('7d5301fa-69df-4588-86fb-8061a444d482', '964c865f-ebb6-48d2-95cb-6d460e30c297', 3, '2021', '2021-04-01', '2021-06-30', NULL, NULL, 'High', 'Distributor - Sole', 'Quantity', 1, 10000000, 1, NULL, '16.15', NULL, NULL, NULL, NULL, NULL, 'f9d0b90d-631a-4f45-982c-d8223bd65c0d'),
('7d5301fa-69df-4588-86fb-8061a444d482', 'b0c35bc5-c3f8-402e-99a0-5c2e1e0b80d9', 3, '2021', '2021-04-01', '2021-06-30', NULL, NULL, 'High', 'Distributor - Sole', 'Quantity', 1, 10000000, 1, NULL, '16.15', NULL, NULL, NULL, NULL, NULL, 'f9d0b90d-631a-4f45-982c-d8223bd65c0d'),
('25940362-3907-4da8-a106-03986004c786', '23e365f2-6bdb-41ec-a24f-1f031bd26f8e', 4, '2021', '2021-04-01', '2021-04-02', NULL, NULL, 'High', 'Distributor - Sole', 'Quantity', 1, 10000000, 1, NULL, '15.38', NULL, NULL, NULL, NULL, NULL, 'f9d0b90d-631a-4f45-982c-d8223bd65c0d'),
('25940362-3907-4da8-a106-03986004c786', '71b6bcc8-0436-41e2-8ceb-ade9a3065845', 4, '2021', '2021-04-01', '2021-04-02', NULL, NULL, 'High', 'Distributor - Sole', 'Quantity', 1, 10000000, 1, NULL, '15.38', NULL, NULL, NULL, NULL, NULL, 'f9d0b90d-631a-4f45-982c-d8223bd65c0d'),
('25940362-3907-4da8-a106-03986004c786', '8c6b72ae-173d-4260-9887-fa0836b1f6e9', 4, '2021', '2021-04-01', '2021-04-02', NULL, NULL, 'High', 'Distributor - Sole', 'Quantity', 1, 10000000, 1, NULL, '15.38', NULL, NULL, NULL, NULL, NULL, 'f9d0b90d-631a-4f45-982c-d8223bd65c0d'),
('25940362-3907-4da8-a106-03986004c786', 'c155ef3a-4bde-413e-875e-38277a0a564e', 4, '2021', '2021-04-01', '2021-04-02', NULL, NULL, 'High', 'Distributor - Sole', 'Quantity', 1, 10000000, 1, NULL, '15.38', NULL, NULL, NULL, NULL, NULL, 'f9d0b90d-631a-4f45-982c-d8223bd65c0d'),
('25940362-3907-4da8-a106-03986004c786', 'd0b9f32a-483f-4a43-b15d-18d9681bf9c4', 4, '2021', '2021-04-01', '2021-04-02', NULL, NULL, 'High', 'Distributor - Sole', 'Quantity', 1, 10000000, 1, NULL, '15.38', NULL, NULL, NULL, NULL, NULL, 'f9d0b90d-631a-4f45-982c-d8223bd65c0d'),
('25940362-3907-4da8-a106-03986004c786', 'daba05ef-e204-426e-b143-cd3282ac756b', 4, '2021', '2021-04-01', '2021-04-02', NULL, NULL, 'High', 'Distributor - Sole', 'Quantity', 1, 10000000, 1, NULL, '15.38', NULL, NULL, NULL, NULL, NULL, 'f9d0b90d-631a-4f45-982c-d8223bd65c0d'),
('25940362-3907-4da8-a106-03986004c786', 'db8e584a-8e63-4195-b1e4-a238bd361f3d', 4, '2021', '2021-04-01', '2021-04-02', NULL, NULL, 'High', 'Distributor - Sole', 'Quantity', 1, 10000000, 1, NULL, '15.38', NULL, NULL, NULL, NULL, NULL, 'f9d0b90d-631a-4f45-982c-d8223bd65c0d');

-- --------------------------------------------------------

--
-- Table structure for table `sal_inovice_services`
--

CREATE TABLE `sal_inovice_services` (
  `id` bigint(20) UNSIGNED NOT NULL,
  `invoice_id` varchar(64) COLLATE utf8mb4_unicode_ci DEFAULT NULL,
  `services` varchar(64) COLLATE utf8mb4_unicode_ci DEFAULT NULL,
  `description` varchar(64) COLLATE utf8mb4_unicode_ci DEFAULT NULL,
  `amount` decimal(12,5) DEFAULT NULL
) ENGINE=InnoDB DEFAULT CHARSET=utf8mb4 COLLATE=utf8mb4_unicode_ci;

-- --------------------------------------------------------

--
-- Table structure for table `sal_inquiery`
--

CREATE TABLE `sal_inquiery` (
  `id` char(36) COLLATE utf8mb4_unicode_ci NOT NULL,
  `cust_id` varchar(36) COLLATE utf8mb4_unicode_ci DEFAULT NULL,
  `date` date DEFAULT NULL,
  `month` int(11) DEFAULT NULL,
  `number` int(11) DEFAULT NULL,
  `shiping_method` varchar(64) COLLATE utf8mb4_unicode_ci DEFAULT NULL,
  `payment_terms` varchar(64) COLLATE utf8mb4_unicode_ci DEFAULT NULL,
  `note` text COLLATE utf8mb4_unicode_ci DEFAULT NULL,
  `note2` text COLLATE utf8mb4_unicode_ci DEFAULT NULL,
  `status` varchar(64) COLLATE utf8mb4_unicode_ci DEFAULT NULL,
  `company_id` varchar(36) COLLATE utf8mb4_unicode_ci DEFAULT NULL,
  `created_by` bigint(20) DEFAULT NULL,
  `approved_by` bigint(20) DEFAULT NULL
) ENGINE=InnoDB DEFAULT CHARSET=utf8mb4 COLLATE=utf8mb4_unicode_ci;

--
-- Dumping data for table `sal_inquiery`
--

INSERT INTO `sal_inquiery` (`id`, `cust_id`, `date`, `month`, `number`, `shiping_method`, `payment_terms`, `note`, `note2`, `status`, `company_id`, `created_by`, `approved_by`) VALUES
('190d3c31-a108-4285-9e75-99b2b86ccd5c', '135', '2021-08-09', 2021, 1, NULL, NULL, 'send me 500kg Sugar', NULL, NULL, 'f9d0b90d-631a-4f45-982c-d8223bd65c0d', 8, NULL),
('4d087eaf-e5c2-4c1b-88c9-cc7f47235ff7', '140', '2021-08-09', 2021, 1, NULL, NULL, 'send me sugar 500kg', NULL, NULL, 'f9d0b90d-631a-4f45-982c-d8223bd65c0d', 8, NULL),
('5c10887b-73ee-43d0-baeb-c02a5302d220', '149', '2021-08-09', 2021, 1, NULL, NULL, NULL, NULL, NULL, 'f9d0b90d-631a-4f45-982c-d8223bd65c0d', 8, NULL),
('74b6f9a9-75dc-463e-a0fe-83be19f83a78', '135', '2021-08-09', 2021, 1, NULL, NULL, 'send me sugar 500kg', NULL, NULL, 'f9d0b90d-631a-4f45-982c-d8223bd65c0d', 8, NULL),
('8d461434-9ec0-4f05-aacc-fdcffd7e74a9', '140', '2021-08-09', 2021, 1, NULL, NULL, 'send me sugar 500kg', NULL, NULL, 'f9d0b90d-631a-4f45-982c-d8223bd65c0d', 8, NULL),
('a283a087-06da-4d84-9966-a71a769cd030', '144', '2021-08-09', 2021, 1, NULL, NULL, 'send me 500kg sugar', NULL, NULL, 'f9d0b90d-631a-4f45-982c-d8223bd65c0d', 8, NULL),
('a5f2de72-26e5-4c98-aa52-a517e70b332c', '149', '2021-08-09', 2021, 1, NULL, NULL, 'sen me 500kg sugar', NULL, NULL, 'f9d0b90d-631a-4f45-982c-d8223bd65c0d', 8, NULL),
('c5df828e-6e51-4b5b-afe2-a42fcd6da49c', '147', '2021-08-09', 2021, 1, NULL, NULL, 'send me a sugar quantity', NULL, NULL, 'f9d0b90d-631a-4f45-982c-d8223bd65c0d', 8, NULL),
('cb1f89af-03b3-4c18-856b-b97209967d32', '148', '2021-08-07', 2021, 1, NULL, NULL, 'safsdfsdf', NULL, NULL, 'f9d0b90d-631a-4f45-982c-d8223bd65c0d', 8, NULL),
('faa6e534-826c-43e9-85d4-9e82f0b0fbf4', '149', '2021-08-09', 2021, 1, NULL, NULL, 'name_ID', NULL, NULL, 'f9d0b90d-631a-4f45-982c-d8223bd65c0d', 8, NULL),
('feae9ef9-4113-4e5a-be10-6888e318d223', '135', '2021-08-09', 2021, 1, NULL, NULL, 'sen me 500kg sugar', NULL, NULL, 'f9d0b90d-631a-4f45-982c-d8223bd65c0d', 8, NULL);

-- --------------------------------------------------------

--
-- Table structure for table `sal_inquiry_details`
--

CREATE TABLE `sal_inquiry_details` (
  `id` char(36) COLLATE utf8mb4_unicode_ci NOT NULL,
  `inquiry_id` varchar(36) COLLATE utf8mb4_unicode_ci DEFAULT NULL,
  `prod_id` varchar(36) COLLATE utf8mb4_unicode_ci DEFAULT NULL,
  `qty` decimal(12,5) DEFAULT NULL,
  `instruction` varchar(500) COLLATE utf8mb4_unicode_ci DEFAULT NULL,
  `required_by` date DEFAULT NULL,
  `created_at` timestamp NULL DEFAULT NULL,
  `updated_at` timestamp NULL DEFAULT NULL
) ENGINE=InnoDB DEFAULT CHARSET=utf8mb4 COLLATE=utf8mb4_unicode_ci;

--
-- Dumping data for table `sal_inquiry_details`
--

INSERT INTO `sal_inquiry_details` (`id`, `inquiry_id`, `prod_id`, `qty`, `instruction`, `required_by`, `created_at`, `updated_at`) VALUES
('27f9bbbe-ba47-46fe-8654-56b2bf52787e', '5c10887b-73ee-43d0-baeb-c02a5302d220', 'f598a2d8-bf18-420d-9b40-80f60d090c8d', '25.00000', 'sfasd', NULL, NULL, NULL),
('347016e2-672a-47c8-8e03-73fc6976086b', 'a283a087-06da-4d84-9966-a71a769cd030', 'faf7282c-ef82-4f8c-bf4d-baf8f88b8d27', '12.00000', 'jadfkhfjd', '2021-08-09', NULL, NULL),
('876194fb-2fdb-47c9-a1d8-40b3814f8be3', 'c5df828e-6e51-4b5b-afe2-a42fcd6da49c', 'a698985e-880d-4ed4-aa99-8e7e7715d208', '20.00000', 'jadfkhfjd', '2021-08-09', NULL, NULL),
('9c43cd7e-885a-42cc-acea-5f972b7fd92f', '190d3c31-a108-4285-9e75-99b2b86ccd5c', '2aaa995b-d5f6-42d2-a078-228ded1cc5da', '12.00000', 'jadfkhfjd', '2021-08-09', NULL, NULL);

-- --------------------------------------------------------

--
-- Table structure for table `sal_inquiry_share`
--

CREATE TABLE `sal_inquiry_share` (
  `id` char(36) COLLATE utf8mb4_unicode_ci NOT NULL,
  `inquiry_id` varchar(36) COLLATE utf8mb4_unicode_ci DEFAULT NULL,
  `user_id` int(10) UNSIGNED DEFAULT NULL,
  `created_by` int(11) DEFAULT NULL,
  `deleted_by` int(11) DEFAULT NULL
) ENGINE=InnoDB DEFAULT CHARSET=utf8mb4 COLLATE=utf8mb4_unicode_ci;

-- --------------------------------------------------------

--
-- Table structure for table `sal_invoices`
--

CREATE TABLE `sal_invoices` (
  `id` varchar(36) COLLATE utf8mb4_unicode_ci NOT NULL,
  `cst_coa_id` varchar(36) COLLATE utf8mb4_unicode_ci DEFAULT NULL,
  `fmcg_do_id` varchar(36) COLLATE utf8mb4_unicode_ci DEFAULT NULL,
  `date` date DEFAULT NULL,
  `due_date` date DEFAULT NULL,
  `month` int(10) UNSIGNED DEFAULT NULL,
  `number` int(11) DEFAULT NULL,
  `recuring` varchar(60) COLLATE utf8mb4_unicode_ci DEFAULT NULL,
  `type` varchar(60) COLLATE utf8mb4_unicode_ci DEFAULT NULL,
  `payment_terms` varchar(60) COLLATE utf8mb4_unicode_ci DEFAULT NULL,
  `customer_ref` varchar(60) COLLATE utf8mb4_unicode_ci DEFAULT NULL,
  `cur_id` varchar(5) COLLATE utf8mb4_unicode_ci DEFAULT NULL,
  `cur_rate` decimal(14,2) DEFAULT NULL,
  `sale_coa_id` int(10) UNSIGNED DEFAULT NULL,
  `cost_center_id` varchar(36) COLLATE utf8mb4_unicode_ci DEFAULT NULL,
  `warehouse` varchar(36) COLLATE utf8mb4_unicode_ci DEFAULT NULL,
  `note` varchar(250) COLLATE utf8mb4_unicode_ci DEFAULT NULL,
  `status` varchar(64) COLLATE utf8mb4_unicode_ci DEFAULT NULL,
  `total_inv_amount` decimal(14,2) NOT NULL DEFAULT 0.00,
  `amount_received` decimal(14,2) NOT NULL DEFAULT 0.00,
  `payment_status` varchar(64) COLLATE utf8mb4_unicode_ci DEFAULT NULL,
  `stock_issue_status` varchar(64) COLLATE utf8mb4_unicode_ci DEFAULT NULL,
  `quot_id` varchar(64) COLLATE utf8mb4_unicode_ci DEFAULT NULL,
  `inq_id` varchar(64) COLLATE utf8mb4_unicode_ci DEFAULT NULL,
  `trans_id` varchar(64) COLLATE utf8mb4_unicode_ci DEFAULT NULL,
  `editable` int(11) NOT NULL DEFAULT 1,
  `company_id` varchar(64) COLLATE utf8mb4_unicode_ci DEFAULT NULL,
  `created_by` varchar(36) COLLATE utf8mb4_unicode_ci DEFAULT NULL,
  `updated_by` varchar(36) COLLATE utf8mb4_unicode_ci DEFAULT NULL,
  `delete` int(11) DEFAULT NULL,
  `created_at` timestamp NULL DEFAULT NULL,
  `updated_at` timestamp NULL DEFAULT NULL
) ENGINE=InnoDB DEFAULT CHARSET=utf8mb4 COLLATE=utf8mb4_unicode_ci;

--
-- Dumping data for table `sal_invoices`
--

INSERT INTO `sal_invoices` (`id`, `cst_coa_id`, `fmcg_do_id`, `date`, `due_date`, `month`, `number`, `recuring`, `type`, `payment_terms`, `customer_ref`, `cur_id`, `cur_rate`, `sale_coa_id`, `cost_center_id`, `warehouse`, `note`, `status`, `total_inv_amount`, `amount_received`, `payment_status`, `stock_issue_status`, `quot_id`, `inq_id`, `trans_id`, `editable`, `company_id`, `created_by`, `updated_by`, `delete`, `created_at`, `updated_at`) VALUES
('00b25f79-80c3-4a91-8920-f5b979a4ab2b', '139', NULL, '2021-08-09', '2021-08-09', 2021, 49, 'Monthly', '', '10 Days Credit', '5566', '1', '1.00', 67, NULL, NULL, 'adsaada', 'draft', '4200.00', '0.00', NULL, NULL, NULL, NULL, '279eac29-15e8-4f71-8fdd-aafbb2e17c71', 1, 'f9d0b90d-631a-4f45-982c-d8223bd65c0d', '8', NULL, 0, '2021-08-09 01:56:33', NULL),
('032c3cbe-44cc-40e3-9faf-ab2fee1b118c', '147', NULL, '2021-08-09', '2021-08-09', 2021, 37, 'Weekly', '', '15 Days Credit', '11122', '1', '1.00', 67, NULL, NULL, 'fffffffff', 'draft', '15000.00', '0.00', NULL, NULL, NULL, NULL, '8d55b86d-3fa1-43e5-b97c-30691522a528', 1, 'f9d0b90d-631a-4f45-982c-d8223bd65c0d', '8', NULL, 0, '2021-08-09 01:23:33', NULL),
('072c4829-ad03-4ed5-91d9-5a3912a50fa6', '139', '7a8f3f8d-5d67-499e-87bf-fd861c70d8f8', '2021-02-28', '2021-02-28', 2021, 8, NULL, NULL, NULL, NULL, NULL, NULL, NULL, NULL, 'ea05b523-f673-4b0a-af93-4696ef68589a', 'Sale Invoice Fmcg', NULL, '169541.78', '0.00', NULL, NULL, NULL, NULL, NULL, 1, 'f9d0b90d-631a-4f45-982c-d8223bd65c0d', '49', NULL, NULL, '2021-06-15 14:25:37', NULL),
('0d223abc-da9a-4046-931a-1ff41b005eea', '147', NULL, '2021-08-09', '2021-08-09', 2021, 34, 'Monthly', '', '15 Days Credit', '1122', '1', '1.00', 67, NULL, NULL, 'fffffffff', 'draft', '2100.00', '0.00', NULL, NULL, NULL, NULL, '975eabab-9267-4896-b036-919b415f66b2', 1, 'f9d0b90d-631a-4f45-982c-d8223bd65c0d', '8', NULL, 0, '2021-08-09 01:12:53', NULL),
('2397d815-cd77-40cd-a3b9-e7c378c66669', '135', '500cf88a-f732-4c0b-b107-fe7653ab6b32', '2021-02-27', '2021-02-27', 2021, 5, NULL, NULL, NULL, NULL, NULL, NULL, NULL, NULL, 'ea05b523-f673-4b0a-af93-4696ef68589a', 'Sale Invoice Fmcg', NULL, '846000.00', '846000.00', 'paid', NULL, NULL, NULL, NULL, 1, 'f9d0b90d-631a-4f45-982c-d8223bd65c0d', '49', NULL, NULL, '2021-06-15 13:51:37', NULL),
('23cbf475-47ef-44c2-8b83-b5c82b89c0ba', '147', 'ccd598fc-2be6-43a6-9901-f1c76ca84ee1', '2021-03-14', '2021-03-14', 2021, 15, NULL, NULL, NULL, NULL, NULL, NULL, NULL, NULL, 'ae3b0fe8-5f4c-4327-8624-748d572e9c27', 'Sale Invoice Fmcg', NULL, '235000.00', '22110.00', NULL, NULL, NULL, NULL, NULL, 1, 'f9d0b90d-631a-4f45-982c-d8223bd65c0d', '49', NULL, NULL, '2021-06-21 12:53:03', NULL),
('2a2e6821-8afa-47be-bff4-a7f28be96200', '135', 'dca20c74-d7be-4556-8eee-e9302f6ca87a', '2021-02-23', '2021-02-23', 2021, 10, NULL, NULL, NULL, NULL, NULL, NULL, NULL, NULL, 'ea05b523-f673-4b0a-af93-4696ef68589a', 'Sale Invoice Fmcg', NULL, '300930.00', '47220.00', NULL, NULL, NULL, NULL, NULL, 1, 'f9d0b90d-631a-4f45-982c-d8223bd65c0d', '49', NULL, NULL, '2021-06-15 14:35:13', NULL),
('3088f468-07f3-4edb-b892-4259b2b73011', '135', '0c31da63-4dbc-49f1-aa51-3fc5c85e9c8e', '2021-02-28', '2021-02-28', 2021, 6, NULL, NULL, NULL, NULL, NULL, NULL, NULL, NULL, 'ea05b523-f673-4b0a-af93-4696ef68589a', 'Sale Invoice Fmcg', NULL, '300930.00', '300930.00', 'paid', NULL, NULL, NULL, NULL, 1, 'f9d0b90d-631a-4f45-982c-d8223bd65c0d', '49', NULL, NULL, '2021-06-15 13:56:37', NULL),
('35d79ede-377f-4694-9174-9a9dc2af1bfc', '137', NULL, '2021-07-05', NULL, 2021, 29, NULL, NULL, NULL, NULL, NULL, NULL, NULL, NULL, 'ae3b0fe8-5f4c-4327-8624-748d572e9c27', 'Sale Invoice Fmcg', NULL, '19065.00', '0.00', NULL, NULL, NULL, NULL, NULL, 1, 'f9d0b90d-631a-4f45-982c-d8223bd65c0d', '8', NULL, NULL, '2021-07-05 09:58:42', NULL),
('36188a48-0916-4369-bb08-27811f648ab0', '147', NULL, '2021-08-09', '2021-08-09', 2021, 33, 'Monthly', '', '15 Days Credit', '1122', '1', '1.00', 67, NULL, NULL, 'fffffffff', 'draft', '2100.00', '0.00', NULL, NULL, NULL, NULL, '625dd1c4-1bcc-4371-b6b0-2a15abce6617', 1, 'f9d0b90d-631a-4f45-982c-d8223bd65c0d', '8', NULL, 0, '2021-08-09 01:12:32', NULL),
('3e0b3f77-dc69-476f-84c5-5a3111f1504d', '137', NULL, '2021-07-05', NULL, 2021, 26, NULL, NULL, NULL, NULL, NULL, NULL, NULL, NULL, 'ae3b0fe8-5f4c-4327-8624-748d572e9c27', 'Sale Invoice Fmcg', NULL, '19065.00', '0.00', NULL, NULL, NULL, NULL, NULL, 1, 'f9d0b90d-631a-4f45-982c-d8223bd65c0d', '8', NULL, NULL, '2021-07-05 09:55:11', NULL),
('3ef31a1d-2e76-442a-8a88-558c0d53c7ad', '137', NULL, '2021-07-05', NULL, 2021, 25, NULL, NULL, NULL, NULL, NULL, NULL, NULL, NULL, 'ae3b0fe8-5f4c-4327-8624-748d572e9c27', 'Sale Invoice Fmcg', NULL, '19065.00', '0.00', NULL, NULL, NULL, NULL, NULL, 1, 'f9d0b90d-631a-4f45-982c-d8223bd65c0d', '8', NULL, NULL, '2021-07-05 09:54:19', NULL),
('432220ef-9541-465c-a4cd-e99b195db094', '139', NULL, '2021-08-09', '2021-08-09', 2021, 53, 'Monthly', '', '10 Days Credit', '5566', '1', '1.00', 67, NULL, NULL, 'adsaada', 'draft', '4200.00', '0.00', NULL, NULL, NULL, NULL, '147c1283-62f1-4ddb-8fa3-7e5164014ee7', 1, 'f9d0b90d-631a-4f45-982c-d8223bd65c0d', '8', NULL, 0, '2021-08-09 02:02:00', NULL),
('46bf7ff6-ac73-45ee-ba53-1075fed07813', '137', NULL, '2021-07-05', NULL, 2021, 19, NULL, NULL, NULL, NULL, NULL, NULL, NULL, NULL, 'ae3b0fe8-5f4c-4327-8624-748d572e9c27', 'Sale Invoice Fmcg', NULL, '19065.00', '0.00', NULL, NULL, NULL, NULL, NULL, 1, 'f9d0b90d-631a-4f45-982c-d8223bd65c0d', '8', NULL, NULL, '2021-07-05 09:49:31', NULL),
('4793f847-80ad-4157-a82c-8a7251f3d011', '147', NULL, '2021-08-09', '2021-08-09', 2021, 38, 'Weekly', '', '15 Days Credit', '11122', '1', '1.00', 67, NULL, NULL, 'fffffffff', 'draft', '15000.00', '0.00', NULL, NULL, NULL, NULL, 'aa66667b-fc7f-42ad-9721-a017564289d8', 1, 'f9d0b90d-631a-4f45-982c-d8223bd65c0d', '8', NULL, 0, '2021-08-09 01:24:54', NULL),
('4a35af77-75dd-407d-837f-a57bb89f0eaa', '144', 'c7480ccf-491d-4204-9930-a5b4c77ab06b', '2021-03-02', '2021-03-02', 2021, 12, NULL, NULL, NULL, NULL, NULL, NULL, NULL, NULL, 'ea05b523-f673-4b0a-af93-4696ef68589a', 'Sale Invoice Fmcg', NULL, '921128.00', '0.00', NULL, NULL, NULL, NULL, NULL, 1, 'f9d0b90d-631a-4f45-982c-d8223bd65c0d', '49', NULL, NULL, '2021-06-21 12:50:11', NULL),
('4af3d40e-f061-4a84-9c80-06019a02e22f', '144', '11681244-c7a9-4117-a713-54d1dce6cbf7', '2021-03-14', '2021-03-14', 2021, 16, NULL, NULL, NULL, NULL, NULL, NULL, NULL, NULL, 'ae3b0fe8-5f4c-4327-8624-748d572e9c27', 'Sale Invoice Fmcg', NULL, '564000.00', '0.00', NULL, NULL, NULL, NULL, NULL, 1, 'f9d0b90d-631a-4f45-982c-d8223bd65c0d', '49', NULL, NULL, '2021-06-21 12:53:54', NULL),
('4e685d8b-3bd9-4e88-af2c-2f0e318b9797', '147', NULL, '2021-08-09', '2021-08-09', 2021, 40, 'Weekly', '', '15 Days Credit', '11122', '1', '1.00', 67, NULL, NULL, 'fffffffff', 'draft', '15000.00', '0.00', NULL, NULL, NULL, NULL, 'd0aabe59-ca6a-467f-a20a-e2ca5b7eb53d', 1, 'f9d0b90d-631a-4f45-982c-d8223bd65c0d', '8', NULL, 0, '2021-08-09 01:26:05', NULL),
('4f50cce9-38de-423e-a62e-af1f252c2b21', '147', NULL, '2021-08-09', '2021-08-09', 2021, 42, 'Weekly', '', '15 Days Credit', '11122', '1', '1.00', 67, NULL, NULL, 'fffffffff', 'draft', '15000.00', '0.00', NULL, NULL, NULL, NULL, 'f510bfa2-328b-4d91-b036-5414ce553ed5', 1, 'f9d0b90d-631a-4f45-982c-d8223bd65c0d', '8', NULL, 0, '2021-08-09 01:30:09', NULL),
('57442ecf-0131-4e2b-863c-65b32d4ceb00', '139', '90dd6506-8439-4cc2-9d61-a7c6b96b6c9d', '2021-02-28', '2021-02-28', 2021, 7, NULL, NULL, NULL, NULL, NULL, NULL, NULL, NULL, 'ea05b523-f673-4b0a-af93-4696ef68589a', 'Sale Invoice Fmcg', NULL, '211815.18', '200000.00', NULL, NULL, NULL, NULL, NULL, 1, 'f9d0b90d-631a-4f45-982c-d8223bd65c0d', '49', NULL, NULL, '2021-06-15 13:59:01', NULL),
('5af10b22-1f35-4a47-a689-cca6556f4560', '139', NULL, '2021-08-09', '2021-08-09', 2021, 52, 'Monthly', '', '10 Days Credit', '5566', '1', '1.00', 67, NULL, NULL, 'adsaada', 'draft', '4200.00', '0.00', NULL, NULL, NULL, NULL, 'f193c672-24f7-4219-a891-887104893291', 1, 'f9d0b90d-631a-4f45-982c-d8223bd65c0d', '8', NULL, 0, '2021-08-09 02:01:28', NULL),
('5c241c11-127f-4830-9026-7d9ffad87d6a', NULL, NULL, '2021-03-15', '2021-03-15', 2021, 17, NULL, NULL, NULL, NULL, NULL, NULL, NULL, NULL, NULL, 'Sale Invoice Fmcg', NULL, '846000.00', '835718.81', NULL, NULL, NULL, NULL, NULL, 1, 'f9d0b90d-631a-4f45-982c-d8223bd65c0d', '49', NULL, NULL, '2021-06-15 14:31:04', '2021-06-22 01:24:30'),
('6181c1cc-3f3b-4a03-86be-49a9d2d76583', '147', NULL, '2021-08-09', '2021-08-09', 2021, 35, 'Monthly', '', '15 Days Credit', '1122', '1', '1.00', 67, NULL, NULL, 'fffffffff', 'draft', '2100.00', '0.00', NULL, NULL, NULL, NULL, 'da96ca84-6802-4bbe-8d2a-4660c17d75f0', 1, 'f9d0b90d-631a-4f45-982c-d8223bd65c0d', '8', NULL, 0, '2021-08-09 01:17:26', NULL),
('64122d3d-4aa7-43b2-9f44-63a08151b0ba', '139', NULL, '2021-08-09', '2021-08-09', 2021, 44, 'Monthly', '', '10 Days Credit', '5566', '1', '1.00', 67, NULL, NULL, 'adsaada', 'draft', '4200.00', '0.00', NULL, NULL, NULL, NULL, 'd02a2f5d-337e-4d4e-9b33-1b798d9d326b', 1, 'f9d0b90d-631a-4f45-982c-d8223bd65c0d', '8', NULL, 0, '2021-08-09 01:46:43', NULL),
('66a28c86-21bf-4f4e-bdff-93d18278ab1f', '139', NULL, '2021-08-09', '2021-08-09', 2021, 54, 'Monthly', '', '10 Days Credit', '5566', '1', '1.00', 67, NULL, NULL, 'adsaada', 'draft', '4200.00', '0.00', NULL, NULL, NULL, NULL, '2b2e1143-b098-4154-a829-393604d7c437', 1, 'f9d0b90d-631a-4f45-982c-d8223bd65c0d', '8', NULL, 0, '2021-08-09 02:02:27', NULL),
('69f284c5-2ba3-4df1-b352-74c1d1b87267', '137', '4d3766a5-a893-42d4-9bc4-5155c097d5d2', '2021-02-21', '2021-02-21', 2021, 3, NULL, NULL, NULL, NULL, NULL, NULL, NULL, NULL, 'ea05b523-f673-4b0a-af93-4696ef68589a', 'Sale Invoice Fmcg', NULL, '282027.90', '150000.00', NULL, NULL, NULL, NULL, NULL, 1, 'f9d0b90d-631a-4f45-982c-d8223bd65c0d', '49', NULL, NULL, '2021-06-15 13:47:51', NULL),
('6c8e1a07-7d76-469e-a4bc-6fce08289ffc', '145', '9d948ede-c233-41bb-840e-86d61ae4f7e8', '2021-03-06', '2021-03-06', 2021, 13, NULL, NULL, NULL, NULL, NULL, NULL, NULL, NULL, 'ea05b523-f673-4b0a-af93-4696ef68589a', 'Sale Invoice Fmcg', NULL, '299875.50', '0.00', NULL, NULL, NULL, NULL, NULL, 1, 'f9d0b90d-631a-4f45-982c-d8223bd65c0d', '49', NULL, NULL, '2021-06-21 12:50:50', NULL),
('76eb71c8-96d4-4bc8-b6be-976836e2a227', '137', NULL, '2021-07-05', NULL, 2021, 24, NULL, NULL, NULL, NULL, NULL, NULL, NULL, NULL, 'ae3b0fe8-5f4c-4327-8624-748d572e9c27', 'Sale Invoice Fmcg', NULL, '19065.00', '0.00', NULL, NULL, NULL, NULL, NULL, 1, 'f9d0b90d-631a-4f45-982c-d8223bd65c0d', '8', NULL, NULL, '2021-07-05 09:53:05', NULL),
('7a2dd622-1f4f-4a9b-9a9e-0bd7a479bcf3', '139', NULL, '2021-08-09', '2021-08-09', 2021, 51, 'Monthly', '', '10 Days Credit', '5566', '1', '1.00', 67, NULL, NULL, 'adsaada', 'draft', '4200.00', '0.00', NULL, NULL, NULL, NULL, '7277d977-c80d-4f01-918f-21cab2731b51', 1, 'f9d0b90d-631a-4f45-982c-d8223bd65c0d', '8', NULL, 0, '2021-08-09 02:00:44', NULL),
('85cf0b6d-ed82-4259-80ec-0354a2ca0e76', '135', '89b1ba17-9426-476c-8441-1b6c17e123a0', '2021-02-22', '2021-02-22', 2021, 4, NULL, NULL, NULL, NULL, NULL, NULL, NULL, NULL, 'ea05b523-f673-4b0a-af93-4696ef68589a', 'Sale Invoice Fmcg', NULL, '1146349.19', '1146349.19', 'paid', NULL, NULL, NULL, NULL, 1, 'f9d0b90d-631a-4f45-982c-d8223bd65c0d', '49', NULL, NULL, '2021-06-15 13:50:46', NULL),
('868d0d59-d4e1-41d0-8de0-cef9fd2497fc', '147', NULL, '2021-08-09', '2021-08-09', 2021, 31, 'Monthly', 'c', '10 Days Credit', '1122', '1', '1.00', 67, NULL, NULL, 'sale invoice update', 'draft', '1260.00', '0.00', NULL, NULL, NULL, NULL, 'b9bcc406-db3a-4b6e-bce7-5ff2b91594c2', 1, 'f9d0b90d-631a-4f45-982c-d8223bd65c0d', '8', '8', 0, '2021-08-09 01:01:53', '2021-08-09 01:43:06'),
('8d36af65-a449-4ed6-af6b-76583911afd5', '137', NULL, '2021-07-05', NULL, 2021, 27, NULL, NULL, NULL, NULL, NULL, NULL, NULL, NULL, 'ae3b0fe8-5f4c-4327-8624-748d572e9c27', 'Sale Invoice Fmcg', NULL, '19065.00', '0.00', NULL, NULL, NULL, NULL, NULL, 1, 'f9d0b90d-631a-4f45-982c-d8223bd65c0d', '8', NULL, NULL, '2021-07-05 09:55:38', NULL),
('912f5972-69ba-4040-822c-d54a5b3a8c72', '137', NULL, '2021-07-05', NULL, 2021, 22, NULL, NULL, NULL, NULL, NULL, NULL, NULL, NULL, 'ae3b0fe8-5f4c-4327-8624-748d572e9c27', 'Sale Invoice Fmcg', NULL, '19065.00', '0.00', NULL, NULL, NULL, NULL, NULL, 1, 'f9d0b90d-631a-4f45-982c-d8223bd65c0d', '8', NULL, NULL, '2021-07-05 09:51:45', NULL),
('9383a318-8414-4742-a2d1-2069d7a97b20', '135', NULL, '2021-08-09', '2021-08-09', 2021, 43, 'Monthly', '', '15 Days Credit', '3344', '1', '1.00', 67, NULL, NULL, 'sssssssssssssss', 'draft', '2415.00', '0.00', NULL, NULL, NULL, NULL, '6e28100a-b691-4604-a33c-3608298ff848', 1, 'f9d0b90d-631a-4f45-982c-d8223bd65c0d', '8', NULL, 0, '2021-08-09 01:44:39', NULL),
('9e87f257-8bfd-4151-bb49-ed6e1ee26224', '147', NULL, '2021-08-09', '2021-08-09', 2021, 39, 'Weekly', '', '15 Days Credit', '11122', '1', '1.00', 67, NULL, NULL, 'fffffffff', 'draft', '15000.00', '0.00', NULL, NULL, NULL, NULL, '6e1b64eb-da93-48b7-933b-0dc15e6e3454', 1, 'f9d0b90d-631a-4f45-982c-d8223bd65c0d', '8', NULL, 0, '2021-08-09 01:25:32', NULL),
('a31a8c9c-c3df-47d1-be61-203f3ffa1d70', '146', 'eea40ddb-6050-4b4d-8bfd-e72cec65946b', '2021-03-12', '2021-03-12', 2021, 14, NULL, NULL, NULL, NULL, NULL, NULL, NULL, NULL, 'ae3b0fe8-5f4c-4327-8624-748d572e9c27', 'Sale Invoice Fmcg', NULL, '1066989.00', '0.00', NULL, NULL, NULL, NULL, NULL, 1, 'f9d0b90d-631a-4f45-982c-d8223bd65c0d', '49', NULL, NULL, '2021-06-21 12:52:04', NULL),
('a715f7f0-8c18-464b-9867-8b76fae94458', '144', NULL, '2021-08-09', '2021-08-09', 2021, 56, 'Monthly', 'c', '10 Days Credit', '000333', '1', '1.00', 67, NULL, NULL, 'wwwwddd', 'draft', '20212.50', '0.00', NULL, NULL, NULL, NULL, '54a2f8b5-bae1-4356-a1b6-3681238f6da4', 1, 'f9d0b90d-631a-4f45-982c-d8223bd65c0d', '8', '8', 0, '2021-08-09 02:29:51', '2021-08-09 03:32:23'),
('aa8ed33f-a714-40d2-8c70-0f3459815a76', '139', NULL, '2021-08-09', '2021-08-09', 2021, 46, 'Monthly', '', '10 Days Credit', '5566', '1', '1.00', 67, NULL, NULL, 'adsaada', 'draft', '4200.00', '0.00', NULL, NULL, NULL, NULL, '27136259-775c-4e93-a9a1-b36b0a4138b3', 1, 'f9d0b90d-631a-4f45-982c-d8223bd65c0d', '8', NULL, 0, '2021-08-09 01:54:34', NULL),
('b250ff77-090e-4e47-9da0-e0e1f0fc2658', '137', NULL, '2021-07-05', NULL, 2021, 21, NULL, NULL, NULL, NULL, NULL, NULL, NULL, NULL, 'ae3b0fe8-5f4c-4327-8624-748d572e9c27', 'Sale Invoice Fmcg', NULL, '19065.00', '0.00', NULL, NULL, NULL, NULL, NULL, 1, 'f9d0b90d-631a-4f45-982c-d8223bd65c0d', '8', NULL, NULL, '2021-07-05 09:51:41', NULL),
('b3cc0ace-bdba-4f94-91b2-511671bedb3a', '139', NULL, '2021-08-09', '2021-08-09', 2021, 48, 'Monthly', '', '10 Days Credit', '5566', '1', '1.00', 67, NULL, NULL, 'adsaada', 'draft', '4200.00', '0.00', NULL, NULL, NULL, NULL, '061b322d-7a20-4e91-94c6-13523ed22f48', 1, 'f9d0b90d-631a-4f45-982c-d8223bd65c0d', '8', NULL, 0, '2021-08-09 01:56:13', NULL),
('b46ee21e-c3e6-4e5d-8394-196784a48523', '135', '09036e8a-6c2a-43a1-a92f-4f3fc43a68fe', '2021-02-14', '2021-02-14', 2021, 1, NULL, NULL, NULL, NULL, NULL, NULL, NULL, NULL, 'ea05b523-f673-4b0a-af93-4696ef68589a', 'Sale Invoice Fmcg', NULL, '1274000.00', '1274000.00', 'paid', NULL, NULL, NULL, NULL, 1, 'f9d0b90d-631a-4f45-982c-d8223bd65c0d', '31', NULL, NULL, '2021-06-15 07:28:27', NULL),
('b923f553-e4d1-4d71-b47e-dde443948bdf', '154', NULL, '2021-08-09', '2021-08-09', 2021, 55, 'Monthly', 'c', '10 Days Credit', '0001', '1', '1.00', 67, NULL, NULL, 'wwwaaa', 'draft', '1050.00', '0.00', NULL, NULL, NULL, NULL, '9ade7eae-9704-4558-b3bc-0bbd6360ec1d', 1, 'f9d0b90d-631a-4f45-982c-d8223bd65c0d', '8', '8', 0, '2021-08-09 02:12:35', '2021-08-09 02:56:40'),
('b9536f86-bf8b-44b4-829a-b3be2d66aadd', '136', 'f16c6344-567f-40e8-be3a-7f5a43d51976', '2021-02-14', '2021-02-14', 2021, 2, NULL, NULL, NULL, NULL, NULL, NULL, NULL, NULL, 'ea05b523-f673-4b0a-af93-4696ef68589a', 'Sale Invoice Fmcg', NULL, '1161160.00', '1085500.00', NULL, NULL, NULL, NULL, NULL, 1, 'f9d0b90d-631a-4f45-982c-d8223bd65c0d', '49', NULL, NULL, '2021-06-15 13:40:21', NULL),
('ba068877-023b-4b43-8e9d-d1b829eb5b55', '147', NULL, '2021-08-09', '2021-08-09', 2021, 32, 'Monthly', '', '15 Days Credit', '1122', '1', '1.00', 67, NULL, NULL, 'fffffffff', 'draft', '2100.00', '0.00', NULL, NULL, NULL, NULL, 'db631c4b-faa4-4487-be17-2bf3bc9f6532', 1, 'f9d0b90d-631a-4f45-982c-d8223bd65c0d', '8', NULL, 0, '2021-08-09 01:06:45', NULL),
('bcf3131f-ca4a-407f-b440-d26c35edc1b8', '135', '7640958f-bcc9-4e0c-b6a4-a9d8aa23e154', '2021-02-23', '2021-02-23', 2021, 11, NULL, NULL, NULL, NULL, NULL, NULL, NULL, NULL, 'ea05b523-f673-4b0a-af93-4696ef68589a', 'Sale Invoice Fmcg', NULL, '155580.81', '0.00', NULL, NULL, NULL, NULL, NULL, 1, 'f9d0b90d-631a-4f45-982c-d8223bd65c0d', '49', NULL, NULL, '2021-06-16 05:55:06', NULL),
('c26a7239-3a8f-447b-8e9d-a7ac9b6919bf', '147', NULL, '2021-08-09', '2021-08-09', 2021, 41, 'Weekly', '', '15 Days Credit', '11122', '1', '1.00', 67, NULL, NULL, 'fffffffff', 'draft', '15000.00', '0.00', NULL, NULL, NULL, NULL, '498a0dac-f4d2-49eb-8d5f-5b9c2825549d', 1, 'f9d0b90d-631a-4f45-982c-d8223bd65c0d', '8', NULL, 0, '2021-08-09 01:28:52', NULL),
('c31f2d5e-a71f-479c-a423-957339aa922e', '139', NULL, '2021-08-09', '2021-08-09', 2021, 45, 'Monthly', '', '10 Days Credit', '5566', '1', '1.00', 67, NULL, NULL, 'adsaada', 'draft', '4200.00', '0.00', NULL, NULL, NULL, NULL, '1dc955f6-c77f-446c-9849-aadfb8dc5785', 1, 'f9d0b90d-631a-4f45-982c-d8223bd65c0d', '8', NULL, 0, '2021-08-09 01:53:25', NULL),
('c36e4e9f-2b25-41e1-8b5c-16afbc5418af', '137', NULL, '2021-07-05', NULL, 2021, 23, NULL, NULL, NULL, NULL, NULL, NULL, NULL, NULL, 'ae3b0fe8-5f4c-4327-8624-748d572e9c27', 'Sale Invoice Fmcg', NULL, '19065.00', '0.00', NULL, NULL, NULL, NULL, NULL, 1, 'f9d0b90d-631a-4f45-982c-d8223bd65c0d', '8', NULL, NULL, '2021-07-05 09:52:08', NULL),
('ccd5359d-5b7d-4620-9872-a0a476b8391a', '139', NULL, '2021-08-09', '2021-08-09', 2021, 47, 'Monthly', '', '10 Days Credit', '5566', '1', '1.00', 67, NULL, NULL, 'adsaada', 'draft', '4200.00', '0.00', NULL, NULL, NULL, NULL, '03463bde-590c-496b-bc93-bd6e91826853', 1, 'f9d0b90d-631a-4f45-982c-d8223bd65c0d', '8', NULL, 0, '2021-08-09 01:54:58', NULL),
('cf5fdecd-c6f5-4528-9354-bd397229bf8b', '137', NULL, '2021-07-05', NULL, 2021, 30, NULL, NULL, NULL, NULL, NULL, NULL, NULL, NULL, 'ae3b0fe8-5f4c-4327-8624-748d572e9c27', 'Sale Invoice Fmcg', NULL, '19065.00', '0.00', NULL, NULL, NULL, NULL, NULL, 1, 'f9d0b90d-631a-4f45-982c-d8223bd65c0d', '8', NULL, NULL, '2021-07-05 09:59:15', NULL),
('d724df4d-6ad2-491c-ac4d-a2265a87b78e', '139', NULL, '2021-08-09', '2021-08-09', 2021, 50, 'Monthly', '', '10 Days Credit', '5566', '1', '1.00', 67, NULL, NULL, 'adsaada', 'draft', '4200.00', '0.00', NULL, NULL, NULL, NULL, 'df4e5cd3-2855-4fb4-8d35-bd605b801b9e', 1, 'f9d0b90d-631a-4f45-982c-d8223bd65c0d', '8', NULL, 0, '2021-08-09 01:59:07', NULL),
('dbc0b589-8241-4f13-bb1d-d9290fb4d579', '149', NULL, '2021-08-10', '2021-08-10', 2021, 57, 'Weekly', 'Inventory', '45 Days Credit', NULL, '1', '1.00', 67, NULL, 'ae3b0fe8-5f4c-4327-8624-748d572e9c27', 'inventory product', 'draft', '21000.00', '21000.00', 'paid', NULL, NULL, NULL, '36fe7ca7-a379-4a94-b78c-e5acaf40fa7e', 1, 'f9d0b90d-631a-4f45-982c-d8223bd65c0d', '8', NULL, 0, '2021-08-10 00:33:47', NULL),
('dcd87138-56eb-43fe-ab0f-86b01942526a', '139', '3fa39f52-b7c3-4dd8-9364-6ea21175559e', '2021-06-29', '2021-06-29', 2021, 18, NULL, NULL, NULL, NULL, NULL, NULL, NULL, NULL, 'ea05b523-f673-4b0a-af93-4696ef68589a', 'Sale Invoice Fmcg', NULL, '82225.50', '0.00', NULL, NULL, NULL, NULL, NULL, 0, 'f9d0b90d-631a-4f45-982c-d8223bd65c0d', '8', NULL, NULL, '2021-06-29 04:16:22', NULL),
('e0dbe54f-1a5b-4430-a489-1193508daebf', '137', NULL, '2021-07-05', NULL, 2021, 28, NULL, NULL, NULL, NULL, NULL, NULL, NULL, NULL, 'ae3b0fe8-5f4c-4327-8624-748d572e9c27', 'Sale Invoice Fmcg', NULL, '19065.00', '0.00', NULL, NULL, NULL, NULL, NULL, 1, 'f9d0b90d-631a-4f45-982c-d8223bd65c0d', '8', NULL, NULL, '2021-07-05 09:56:46', NULL),
('e7745226-cbb5-4a66-aecb-ab40d1d190ab', '137', NULL, '2021-07-05', NULL, 2021, 20, NULL, NULL, NULL, NULL, NULL, NULL, NULL, NULL, 'ae3b0fe8-5f4c-4327-8624-748d572e9c27', 'Sale Invoice Fmcg', NULL, '19065.00', '0.00', NULL, NULL, NULL, NULL, NULL, 1, 'f9d0b90d-631a-4f45-982c-d8223bd65c0d', '8', NULL, NULL, '2021-07-05 09:49:55', NULL),
('ea9ae0ef-c2c9-4017-8adb-de9b010260c6', '147', NULL, '2021-08-09', '2021-08-09', 2021, 36, 'Weekly', '', '15 Days Credit', '11122', '1', '1.00', 67, NULL, NULL, 'fffffffff', 'draft', '15000.00', '0.00', NULL, NULL, NULL, NULL, '5246c099-c034-4a79-a0ea-f2d4469bfba0', 1, 'f9d0b90d-631a-4f45-982c-d8223bd65c0d', '8', NULL, 0, '2021-08-09 01:21:42', NULL),
('a1ee224a-b4ba-4af7-acaa-6bfc878ca7b0', '172', NULL, '2021-11-01', '2021-11-01', 2021, 58, 'Annual', '', NULL, NULL, '1', '1.00', 67, NULL, NULL, NULL, 'approved', '19500.00', '0.00', NULL, NULL, NULL, NULL, '39202b2e-9779-4714-a070-73ea05430c3e', 1, 'f9d0b90d-631a-4f45-982c-d8223bd65c0d', '8', NULL, 0, '2021-11-01 02:52:32', NULL),
('ad8c4ccd-7b84-43af-9f60-779e98bd7ecb', '172', NULL, '2021-11-01', '2021-11-01', 2021, 59, 'Annual', '', NULL, NULL, '1', '1.00', 67, NULL, NULL, NULL, 'approved', '19500.00', '0.00', NULL, NULL, NULL, NULL, 'a0420c59-8b12-4d34-b3d5-a7cf0fe41c5f', 1, 'f9d0b90d-631a-4f45-982c-d8223bd65c0d', '8', NULL, 0, '2021-11-01 03:14:33', NULL),
('b08fbb7c-4253-4802-a115-46035da706a1', '172', NULL, '2021-11-01', '2021-11-01', 2021, 60, 'Annual', '', NULL, NULL, '1', '1.00', 67, NULL, NULL, NULL, 'approved', '19500.00', '0.00', NULL, NULL, NULL, NULL, '6f3c4244-a8c1-48fb-8c95-1c348505eb04', 1, 'f9d0b90d-631a-4f45-982c-d8223bd65c0d', '8', NULL, 0, '2021-11-01 03:15:06', NULL),
('d55190a2-e784-4f6c-974c-1855776d7828', '175', NULL, '2021-11-01', '2021-11-01', 2021, 61, 'Annual', '', NULL, NULL, '1', '1.00', 67, NULL, NULL, 'ddd', 'approved', '19500.00', '0.00', NULL, NULL, NULL, NULL, 'b97f74c8-b3c5-4733-b578-39b603937362', 1, 'f9d0b90d-631a-4f45-982c-d8223bd65c0d', '8', NULL, 0, '2021-11-01 02:08:16', NULL);

-- --------------------------------------------------------

--
-- Table structure for table `sal_invoice_attachments`
--

CREATE TABLE `sal_invoice_attachments` (
  `id` bigint(20) UNSIGNED NOT NULL,
  `invoice_id` varchar(36) COLLATE utf8mb4_unicode_ci DEFAULT NULL,
  `file` varchar(50) COLLATE utf8mb4_unicode_ci DEFAULT NULL
) ENGINE=InnoDB DEFAULT CHARSET=utf8mb4 COLLATE=utf8mb4_unicode_ci;

-- --------------------------------------------------------

--
-- Table structure for table `sal_invoice_details`
--

CREATE TABLE `sal_invoice_details` (
  `id` char(36) COLLATE utf8mb4_unicode_ci NOT NULL,
  `invoice_id` varchar(36) COLLATE utf8mb4_unicode_ci DEFAULT NULL,
  `prod_id` varchar(64) COLLATE utf8mb4_unicode_ci DEFAULT NULL,
  `description` varchar(100) COLLATE utf8mb4_unicode_ci DEFAULT NULL,
  `qty_in_stock` decimal(15,4) DEFAULT NULL,
  `prod_unit` varchar(64) COLLATE utf8mb4_unicode_ci DEFAULT NULL,
  `qty_issue` decimal(12,5) DEFAULT NULL,
  `qty_balance` decimal(12,5) DEFAULT NULL,
  `qty` decimal(12,5) DEFAULT NULL,
  `rate` decimal(12,5) DEFAULT NULL,
  `amount` decimal(12,5) DEFAULT NULL,
  `disc_percent` decimal(12,5) DEFAULT NULL,
  `dics_amount` decimal(12,5) DEFAULT NULL,
  `tax_class` varchar(50) COLLATE utf8mb4_unicode_ci DEFAULT NULL,
  `tax_amount` decimal(12,5) DEFAULT NULL,
  `total_amount` decimal(12,5) DEFAULT NULL,
  `instruction` varchar(100) COLLATE utf8mb4_unicode_ci DEFAULT NULL,
  `required_by` date DEFAULT NULL
) ENGINE=InnoDB DEFAULT CHARSET=utf8mb4 COLLATE=utf8mb4_unicode_ci;

--
-- Dumping data for table `sal_invoice_details`
--

INSERT INTO `sal_invoice_details` (`id`, `invoice_id`, `prod_id`, `description`, `qty_in_stock`, `prod_unit`, `qty_issue`, `qty_balance`, `qty`, `rate`, `amount`, `disc_percent`, `dics_amount`, `tax_class`, `tax_amount`, `total_amount`, `instruction`, `required_by`) VALUES
('02d00514-34d5-49ca-b1b9-7e7bff9da84b', 'd724df4d-6ad2-491c-ac4d-a2265a87b78e', '26ac4b22-28ea-49eb-97fc-18eb3cf10907', 'APPLE CONCENTRATE', NULL, NULL, NULL, NULL, '20.00000', '200.00000', '4000.00000', NULL, NULL, 'Further Tax', '2.00000', '4200.00000', 'ssss', '2021-08-09'),
('03de302b-f9e0-41b6-9d9a-85c4322a9035', '432220ef-9541-465c-a4cd-e99b195db094', '26ac4b22-28ea-49eb-97fc-18eb3cf10907', 'APPLE CONCENTRATE', NULL, NULL, NULL, NULL, '20.00000', '200.00000', '4000.00000', NULL, NULL, 'Further Tax', '2.00000', '4200.00000', 'ssss', '2021-08-09'),
('2516f640-3b5f-414a-a84c-6d2d3729d94c', '7a2dd622-1f4f-4a9b-9a9e-0bd7a479bcf3', '26ac4b22-28ea-49eb-97fc-18eb3cf10907', 'APPLE CONCENTRATE', NULL, NULL, NULL, NULL, '20.00000', '200.00000', '4000.00000', NULL, NULL, 'Further Tax', '2.00000', '4200.00000', 'ssss', '2021-08-09'),
('25ad9160-9f5c-4627-929b-29657b146078', '66a28c86-21bf-4f4e-bdff-93d18278ab1f', '26ac4b22-28ea-49eb-97fc-18eb3cf10907', 'APPLE CONCENTRATE', NULL, NULL, NULL, NULL, '20.00000', '200.00000', '4000.00000', NULL, NULL, 'Further Tax', '2.00000', '4200.00000', 'ssss', '2021-08-09'),
('418cf1ff-a936-4f3a-b2fa-553e09904219', 'a715f7f0-8c18-464b-9867-8b76fae94458', 'cb5a1a7d-9dc6-49b7-9711-c007985762a5', '250ML-1X36-CARTON', NULL, NULL, NULL, NULL, '20.00000', '100.00000', '2000.00000', NULL, NULL, 'Further Tax', '1.00000', '2100.00000', 'dddd', '2021-08-09'),
('50269a12-afe9-4639-b455-1eba98c33e3b', 'b923f553-e4d1-4d71-b47e-dde443948bdf', '0928fe94-c46c-4316-a575-63fd0530a665', '250ML-STRAW', NULL, NULL, NULL, NULL, '10.00000', '100.00000', '1000.00000', NULL, NULL, 'Further Tax', '1.00000', '1050.00000', 'sssss', '2021-08-09'),
('67dd0af6-4ce7-45b6-8f82-50f2f0d2c75c', 'a715f7f0-8c18-464b-9867-8b76fae94458', 'a698985e-880d-4ed4-aa99-8e7e7715d208', 'CARAMEL COLOR', NULL, NULL, NULL, NULL, '15.00000', '150.00000', '2250.00000', NULL, NULL, 'Further Tax', '0.00000', '2362.50000', 'FFFF', '2021-08-09'),
('83650bc0-9d86-4b80-8242-bc8123b5ed2a', '5af10b22-1f35-4a47-a689-cca6556f4560', '26ac4b22-28ea-49eb-97fc-18eb3cf10907', 'APPLE CONCENTRATE', NULL, NULL, NULL, NULL, '20.00000', '200.00000', '4000.00000', NULL, NULL, 'Further Tax', '2.00000', '4200.00000', 'ssss', '2021-08-09'),
('93bcd61c-1264-4f72-a19b-25828e171663', 'dbc0b589-8241-4f13-bb1d-d9290fb4d579', 'ba1b0ca7-9cfd-4d61-a5a0-b95949117feb', '200ML-STRAW', NULL, NULL, NULL, NULL, '200.00000', '100.00000', '20000.00000', NULL, NULL, 'Fed', '3.00000', '21000.00000', 'inventory', '2021-08-10'),
('98cb88b7-a113-480c-973e-4cf8a285959b', '00b25f79-80c3-4a91-8920-f5b979a4ab2b', '26ac4b22-28ea-49eb-97fc-18eb3cf10907', 'APPLE CONCENTRATE', NULL, NULL, NULL, NULL, '20.00000', '200.00000', '4000.00000', NULL, NULL, 'Further Tax', '2.00000', '4200.00000', 'ssss', '2021-08-09'),
('db16bc76-253f-4613-a5b5-23e3e1b7a24c', 'a715f7f0-8c18-464b-9867-8b76fae94458', 'c1fd2b49-0aec-457e-aef6-f8af33604d34', '250ML-1X24-CARTON', NULL, NULL, NULL, NULL, '15.00000', '1000.00000', '15000.00000', NULL, NULL, 'Purchase Tax', '1.00000', '15750.00000', 'gggg', '2021-08-09'),
('440e2cb8-d9cf-4050-bc69-880b283c0ac9', 'b08fbb7c-4253-4802-a115-46035da706a1', 'a3157a27-0e5c-41c1-a5c8-61b78fcacf62', 'Odlogix.com with hosting : 25-10-2021 - 24-10-2022', NULL, NULL, '0.00000', '1.00000', '1.00000', '6500.00000', '6500.00000', NULL, NULL, '0', '0.00000', '6500.00000', NULL, NULL),
('41eed580-43a0-4efa-97bf-88eda1edd1cd', 'd55190a2-e784-4f6c-974c-1855776d7828', 'a3157a27-0e5c-41c1-a5c8-61b78fcacf62', 'Odlogix.com with hosting : 25-10-2021 - 24-10-2022', NULL, NULL, '0.00000', '1.00000', '1.00000', '6500.00000', '6500.00000', NULL, NULL, '0', '0.00000', '6500.00000', NULL, NULL),
('01b1bcc6-ee98-4af9-8d18-90ce8593a927', 'd55190a2-e784-4f6c-974c-1855776d7828', 'ba1b0ca7-9cfd-4d61-a5a0-b95949117feb', '9consulting.pk with hosting: 25-10-2021 - 24-10-2023 (2Years)', NULL, NULL, '0.00000', '2.00000', '2.00000', '6500.00000', '13000.00000', NULL, NULL, NULL, NULL, '13000.00000', NULL, NULL);

-- --------------------------------------------------------

--
-- Table structure for table `sal_invoice_tax`
--

CREATE TABLE `sal_invoice_tax` (
  `id` varchar(36) COLLATE utf8mb4_unicode_ci NOT NULL,
  `invoice_id` varchar(64) COLLATE utf8mb4_unicode_ci DEFAULT NULL,
  `tax_coa_id` bigint(20) UNSIGNED DEFAULT NULL,
  `tax_rate` decimal(6,3) DEFAULT NULL,
  `tax_amount` decimal(12,3) DEFAULT NULL,
  `disc_coa_id` int(11) DEFAULT NULL,
  `disc_rate` decimal(14,3) NOT NULL,
  `disc_amount` decimal(14,3) NOT NULL,
  `advance_amount` decimal(10,0) NOT NULL,
  `net_payable` decimal(14,3) NOT NULL,
  `created_at` timestamp NULL DEFAULT NULL,
  `updated_at` timestamp NULL DEFAULT NULL
) ENGINE=InnoDB DEFAULT CHARSET=utf8mb4 COLLATE=utf8mb4_unicode_ci;

--
-- Dumping data for table `sal_invoice_tax`
--

INSERT INTO `sal_invoice_tax` (`id`, `invoice_id`, `tax_coa_id`, `tax_rate`, `tax_amount`, `disc_coa_id`, `disc_rate`, `disc_amount`, `advance_amount`, `net_payable`, `created_at`, `updated_at`) VALUES
('48ef24ca-6747-4d42-ad58-64c0d8c89b4f', 'b923f553-e4d1-4d71-b47e-dde443948bdf', 70, '16.000', '168.000', 71, '12.000', '126.000', '600', '492.000', NULL, NULL),
('ad218ce4-c2eb-4e3d-87fb-f01b88794344', 'dbc0b589-8241-4f13-bb1d-d9290fb4d579', 70, '16.000', '3360.000', 71, '12.000', '2520.000', '10000', '11840.000', NULL, NULL),
('cfe137af-caf8-42ea-9ee8-2c765c5c2579', '66a28c86-21bf-4f4e-bdff-93d18278ab1f', 100, '5.000', '210.000', 71, '12.000', '504.000', '0', '3906.000', NULL, NULL),
('f6b290e0-3e0c-4d53-9b7a-3601f8425244', 'a715f7f0-8c18-464b-9867-8b76fae94458', 71, '5.000', '1010.630', 71, '12.000', '2425.500', '10000', '8797.630', NULL, NULL),
('cfe5e303-3c08-43b9-b609-5d694e3ffe54', 'd55190a2-e784-4f6c-974c-1855776d7828', NULL, '0.000', '0.000', NULL, '0.000', '0.000', '0', '19500.000', NULL, NULL);

-- --------------------------------------------------------

--
-- Table structure for table `sal_quotation`
--

CREATE TABLE `sal_quotation` (
  `id` char(36) COLLATE utf8mb4_unicode_ci NOT NULL,
  `inquiry_id` varchar(36) COLLATE utf8mb4_unicode_ci DEFAULT NULL,
  `cust_id` varchar(36) COLLATE utf8mb4_unicode_ci DEFAULT NULL,
  `date` date DEFAULT NULL,
  `month` int(11) DEFAULT NULL,
  `number` int(11) DEFAULT NULL,
  `shiping_method` varchar(64) COLLATE utf8mb4_unicode_ci DEFAULT NULL,
  `payment_terms` varchar(64) COLLATE utf8mb4_unicode_ci DEFAULT NULL,
  `note` text COLLATE utf8mb4_unicode_ci DEFAULT NULL,
  `note_2` text COLLATE utf8mb4_unicode_ci DEFAULT NULL,
  `company_id` varchar(36) COLLATE utf8mb4_unicode_ci DEFAULT NULL,
  `status` varchar(64) COLLATE utf8mb4_unicode_ci DEFAULT NULL,
  `created_by` bigint(20) DEFAULT NULL,
  `approved_by` bigint(20) DEFAULT NULL,
  `created_at` datetime DEFAULT NULL,
  `updated_by` bigint(20) DEFAULT NULL
) ENGINE=InnoDB DEFAULT CHARSET=utf8mb4 COLLATE=utf8mb4_unicode_ci;

--
-- Dumping data for table `sal_quotation`
--

INSERT INTO `sal_quotation` (`id`, `inquiry_id`, `cust_id`, `date`, `month`, `number`, `shiping_method`, `payment_terms`, `note`, `note_2`, `company_id`, `status`, `created_by`, `approved_by`, `created_at`, `updated_by`) VALUES
('515bcc1a-ab6f-437e-aa4d-a477297d1e54', NULL, 'f1d0c7df-9dfc-4669-a657-2dcb7832c146', NULL, 2021, NULL, NULL, NULL, 'sugar quantity 50kg', NULL, 'f9d0b90d-631a-4f45-982c-d8223bd65c0d', NULL, 8, NULL, NULL, 8);

-- --------------------------------------------------------

--
-- Table structure for table `sal_quotation_attachments`
--

CREATE TABLE `sal_quotation_attachments` (
  `id` bigint(20) UNSIGNED NOT NULL,
  `quot_id` varchar(36) COLLATE utf8mb4_unicode_ci DEFAULT NULL,
  `file` varchar(50) COLLATE utf8mb4_unicode_ci DEFAULT NULL
) ENGINE=InnoDB DEFAULT CHARSET=utf8mb4 COLLATE=utf8mb4_unicode_ci;

-- --------------------------------------------------------

--
-- Table structure for table `sal_quotation_details`
--

CREATE TABLE `sal_quotation_details` (
  `id` bigint(20) UNSIGNED NOT NULL,
  `quot_id` varchar(36) COLLATE utf8mb4_unicode_ci DEFAULT NULL,
  `prod_id` varchar(36) COLLATE utf8mb4_unicode_ci DEFAULT NULL,
  `qty` decimal(12,5) UNSIGNED DEFAULT NULL,
  `unit` varchar(36) COLLATE utf8mb4_unicode_ci DEFAULT NULL,
  `rate` decimal(12,5) DEFAULT NULL,
  `amount` decimal(12,5) DEFAULT NULL,
  `tax_class` varchar(36) COLLATE utf8mb4_unicode_ci DEFAULT NULL,
  `tax_amount` decimal(12,5) DEFAULT NULL,
  `total_amount` decimal(12,5) DEFAULT NULL,
  `instruction` varchar(100) COLLATE utf8mb4_unicode_ci DEFAULT NULL,
  `required_by` date DEFAULT NULL
) ENGINE=InnoDB DEFAULT CHARSET=utf8mb4 COLLATE=utf8mb4_unicode_ci;

--
-- Dumping data for table `sal_quotation_details`
--

INSERT INTO `sal_quotation_details` (`id`, `quot_id`, `prod_id`, `qty`, `unit`, `rate`, `amount`, `tax_class`, `tax_amount`, `total_amount`, `instruction`, `required_by`) VALUES
(3, '515bcc1a-ab6f-437e-aa4d-a477297d1e54', 'f598a2d8-bf18-420d-9b40-80f60d090c8d', '20.00000', NULL, '120.00000', '2400.00000', 'Fed', '120.00000', '2520.00000', 'jadfkhfjd', '2021-08-09');

-- --------------------------------------------------------

--
-- Table structure for table `sal_sale_orders`
--

CREATE TABLE `sal_sale_orders` (
  `id` varchar(36) CHARACTER SET utf8mb4 COLLATE utf8mb4_unicode_ci NOT NULL,
  `cst_coa_id` varchar(36) CHARACTER SET utf8mb4 COLLATE utf8mb4_unicode_ci DEFAULT NULL,
  `date` date DEFAULT NULL,
  `month` int(10) UNSIGNED DEFAULT NULL,
  `number` int(11) DEFAULT NULL,
  `payment_terms` varchar(60) CHARACTER SET utf8mb4 COLLATE utf8mb4_unicode_ci DEFAULT NULL,
  `customer_ref` varchar(60) CHARACTER SET utf8mb4 COLLATE utf8mb4_unicode_ci DEFAULT NULL,
  `cur_id` varchar(5) CHARACTER SET utf8mb4 COLLATE utf8mb4_unicode_ci DEFAULT NULL,
  `cur_rate` decimal(14,2) DEFAULT NULL,
  `cost_center_id` varchar(36) CHARACTER SET utf8mb4 COLLATE utf8mb4_unicode_ci DEFAULT NULL,
  `warehouse` varchar(36) CHARACTER SET utf8mb4 COLLATE utf8mb4_unicode_ci DEFAULT NULL,
  `note` varchar(250) CHARACTER SET utf8mb4 COLLATE utf8mb4_unicode_ci DEFAULT NULL,
  `status` varchar(64) CHARACTER SET utf8mb4 COLLATE utf8mb4_unicode_ci DEFAULT NULL,
  `total_amount` decimal(14,2) NOT NULL DEFAULT 0.00,
  `quot_id` varchar(64) CHARACTER SET utf8mb4 COLLATE utf8mb4_unicode_ci DEFAULT NULL,
  `inq_id` varchar(64) CHARACTER SET utf8mb4 COLLATE utf8mb4_unicode_ci DEFAULT NULL,
  `editable` int(11) NOT NULL DEFAULT 1,
  `company_id` varchar(64) CHARACTER SET utf8mb4 COLLATE utf8mb4_unicode_ci DEFAULT NULL,
  `created_by` varchar(36) CHARACTER SET utf8mb4 COLLATE utf8mb4_unicode_ci DEFAULT NULL,
  `updated_by` varchar(36) CHARACTER SET utf8mb4 COLLATE utf8mb4_unicode_ci DEFAULT NULL,
  `delete` int(11) DEFAULT NULL,
  `created_at` timestamp NULL DEFAULT NULL,
  `updated_at` timestamp NULL DEFAULT NULL
) ENGINE=InnoDB DEFAULT CHARSET=latin1;

--
-- Dumping data for table `sal_sale_orders`
--

INSERT INTO `sal_sale_orders` (`id`, `cst_coa_id`, `date`, `month`, `number`, `payment_terms`, `customer_ref`, `cur_id`, `cur_rate`, `cost_center_id`, `warehouse`, `note`, `status`, `total_amount`, `quot_id`, `inq_id`, `editable`, `company_id`, `created_by`, `updated_by`, `delete`, `created_at`, `updated_at`) VALUES
('3a439917-83b1-45a4-a85d-9878415b5949', '136', '2021-09-14', 2021, 1, 'Bank Payment', 'cst ref 001', '1', '1.00', NULL, 'ae3b0fe8-5f4c-4327-8624-748d572e9c27', 'note 1', 'draft', '7875.00', NULL, NULL, 1, 'f9d0b90d-631a-4f45-982c-d8223bd65c0d', NULL, '8', 0, '2021-09-11 13:46:50', '2021-09-11 13:46:50'),
('5144e818-12d9-46c6-8a54-445a08f78392', '140', '2021-09-14', 2021, 2, '45 Days Credit', 'Cust Ref.', '1', '1.00', NULL, 'ae3b0fe8-5f4c-4327-8624-748d572e9c27', 'Note 001', 'Pending', '645.75', NULL, NULL, 1, 'f9d0b90d-631a-4f45-982c-d8223bd65c0d', NULL, '8', 0, '2021-09-11 14:38:14', '2021-09-11 14:38:14'),
('dd77ec10-c4f2-494a-b177-7c1ec384dd95', '140', '2021-09-14', 2021, 3, '45 Days Credit', 'Cust Ref.', '1', '1.00', NULL, 'ae3b0fe8-5f4c-4327-8624-748d572e9c27', 'Note 001', 'draft', '645.75', NULL, NULL, 1, 'f9d0b90d-631a-4f45-982c-d8223bd65c0d', NULL, '8', 0, '2021-09-11 14:39:40', '2021-09-11 14:39:40'),
('ed611969-d985-451d-a02e-65e22d9e2104', '140', '2021-09-14', 2021, 4, '45 Days Credit', 'Cust Ref.', '1', '1.00', NULL, 'ae3b0fe8-5f4c-4327-8624-748d572e9c', 'Note 001', 'Pending', '645.75', NULL, NULL, 1, 'f9d0b90d-631a-4f45-982c-d8223bd65c0', NULL, '8', 0, '2021-09-11 15:19:53', '2021-09-11 15:19:53'),
('9c26eb73-9e9c-490f-8315-75c8c490b19f', '140', '2021-09-14', 2021, 555, '45 Days Credit', 'Cust Ref.', '1', '1.00', NULL, 'ae3b0fe8-5f4c-4327-8624-748d572e9c27', 'Note 001-2', 'Pending', '6224.40', NULL, NULL, 1, 'f9d0b90d-631a-4f45-982c-d8223bd65c0d', NULL, '8', 0, '2021-09-11 15:20:28', '2021-09-11 17:28:18'),
('6c5dbf2f-ab37-4fa2-bb83-db2ece72351c', '147', '2021-09-13', 2021, 556, '45 Days Credit', 'vs ref', '1', '1.00', NULL, 'ae3b0fe8-5f4c-4327-8624-748d572e9c27', 'Demo Note by ote', 'Completed', '1312.50', NULL, NULL, 1, 'f9d0b90d-631a-4f45-982c-d8223bd65c0d', NULL, '8', 0, '2021-09-12 15:58:59', '2021-09-12 15:58:59'),
('5639c21c-2213-4d88-9d52-e0a62f27c3b4', '135', '2021-09-13', 2021, 557, '45 Days Credit', 'HT-001', '1', '1.00', NULL, 'ae3b0fe8-5f4c-4327-8624-748d572e9c27', 'Same order with diff value of 2021-0555', 'Pending', '11856.25', NULL, NULL, 1, 'f9d0b90d-631a-4f45-982c-d8223bd65c0d', NULL, '8', 0, '2021-09-13 14:42:37', '2021-09-13 14:42:37'),
('6688e8f5-ef54-441d-8462-e75789d9c217', '135', '2021-09-14', 2021, 558, '30 Days Credit', 'Cus Ref', '1', '1.00', NULL, 'ae3b0fe8-5f4c-4327-8624-748d572e9c27', 'Note one', 'Pending', '31621.00', NULL, NULL, 1, 'f9d0b90d-631a-4f45-982c-d8223bd65c0d', NULL, '8', 0, '2021-09-14 16:48:18', '2021-09-14 16:48:18');

-- --------------------------------------------------------

--
-- Table structure for table `sal_sale_order_details`
--

CREATE TABLE `sal_sale_order_details` (
  `id` double NOT NULL,
  `sale_orders_id` varchar(36) CHARACTER SET utf8mb4 COLLATE utf8mb4_unicode_ci DEFAULT NULL,
  `prod_id` varchar(64) CHARACTER SET utf8mb4 COLLATE utf8mb4_unicode_ci DEFAULT NULL,
  `description` varchar(100) CHARACTER SET utf8mb4 COLLATE utf8mb4_unicode_ci DEFAULT NULL,
  `qty_in_stock` decimal(15,4) DEFAULT NULL,
  `prod_unit` varchar(64) CHARACTER SET utf8mb4 COLLATE utf8mb4_unicode_ci DEFAULT NULL,
  `qty` decimal(12,5) DEFAULT NULL,
  `qty_issue` decimal(12,5) DEFAULT NULL,
  `qty_balance` decimal(12,5) DEFAULT NULL,
  `rate` decimal(12,5) DEFAULT NULL,
  `amount` decimal(12,5) DEFAULT NULL,
  `disc_percent` decimal(12,5) DEFAULT NULL,
  `dics_amount` decimal(12,5) DEFAULT NULL,
  `tax_class` varchar(50) CHARACTER SET utf8mb4 COLLATE utf8mb4_unicode_ci DEFAULT NULL,
  `tax_amount` decimal(12,5) DEFAULT NULL,
  `total_amount` decimal(12,5) DEFAULT NULL,
  `instruction` varchar(100) CHARACTER SET utf8mb4 COLLATE utf8mb4_unicode_ci DEFAULT NULL,
  `required_by` date DEFAULT NULL
) ENGINE=InnoDB DEFAULT CHARSET=latin1;

--
-- Dumping data for table `sal_sale_order_details`
--

INSERT INTO `sal_sale_order_details` (`id`, `sale_orders_id`, `prod_id`, `description`, `qty_in_stock`, `prod_unit`, `qty`, `qty_issue`, `qty_balance`, `rate`, `amount`, `disc_percent`, `dics_amount`, `tax_class`, `tax_amount`, `total_amount`, `instruction`, `required_by`) VALUES
(1, 'dd77ec10-c4f2-494a-b177-7c1ec384dd95', 'f598a2d8-bf18-420d-9b40-80f60d090c8d', '125ML-STRAW', '360.0000', 'Pcs', '12.00000', '0.00000', '12.00000', '20.00000', '240.00000', NULL, NULL, 'Fed', '3.00000', '252.00000', 'no inst', NULL),
(2, 'dd77ec10-c4f2-494a-b177-7c1ec384dd95', '0928fe94-c46c-4316-a575-63fd0530a665', '250ML-STRAW', '105.0000', 'Pcs', '15.00000', '0.00000', '15.00000', '25.00000', '375.00000', NULL, NULL, 'Fed', '2.00000', '393.75000', 'Goo to deliver', NULL),
(3, 'ed611969-d985-451d-a02e-65e22d9e2104', 'f598a2d8-bf18-420d-9b40-80f60d090c8d', '125ML-STRAW', '360.0000', 'Pcs', '12.00000', '0.00000', '12.00000', '20.00000', '240.00000', NULL, NULL, 'Fed', '3.00000', '252.00000', 'no inst', NULL),
(4, 'ed611969-d985-451d-a02e-65e22d9e2104', '0928fe94-c46c-4316-a575-63fd0530a665', '250ML-STRAW', '105.0000', 'Pcs', '15.00000', '0.00000', '15.00000', '25.00000', '375.00000', NULL, NULL, 'Fed', '2.00000', '393.75000', 'Goo to deliver', NULL),
(34, '9c26eb73-9e9c-490f-8315-75c8c490b19f', 'f598a2d8-bf18-420d-9b40-80f60d090c8d', '125ML-STRAW-1', '360.0000', 'Pcs', '12.00000', '1.00000', '11.00000', '20.00000', '240.00000', NULL, NULL, 'Fed', '4.00000', '252.00000', 'no inst', NULL),
(35, '9c26eb73-9e9c-490f-8315-75c8c490b19f', '0928fe94-c46c-4316-a575-63fd0530a665', '250ML-STRAW-2', '105.0000', 'Pcs', '15.00000', '2.00000', '13.00000', '25.00000', '375.00000', NULL, NULL, 'Fed', '4.00000', '393.75000', 'Goo to deliver', NULL),
(36, '9c26eb73-9e9c-490f-8315-75c8c490b19f', '26ac4b22-28ea-49eb-97fc-18eb3cf10907', 'APPLE CONCENTRATE', '79.0000', 'KG', '9.00000', '3.00000', '6.00000', '25.00000', '225.00000', NULL, NULL, 'Fed', '11.25000', '236.25000', 'dsafa', NULL),
(37, '9c26eb73-9e9c-490f-8315-75c8c490b19f', '1a94e739-6a47-4d58-bb4e-725c5375903c', '200ML-1X24-CARTON', '19168.0000', 'Pcs', '168.00000', '4.00000', '164.00000', '30.00000', '5040.00000', NULL, NULL, 'FED tax', '302.40000', '5342.40000', 'asdf', '2021-09-12'),
(38, '6c5dbf2f-ab37-4fa2-bb83-db2ece72351c', '26ac4b22-28ea-49eb-97fc-18eb3cf10907', 'APPLE CONCENTRATE', '15.2000', '5KGs', '5.00000', '5.00000', '0.00000', '250.00000', '1250.00000', NULL, NULL, 'Further Tax', '62.50000', '1312.50000', 'NA', NULL),
(39, '5639c21c-2213-4d88-9d52-e0a62f27c3b4', 'f598a2d8-bf18-420d-9b40-80f60d090c8d', '125ML-STRAW', '35.8000', '10Pcs', '15.00000', '15.00000', '0.00000', '300.00000', '4500.00000', NULL, NULL, 'Purchase Tax', '225.00000', '4725.00000', 'no', NULL),
(40, '5639c21c-2213-4d88-9d52-e0a62f27c3b4', '0928fe94-c46c-4316-a575-63fd0530a665', '250ML-STRAW-G', '10.3000', '10Pcs', '5.00000', '2.00000', '3.00000', '15.00000', '75.00000', NULL, NULL, 'Further Tax', '3.75000', '78.75000', NULL, NULL),
(41, '5639c21c-2213-4d88-9d52-e0a62f27c3b4', '26ac4b22-28ea-49eb-97fc-18eb3cf10907', 'APPLE CONCENTRATE', '10.2000', '5KGs', '7.00000', '4.00000', '3.00000', '250.00000', '1750.00000', NULL, NULL, 'FED tax', '105.00000', '1855.00000', NULL, NULL),
(42, '5639c21c-2213-4d88-9d52-e0a62f27c3b4', '1a94e739-6a47-4d58-bb4e-725c5375903c', '200ML-1X24-CARTON', '798.5000', 'TRAY', '198.00000', '98.00000', '100.00000', '25.00000', '4950.00000', NULL, NULL, 'Purchase Tax', '247.50000', '5197.50000', NULL, NULL),
(43, '6688e8f5-ef54-441d-8462-e75789d9c217', 'a3157a27-0e5c-41c1-a5c8-61b78fcacf62', '125ML-1X24-CARTON', '8324.7000', '10Pcs', '200.00000', '150.00000', '50.00000', '30.00000', '6000.00000', NULL, NULL, 'Further Tax', '300.00000', '6300.00000', NULL, NULL),
(44, '6688e8f5-ef54-441d-8462-e75789d9c217', 'f918cfd1-43cc-46a0-9390-6119da495d02', 'CS-125ML-APPLE-PAPER', '75064.2000', '10Pcs', '5064.20000', '4064.20000', '1000.00000', '5.00000', '25321.00000', NULL, NULL, NULL, NULL, '25321.00000', NULL, NULL);

-- --------------------------------------------------------

--
-- Table structure for table `sal_sale_order_tax`
--

CREATE TABLE `sal_sale_order_tax` (
  `id` double NOT NULL,
  `sale_orders_id` varchar(64) CHARACTER SET utf8mb4 COLLATE utf8mb4_unicode_ci DEFAULT NULL,
  `tax_coa_id` bigint(20) UNSIGNED DEFAULT NULL,
  `tax_rate` decimal(6,3) DEFAULT NULL,
  `tax_amount` decimal(12,3) DEFAULT NULL,
  `disc_coa_id` int(11) DEFAULT NULL,
  `disc_rate` decimal(14,3) NOT NULL,
  `disc_amount` decimal(14,3) NOT NULL,
  `net_payable` decimal(14,3) NOT NULL
) ENGINE=InnoDB DEFAULT CHARSET=latin1;

--
-- Dumping data for table `sal_sale_order_tax`
--

INSERT INTO `sal_sale_order_tax` (`id`, `sale_orders_id`, `tax_coa_id`, `tax_rate`, `tax_amount`, `disc_coa_id`, `disc_rate`, `disc_amount`, `net_payable`) VALUES
(1, 'ed611969-d985-451d-a02e-65e22d9e2104', 100, '5.000', '32.290', 71, '12.000', '77.490', '600.550'),
(10, '9c26eb73-9e9c-490f-8315-75c8c490b19f', 100, '5.000', '44.100', 71, '12.000', '746.930', '5521.570'),
(11, '6c5dbf2f-ab37-4fa2-bb83-db2ece72351c', 100, '5.000', '65.630', 71, '12.000', '157.500', '1220.630'),
(12, '5639c21c-2213-4d88-9d52-e0a62f27c3b4', 70, '16.000', '1897.000', 71, '12.000', '1422.750', '12330.500'),
(13, '6688e8f5-ef54-441d-8462-e75789d9c217', 100, '5.000', '1581.050', 71, '12.000', '3794.520', '29407.530');

-- --------------------------------------------------------

--
-- Table structure for table `sessions`
--

CREATE TABLE `sessions` (
  `id` varchar(255) COLLATE utf8mb4_unicode_ci NOT NULL,
  `user_id` bigint(20) UNSIGNED DEFAULT NULL,
  `ip_address` varchar(45) COLLATE utf8mb4_unicode_ci DEFAULT NULL,
  `user_agent` text COLLATE utf8mb4_unicode_ci DEFAULT NULL,
  `payload` text COLLATE utf8mb4_unicode_ci NOT NULL,
  `last_activity` int(11) NOT NULL
) ENGINE=InnoDB DEFAULT CHARSET=utf8mb4 COLLATE=utf8mb4_unicode_ci;

--
-- Dumping data for table `sessions`
--

INSERT INTO `sessions` (`id`, `user_id`, `ip_address`, `user_agent`, `payload`, `last_activity`) VALUES
('iUx5HGpVAoXhBZ6Q4njFcjitHtpPNnRqnMnj4g83', 8, '::1', 'Mozilla/5.0 (Windows NT 10.0; Win64; x64) AppleWebKit/537.36 (KHTML, like Gecko) Chrome/111.0.0.0 Safari/537.36', 'YToxMzp7czo2OiJfdG9rZW4iO3M6NDA6IkhwNmRxNUxSbTdjaHFKeUJmV1FYUmgyS0ZLSVBVNU1LRTM0M05XMVQiO3M6OToiX3ByZXZpb3VzIjthOjE6e3M6MzoidXJsIjtzOjM2OiJodHRwOi8vbG9jYWxob3N0L21vbm1hdGljcy9kaXNwbGF5LzgiO31zOjY6Il9mbGFzaCI7YToyOntzOjM6Im9sZCI7YTowOnt9czozOiJuZXciO2E6MDp7fX1zOjUwOiJsb2dpbl93ZWJfNTliYTM2YWRkYzJiMmY5NDAxNTgwZjAxNGM3ZjU4ZWE0ZTMwOTg5ZCI7aTo4O3M6OToiY29tcGFueUlkIjtzOjM2OiJmOWQwYjkwZC02MzFhLTRmNDUtOTgyYy1kODIyM2JkNjVjMGQiO3M6NDoiY29kZSI7czozOiJVU0QiO3M6Njoic3ltYm9sIjtzOjE6IiQiO3M6MTQ6Im11bHRpX2N1cnJlbmN5IjtzOjE6IjEiO3M6NjoidXNlcklkIjtpOjg7czoyMToidm91Y2hlckFwcHJvdmFsX2ZpcnN0IjtiOjE7czoyMjoidm91Y2hlckFwcHJvdmFsX3NlY29uZCI7YjowO3M6MTA6ImRhdGVGb3JtYXQiO3M6MTA6Im1tL2RkL1lZWVkiO3M6NToibW9udGgiO3M6NDoiMjAyMyI7fQ==', 1678802074);

-- --------------------------------------------------------

--
-- Table structure for table `sys_attachments`
--

CREATE TABLE `sys_attachments` (
  `id` varchar(36) CHARACTER SET utf8mb4 COLLATE utf8mb4_unicode_ci NOT NULL,
  `source_id` varchar(36) CHARACTER SET utf8mb4 COLLATE utf8mb4_unicode_ci NOT NULL,
  `file` varchar(128) CHARACTER SET utf8mb4 COLLATE utf8mb4_unicode_ci DEFAULT NULL,
  `company_id` varchar(36) CHARACTER SET utf8mb4 COLLATE utf8mb4_unicode_ci DEFAULT NULL,
  `type` varchar(100) CHARACTER SET utf8mb4 COLLATE utf8mb4_unicode_ci DEFAULT NULL,
  `size` int(11) DEFAULT NULL,
  `title` varchar(128) DEFAULT NULL,
  `content` longblob DEFAULT NULL,
  `order` tinyint(4) DEFAULT NULL
) ENGINE=MyISAM DEFAULT CHARSET=utf8mb4;

-- --------------------------------------------------------

--
-- Table structure for table `sys_branches`
--

CREATE TABLE `sys_branches` (
  `id` char(36) COLLATE utf8mb4_unicode_ci NOT NULL,
  `number` bigint(20) UNSIGNED NOT NULL,
  `coa_id` varchar(32) COLLATE utf8mb4_unicode_ci NOT NULL,
  `name` varchar(64) COLLATE utf8mb4_unicode_ci NOT NULL,
  `phone` varchar(64) COLLATE utf8mb4_unicode_ci NOT NULL,
  `email` varchar(64) COLLATE utf8mb4_unicode_ci NOT NULL,
  `address` varchar(64) COLLATE utf8mb4_unicode_ci NOT NULL,
  `address_two` varchar(64) COLLATE utf8mb4_unicode_ci NOT NULL,
  `fax` varchar(64) COLLATE utf8mb4_unicode_ci NOT NULL,
  `state` varchar(64) COLLATE utf8mb4_unicode_ci NOT NULL,
  `country` varchar(64) COLLATE utf8mb4_unicode_ci NOT NULL,
  `currency` varchar(64) COLLATE utf8mb4_unicode_ci NOT NULL,
  `tax_number` varchar(64) COLLATE utf8mb4_unicode_ci NOT NULL,
  `deleted_at` datetime DEFAULT NULL,
  `created_at` timestamp NULL DEFAULT NULL,
  `updated_at` timestamp NULL DEFAULT NULL
) ENGINE=InnoDB DEFAULT CHARSET=utf8mb4 COLLATE=utf8mb4_unicode_ci;

-- --------------------------------------------------------

--
-- Table structure for table `sys_companies`
--

CREATE TABLE `sys_companies` (
  `id` char(36) COLLATE utf8mb4_unicode_ci NOT NULL,
  `number` bigint(20) UNSIGNED DEFAULT NULL,
  `name` varchar(64) COLLATE utf8mb4_unicode_ci DEFAULT NULL,
  `website` varchar(64) COLLATE utf8mb4_unicode_ci DEFAULT NULL,
  `phone` varchar(64) COLLATE utf8mb4_unicode_ci DEFAULT NULL,
  `email` varchar(64) COLLATE utf8mb4_unicode_ci DEFAULT NULL,
  `address` varchar(128) COLLATE utf8mb4_unicode_ci DEFAULT NULL,
  `address_two` varchar(128) COLLATE utf8mb4_unicode_ci DEFAULT NULL,
  `fax` varchar(64) COLLATE utf8mb4_unicode_ci DEFAULT NULL,
  `state` varchar(64) COLLATE utf8mb4_unicode_ci DEFAULT NULL,
  `country` varchar(64) COLLATE utf8mb4_unicode_ci DEFAULT NULL,
  `currency` varchar(8) COLLATE utf8mb4_unicode_ci DEFAULT NULL,
  `tax_number` varchar(64) COLLATE utf8mb4_unicode_ci DEFAULT NULL,
  `multi_currency` varchar(255) COLLATE utf8mb4_unicode_ci NOT NULL,
  `logo` varchar(64) COLLATE utf8mb4_unicode_ci DEFAULT NULL,
  `fiscal_year` varchar(10) COLLATE utf8mb4_unicode_ci DEFAULT NULL,
  `deleted_at` datetime DEFAULT NULL,
  `created_at` timestamp NULL DEFAULT NULL,
  `updated_at` timestamp NULL DEFAULT NULL
) ENGINE=InnoDB DEFAULT CHARSET=utf8mb4 COLLATE=utf8mb4_unicode_ci;

--
-- Dumping data for table `sys_companies`
--

INSERT INTO `sys_companies` (`id`, `number`, `name`, `website`, `phone`, `email`, `address`, `address_two`, `fax`, `state`, `country`, `currency`, `tax_number`, `multi_currency`, `logo`, `fiscal_year`, `deleted_at`, `created_at`, `updated_at`) VALUES
('f4fd682c-dc2d-42bb-919c-c4209463e0ff', 2, 'Solution Expert', 'www.solutionswave.com', '0300-9999999', 'naqvi@solutionswave.com', 'Johr Town', 'Libert Market', '032-16698', 'Punjab', 'USA', 'USD', NULL, '0', NULL, 'November', NULL, NULL, NULL),
('f9d0b90d-631a-4f45-982c-d8223bd65c0d', 1, 'ANJUM HUSSAINIA KHAWAJGAN NAROWALI (REG.) LAHORE', 'www.ofdesk.com', '+1(248) 687 6818', 'info@ofdesk.com', '2950 W. Square Lake Rd. Suite 103 Troy, 48098', '-', '-', 'MI', 'Pakistan', 'USD', NULL, '1', NULL, 'April', NULL, NULL, NULL);

-- --------------------------------------------------------

--
-- Table structure for table `sys_countries`
--

CREATE TABLE `sys_countries` (
  `id` char(36) COLLATE utf8mb4_unicode_ci NOT NULL,
  `name` varchar(32) COLLATE utf8mb4_unicode_ci NOT NULL,
  `code` varchar(12) COLLATE utf8mb4_unicode_ci NOT NULL
) ENGINE=InnoDB DEFAULT CHARSET=utf8mb4 COLLATE=utf8mb4_unicode_ci;

--
-- Dumping data for table `sys_countries`
--

INSERT INTO `sys_countries` (`id`, `name`, `code`) VALUES
('1', 'Pakistan', 'PK'),
('2', 'USA', 'USA');

-- --------------------------------------------------------

--
-- Table structure for table `sys_currencies`
--

CREATE TABLE `sys_currencies` (
  `id` char(36) COLLATE utf8mb4_unicode_ci NOT NULL,
  `name` varchar(34) COLLATE utf8mb4_unicode_ci NOT NULL,
  `code` varchar(8) COLLATE utf8mb4_unicode_ci NOT NULL,
  `rate` double(8,4) NOT NULL,
  `symbol` char(3) COLLATE utf8mb4_unicode_ci NOT NULL,
  `base_currency` tinyint(3) UNSIGNED DEFAULT NULL,
  `sub_unit` varchar(50) COLLATE utf8mb4_unicode_ci NOT NULL
) ENGINE=InnoDB DEFAULT CHARSET=utf8mb4 COLLATE=utf8mb4_unicode_ci;

--
-- Dumping data for table `sys_currencies`
--

INSERT INTO `sys_currencies` (`id`, `name`, `code`, `rate`, `symbol`, `base_currency`, `sub_unit`) VALUES
('1', 'US', 'USD', 1.0000, '$', 1, 'Cents');

-- --------------------------------------------------------

--
-- Table structure for table `sys_departments`
--

CREATE TABLE `sys_departments` (
  `id` varchar(36) CHARACTER SET utf8mb4 COLLATE utf8mb4_unicode_ci NOT NULL,
  `dpt_id` varchar(36) CHARACTER SET utf8mb4 COLLATE utf8mb4_unicode_ci DEFAULT NULL,
  `name` varchar(36) CHARACTER SET utf8mb4 COLLATE utf8mb4_unicode_ci DEFAULT NULL,
  `status` varchar(36) CHARACTER SET utf8mb4 COLLATE utf8mb4_unicode_ci DEFAULT '1',
  `company_id` varchar(36) CHARACTER SET utf8mb4 COLLATE utf8mb4_unicode_ci DEFAULT NULL
) ENGINE=InnoDB DEFAULT CHARSET=latin1;

--
-- Dumping data for table `sys_departments`
--

INSERT INTO `sys_departments` (`id`, `dpt_id`, `name`, `status`, `company_id`) VALUES
('9483cba4-518b-495e-824d-cd16121bd1ca', '-1', 'Production', '1', 'f9d0b90d-631a-4f45-982c-d8223bd65c0d'),
('adab1cae-ff6c-4982-a0db-0fb3f79b0827', '-1', 'Sales', '1', 'f9d0b90d-631a-4f45-982c-d8223bd65c0d'),
('bee1e4d3-8491-43ac-820c-2ed77ee4238b', '-1', 'HR/Admin', '1', 'f9d0b90d-631a-4f45-982c-d8223bd65c0d'),
('c5f884d6-47aa-4f2e-83dc-2c03ca54ce0d', '-1', 'Supply/Logistics', '1', 'f9d0b90d-631a-4f45-982c-d8223bd65c0d'),
('fc057ccd-f05d-4c26-88c7-c4b58f80f255', 'adab1cae-ff6c-4982-a0db-0fb3f79b0827', 'Operations', '1', 'f9d0b90d-631a-4f45-982c-d8223bd65c0d');

-- --------------------------------------------------------

--
-- Table structure for table `sys_discounts`
--

CREATE TABLE `sys_discounts` (
  `id` varchar(36) COLLATE utf8mb4_unicode_ci NOT NULL,
  `coa_id` varchar(36) COLLATE utf8mb4_unicode_ci DEFAULT NULL,
  `name` varchar(36) COLLATE utf8mb4_unicode_ci DEFAULT NULL,
  `rate` decimal(12,5) DEFAULT NULL,
  `type` varchar(10) COLLATE utf8mb4_unicode_ci DEFAULT NULL,
  `status` tinyint(4) DEFAULT NULL
) ENGINE=InnoDB DEFAULT CHARSET=utf8mb4 COLLATE=utf8mb4_unicode_ci;

--
-- Dumping data for table `sys_discounts`
--

INSERT INTO `sys_discounts` (`id`, `coa_id`, `name`, `rate`, `type`, `status`) VALUES
('', '71', 'general discount', '12.00000', NULL, 1),
('1b60f09a-9e81-41cb-9a9e-7e87e63151c7', '71', 'Discount', '5.00000', NULL, 1),
('441f4c23-52ff-4c5c-8ac5-10791a264e9c', '71', 'Other', '5.00000', NULL, 1),
('7c11b939-5d96-4ea5-bcf5-561bce6c1059', '71', 'eid discount', '100.00000', NULL, 1),
('7c9d7c4b-740e-410f-ab31-8ffd286a171e', '70', 'general discount', '5000.37230', NULL, 1),
('846632ef-705a-43c3-8b8f-1298b4d605c9', '71', 'Freight', '5.00000', NULL, 1),
('b51393a1-7d10-4505-8901-a81d10a5c1b0', '71', 'L/U', '5.00000', NULL, 1),
('e8b4bea6-bedd-47ce-a783-2389cf6218d8', '71', 'Margin', '5.00000', NULL, 1),
('eb68d71b-843d-43bd-8296-2b9341365a06', '71', 'Trade Offer', '5.00000', NULL, 1);

-- --------------------------------------------------------

--
-- Table structure for table `sys_modules`
--

CREATE TABLE `sys_modules` (
  `id` smallint(6) NOT NULL,
  `mdl_id` smallint(5) DEFAULT NULL,
  `module` varchar(64) COLLATE utf8mb4_unicode_ci NOT NULL,
  `status` tinyint(3) UNSIGNED DEFAULT NULL,
  `image` varchar(64) COLLATE utf8mb4_unicode_ci DEFAULT NULL,
  `route` varchar(64) COLLATE utf8mb4_unicode_ci DEFAULT NULL,
  `level` tinyint(3) UNSIGNED DEFAULT NULL,
  `has_child` tinyint(3) UNSIGNED DEFAULT NULL,
  `editable` tinyint(3) UNSIGNED DEFAULT NULL,
  `company_id` varchar(36) COLLATE utf8mb4_unicode_ci DEFAULT NULL,
  `display_order` int(11) DEFAULT NULL,
  `deleted_at` datetime DEFAULT NULL,
  `created_at` timestamp NULL DEFAULT NULL,
  `updated_at` timestamp NULL DEFAULT NULL
) ENGINE=InnoDB DEFAULT CHARSET=utf8mb4 COLLATE=utf8mb4_unicode_ci;

--
-- Dumping data for table `sys_modules`
--

INSERT INTO `sys_modules` (`id`, `mdl_id`, `module`, `status`, `image`, `route`, `level`, `has_child`, `editable`, `company_id`, `display_order`, `deleted_at`, `created_at`, `updated_at`) VALUES
(0, NULL, '', NULL, NULL, 'Reports/IncomeStatement', 2, 0, NULL, 'f9d0b90d-631a-4f45-982c-d8223bd65c0d', NULL, NULL, NULL, NULL),
(100, -1, 'Accounts', 1, 'zmdi-apps', '#App', 1, 1, NULL, 'f9d0b90d-631a-4f45-982c-d8223bd65c0d', 1, NULL, NULL, NULL),
(101, 100, 'Chart of Accounts', 1, NULL, 'Accounts/CoaList', 2, 0, NULL, 'f9d0b90d-631a-4f45-982c-d8223bd65c0d', 11, NULL, NULL, NULL),
(102, 100, 'Receipts', 1, NULL, 'Accounts/CashVoucher/List/1', 2, 0, NULL, 'f9d0b90d-631a-4f45-982c-d8223bd65c0d', 1, NULL, NULL, NULL),
(103, 100, 'Payments', 1, NULL, 'Accounts/CashVoucher/List/2', 2, 0, NULL, 'f9d0b90d-631a-4f45-982c-d8223bd65c0d', 5, NULL, NULL, NULL),
(106, 100, 'Journal Voucher', 1, NULL, 'Accounts/JournalVoucher/5', 2, 0, NULL, 'f9d0b90d-631a-4f45-982c-d8223bd65c0d', 7, NULL, NULL, NULL),
(107, 100, 'Voucher Approval', 1, NULL, 'Accounts/vApproval?t=a', 2, 0, NULL, 'f9d0b90d-631a-4f45-982c-d8223bd65c0d', 9, NULL, NULL, NULL),
(108, 100, 'Rejected Voucher', 1, NULL, 'Accounts/vApproval?t=r', 2, 0, NULL, 'f9d0b90d-631a-4f45-982c-d8223bd65c0d', 10, NULL, NULL, NULL),
(109, 100, 'ExpenseList', 1, NULL, 'Accounts/ExpenseList/Expense', 2, 0, NULL, 'f9d0b90d-631a-4f45-982c-d8223bd65c0d', 6, NULL, NULL, NULL),
(110, 100, 'Transaction List', 1, NULL, 'Accounts/TransactionList', 2, 0, NULL, 'f9d0b90d-631a-4f45-982c-d8223bd65c0d', 10, NULL, NULL, NULL),
(111, 100, 'Received From Customer', 1, NULL, 'Account/ReceivedFromCustomer/List', 2, 0, NULL, 'f9d0b90d-631a-4f45-982c-d8223bd65c0d', 3, NULL, NULL, NULL),
(112, 100, 'Adjustments', 1, NULL, 'Accounts/Adjustment/List/6', 2, 0, NULL, 'f9d0b90d-631a-4f45-982c-d8223bd65c0d', 4, NULL, NULL, NULL),
(113, 100, 'Vendor Payment', 1, NULL, 'Accounts/VendorPayment/List', 2, 0, NULL, 'f9d0b90d-631a-4f45-982c-d8223bd65c0d', 6, NULL, NULL, NULL),
(114, 100, 'Daily Recorvery', 1, NULL, 'Accounts/DailyRecorvery/List\r\n', 2, 0, NULL, 'f9d0b90d-631a-4f45-982c-d8223bd65c0d', 2, NULL, NULL, NULL),
(115, 100, 'Post Transaction', 1, NULL, 'Accounts/PostTransaction/List', 2, 0, NULL, 'f9d0b90d-631a-4f45-982c-d8223bd65c0d', 9, NULL, NULL, NULL),
(116, 100, 'Payment Received', 1, NULL, 'Account/PaymentReceived', 2, 0, NULL, 'f9d0b90d-631a-4f45-982c-d8223bd65c0d', 4, NULL, NULL, NULL),
(117, 100, 'Opening Balance', 1, NULL, 'Accounts/OpeningBalance/List', 2, 0, NULL, 'f9d0b90d-631a-4f45-982c-d8223bd65c0d', 30, NULL, NULL, NULL),
(200, -1, 'Inventory', 1, 'zmdi-assignment', '#App', 1, 1, NULL, 'f9d0b90d-631a-4f45-982c-d8223bd65c0d', 4, NULL, NULL, NULL),
(201, 200, 'Products', 1, NULL, 'Inventory/Product/List', 2, 0, NULL, 'f9d0b90d-631a-4f45-982c-d8223bd65c0d', 17, NULL, NULL, NULL),
(203, 200, 'Purchase Requisition', 1, NULL, 'Inventory/PurchaseRequistion/List', 2, 0, NULL, 'f9d0b90d-631a-4f45-982c-d8223bd65c0d', 1, NULL, NULL, NULL),
(204, 200, 'G.R.N (Purchase)', 1, NULL, 'Inventory/GoodReceived/List', 2, 0, NULL, 'f9d0b90d-631a-4f45-982c-d8223bd65c0d', 3, NULL, NULL, NULL),
(205, 200, 'GIN - Sales', 1, NULL, 'Inventory/GinSalesList', 2, 0, NULL, 'f9d0b90d-631a-4f45-982c-d8223bd65c0d', 6, NULL, NULL, NULL),
(206, 200, 'Delivery Order', 1, NULL, 'Inventory/Do', 2, 0, NULL, 'f9d0b90d-631a-4f45-982c-d8223bd65c0d', 7, NULL, NULL, NULL),
(208, 200, 'Internal Transfer', 1, NULL, 'Inventory/IT', 2, NULL, NULL, 'f9d0b90d-631a-4f45-982c-d8223bd65c0d', 10, NULL, NULL, NULL),
(209, 200, 'Product Category', 1, NULL, 'Inventory/ProductCategoryList', 2, 0, NULL, 'f9d0b90d-631a-4f45-982c-d8223bd65c0d', 18, NULL, NULL, NULL),
(210, 200, 'Product Type', 1, NULL, 'Inventory/ProductType/List', 2, 0, NULL, 'f9d0b90d-631a-4f45-982c-d8223bd65c0d', 19, NULL, NULL, NULL),
(211, 200, 'Purchase Return', 1, NULL, 'Inventory/PurchaseReturnList', 2, 0, NULL, 'f9d0b90d-631a-4f45-982c-d8223bd65c0d', 14, NULL, NULL, NULL),
(212, 200, 'Sales Return', 1, NULL, 'Inventory/SalesReturn/List', 2, 0, NULL, 'f9d0b90d-631a-4f45-982c-d8223bd65c0d', 15, NULL, NULL, NULL),
(213, 200, 'Units', 1, NULL, 'Inventory/Unit/List', NULL, NULL, NULL, 'f9d0b90d-631a-4f45-982c-d8223bd65c0d', 20, NULL, NULL, NULL),
(214, 200, 'Brands', 1, NULL, 'Inventory/Brands/List', 2, 0, NULL, 'f9d0b90d-631a-4f45-982c-d8223bd65c0d', 21, NULL, NULL, NULL),
(215, 200, 'Inward Gate Pass', 1, NULL, 'Inventory/IGP/List', 2, 0, NULL, 'f9d0b90d-631a-4f45-982c-d8223bd65c0d', 2, NULL, NULL, NULL),
(216, 200, 'GIN-WIP', 1, NULL, 'Inventory/GIN_WIP/List', 2, 0, NULL, 'f9d0b90d-631a-4f45-982c-d8223bd65c0d', 5, NULL, NULL, NULL),
(217, 200, 'GRN-WIP-outsourced', 1, NULL, 'Inventory/GRN_WIP/List', 2, 0, NULL, 'f9d0b90d-631a-4f45-982c-d8223bd65c0d', 4, NULL, NULL, NULL),
(218, 200, 'Opening Balance', 1, NULL, 'Inventory/OpeningBalance/List', 2, 0, NULL, 'f9d0b90d-631a-4f45-982c-d8223bd65c0d', NULL, NULL, NULL, NULL),
(219, 200, 'GIN-WIP Return', 1, NULL, 'Inventory/GIN_WIP_Return/List', 2, 0, NULL, NULL, NULL, NULL, NULL, NULL),
(300, -1, 'Purchase', 1, 'zmdi-folder', '#App', 1, 1, NULL, 'f9d0b90d-631a-4f45-982c-d8223bd65c0d', 5, NULL, NULL, NULL),
(301, 300, 'Purchase Order', 1, NULL, 'Purchase/PurchaseOrder/List', 2, 0, NULL, 'f9d0b90d-631a-4f45-982c-d8223bd65c0d', 1, NULL, NULL, NULL),
(302, 300, 'Purchase Invoice', 1, NULL, 'Purchase/PurchaseInvoice/List', 2, 0, NULL, 'f9d0b90d-631a-4f45-982c-d8223bd65c0d', NULL, NULL, NULL, NULL),
(400, -1, 'Manager', 1, 'zmdi-blogger', '#App', 1, 1, NULL, 'f9d0b90d-631a-4f45-982c-d8223bd65c0d', 6, NULL, NULL, NULL),
(401, 400, 'Approve Users', 1, NULL, 'Sales/Inquiry/List', 2, 0, NULL, 'f9d0b90d-631a-4f45-982c-d8223bd65c0d', 1, NULL, NULL, NULL),
(402, 400, 'Approve Deposit', 1, NULL, 'Sales/Quotation/List', 2, 0, NULL, 'f9d0b90d-631a-4f45-982c-d8223bd65c0d', 2, NULL, NULL, NULL),
(404, 400, 'Approve Withdrwol', 1, NULL, '#App', 2, 0, NULL, 'f9d0b90d-631a-4f45-982c-d8223bd65c0d', 5, NULL, NULL, NULL),
(405, 400, 'Transfer Out', 1, NULL, 'Sales/Invoice/List/', 2, 0, NULL, 'f9d0b90d-631a-4f45-982c-d8223bd65c0d', 4, NULL, NULL, NULL),
(406, 400, 'Transfer In', 1, NULL, 'Sales/Services/List', 2, 0, NULL, 'f9d0b90d-631a-4f45-982c-d8223bd65c0d', 11, NULL, NULL, NULL),
(407, 400, 'Customer Ledger', 1, NULL, 'Sales/GeoLocation/List', 2, 0, NULL, 'f9d0b90d-631a-4f45-982c-d8223bd65c0d', 10, NULL, NULL, NULL),
(410, 400, 'Sale Invoice Product', 0, NULL, 'Sales/Invoice/List/p', 2, 0, NULL, 'f9d0b90d-631a-4f45-982c-d8223bd65c0d', 12, NULL, NULL, NULL),
(411, 400, 'Sale Order', 0, NULL, 'Sales/SaleOrder/List', 2, 0, NULL, 'f9d0b90d-631a-4f45-982c-d8223bd65c0d', 3, NULL, NULL, NULL),
(500, -1, 'HRM', 1, 'zmdi-swap-alt', '#App', 1, 0, NULL, 'f9d0b90d-631a-4f45-982c-d8223bd65c0d', 9, NULL, NULL, NULL),
(600, -1, 'CRM', 1, 'zmdi-shopping-cart', '#App', 1, 1, NULL, 'f9d0b90d-631a-4f45-982c-d8223bd65c0d', 2, NULL, NULL, NULL),
(601, 600, 'Customers', 1, NULL, 'Crm/Leads/List/', 2, 0, NULL, 'f9d0b90d-631a-4f45-982c-d8223bd65c0d', 6, NULL, NULL, NULL),
(602, 600, 'Leads', 1, NULL, 'Crm/Customers/List/', 2, 0, NULL, 'f9d0b90d-631a-4f45-982c-d8223bd65c0d', 1, NULL, NULL, NULL),
(603, 600, 'Contacts', 1, NULL, 'Crm/Contacts/List', 2, 0, NULL, 'f9d0b90d-631a-4f45-982c-d8223bd65c0d', 2, NULL, NULL, NULL),
(604, 600, 'Customer Category', 1, NULL, 'Crm/CutomerCategory/List', 2, 0, NULL, 'f9d0b90d-631a-4f45-982c-d8223bd65c0d', 10, NULL, NULL, NULL),
(605, 600, 'Tasks', 1, NULL, 'Crm/TasksList', 2, 0, NULL, 'f9d0b90d-631a-4f45-982c-d8223bd65c0d', 1, NULL, NULL, NULL),
(606, 600, 'Opportunities', 1, NULL, 'Crm/Opportunities/List', 2, 0, NULL, 'f9d0b90d-631a-4f45-982c-d8223bd65c0d', 4, NULL, NULL, NULL),
(607, 600, 'Notes', 1, NULL, 'Crm/Notes/List', 2, 0, NULL, 'f9d0b90d-631a-4f45-982c-d8223bd65c0d', 2, NULL, NULL, NULL),
(608, 600, 'Calls', 1, NULL, 'Crm/Calls/List', 2, 0, NULL, 'f9d0b90d-631a-4f45-982c-d8223bd65c0d', 3, NULL, NULL, NULL),
(609, 600, 'Calendar', 1, NULL, 'Crm/Calender/View', 2, 0, NULL, NULL, NULL, '2021-06-29 08:56:16', NULL, NULL),
(700, -1, 'Dashboard', 1, 'zmdi-home', '#App', 1, 0, NULL, 'f9d0b90d-631a-4f45-982c-d8223bd65c0d', 0, NULL, NULL, NULL),
(800, -1, 'Reports', 1, 'zmdi-home', '#App', 1, 1, NULL, 'f9d0b90d-631a-4f45-982c-d8223bd65c0d', 10, NULL, NULL, NULL),
(801, 800, 'General Ledger', 1, NULL, 'Reports/GeneralLedger', 2, 0, NULL, 'f9d0b90d-631a-4f45-982c-d8223bd65c0d', 1, NULL, NULL, NULL),
(802, 800, 'Cash Book', 1, NULL, 'Reports/Book/List/10', 2, 0, NULL, 'f9d0b90d-631a-4f45-982c-d8223bd65c0d', 2, NULL, NULL, NULL),
(803, 800, 'Bank Book', 1, NULL, 'Reports/Book/List/9', 2, 0, NULL, 'f9d0b90d-631a-4f45-982c-d8223bd65c0d', 3, NULL, NULL, NULL),
(804, 800, 'Product Detail', 1, NULL, 'Reports/ProductDetail/List', 2, 0, NULL, 'f9d0b90d-631a-4f45-982c-d8223bd65c0d', 4, NULL, NULL, NULL),
(805, 800, 'Customer Outstanding', 1, NULL, 'Reports/CustomerOutstanding/List', 2, 0, NULL, 'f9d0b90d-631a-4f45-982c-d8223bd65c0d', 4, NULL, NULL, NULL),
(806, 800, 'Customer Outstanding Summery', 1, NULL, 'Reports/CustomerOutstandingSummery/List', 2, 0, NULL, 'f9d0b90d-631a-4f45-982c-d8223bd65c0d', 6, NULL, NULL, NULL),
(807, 800, 'Bank Reconciliation', 1, NULL, 'Reports/BankReconciliation/List', 2, 0, NULL, 'f9d0b90d-631a-4f45-982c-d8223bd65c0d', 7, NULL, NULL, NULL),
(808, 800, 'Product Detail Stock', 1, NULL, 'ProdcutDetailStock', 2, 0, NULL, 'f9d0b90d-631a-4f45-982c-d8223bd65c0d', 8, '2021-07-05 06:33:07', NULL, NULL),
(809, 800, 'Project Ledger', 1, NULL, 'Reports/ProjectLedger', 2, 0, NULL, 'f9d0b90d-631a-4f45-982c-d8223bd65c0d', 9, NULL, NULL, NULL),
(810, 800, 'Trial Balance', 1, NULL, 'Reports/TrialBalance', 2, 0, NULL, 'f9d0b90d-631a-4f45-982c-d8223bd65c0d', 10, NULL, NULL, NULL),
(811, 800, 'Profit & Loss Statement', 1, NULL, 'Reports/IncomeStatement', 2, 0, NULL, 'f9d0b90d-631a-4f45-982c-d8223bd65c0d', NULL, NULL, NULL, NULL),
(812, 800, 'Balance Sheet', 1, NULL, 'Reports/BalanceSheet', 2, 0, NULL, 'f9d0b90d-631a-4f45-982c-d8223bd65c0d', 12, NULL, NULL, NULL),
(900, -1, 'Admin', 1, 'zmdi-assignment', '#App', 1, 1, NULL, 'f9d0b90d-631a-4f45-982c-d8223bd65c0d', 11, NULL, NULL, NULL),
(901, 900, 'Company', 1, NULL, 'Admin/Company/List', 2, 0, NULL, 'f9d0b90d-631a-4f45-982c-d8223bd65c0d', 10, NULL, NULL, NULL),
(902, 900, 'Branches', 1, NULL, 'dashboard/index', 2, 0, NULL, 'f9d0b90d-631a-4f45-982c-d8223bd65c0d', 9, NULL, NULL, NULL),
(903, 900, 'Warehouse', 1, NULL, 'Admin/Warehouse/List', 2, 0, NULL, 'f9d0b90d-631a-4f45-982c-d8223bd65c0d', 8, NULL, NULL, NULL),
(904, 900, 'Taxes', 1, NULL, 'Admin/Taxes/List', 2, 0, NULL, 'f9d0b90d-631a-4f45-982c-d8223bd65c0d', 2, NULL, NULL, NULL),
(905, 900, 'Terms & Conditions', 1, NULL, 'Admin/Term/List', 2, 0, NULL, 'f9d0b90d-631a-4f45-982c-d8223bd65c0d', 7, NULL, NULL, NULL),
(906, 900, 'Role Managment', 1, NULL, 'Admin/RoleManagement/List', 2, 0, NULL, 'f9d0b90d-631a-4f45-982c-d8223bd65c0d', 3, NULL, NULL, NULL),
(907, 900, 'User', 1, NULL, 'Admin/Users/List', 2, 0, NULL, 'f9d0b90d-631a-4f45-982c-d8223bd65c0d', 1, NULL, NULL, NULL),
(908, 900, 'Form Options', 1, NULL, 'Admin/FormOptions/List', 2, 0, NULL, 'f9d0b90d-631a-4f45-982c-d8223bd65c0d', 6, NULL, NULL, NULL),
(909, 900, 'Departments', 1, NULL, 'Admin/Department/List', 2, 0, NULL, 'f9d0b90d-631a-4f45-982c-d8223bd65c0d', 5, NULL, NULL, NULL),
(910, 900, 'Discounts', 1, NULL, 'Admin/Discounts/List', 2, 0, NULL, 'f9d0b90d-631a-4f45-982c-d8223bd65c0d', 4, NULL, NULL, NULL),
(911, 900, 'Modules', 1, NULL, 'Admin/Modules/List', 2, NULL, NULL, 'f9d0b90d-631a-4f45-982c-d8223bd65c0d', NULL, '2021-07-13 08:32:28', NULL, NULL),
(1000, -1, 'Vendor', 1, 'zmdi-assignment', '#App', 1, 1, NULL, 'f9d0b90d-631a-4f45-982c-d8223bd65c0d', 7, NULL, NULL, NULL),
(1001, 1000, 'Vendor Category', 1, NULL, 'Vendor/VendorCategory/List', 2, 0, 4, 'f9d0b90d-631a-4f45-982c-d8223bd65c0d', 2, NULL, NULL, NULL),
(1002, 1000, 'Vendor Management', 1, 'zmdi-assignment\r\n', 'Vendor/VendorManagement/List', 2, 0, 3, 'f9d0b90d-631a-4f45-982c-d8223bd65c0d', 1, NULL, NULL, NULL),
(1100, -1, 'Production', 1, 'zmdi-assignment', '#App', 1, 1, NULL, 'f9d0b90d-631a-4f45-982c-d8223bd65c0d', 3, NULL, NULL, NULL),
(1101, 1100, 'Material Issue Request', 1, NULL, 'Production/MIR/List', 2, 0, NULL, 'f9d0b90d-631a-4f45-982c-d8223bd65c0d', 1, NULL, NULL, NULL),
(1102, 1100, 'Reciepe', 1, NULL, 'Production/Reciepe/List', 2, 0, NULL, 'f9d0b90d-631a-4f45-982c-d8223bd65c0d', 2, NULL, NULL, NULL),
(1200, -1, 'Project', 1, 'zmdi-assignment', '#App', 1, 1, NULL, 'f9d0b90d-631a-4f45-982c-d8223bd65c0d', 8, NULL, NULL, NULL),
(1201, 1200, 'Project Management', 1, NULL, 'Project/ProjectManagment/List', 2, 0, NULL, 'f9d0b90d-631a-4f45-982c-d8223bd65c0d', 1, NULL, NULL, NULL),
(1202, 1200, 'Sechedule', 0, NULL, 'Project/Secheduler/View', 2, 0, NULL, NULL, NULL, '2021-06-29 09:39:34', NULL, NULL),
(1300, -1, 'Sales FMCG', 0, 'zmdi-blogger', '#App', 1, 1, NULL, 'f9d0b90d-631a-4f45-982c-d8223bd65c0d', 10, NULL, NULL, NULL),
(1301, 1300, 'Trade Offer', 0, NULL, 'Sales_Fmcg/TradeOffer/List', 2, 0, NULL, 'f9d0b90d-631a-4f45-982c-d8223bd65c0d', 4, NULL, NULL, NULL),
(1302, 1300, 'Delivery Order', 0, NULL, 'Sales_Fmcg/DeliveryOrder/List', 2, 0, NULL, 'f9d0b90d-631a-4f45-982c-d8223bd65c0d', 3, NULL, NULL, NULL),
(1303, 1300, 'Do Tracking', 0, NULL, 'Sales_Fmcg/DoTracking/List', 2, 0, NULL, 'f9d0b90d-631a-4f45-982c-d8223bd65c0d', 2, NULL, NULL, NULL),
(1304, 1300, 'Sale Order', 0, NULL, 'Sales_Fmcg/SaleOrder/List', 2, 0, NULL, 'f9d0b90d-631a-4f45-982c-d8223bd65c0d', 1, NULL, NULL, NULL),
(1305, 1300, 'Geo Location', 0, NULL, 'Sales_Fmcg/GeoLocation/List', 2, 0, NULL, 'f9d0b90d-631a-4f45-982c-d8223bd65c0d', 5, NULL, NULL, NULL),
(1306, 1300, 'Counter Sale', 0, NULL, 'Sales_Fmcg/CounterSale/List', 2, 0, NULL, 'f9d0b90d-631a-4f45-982c-d8223bd65c0d', 1, NULL, NULL, NULL),
(1307, 1300, 'Sale Order Approvel', 0, NULL, 'Sales_Fmcg/SaleOrderApprovel/List', 2, 0, NULL, 'f9d0b90d-631a-4f45-982c-d8223bd65c0d', NULL, NULL, NULL, NULL),
(1308, 1300, 'Customer Discount', 0, NULL, 'Sales_Fmcg/CustomerDiscount/List', 2, 0, NULL, 'f9d0b90d-631a-4f45-982c-d8223bd65c0d', NULL, NULL, NULL, NULL),
(1309, 1300, 'Rate Code', 0, NULL, 'Sales_Fmcg/RateCode/List', 2, 0, NULL, 'f9d0b90d-631a-4f45-982c-d8223bd65c0d', NULL, NULL, NULL, NULL),
(1310, 1300, 'Sales Invoice', 0, NULL, 'Sales_Fmcg/SaleInvoice/List', 2, 0, NULL, 'f9d0b90d-631a-4f45-982c-d8223bd65c0d', NULL, NULL, NULL, NULL),
(1400, -1, 'HCM', 1, 'zmdi-apps', '#App', 1, 1, NULL, 'f9d0b90d-631a-4f45-982c-d8223bd65c0d', 12, NULL, NULL, NULL),
(1401, 1400, 'Employee Form', 1, NULL, 'HCM/EmployeeForm/List', 2, 0, NULL, NULL, NULL, NULL, NULL, NULL),
(1402, 1400, 'Department', 1, NULL, 'HCM/Department/List', 2, 0, NULL, NULL, NULL, NULL, NULL, NULL);

-- --------------------------------------------------------

--
-- Table structure for table `sys_modules_users`
--

CREATE TABLE `sys_modules_users` (
  `id` char(36) COLLATE utf8mb4_unicode_ci NOT NULL,
  `user_id` varchar(36) COLLATE utf8mb4_unicode_ci DEFAULT NULL,
  `module_id` varchar(36) COLLATE utf8mb4_unicode_ci DEFAULT NULL,
  `new` tinyint(3) UNSIGNED DEFAULT NULL,
  `view` tinyint(3) UNSIGNED DEFAULT NULL,
  `edit` tinyint(3) UNSIGNED DEFAULT NULL,
  `delete` tinyint(3) UNSIGNED DEFAULT NULL,
  `editable` tinyint(3) UNSIGNED DEFAULT NULL
) ENGINE=InnoDB DEFAULT CHARSET=utf8mb4 COLLATE=utf8mb4_unicode_ci;

-- --------------------------------------------------------

--
-- Table structure for table `sys_months`
--

CREATE TABLE `sys_months` (
  `id` bigint(20) UNSIGNED NOT NULL,
  `month` varchar(12) COLLATE utf8mb4_unicode_ci DEFAULT NULL,
  `code` char(4) COLLATE utf8mb4_unicode_ci DEFAULT NULL
) ENGINE=InnoDB DEFAULT CHARSET=utf8mb4 COLLATE=utf8mb4_unicode_ci;

--
-- Dumping data for table `sys_months`
--

INSERT INTO `sys_months` (`id`, `month`, `code`) VALUES
(1, 'January', 'Jan'),
(2, 'February', 'Feb'),
(3, 'March', 'Mar'),
(4, 'April', 'Apr'),
(5, 'May', 'May'),
(6, 'June', 'Jun'),
(7, 'July', 'Jul'),
(8, 'August', 'Aug'),
(9, 'September', 'Sep'),
(10, 'October', 'Oct'),
(11, 'November', 'Nov'),
(12, 'December', 'Dec');

-- --------------------------------------------------------

--
-- Table structure for table `sys_options`
--

CREATE TABLE `sys_options` (
  `id` bigint(20) UNSIGNED NOT NULL,
  `type` varchar(48) COLLATE utf8mb4_unicode_ci DEFAULT NULL,
  `description` varchar(48) COLLATE utf8mb4_unicode_ci DEFAULT NULL,
  `status` tinyint(4) DEFAULT NULL
) ENGINE=InnoDB DEFAULT CHARSET=utf8mb4 COLLATE=utf8mb4_unicode_ci;

--
-- Dumping data for table `sys_options`
--

INSERT INTO `sys_options` (`id`, `type`, `description`, `status`) VALUES
(38, 'customer_type', 'Whole Sale', 1),
(39, 'customer_credit_limit', 'Cash', 1),
(57, 'employee_designation', 'Manager', 1),
(58, 'employee_designation', 'Accountant', 1),
(60, 'opportunities_type', 'Type2', 1),
(61, 'opportunities_sale_stage', 'Won', 1),
(62, 'opportunities_sale_stage', 'Lose', 1),
(63, 'opportunities_sale_stage', 'In-Process', 1),
(65, 'task_status', 'New', 1),
(66, 'task_priority', 'New', 1),
(68, 'event_head', 'Grave Yard', 1),
(70, 'moqalad_head', 'Syed Ali Sistani', 1),
(71, 'collection_head', 'Grave Yard', 1),
(72, 'collection_head', 'Welfare Fund', 1),
(73, 'event_head', 'Eid-ul-Fitar', 1),
(74, 'event_head', 'Muharam Collection', 1),
(75, 'moqalad_head', 'Syed Ali Khamanai', 1),
(77, 'moqalad_head', 'Agha Baheer Hussain Najafi', 1),
(79, 'collection_head', 'Sadqat', 1),
(80, 'collection_head', 'Kherat', 1),
(81, 'collection_head', 'Atiyat', 1),
(82, 'collection_head', 'Zakat', 1),
(83, 'collection_head', 'Saham-e-Imam', 1),
(84, 'collection_head', 'Saham-e-Sadat', 1),
(85, 'collection_head', 'Mal-e-Khuda', 1),
(86, 'collection_head', 'Isal-e-Swab', 1),
(87, 'event_head', 'Ramazan', 1),
(88, 'event_head', 'Muharram', 1),
(89, 'opportunities_lead_source', 'AL1', 1),
(90, 'customer_type', 'Al-1', 1),
(91, 'customer_type', 'AL-2', 1);

-- --------------------------------------------------------

--
-- Table structure for table `sys_payment_terms`
--

CREATE TABLE `sys_payment_terms` (
  `id` bigint(20) UNSIGNED NOT NULL,
  `terms` varchar(255) COLLATE utf8mb4_unicode_ci DEFAULT NULL
) ENGINE=InnoDB DEFAULT CHARSET=utf8mb4 COLLATE=utf8mb4_unicode_ci;

--
-- Dumping data for table `sys_payment_terms`
--

INSERT INTO `sys_payment_terms` (`id`, `terms`) VALUES
(1, 'Bank Payment'),
(2, 'Post Dated Cheques'),
(3, '5 Days Credit'),
(4, '10 Days Credit'),
(5, '15 Days Credit'),
(6, '30 Days Credit'),
(7, '45 Days Credit'),
(8, '60 Days Credit'),
(9, '90 Days Credit');

-- --------------------------------------------------------

--
-- Table structure for table `sys_recurings`
--

CREATE TABLE `sys_recurings` (
  `name` varchar(36) COLLATE utf8mb4_unicode_ci NOT NULL,
  `day` varchar(10) COLLATE utf8mb4_unicode_ci DEFAULT NULL
) ENGINE=InnoDB DEFAULT CHARSET=utf8mb4 COLLATE=utf8mb4_unicode_ci;

--
-- Dumping data for table `sys_recurings`
--

INSERT INTO `sys_recurings` (`name`, `day`) VALUES
('Monthly', NULL),
('Weekly', NULL),
('Annual', NULL),
('No', NULL);

-- --------------------------------------------------------

--
-- Table structure for table `sys_roles`
--

CREATE TABLE `sys_roles` (
  `id` char(36) COLLATE utf8mb4_unicode_ci NOT NULL,
  `name` varchar(100) COLLATE utf8mb4_unicode_ci NOT NULL,
  `number` bigint(20) UNSIGNED NOT NULL,
  `company_id` varchar(36) COLLATE utf8mb4_unicode_ci DEFAULT NULL,
  `mdl_id` varchar(20) COLLATE utf8mb4_unicode_ci NOT NULL,
  `mdl_mdc_id` varchar(32) COLLATE utf8mb4_unicode_ci NOT NULL,
  `status` tinyint(1) NOT NULL DEFAULT 1,
  `create` char(4) COLLATE utf8mb4_unicode_ci NOT NULL,
  `update` char(4) COLLATE utf8mb4_unicode_ci NOT NULL,
  `delete` char(4) COLLATE utf8mb4_unicode_ci NOT NULL,
  `description` varchar(1024) COLLATE utf8mb4_unicode_ci DEFAULT NULL,
  `deleted_at` datetime DEFAULT NULL,
  `created_at` timestamp NULL DEFAULT NULL,
  `updated_at` timestamp NULL DEFAULT NULL
) ENGINE=InnoDB DEFAULT CHARSET=utf8mb4 COLLATE=utf8mb4_unicode_ci;

--
-- Dumping data for table `sys_roles`
--

INSERT INTO `sys_roles` (`id`, `name`, `number`, `company_id`, `mdl_id`, `mdl_mdc_id`, `status`, `create`, `update`, `delete`, `description`, `deleted_at`, `created_at`, `updated_at`) VALUES
('046287ad-97a3-428f-8216-e2ccefaf8e68', 'Manager', 238, 'f9d0b90d-631a-4f45-982c-d8223bd65c0d', '300', '204', 1, 'yes', 'yes', 'yes', NULL, NULL, NULL, NULL),
('0620133a-ed55-4bf1-8d07-0325bce447cb', 'Admin', 259, 'f9d0b90d-631a-4f45-982c-d8223bd65c0d', '1200', '1202', 1, 'yes', 'yes', 'yes', NULL, NULL, NULL, NULL),
('08447006-80fc-40d1-8a09-a6211d925c99', 'Admin', 316, 'f9d0b90d-631a-4f45-982c-d8223bd65c0d', '100', '112', 1, 'yes', 'yes', 'yes', NULL, NULL, NULL, NULL),
('09604826-6e17-4833-b056-4cdf15912dde', 'Admin', 252, 'f9d0b90d-631a-4f45-982c-d8223bd65c0d', '600', '602', 1, 'yes', 'yes', 'yes', NULL, NULL, NULL, NULL),
('0a02cd75-da7a-4755-94d6-2c343ccc34b0', 'Manager', 109, 'f9d0b90d-631a-4f45-982c-d8223bd65c0d', '1300', '1308', 1, 'yes', 'yes', 'yes', NULL, NULL, NULL, NULL),
('0a71c191-ba20-4fe4-88c2-aa71be41e943', 'Manager', 124, 'f9d0b90d-631a-4f45-982c-d8223bd65c0d', '100', '106', 1, 'yes', 'yes', 'yes', NULL, NULL, NULL, NULL),
('0a76f7b0-903a-4bda-b72d-a6e99ee71c63', 'Admin', 277, 'f9d0b90d-631a-4f45-982c-d8223bd65c0d', '900', '907', 1, 'yes', 'yes', 'yes', NULL, NULL, NULL, NULL),
('0ab5ab75-6c32-4946-8ed3-970584d24fb2', 'Admin', 22, 'f9d0b90d-631a-4f45-982c-d8223bd65c0d', '200', '217', 1, 'yes', 'yes', 'yes', NULL, NULL, NULL, NULL),
('0e897889-8840-49ed-843c-416339d141f7', 'Manager', 115, 'f9d0b90d-631a-4f45-982c-d8223bd65c0d', '1300', '1307', 1, 'yes', 'yes', 'yes', NULL, NULL, NULL, NULL),
('0f87068e-d645-43fa-a5b1-1a58ec64e4e5', 'Admin', 181, 'f9d0b90d-631a-4f45-982c-d8223bd65c0d', '1500', '1309', 1, 'yes', 'yes', 'yes', NULL, NULL, NULL, NULL),
('12e2f400-049f-4865-bc45-675aae213f87', 'Admin', 23, 'f9d0b90d-631a-4f45-982c-d8223bd65c0d', '200', '208', 1, 'yes', 'yes', 'yes', NULL, NULL, NULL, NULL),
('15d418c6-145d-40a0-8157-fdcf467c873d', 'Admin', 258, 'f9d0b90d-631a-4f45-982c-d8223bd65c0d', '1200', '1201', 1, 'yes', 'yes', 'yes', NULL, NULL, NULL, NULL),
('163d0e29-e969-427a-8edc-2a010aa3a6dd', 'Admin', 177, 'f9d0b90d-631a-4f45-982c-d8223bd65c0d', '1600', '218', 1, 'yes', 'yes', 'yes', NULL, NULL, NULL, NULL),
('18717576-bbfa-4820-9e65-07eb1dcbc4f9', 'Admin', 307, 'f9d0b90d-631a-4f45-982c-d8223bd65c0d', '400', '407', 1, 'yes', 'yes', 'yes', NULL, NULL, NULL, NULL),
('191360e9-0724-4b3c-aabf-adac5238f4b9', 'Admin', 175, 'f9d0b90d-631a-4f45-982c-d8223bd65c0d', '1100', '1101', 1, 'yes', 'yes', 'yes', NULL, NULL, NULL, NULL),
('20618136-82cc-429c-9706-fa347d907027', 'Manager', 99, 'f9d0b90d-631a-4f45-982c-d8223bd65c0d', '200', '209', 1, 'yes', 'yes', 'yes', NULL, NULL, NULL, NULL),
('2170fab3-2f0a-46d3-8694-3be46f4dc091', 'Manager', 116, 'f9d0b90d-631a-4f45-982c-d8223bd65c0d', '1300', '1310', 1, 'yes', 'yes', 'yes', NULL, NULL, NULL, NULL),
('2194e23a-91f7-4213-b56f-d70a3f220bd3', 'Manager', 112, 'f9d0b90d-631a-4f45-982c-d8223bd65c0d', '1300', '1305', 1, 'yes', 'yes', 'yes', NULL, NULL, NULL, NULL),
('21bf0d3d-45b9-4524-94d7-806746a581ec', 'Manager', 225, 'f9d0b90d-631a-4f45-982c-d8223bd65c0d', '800', '805', 1, 'yes', 'yes', 'yes', NULL, NULL, NULL, NULL),
('230f9496-1fa5-4cb3-892d-9304d0244325', 'Admin', 305, 'f9d0b90d-631a-4f45-982c-d8223bd65c0d', '800', '809', 1, 'yes', 'yes', 'yes', NULL, NULL, NULL, NULL),
('2351092f-241f-4b74-bd4b-40eddd76b4e5', 'Manager', 108, 'f9d0b90d-631a-4f45-982c-d8223bd65c0d', '1300', '1306', 1, 'yes', 'yes', 'yes', NULL, NULL, NULL, NULL),
('24ab0811-53e6-4280-a337-53ee71606ead', 'Admin', 19, 'f9d0b90d-631a-4f45-982c-d8223bd65c0d', '200', '204', 1, 'yes', 'yes', 'yes', NULL, NULL, NULL, NULL),
('24d5107d-84b5-40d5-9572-2ac6430fc28e', 'Manager', 155, 'f9d0b90d-631a-4f45-982c-d8223bd65c0d', '900', '908', 1, 'yes', 'yes', 'yes', NULL, NULL, NULL, NULL),
('26393ae8-4a8c-473b-ac2c-06d5d479df6b', 'Manager', 165, 'f9d0b90d-631a-4f45-982c-d8223bd65c0d', '600', '604', 1, 'yes', 'yes', 'yes', NULL, NULL, NULL, NULL),
('27834391-67f9-49ba-ac30-2a86915c522a', 'Manager', 157, 'f9d0b90d-631a-4f45-982c-d8223bd65c0d', '900', '904', 1, 'yes', 'yes', 'yes', NULL, NULL, NULL, NULL),
('278553cb-67ce-457b-99fc-8fb70f450dc2', 'Manager', 228, 'f9d0b90d-631a-4f45-982c-d8223bd65c0d', '800', '809', 1, 'yes', 'yes', 'yes', NULL, NULL, NULL, NULL),
('27a703ee-f3e6-4bda-a22a-fccccb582fcb', 'Admin', 276, 'f9d0b90d-631a-4f45-982c-d8223bd65c0d', '900', '905', 1, 'yes', 'yes', 'yes', NULL, NULL, NULL, NULL),
('28591926-1fde-4e6b-8575-0d3d923b1908', 'Manager', 98, 'f9d0b90d-631a-4f45-982c-d8223bd65c0d', '200', '218', 1, 'yes', 'yes', 'yes', NULL, NULL, NULL, NULL),
('2872fa08-70ed-4fea-99f7-72a27ba66239', 'Admin', 314, 'f9d0b90d-631a-4f45-982c-d8223bd65c0d', '400', '406', 1, 'yes', 'yes', 'yes', NULL, NULL, NULL, NULL),
('2bfecf17-936b-4065-8dca-ce6b5998b368', 'Admin', 309, 'f9d0b90d-631a-4f45-982c-d8223bd65c0d', '400', '404', 1, 'yes', 'yes', 'yes', NULL, NULL, NULL, NULL),
('308e77ee-4bb2-4adc-bfd9-1629e59b91fc', 'Admin', 250, 'f9d0b90d-631a-4f45-982c-d8223bd65c0d', '600', '608', 1, 'yes', 'yes', 'yes', NULL, NULL, NULL, NULL),
('3273097b-d58c-45e7-bdc1-e5cadab4f6e9', 'Admin', 321, 'f9d0b90d-631a-4f45-982c-d8223bd65c0d', '100', '106', 1, 'yes', 'yes', 'yes', NULL, NULL, NULL, NULL),
('32a724a3-1c46-4d7c-9701-2cdcc6cbfe28', 'Manager', 215, 'f9d0b90d-631a-4f45-982c-d8223bd65c0d', '1600', '218', 1, 'yes', 'yes', 'yes', NULL, NULL, NULL, NULL),
('3307f8b1-1ea3-4e60-8389-d5b419834cf9', 'Manager', 216, 'f9d0b90d-631a-4f45-982c-d8223bd65c0d', '1600', '115', 1, 'yes', 'yes', 'yes', NULL, NULL, NULL, NULL),
('33c0a74c-1b25-4639-a458-f7bbfcad0a73', 'Manager', 90, 'f9d0b90d-631a-4f45-982c-d8223bd65c0d', '200', '214', 1, 'yes', 'yes', 'yes', NULL, NULL, NULL, NULL),
('36f8b165-abc4-4653-93fe-6c0286a029a7', 'Admin', 272, 'f9d0b90d-631a-4f45-982c-d8223bd65c0d', '900', '908', 1, 'yes', 'yes', 'yes', NULL, NULL, NULL, NULL),
('38714295-af38-4afb-b655-21b524d765f2', 'Manager', 161, 'f9d0b90d-631a-4f45-982c-d8223bd65c0d', '600', '609', 1, 'yes', 'yes', 'yes', NULL, NULL, NULL, NULL),
('389326cd-8cfb-4cc3-96f1-62e7563c2a67', 'Admin', 302, 'f9d0b90d-631a-4f45-982c-d8223bd65c0d', '800', '804', 1, 'yes', 'yes', 'yes', NULL, NULL, NULL, NULL),
('39f32ffd-7bc8-430d-8002-2832f4476ddd', 'Manager', 152, 'f9d0b90d-631a-4f45-982c-d8223bd65c0d', '900', '901', 1, 'yes', 'yes', 'yes', NULL, NULL, NULL, NULL),
('3d8d7d55-5e9b-4549-af81-2b9232feda66', 'Manager', 154, 'f9d0b90d-631a-4f45-982c-d8223bd65c0d', '900', '910', 1, 'yes', 'yes', 'yes', NULL, NULL, NULL, NULL),
('3e3d836c-64b0-40c7-b10d-acf7e2639a6e', 'Admin', 313, 'f9d0b90d-631a-4f45-982c-d8223bd65c0d', '400', '405', 1, 'yes', 'yes', 'yes', NULL, NULL, NULL, NULL),
('3f50d2e5-f0e0-407b-823e-93a238e863b5', 'Manager', 133, 'f9d0b90d-631a-4f45-982c-d8223bd65c0d', '100', '113', 1, 'yes', 'yes', 'yes', NULL, NULL, NULL, NULL),
('40cc3d25-5207-49f5-8546-4d960e2f360c', 'Manager', 166, 'f9d0b90d-631a-4f45-982c-d8223bd65c0d', '600', '601', 1, 'yes', 'yes', 'yes', NULL, NULL, NULL, NULL),
('4148e2f0-5d3b-4aed-b7f5-501292f97d5c', 'Admin', 172, 'f9d0b90d-631a-4f45-982c-d8223bd65c0d', '1100', '216', 1, 'yes', 'yes', 'yes', NULL, NULL, NULL, NULL),
('41f63b42-58b6-4ce9-83b7-27722b5b77a8', 'Manager', 128, 'f9d0b90d-631a-4f45-982c-d8223bd65c0d', '100', '115', 1, 'yes', 'yes', 'yes', NULL, NULL, NULL, NULL),
('42275a7c-162b-48fb-b464-1bb9c83925f4', 'Admin', 273, 'f9d0b90d-631a-4f45-982c-d8223bd65c0d', '900', '911', 1, 'yes', 'yes', 'yes', NULL, NULL, NULL, NULL),
('425e2dcb-6c92-47d0-97a9-634666e01b9a', 'Manager', 183, 'f9d0b90d-631a-4f45-982c-d8223bd65c0d', '1500', '1308', 1, 'yes', 'yes', 'yes', NULL, NULL, NULL, NULL),
('43e43bdb-dae0-4907-b5a8-aae638b6909b', 'Admin', 27, 'f9d0b90d-631a-4f45-982c-d8223bd65c0d', '200', '210', 1, 'yes', 'yes', 'yes', NULL, NULL, NULL, NULL),
('46187b5b-5546-4ded-8815-d2aacc5cb410', 'Manager', 104, 'f9d0b90d-631a-4f45-982c-d8223bd65c0d', '200', '212', 1, 'yes', 'yes', 'yes', NULL, NULL, NULL, NULL),
('46715d71-c1e5-4498-8fa6-cd491f087d2c', 'Admin', 308, 'f9d0b90d-631a-4f45-982c-d8223bd65c0d', '400', '401', 1, 'yes', 'yes', 'yes', NULL, NULL, NULL, NULL),
('469117a3-b12a-499a-ac68-39a35e624fb5', 'Admin', 73, 'f9d0b90d-631a-4f45-982c-d8223bd65c0d', '1300', '1310', 1, 'yes', 'yes', 'yes', NULL, NULL, NULL, NULL),
('481eb30d-08f2-47db-98bb-ec00ea773bb2', 'Admin', 257, 'f9d0b90d-631a-4f45-982c-d8223bd65c0d', '600', '605', 1, 'yes', 'yes', 'yes', NULL, NULL, NULL, NULL),
('493b5dd1-ebea-486b-8828-71e8374bc561', 'Admin', 303, 'f9d0b90d-631a-4f45-982c-d8223bd65c0d', '800', '808', 1, 'yes', 'yes', 'yes', NULL, NULL, NULL, NULL),
('49698ef3-41e6-4677-a3af-b7fb4494d77b', 'Manager', 245, 'f9d0b90d-631a-4f45-982c-d8223bd65c0d', '1100', '216', 1, 'yes', 'yes', 'yes', NULL, NULL, NULL, NULL),
('4b987269-9865-490a-89d4-8257dfa11d5a', 'Manager', 156, 'f9d0b90d-631a-4f45-982c-d8223bd65c0d', '900', '906', 1, 'yes', 'yes', 'yes', NULL, NULL, NULL, NULL),
('4cd645b1-0c39-4f14-8e4e-89c28994fbf7', 'Admin', 331, 'f9d0b90d-631a-4f45-982c-d8223bd65c0d', '100', '113', 1, 'yes', 'yes', 'yes', NULL, NULL, NULL, NULL),
('4e92c61c-dc3a-463e-b946-1ead15af56b2', 'Admin', 21, 'f9d0b90d-631a-4f45-982c-d8223bd65c0d', '200', '216', 1, 'yes', 'yes', 'yes', NULL, NULL, NULL, NULL),
('4f455eec-b979-46f1-97a7-89f28f07f82b', 'Manager', 164, 'f9d0b90d-631a-4f45-982c-d8223bd65c0d', '600', '602', 1, 'yes', 'yes', 'yes', NULL, NULL, NULL, NULL),
('50075385-e93a-4283-85fe-9ccdf2ec0b38', 'Manager', 123, 'f9d0b90d-631a-4f45-982c-d8223bd65c0d', '100', '109', 1, 'yes', 'yes', 'yes', NULL, NULL, NULL, NULL),
('50145453-db9d-4d9b-9034-d66bf148a289', 'Admin', 326, 'f9d0b90d-631a-4f45-982c-d8223bd65c0d', '100', '115', 1, 'yes', 'yes', 'yes', NULL, NULL, NULL, NULL),
('5136da2c-b75c-4a45-bed7-e64245bd0424', 'Manager', 229, 'f9d0b90d-631a-4f45-982c-d8223bd65c0d', '800', '808', 1, 'yes', 'yes', 'yes', NULL, NULL, NULL, NULL),
('51c98a44-af6f-4ec7-99a9-70378b82fbfe', 'Admin', 322, 'f9d0b90d-631a-4f45-982c-d8223bd65c0d', '100', '117', 1, 'yes', 'yes', 'yes', NULL, NULL, NULL, NULL),
('5227b8f4-6cd5-40d6-b576-3b3a55d40813', 'Manager', 92, 'f9d0b90d-631a-4f45-982c-d8223bd65c0d', '200', '204', 1, 'yes', 'yes', 'yes', NULL, NULL, NULL, NULL),
('55036d87-72cd-4c1e-b916-d6667116fd40', 'Admin', 274, 'f9d0b90d-631a-4f45-982c-d8223bd65c0d', '900', '906', 1, 'yes', 'yes', 'yes', NULL, NULL, NULL, NULL),
('57745088-7a5a-4d1b-bd9c-4ed4860ea4e2', 'Admin', 255, 'f9d0b90d-631a-4f45-982c-d8223bd65c0d', '600', '607', 1, 'yes', 'yes', 'yes', NULL, NULL, NULL, NULL),
('57ef67a6-8506-4204-84b1-df71d39b49f3', 'Manager', 121, 'f9d0b90d-631a-4f45-982c-d8223bd65c0d', '100', '101', 1, 'yes', 'yes', 'yes', NULL, NULL, NULL, NULL),
('58760ea9-4b0e-4b88-b969-3c5d9d83df69', 'Manager', 171, 'f9d0b90d-631a-4f45-982c-d8223bd65c0d', '1000', '1002', 1, 'no', 'no', 'no', NULL, NULL, NULL, NULL),
('59ae699b-2dea-4b1a-a81d-12760eefbc5e', 'Admin', 270, 'f9d0b90d-631a-4f45-982c-d8223bd65c0d', '900', '909', 1, 'yes', 'yes', 'yes', NULL, NULL, NULL, NULL),
('59ba3222-04c8-469c-ad0e-ce9e074fae7d', 'Admin', 323, 'f9d0b90d-631a-4f45-982c-d8223bd65c0d', '100', '116', 1, 'yes', 'yes', 'yes', NULL, NULL, NULL, NULL),
('5af87032-ef43-4c8f-9db7-513787f592d4', 'Admin', 235, 'f9d0b90d-631a-4f45-982c-d8223bd65c0d', '300', '302', 1, 'yes', 'yes', 'yes', NULL, NULL, NULL, NULL),
('5bf13a2b-3ef5-4ee7-987e-5b979f3e420b', 'Admin', 296, 'f9d0b90d-631a-4f45-982c-d8223bd65c0d', '800', '803', 1, 'yes', 'yes', 'yes', NULL, NULL, NULL, NULL),
('5d192183-b81b-487f-b583-c4e73158d852', 'Admin', 297, 'f9d0b90d-631a-4f45-982c-d8223bd65c0d', '800', '807', 1, 'yes', 'yes', 'yes', NULL, NULL, NULL, NULL),
('5f21257a-b7ae-425e-bb24-5eda0a94e50a', 'Admin', 26, 'f9d0b90d-631a-4f45-982c-d8223bd65c0d', '200', '209', 1, 'yes', 'yes', 'yes', NULL, NULL, NULL, NULL),
('5f2e7b67-5843-4afb-8645-bc54e69c0fc2', 'Admin', 71, 'f9d0b90d-631a-4f45-982c-d8223bd65c0d', '1300', '1304', 1, 'yes', 'yes', 'yes', NULL, NULL, NULL, NULL),
('60df5ad0-c95e-4fca-b55d-7d168d10f04f', 'Manager', 159, 'f9d0b90d-631a-4f45-982c-d8223bd65c0d', '900', '907', 1, 'yes', 'yes', 'yes', NULL, NULL, NULL, NULL),
('61263d03-6cd2-4594-95df-8c445c05e2ae', 'Admin', 28, 'f9d0b90d-631a-4f45-982c-d8223bd65c0d', '200', '201', 1, 'yes', 'yes', 'yes', NULL, NULL, NULL, NULL),
('61b5a5ee-2730-492f-b8b6-ed5b71596d89', 'Manager', 170, 'f9d0b90d-631a-4f45-982c-d8223bd65c0d', '1000', '1001', 1, 'no', 'no', 'no', NULL, NULL, NULL, NULL),
('6a3f205c-0275-4d05-8b3c-6345ef2a7b3b', 'Admin', 233, 'f9d0b90d-631a-4f45-982c-d8223bd65c0d', '300', '204', 1, 'yes', 'yes', 'yes', NULL, NULL, NULL, NULL),
('6b47cd66-c8a9-4213-8f08-c1b64ca0747d', 'Admin', 325, 'f9d0b90d-631a-4f45-982c-d8223bd65c0d', '100', '115', 1, 'yes', 'yes', 'yes', NULL, NULL, NULL, NULL),
('6c11cd2c-1c09-4e66-908c-cebab103fc9a', 'Manager', 113, 'f9d0b90d-631a-4f45-982c-d8223bd65c0d', '1300', '1309', 1, 'yes', 'yes', 'yes', NULL, NULL, NULL, NULL),
('6e1a9b38-5be8-4dbb-9450-4a0ebe895ef4', 'Admin', 66, 'f9d0b90d-631a-4f45-982c-d8223bd65c0d', '1300', '1308', 1, 'yes', 'yes', 'yes', NULL, NULL, NULL, NULL),
('70ae90fd-e4db-4a5e-817c-27530c8322b4', 'Admin', 310, 'f9d0b90d-631a-4f45-982c-d8223bd65c0d', '400', '402', 1, 'yes', 'yes', 'yes', NULL, NULL, NULL, NULL),
('7460f002-7167-4d1c-baad-e75ba02fb64d', 'Manager', 239, 'f9d0b90d-631a-4f45-982c-d8223bd65c0d', '300', '215', 1, 'yes', 'yes', 'yes', NULL, NULL, NULL, NULL),
('74e6c72c-d6ee-4a57-845d-1431f58ef1d8', 'Admin', 74, 'f9d0b90d-631a-4f45-982c-d8223bd65c0d', '1300', '1301', 1, 'yes', 'yes', 'yes', NULL, NULL, NULL, NULL),
('75c649cb-c79e-4752-84d4-5929539efec1', 'Admin', 312, 'f9d0b90d-631a-4f45-982c-d8223bd65c0d', '400', '411', 1, 'yes', 'yes', 'yes', NULL, NULL, NULL, NULL),
('76d15fff-805d-496a-9c2f-e0bac6a96067', 'Manager', 127, 'f9d0b90d-631a-4f45-982c-d8223bd65c0d', '100', '103', 1, 'yes', 'yes', 'yes', NULL, NULL, NULL, NULL),
('78bc1ba8-e399-4961-9eab-eca700039eea', 'Manager', 223, 'f9d0b90d-631a-4f45-982c-d8223bd65c0d', '800', '807', 1, 'yes', 'yes', 'yes', NULL, NULL, NULL, NULL),
('7d9d1005-3fe7-400b-ba21-5b4fc8119242', 'Admin', 237, 'f9d0b90d-631a-4f45-982c-d8223bd65c0d', '300', '211', 1, 'yes', 'yes', 'yes', NULL, NULL, NULL, NULL),
('7fba030b-d2df-4506-8540-c801d5e5948c', 'Admin', 61, 'f9d0b90d-631a-4f45-982c-d8223bd65c0d', '1000', '1002', 1, 'yes', 'yes', 'yes', NULL, NULL, NULL, NULL),
('807b62f6-6f1e-4312-9b77-d3ec308d107f', 'Admin', 332, 'f9d0b90d-631a-4f45-982c-d8223bd65c0d', '100', '107', 1, 'yes', 'yes', 'yes', NULL, NULL, NULL, NULL),
('80be6d3a-6baf-47b3-8609-640637ba5dad', 'Admin', 306, 'f9d0b90d-631a-4f45-982c-d8223bd65c0d', '800', '810', 1, 'yes', 'yes', 'yes', NULL, NULL, NULL, NULL),
('8566ed1a-6584-42f5-a16d-ffc1ce84761b', 'Manager', 111, 'f9d0b90d-631a-4f45-982c-d8223bd65c0d', '1300', '1303', 1, 'yes', 'yes', 'yes', NULL, NULL, NULL, NULL),
('85ef5942-d8a2-49c6-a1af-5af3be688803', 'Manager', 134, 'f9d0b90d-631a-4f45-982c-d8223bd65c0d', '100', '107', 1, 'yes', 'yes', 'yes', NULL, NULL, NULL, NULL),
('867b4b39-1f90-4ae6-864b-de2e194b6c87', 'Admin', 268, 'f9d0b90d-631a-4f45-982c-d8223bd65c0d', '900', '902', 1, 'yes', 'yes', 'yes', NULL, NULL, NULL, NULL),
('87827743-696f-46b1-a92f-0bdc23395b96', 'Manager', 91, 'f9d0b90d-631a-4f45-982c-d8223bd65c0d', '200', '206', 1, 'yes', 'yes', 'yes', NULL, NULL, NULL, NULL),
('87cd9de8-5543-4c6e-9a23-5e7eda366066', 'Manager', 224, 'f9d0b90d-631a-4f45-982c-d8223bd65c0d', '800', '802', 1, 'yes', 'yes', 'yes', NULL, NULL, NULL, NULL),
('88c9914e-d402-4e8e-8b22-cf2f0eb52def', 'Admin', 330, 'f9d0b90d-631a-4f45-982c-d8223bd65c0d', '100', '110', 1, 'yes', 'yes', 'yes', NULL, NULL, NULL, NULL),
('89a4dc16-21ea-41c7-ac1a-9e6d82988305', 'Manager', 117, 'f9d0b90d-631a-4f45-982c-d8223bd65c0d', '1300', '1301', 1, 'yes', 'yes', 'yes', NULL, NULL, NULL, NULL),
('8a81feb5-471d-4e83-8231-ef4784021d6f', 'Manager', 226, 'f9d0b90d-631a-4f45-982c-d8223bd65c0d', '800', '806', 1, 'yes', 'yes', 'yes', NULL, NULL, NULL, NULL),
('8a9dfb26-f340-4548-9d3f-03182bb7089b', 'Admin', 248, 'f9d0b90d-631a-4f45-982c-d8223bd65c0d', '1400', '1401', 1, 'yes', 'yes', 'yes', NULL, NULL, NULL, NULL),
('8ae5a68c-06e4-4529-aaaf-d1f3881ca20d', 'Admin', 318, 'f9d0b90d-631a-4f45-982c-d8223bd65c0d', '100', '101', 1, 'yes', 'yes', 'yes', NULL, NULL, NULL, NULL),
('8c270025-a638-43fd-b9a3-0d78b6248300', 'Admin', 300, 'f9d0b90d-631a-4f45-982c-d8223bd65c0d', '800', '806', 1, 'yes', 'yes', 'yes', NULL, NULL, NULL, NULL),
('8cb47431-ab53-4a13-97a8-b0a5931bca95', 'Manager', 160, 'f9d0b90d-631a-4f45-982c-d8223bd65c0d', '900', '903', 1, 'yes', 'yes', 'yes', NULL, NULL, NULL, NULL),
('8d058462-89f5-438e-827e-a26d36286c76', 'Admin', 324, 'f9d0b90d-631a-4f45-982c-d8223bd65c0d', '100', '103', 1, 'yes', 'yes', 'yes', NULL, NULL, NULL, NULL),
('8e2eeedb-a6db-4668-89aa-dfbfc7330da1', 'Manager', 102, 'f9d0b90d-631a-4f45-982c-d8223bd65c0d', '200', '203', 1, 'yes', 'yes', 'yes', NULL, NULL, NULL, NULL),
('92d4bab9-33ca-429d-b74b-905307466c14', 'Admin', 179, 'f9d0b90d-631a-4f45-982c-d8223bd65c0d', '1500', '1308', 1, 'yes', 'yes', 'yes', NULL, NULL, NULL, NULL),
('9321f1d7-1d4c-4803-bdf2-e8515c68dc0d', 'Manager', 101, 'f9d0b90d-631a-4f45-982c-d8223bd65c0d', '200', '201', 1, 'yes', 'yes', 'yes', NULL, NULL, NULL, NULL),
('94c2e87c-415f-4a71-ad02-ea54861850d5', 'Admin', 249, 'f9d0b90d-631a-4f45-982c-d8223bd65c0d', '600', '609', 1, 'yes', 'yes', 'yes', NULL, NULL, NULL, NULL),
('96ac805f-3c74-479c-b388-1c1f53c305d6', 'Manager', 93, 'f9d0b90d-631a-4f45-982c-d8223bd65c0d', '200', '205', 1, 'yes', 'yes', 'yes', NULL, NULL, NULL, NULL),
('96e80c69-2947-49ad-bedc-b9680a608482', 'Admin', 29, 'f9d0b90d-631a-4f45-982c-d8223bd65c0d', '200', '203', 1, 'yes', 'yes', 'yes', NULL, NULL, NULL, NULL),
('97100902-51df-4bf5-97df-de9fdecbfdd1', 'Admin', 301, 'f9d0b90d-631a-4f45-982c-d8223bd65c0d', '800', '801', 1, 'yes', 'yes', 'yes', NULL, NULL, NULL, NULL),
('983454bb-2492-4ac8-adc5-aaa192c679e0', 'Admin', 30, 'f9d0b90d-631a-4f45-982c-d8223bd65c0d', '200', '211', 1, 'yes', 'yes', 'yes', NULL, NULL, NULL, NULL),
('991f6bc9-4159-43fc-bc4f-f4562cf13d63', 'Manager', 114, 'f9d0b90d-631a-4f45-982c-d8223bd65c0d', '1300', '1304', 1, 'yes', 'yes', 'yes', NULL, NULL, NULL, NULL),
('9cc2624e-6647-4e28-8a72-35fdfae90cf1', 'Admin', 72, 'f9d0b90d-631a-4f45-982c-d8223bd65c0d', '1300', '1307', 1, 'yes', 'yes', 'yes', NULL, NULL, NULL, NULL),
('9ff5e61f-5054-4f66-84ac-97686b5c16f0', 'Manager', 94, 'f9d0b90d-631a-4f45-982c-d8223bd65c0d', '200', '216', 1, 'yes', 'yes', 'yes', NULL, NULL, NULL, NULL),
('a06b8cc3-8e44-4fb5-9dc2-7cff193d3b1d', 'Manager', 169, 'f9d0b90d-631a-4f45-982c-d8223bd65c0d', '600', '605', 1, 'yes', 'yes', 'yes', NULL, NULL, NULL, NULL),
('a1e5b45b-aa56-4e92-8e7f-c99ebeb9617c', 'Manager', 167, 'f9d0b90d-631a-4f45-982c-d8223bd65c0d', '600', '607', 1, 'yes', 'yes', 'yes', NULL, NULL, NULL, NULL),
('a1fcee1c-cf15-461d-8c1c-441aa18f7d59', 'Manager', 103, 'f9d0b90d-631a-4f45-982c-d8223bd65c0d', '200', '211', 1, 'yes', 'yes', 'yes', NULL, NULL, NULL, NULL),
('a349114e-ae12-42a4-95cb-d07c20280439', 'Admin', 271, 'f9d0b90d-631a-4f45-982c-d8223bd65c0d', '900', '910', 1, 'yes', 'yes', 'yes', NULL, NULL, NULL, NULL),
('a3726fdd-0b72-46c5-b4cd-b2d4b1288506', 'Manager', 241, 'f9d0b90d-631a-4f45-982c-d8223bd65c0d', '300', '301', 1, 'yes', 'yes', 'yes', NULL, NULL, NULL, NULL),
('a3e70787-4634-436f-8818-db4bd44671dc', 'Admin', 256, 'f9d0b90d-631a-4f45-982c-d8223bd65c0d', '600', '606', 1, 'yes', 'yes', 'yes', NULL, NULL, NULL, NULL),
('a5df5d19-9402-4e09-859a-ce465fa1ad3e', 'Manager', 97, 'f9d0b90d-631a-4f45-982c-d8223bd65c0d', '200', '215', 1, 'yes', 'yes', 'yes', NULL, NULL, NULL, NULL),
('a6e56b8a-ea97-4603-9f6f-a3ef1d7710d2', 'Admin', 176, 'f9d0b90d-631a-4f45-982c-d8223bd65c0d', '1100', '1102', 1, 'yes', 'yes', 'yes', NULL, NULL, NULL, NULL),
('ab4dd68c-7ece-4edc-87bb-c542ce7f00be', 'Manager', 246, 'f9d0b90d-631a-4f45-982c-d8223bd65c0d', '1100', '1102', 1, 'yes', 'yes', 'yes', NULL, NULL, NULL, NULL),
('af1cba03-58f5-47f1-9805-7015435aaea0', 'Admin', 299, 'f9d0b90d-631a-4f45-982c-d8223bd65c0d', '800', '805', 1, 'yes', 'yes', 'yes', NULL, NULL, NULL, NULL),
('afcbc2b0-5f4d-4a45-8d19-b0b32fdcf7a7', 'Manager', 151, 'f9d0b90d-631a-4f45-982c-d8223bd65c0d', '900', '902', 1, 'yes', 'yes', 'yes', NULL, NULL, NULL, NULL),
('b2241dd4-8475-4dce-a2ab-e5bd22f829f1', 'Manager', 130, 'f9d0b90d-631a-4f45-982c-d8223bd65c0d', '100', '111', 1, 'yes', 'yes', 'yes', NULL, NULL, NULL, NULL),
('b3de9347-63c4-4e0a-9777-d4d06ceb83a0', 'Manager', 232, 'f9d0b90d-631a-4f45-982c-d8223bd65c0d', '800', '811', 1, 'yes', 'yes', 'yes', NULL, NULL, NULL, NULL),
('b3f89a9a-01af-45bd-8619-3bcc5ee9aa0d', 'Admin', 247, 'f9d0b90d-631a-4f45-982c-d8223bd65c0d', '1400', '1402', 1, 'yes', 'yes', 'yes', NULL, NULL, NULL, NULL),
('b514867f-b74c-4472-acba-762abbe4706e', 'Manager', 230, 'f9d0b90d-631a-4f45-982c-d8223bd65c0d', '800', '804', 1, 'yes', 'yes', 'yes', NULL, NULL, NULL, NULL),
('b626d43c-33f3-4b64-a344-0a167cb3492a', 'Admin', 17, 'f9d0b90d-631a-4f45-982c-d8223bd65c0d', '200', '214', 1, 'yes', 'yes', 'yes', NULL, NULL, NULL, NULL),
('b6294589-d7bf-49d6-8dec-b729aa164db6', 'Admin', 173, 'f9d0b90d-631a-4f45-982c-d8223bd65c0d', '1100', '219', 1, 'yes', 'yes', 'yes', NULL, NULL, NULL, NULL),
('b741454a-ddad-499f-87f4-544a9150e77f', 'Admin', 69, 'f9d0b90d-631a-4f45-982c-d8223bd65c0d', '1300', '1305', 1, 'yes', 'yes', 'yes', NULL, NULL, NULL, NULL),
('b7791493-266c-41ca-83b7-40fbe9ddba10', 'Manager', 105, 'f9d0b90d-631a-4f45-982c-d8223bd65c0d', '200', '213', 1, 'yes', 'yes', 'yes', NULL, NULL, NULL, NULL),
('b9476d44-eef5-4caa-9d4c-753c00c736ea', 'Admin', 25, 'f9d0b90d-631a-4f45-982c-d8223bd65c0d', '200', '218', 1, 'yes', 'yes', 'yes', NULL, NULL, NULL, NULL),
('bceaa9a2-ff03-470d-8f63-e247aeaaf6a4', 'Admin', 32, 'f9d0b90d-631a-4f45-982c-d8223bd65c0d', '200', '213', 1, 'yes', 'yes', 'yes', NULL, NULL, NULL, NULL),
('bcfb56f5-a883-40db-8e08-aba6a523abae', 'Manager', 122, 'f9d0b90d-631a-4f45-982c-d8223bd65c0d', '100', '114', 1, 'yes', 'yes', 'yes', NULL, NULL, NULL, NULL),
('bdf0bf7a-3416-4b3c-a6de-c42b6a343d12', 'Admin', 20, 'f9d0b90d-631a-4f45-982c-d8223bd65c0d', '200', '205', 1, 'yes', 'yes', 'yes', NULL, NULL, NULL, NULL),
('c0d632d6-b799-4c99-9d14-75065bba14ab', 'Admin', 236, 'f9d0b90d-631a-4f45-982c-d8223bd65c0d', '300', '301', 1, 'yes', 'yes', 'yes', NULL, NULL, NULL, NULL),
('c2fdcbe0-960d-4214-95c3-dd0d4e475966', 'Admin', 70, 'f9d0b90d-631a-4f45-982c-d8223bd65c0d', '1300', '1309', 1, 'yes', 'yes', 'yes', NULL, NULL, NULL, NULL),
('c3057f0a-37ed-4a68-a54d-91623829d4b2', 'Manager', 132, 'f9d0b90d-631a-4f45-982c-d8223bd65c0d', '100', '110', 1, 'yes', 'yes', 'yes', NULL, NULL, NULL, NULL),
('c50111b2-d0c4-404b-877c-c2e1dc8da759', 'Admin', 253, 'f9d0b90d-631a-4f45-982c-d8223bd65c0d', '600', '604', 1, 'yes', 'yes', 'yes', NULL, NULL, NULL, NULL),
('c5d3b5f1-57d6-4b80-ba70-2e795ec138fc', 'Manager', 126, 'f9d0b90d-631a-4f45-982c-d8223bd65c0d', '100', '116', 1, 'yes', 'yes', 'yes', NULL, NULL, NULL, NULL),
('c711d862-00bf-4dc0-8835-fe35c4c97a3e', 'Admin', 320, 'f9d0b90d-631a-4f45-982c-d8223bd65c0d', '100', '109', 1, 'yes', 'yes', 'yes', NULL, NULL, NULL, NULL),
('c7d8b1e4-c53f-49b9-bae5-a4e383925697', 'Manager', 186, 'f9d0b90d-631a-4f45-982c-d8223bd65c0d', '1500', '1301', 1, 'yes', 'yes', 'yes', NULL, NULL, NULL, NULL),
('cbe8e236-a2fa-46c6-9275-c95bf4f18533', 'Admin', 180, 'f9d0b90d-631a-4f45-982c-d8223bd65c0d', '1500', '1305', 1, 'yes', 'yes', 'yes', NULL, NULL, NULL, NULL),
('cc693cd3-7e02-4f85-b451-47ed16e8daba', 'Admin', 298, 'f9d0b90d-631a-4f45-982c-d8223bd65c0d', '800', '802', 1, 'yes', 'yes', 'yes', NULL, NULL, NULL, NULL),
('ce67f1d8-1dac-49bf-acdf-f633a2b1cc56', 'Manager', 96, 'f9d0b90d-631a-4f45-982c-d8223bd65c0d', '200', '208', 1, 'yes', 'yes', 'yes', NULL, NULL, NULL, NULL),
('cf76419a-c668-4412-9841-53b233e6c3a4', 'Manager', 110, 'f9d0b90d-631a-4f45-982c-d8223bd65c0d', '1300', '1302', 1, 'yes', 'yes', 'yes', NULL, NULL, NULL, NULL),
('d6655845-6728-4979-a094-726687f205cf', 'Admin', 269, 'f9d0b90d-631a-4f45-982c-d8223bd65c0d', '900', '901', 1, 'yes', 'yes', 'yes', NULL, NULL, NULL, NULL),
('d8018369-c325-4e34-8b38-4c85e381c992', 'Admin', 254, 'f9d0b90d-631a-4f45-982c-d8223bd65c0d', '600', '601', 1, 'yes', 'yes', 'yes', NULL, NULL, NULL, NULL),
('d8456a48-9973-40e8-808e-ff35b153d7f9', 'Admin', 67, 'f9d0b90d-631a-4f45-982c-d8223bd65c0d', '1300', '1302', 1, 'yes', 'yes', 'yes', NULL, NULL, NULL, NULL),
('d854022c-3d18-4e4e-b8e9-5dc89c309928', 'Manager', 168, 'f9d0b90d-631a-4f45-982c-d8223bd65c0d', '600', '606', 1, 'yes', 'yes', 'yes', NULL, NULL, NULL, NULL),
('d99ba28f-ea24-4ed3-91e7-839a81201bc3', 'Manager', 222, 'f9d0b90d-631a-4f45-982c-d8223bd65c0d', '800', '803', 1, 'yes', 'yes', 'yes', NULL, NULL, NULL, NULL),
('da1c7726-bd70-490a-9949-5335955ed338', 'Admin', 31, 'f9d0b90d-631a-4f45-982c-d8223bd65c0d', '200', '212', 1, 'yes', 'yes', 'yes', NULL, NULL, NULL, NULL),
('da358357-9aeb-4783-baea-7c6a7854604f', 'Manager', 185, 'f9d0b90d-631a-4f45-982c-d8223bd65c0d', '1500', '1309', 1, 'yes', 'yes', 'yes', NULL, NULL, NULL, NULL),
('dccc95c9-24d2-4545-bd52-704b6c606afa', 'Manager', 244, 'f9d0b90d-631a-4f45-982c-d8223bd65c0d', '1100', '1101', 1, 'yes', 'yes', 'yes', NULL, NULL, NULL, NULL),
('dd16edd8-ab1c-4edd-b6f2-aa3fc5effccd', 'Manager', 163, 'f9d0b90d-631a-4f45-982c-d8223bd65c0d', '600', '603', 1, 'yes', 'yes', 'yes', NULL, NULL, NULL, NULL),
('de5b5cb7-25c9-4711-bf38-d5267a8202f9', 'Admin', 68, 'f9d0b90d-631a-4f45-982c-d8223bd65c0d', '1300', '1303', 1, 'yes', 'yes', 'yes', NULL, NULL, NULL, NULL),
('df522831-5aab-4387-ba62-b1c02d4b6116', 'Manager', 100, 'f9d0b90d-631a-4f45-982c-d8223bd65c0d', '200', '210', 1, 'yes', 'yes', 'yes', NULL, NULL, NULL, NULL),
('e01d2329-2890-4182-abfd-ec8ad85f0167', 'Admin', 317, 'f9d0b90d-631a-4f45-982c-d8223bd65c0d', '100', '112', 1, 'yes', 'yes', 'yes', NULL, NULL, NULL, NULL),
('e09392e9-59f1-47c9-8623-887d91bfb3b5', 'Regional Admin Officer', 315, 'f9d0b90d-631a-4f45-982c-d8223bd65c0d', '100', '112', 1, 'yes', 'no', 'no', NULL, NULL, NULL, NULL),
('e0bd8b3c-b4d5-421e-a8d9-ad7d070d0b61', 'Admin', 65, 'f9d0b90d-631a-4f45-982c-d8223bd65c0d', '1300', '1306', 1, 'yes', 'yes', 'yes', NULL, NULL, NULL, NULL),
('e205c70b-8d3f-4ea3-8214-cf7972353a79', 'Admin', 311, 'f9d0b90d-631a-4f45-982c-d8223bd65c0d', '400', '410', 1, 'yes', 'yes', 'yes', NULL, NULL, NULL, NULL),
('e3591db8-a0bb-4872-aece-481abc1182fd', 'Manager', 125, 'f9d0b90d-631a-4f45-982c-d8223bd65c0d', '100', '117', 1, 'yes', 'yes', 'yes', NULL, NULL, NULL, NULL),
('e4728cb0-499d-4fec-b9c6-c018547b953d', 'Manager', 95, 'f9d0b90d-631a-4f45-982c-d8223bd65c0d', '200', '217', 1, 'yes', 'yes', 'yes', NULL, NULL, NULL, NULL),
('e5634bf7-42e0-4544-b088-90848310e56c', 'Admin', 328, 'f9d0b90d-631a-4f45-982c-d8223bd65c0d', '100', '111', 1, 'yes', 'yes', 'yes', NULL, NULL, NULL, NULL),
('e66cadd0-5e7c-415c-8d75-7ee25d6dc7ba', 'Admin', 327, 'f9d0b90d-631a-4f45-982c-d8223bd65c0d', '100', '102', 1, 'yes', 'yes', 'yes', NULL, NULL, NULL, NULL),
('e7ccba8f-c919-47eb-a884-1c5bda24be5e', 'Manager', 158, 'f9d0b90d-631a-4f45-982c-d8223bd65c0d', '900', '905', 1, 'yes', 'yes', 'yes', NULL, NULL, NULL, NULL),
('e888195c-4ca0-4877-b4bb-10c908d040cc', 'Manager', 242, 'f9d0b90d-631a-4f45-982c-d8223bd65c0d', '300', '211', 1, 'yes', 'yes', 'yes', NULL, NULL, NULL, NULL),
('e9425dd1-fba8-4dac-a0e7-1804a6af228f', 'Admin', 275, 'f9d0b90d-631a-4f45-982c-d8223bd65c0d', '900', '904', 1, 'yes', 'yes', 'yes', NULL, NULL, NULL, NULL),
('e9a14726-a428-46bb-89dc-83cf020d3e64', 'Admin', 60, 'f9d0b90d-631a-4f45-982c-d8223bd65c0d', '1000', '1001', 1, 'yes', 'yes', 'yes', NULL, NULL, NULL, NULL),
('ea432403-35a6-49b1-a00d-d711688d18a5', 'Admin', 251, 'f9d0b90d-631a-4f45-982c-d8223bd65c0d', '600', '603', 1, 'yes', 'yes', 'yes', NULL, NULL, NULL, NULL),
('ebc531f4-4f94-4a04-918a-4a28526058fd', 'Manager', 243, 'f9d0b90d-631a-4f45-982c-d8223bd65c0d', '1100', '217', 1, 'yes', 'yes', 'yes', NULL, NULL, NULL, NULL),
('ec9ceb78-4fbc-4632-9e56-658fa0ce840a', 'Manager', 120, 'f9d0b90d-631a-4f45-982c-d8223bd65c0d', '100', '112', 1, 'yes', 'yes', 'yes', NULL, NULL, NULL, NULL),
('eea57bd3-568c-40d7-8dbf-eb31dd95fd85', 'Admin', 24, 'f9d0b90d-631a-4f45-982c-d8223bd65c0d', '200', '215', 1, 'yes', 'yes', 'yes', NULL, NULL, NULL, NULL),
('eecff25d-22e3-485b-85af-11eba26d262b', 'Admin', 278, 'f9d0b90d-631a-4f45-982c-d8223bd65c0d', '900', '903', 1, 'yes', 'yes', 'yes', NULL, NULL, NULL, NULL),
('ef0944ab-c303-47cd-9418-7a57d8fcd16e', 'Admin', 18, 'f9d0b90d-631a-4f45-982c-d8223bd65c0d', '200', '206', 1, 'yes', 'yes', 'yes', NULL, NULL, NULL, NULL),
('f0666a27-a6a0-48aa-81f9-55cef05460f8', 'Manager', 131, 'f9d0b90d-631a-4f45-982c-d8223bd65c0d', '100', '108', 1, 'yes', 'yes', 'yes', NULL, NULL, NULL, NULL),
('f27b250b-a694-4c7b-bde0-7d4e2548800a', 'Admin', 295, 'f9d0b90d-631a-4f45-982c-d8223bd65c0d', '800', '812', 1, 'yes', 'yes', 'yes', NULL, NULL, NULL, NULL),
('f2dd1b65-8623-4d31-8777-5759ba8d786b', 'Manager', 240, 'f9d0b90d-631a-4f45-982c-d8223bd65c0d', '300', '302', 1, 'yes', 'yes', 'yes', NULL, NULL, NULL, NULL),
('f3414d22-493f-4717-9d27-37a416dd3409', 'Admin', 329, 'f9d0b90d-631a-4f45-982c-d8223bd65c0d', '100', '108', 1, 'yes', 'yes', 'yes', NULL, NULL, NULL, NULL),
('f45598f5-55bf-42b4-b55c-565a6b6f365b', 'Admin', 174, 'f9d0b90d-631a-4f45-982c-d8223bd65c0d', '1100', '217', 1, 'yes', 'yes', 'yes', NULL, NULL, NULL, NULL),
('f61827d2-1754-42c6-9070-d5ef7328b169', 'Admin', 182, 'f9d0b90d-631a-4f45-982c-d8223bd65c0d', '1500', '1301', 1, 'yes', 'yes', 'yes', NULL, NULL, NULL, NULL),
('f6d803bf-7999-48e4-9c29-070987baafcd', 'Manager', 227, 'f9d0b90d-631a-4f45-982c-d8223bd65c0d', '800', '801', 1, 'yes', 'yes', 'yes', NULL, NULL, NULL, NULL),
('f84bfc81-f782-429a-ab84-13bcaa5a0e4b', 'Admin', 178, 'f9d0b90d-631a-4f45-982c-d8223bd65c0d', '1600', '115', 1, 'yes', 'yes', 'yes', NULL, NULL, NULL, NULL),
('f88d8076-9e27-4753-b013-92243f13fdca', 'Admin', 319, 'f9d0b90d-631a-4f45-982c-d8223bd65c0d', '100', '114', 1, 'yes', 'yes', 'yes', NULL, NULL, NULL, NULL),
('f8fa5811-8c2c-4717-b1a7-c6aa75608d85', 'Admin', 234, 'f9d0b90d-631a-4f45-982c-d8223bd65c0d', '300', '215', 1, 'yes', 'yes', 'yes', NULL, NULL, NULL, NULL),
('f9a3d1fc-0f0a-491b-9a05-0a6969d01c54', 'Manager', 129, 'f9d0b90d-631a-4f45-982c-d8223bd65c0d', '100', '102', 1, 'yes', 'yes', 'yes', NULL, NULL, NULL, NULL),
('fa06ef76-70e1-43c3-9731-55d5bb5b09e4', 'Manager', 153, 'f9d0b90d-631a-4f45-982c-d8223bd65c0d', '900', '909', 1, 'yes', 'yes', 'yes', NULL, NULL, NULL, NULL),
('fbbed451-8c57-4b4e-bb4f-7a37058f0285', 'Admin', 304, 'f9d0b90d-631a-4f45-982c-d8223bd65c0d', '800', '811', 1, 'yes', 'yes', 'yes', NULL, NULL, NULL, NULL),
('fcb9a176-ecd8-4e26-a37d-f018f226a6f9', 'Manager', 184, 'f9d0b90d-631a-4f45-982c-d8223bd65c0d', '1500', '1305', 1, 'yes', 'yes', 'yes', NULL, NULL, NULL, NULL),
('ffe6f3e1-87bb-46b3-824b-053c54180c06', 'Manager', 231, 'f9d0b90d-631a-4f45-982c-d8223bd65c0d', '800', '810', 1, 'yes', 'yes', 'yes', NULL, NULL, NULL, NULL),
('fffa85e1-e980-4c7c-b7bf-b732e0394bcc', 'Manager', 162, 'f9d0b90d-631a-4f45-982c-d8223bd65c0d', '600', '608', 1, 'yes', 'yes', 'yes', NULL, NULL, NULL, NULL);

-- --------------------------------------------------------

--
-- Table structure for table `sys_shipping_methods`
--

CREATE TABLE `sys_shipping_methods` (
  `id` bigint(20) UNSIGNED NOT NULL,
  `method` varchar(64) COLLATE utf8mb4_unicode_ci DEFAULT NULL
) ENGINE=InnoDB DEFAULT CHARSET=utf8mb4 COLLATE=utf8mb4_unicode_ci;

--
-- Dumping data for table `sys_shipping_methods`
--

INSERT INTO `sys_shipping_methods` (`id`, `method`) VALUES
(1, 'Air Shipment'),
(2, 'Sea Shipment'),
(3, 'Rail Transportaion'),
(4, 'Trucking');

-- --------------------------------------------------------

--
-- Table structure for table `sys_status`
--

CREATE TABLE `sys_status` (
  `id` bigint(20) UNSIGNED NOT NULL,
  `type` varchar(64) COLLATE utf8mb4_unicode_ci DEFAULT NULL,
  `status` varchar(64) COLLATE utf8mb4_unicode_ci DEFAULT NULL,
  `created_at` timestamp NULL DEFAULT NULL,
  `updated_at` timestamp NULL DEFAULT NULL
) ENGINE=InnoDB DEFAULT CHARSET=utf8mb4 COLLATE=utf8mb4_unicode_ci;

-- --------------------------------------------------------

--
-- Table structure for table `sys_taxes`
--

CREATE TABLE `sys_taxes` (
  `id` bigint(20) UNSIGNED NOT NULL,
  `coa_id` char(34) COLLATE utf8mb4_unicode_ci DEFAULT NULL,
  `name` varchar(50) COLLATE utf8mb4_unicode_ci DEFAULT NULL,
  `rate` decimal(12,5) DEFAULT NULL,
  `withheld` tinyint(3) UNSIGNED DEFAULT NULL,
  `type` varchar(10) COLLATE utf8mb4_unicode_ci DEFAULT NULL,
  `status` tinyint(3) UNSIGNED DEFAULT NULL,
  `editable` int(11) NOT NULL DEFAULT 1
) ENGINE=InnoDB DEFAULT CHARSET=utf8mb4 COLLATE=utf8mb4_unicode_ci;

--
-- Dumping data for table `sys_taxes`
--

INSERT INTO `sys_taxes` (`id`, `coa_id`, `name`, `rate`, `withheld`, `type`, `status`, `editable`) VALUES
(1, '100', 'Further Tax', '5.00000', NULL, NULL, 1, 0),
(2, '70', 'Sales Tax', '16.00000', NULL, NULL, NULL, 1),
(3, '70', 'Fed', '5.00000', NULL, NULL, 1, 0),
(4, '71', 'Purchase Tax', '5.00000', NULL, NULL, 1, 1),
(5, '71', 'Purchase Discount', '5.00000', NULL, NULL, 1, 1),
(6, '71', 'FED tax', '6.00000', NULL, NULL, 1, 1);

-- --------------------------------------------------------

--
-- Table structure for table `sys_terms`
--

CREATE TABLE `sys_terms` (
  `id` bigint(20) UNSIGNED NOT NULL,
  `category` varchar(64) COLLATE utf8mb4_unicode_ci DEFAULT NULL,
  `terms` text COLLATE utf8mb4_unicode_ci DEFAULT NULL,
  `status` tinyint(3) UNSIGNED DEFAULT NULL
) ENGINE=InnoDB DEFAULT CHARSET=utf8mb4 COLLATE=utf8mb4_unicode_ci;

--
-- Dumping data for table `sys_terms`
--

INSERT INTO `sys_terms` (`id`, `category`, `terms`, `status`) VALUES
(1, 'Quotation', '::Quotation::\r\nBuyer Agent An agent who represents the buyer in a real estate transaction. A buyer agent may be paid by the buyer, seller, or listing agent at closing, provided all parties consent', 1),
(2, 'Sales Invoice', 'Commissioning at site', 1),
(3, 'Sales Invoice', 'Dual Agent An agent representing both parties in a transaction. In almost every state, dual agency is illegal and unethical without the written consent of both the buyer and the seller.', 1),
(4, 'Sales Invoice', 'Listing Agent The agent who represents the seller.', 1),
(5, 'Sales Invoice', 'Our Scope 1. Supply, Installation & Commissioning of Synch Panel 2. Commissioning at site. 3- Panel Fat at works 4. Submission of Commissioning Report\"\". Customer Scope: 1. Power Cable, Terminations ', 1),
(6, 'Quotation', 'Listing Agent The agent who represents the seller.', 1),
(7, 'Sales Invoice', 'This is sale invoice', 1),
(8, 'Quotation', 'demo term', 1);

-- --------------------------------------------------------

--
-- Table structure for table `sys_units`
--

CREATE TABLE `sys_units` (
  `id` int(11) NOT NULL,
  `code` varchar(32) COLLATE utf8mb4_unicode_ci DEFAULT NULL,
  `name` varchar(40) COLLATE utf8mb4_unicode_ci DEFAULT NULL,
  `base_unit` varchar(20) COLLATE utf8mb4_unicode_ci DEFAULT NULL,
  `operator` char(4) COLLATE utf8mb4_unicode_ci DEFAULT NULL,
  `operator_value` int(11) DEFAULT NULL
) ENGINE=InnoDB DEFAULT CHARSET=utf8mb4 COLLATE=utf8mb4_unicode_ci;

--
-- Dumping data for table `sys_units`
--

INSERT INTO `sys_units` (`id`, `code`, `name`, `base_unit`, `operator`, `operator_value`) VALUES
(7, 'Pcs10', '10Pcs', '18', '*', 10),
(14, 'Ctn', 'Ctn', '14', '*', 1),
(15, 'Tray-d', 'Tray-d', '-1', '*', 1),
(16, 'ROLL', 'ROLL', '-1', '*', 1),
(17, 'ROLL', 'ROLL', '16', '*', 1),
(18, 'Pcs', 'Pcs', '-1', '*', 1),
(19, 'TRAY', 'TRAY', '18', '*', 24),
(20, 'KGb', 'KGb', '-1', '*', 1),
(21, 'KG', 'KG', '20', '*', 1),
(22, 'Pet', 'Pet', '-1', '*', 1),
(23, 'Pet', 'Pet 12Pcs', '22', '*', 12),
(24, 'Pet', 'Pet 6Pcs', '22', '*', 6),
(25, 'Pet', 'Pet 2Pcs', '22', '*', 2),
(26, '5KG', '5KGs', '20', '*', 5);

-- --------------------------------------------------------

--
-- Table structure for table `sys_users_modules`
--

CREATE TABLE `sys_users_modules` (
  `id` bigint(20) UNSIGNED NOT NULL,
  `mdl_usr_id` varchar(32) COLLATE utf8mb4_unicode_ci NOT NULL,
  `mdl_id` varchar(32) COLLATE utf8mb4_unicode_ci NOT NULL,
  `mdl_rol_id` varchar(32) COLLATE utf8mb4_unicode_ci NOT NULL,
  `status` tinyint(3) UNSIGNED NOT NULL,
  `delete` tinyint(3) UNSIGNED NOT NULL,
  `deleted_at` datetime DEFAULT NULL,
  `created_at` timestamp NULL DEFAULT NULL,
  `updated_at` timestamp NULL DEFAULT NULL
) ENGINE=InnoDB DEFAULT CHARSET=utf8mb4 COLLATE=utf8mb4_unicode_ci;

-- --------------------------------------------------------

--
-- Table structure for table `sys_warehouses`
--

CREATE TABLE `sys_warehouses` (
  `id` varchar(36) COLLATE utf8mb4_unicode_ci NOT NULL,
  `parent_id` varchar(36) COLLATE utf8mb4_unicode_ci DEFAULT NULL,
  `name` varchar(64) COLLATE utf8mb4_unicode_ci DEFAULT NULL,
  `email` varchar(64) COLLATE utf8mb4_unicode_ci DEFAULT NULL,
  `phone` varchar(20) COLLATE utf8mb4_unicode_ci DEFAULT NULL,
  `location` varchar(255) COLLATE utf8mb4_unicode_ci DEFAULT NULL,
  `address` varchar(100) COLLATE utf8mb4_unicode_ci DEFAULT NULL,
  `status` tinyint(4) DEFAULT NULL,
  `company_id` varchar(36) COLLATE utf8mb4_unicode_ci DEFAULT NULL
) ENGINE=InnoDB DEFAULT CHARSET=utf8mb4 COLLATE=utf8mb4_unicode_ci;

--
-- Dumping data for table `sys_warehouses`
--

INSERT INTO `sys_warehouses` (`id`, `parent_id`, `name`, `email`, `phone`, `location`, `address`, `status`, `company_id`) VALUES
('ae3b0fe8-5f4c-4327-8624-748d572e9c27', '-1', 'Aimen Foods Ware House', NULL, '0000', 'Shiekhupura Road', 'Shiekhupura', 1, 'f9d0b90d-631a-4f45-982c-d8223bd65c0d'),
('ea05b523-f673-4b0a-af93-4696ef68589a', '-1', 'Finish Store', NULL, '00000', 'Karachi', 'Karachi', 1, 'f9d0b90d-631a-4f45-982c-d8223bd65c0d');

-- --------------------------------------------------------

--
-- Table structure for table `users`
--

CREATE TABLE `users` (
  `id` bigint(20) UNSIGNED NOT NULL,
  `parent_id` bigint(20) DEFAULT NULL,
  `name` varchar(191) COLLATE utf8mb4_unicode_ci DEFAULT NULL,
  `email` varchar(191) COLLATE utf8mb4_unicode_ci NOT NULL,
  `email_verified_at` timestamp NULL DEFAULT NULL,
  `password` varchar(191) COLLATE utf8mb4_unicode_ci NOT NULL,
  `remember_token` varchar(100) COLLATE utf8mb4_unicode_ci DEFAULT NULL,
  `created_at` timestamp NULL DEFAULT NULL,
  `updated_at` timestamp NULL DEFAULT NULL,
  `ntn` varchar(100) COLLATE utf8mb4_unicode_ci DEFAULT NULL,
  `role` varchar(40) COLLATE utf8mb4_unicode_ci DEFAULT NULL,
  `firstName` varchar(40) COLLATE utf8mb4_unicode_ci DEFAULT NULL,
  `lastName` varchar(40) COLLATE utf8mb4_unicode_ci DEFAULT NULL,
  `profile` varchar(150) COLLATE utf8mb4_unicode_ci DEFAULT NULL
) ENGINE=InnoDB DEFAULT CHARSET=utf8mb4 COLLATE=utf8mb4_unicode_ci;

--
-- Dumping data for table `users`
--

INSERT INTO `users` (`id`, `parent_id`, `name`, `email`, `email_verified_at`, `password`, `remember_token`, `created_at`, `updated_at`, `ntn`, `role`, `firstName`, `lastName`, `profile`) VALUES
(8, NULL, 'Rizwan Naqvi', 'naqvi@solutionswave.com', NULL, '$2a$12$EYOC0OMzDzdSyjLcGTU1teqpWOpnrDgNP6kW2RAkatMixt7qBvY8a', NULL, '2020-03-19 01:03:47', '2021-10-06 21:49:33', '125', 'Admin', 'Rizwan', 'Naqvi', '1626291372.rhn.png'),
(31, NULL, NULL, 'asif@gmail.com', NULL, '$2y$10$BxEcR3kpAqMCdcbFbiwIQOTsvCJY9zJvtRdlqcvFQixl6IB699tne', NULL, NULL, NULL, NULL, 'G.M', 'Asif', 'Ali', '1612937177.images3.jfif'),
(33, NULL, NULL, 'demo@demo.com', NULL, '$2y$10$u8W/D6J0jHXz2yrecv/MZ.p7XYEoaZ3BfK2HxgZjwwEVyqmXW6F/6', NULL, NULL, NULL, NULL, 'manager', 'demo', 'user', '1611836391.images1.png'),
(34, NULL, NULL, 'erica@cmc.com', NULL, '$2y$10$/x/B5UDPl1cCoWxVkg7yUO92NTxdXohGcD/HMLG4t7f3Dng8uYRQS', NULL, NULL, NULL, NULL, 'Admin', 'Peter', 'Rynold', '1611920808.images5.jfif'),
(36, NULL, NULL, 'int@gmail.com', NULL, '$2y$10$gJnGSyBxMFIE522ALsPzz.Om0dv6oqfkxtHmzOq/uCA8YJkxTLNeu', NULL, NULL, NULL, NULL, 'Admin', 'intezar', 'Malik', '1612252628.images4.png'),
(37, NULL, NULL, 'tahir@gmail.com', NULL, '$2y$10$tlnErY3wj7Z5DIVWLYj/OeZKtbFG5q11GAPV9CPkf7EdEa157lAnK', NULL, NULL, NULL, NULL, 'manager', 'Tahir', 'Abbas', '1612272318.images3.jfif'),
(39, NULL, NULL, 'john@gmail.com', NULL, '$2y$10$X0IXV4vO3LpzLEy2ViY.leGYaXg6kkyL6KWJKtqPfRGdGEDM4idYm', NULL, NULL, NULL, NULL, 'Admin', 'michel', 'john', '1612879313.dummy-person.png'),
(41, NULL, NULL, 'david@gmail.com', NULL, '$2y$10$xmD9ehxXkg0bLRS4WBS8Tu0W5MlW1gagFWeP6bsgqLw6oxqHqw52C', NULL, NULL, NULL, NULL, 'manager', 'David', 'miller', '1612960642.dummy-person.png'),
(42, NULL, NULL, 'shane@gmail.com', NULL, '$2y$10$XAGOgJy0vEI1Lzp6rgLsUOuWbINIcxZs9cT/Zdid0s0DiNTyN5Bie', NULL, NULL, NULL, NULL, 'manager', 'shane', 'watson', '1612963140.dummy-person.png'),
(43, NULL, NULL, 'mice@gmail.com', NULL, '$2y$10$VdxyNlXg3kJ0M.tS0WuzXeAUQlODvXywYTDUwVyoZuME7z2kaTprm', NULL, NULL, NULL, NULL, 'Admin', 'Mark', 'mice', '1612965061.images3.jfif'),
(44, NULL, NULL, 'faf@gmail.com', NULL, '$2y$10$nPI9xI/34OU2ZnnQYTSb5eOC.2s9ChQilQtc/F8Pm2iE64qrTwwne', NULL, NULL, NULL, NULL, 'manager', 'Faf', 'duplisi', '1613036691.dummy-person.png'),
(45, NULL, NULL, 'Alex@gmail.com', NULL, '$2y$10$UaPUHsLiK5WzNmZh0dn.YOHR2Nt0hwCwd/WrnOkJYK2E6uvHIzBba', NULL, NULL, NULL, NULL, 'Admin', 'Robert', 'Alex', '1613461759.images3.jfif'),
(51, NULL, NULL, 'smith@gmail.com', NULL, '$2y$10$R/y2j1Tiul1OFebVCx9Vr.n9bGcRhNV6a.Flm4q6yhwKqTLP2CWvi', NULL, NULL, NULL, NULL, 'Admin', 'Gold', 'Smith', '1613464322.images1.png'),
(54, NULL, NULL, 'zee@gmail.com', NULL, '$2y$10$KTjsyfaC/m004EqjXsTF9ObAYkzXyXHEJCrcRqoD0FyFnrTY/C4ha', NULL, '2021-03-10 00:38:26', '2021-03-10 00:46:25', NULL, 'Admin', 'Zeeshan', 'Malik', '1615354706.zee.jpg'),
(55, NULL, NULL, 'ali@gmail.com', NULL, '$2y$10$RdCPQkYvh2UqLnC2H0HdRu3ChI0PfXTZtWS4mbEA1CPsGhcn5JRYe', NULL, '2021-03-13 06:15:47', '2021-03-13 06:15:47', NULL, 'Admin', 'ali', 'ali', NULL),
(57, NULL, NULL, 'qasim@gmail.com', NULL, '$2y$10$mOGY0FHcJgfTpDY7i6MWfuC28MaSJgepr0L0Hm5SInvlWMS.NQVDS', NULL, '2021-03-16 00:55:32', '2021-08-28 08:18:12', NULL, 'Admin', 'Qasim', 'Sulemani', '1615874325.zee.jpg'),
(58, NULL, NULL, 'dil@gmail.com', NULL, '$2y$10$mOGY0FHcJgfTpDY7i6MWfuC28MaSJgepr0L0Hm5SInvlWMS.NQVDS', NULL, '2021-03-16 01:04:55', '2021-03-16 01:05:20', NULL, 'Admin', 'Dilawar', 'Abbas', NULL),
(59, NULL, NULL, 'irtiza@gmail.com', NULL, '$2y$10$bxEv78JRaFuIbq6PU2.jHeeTdzJlc.NbswSw237QbM1lTygSklhpa', NULL, '2021-03-16 01:08:34', '2021-03-16 01:10:47', NULL, 'Admin', 'irtiza', 'ali', NULL),
(60, NULL, NULL, 'zulfiqar@gmail.com', NULL, '$2y$10$FP2p4UOrj9enNz0VfCS.Ve7hU0i26uwLqv0XUIHfayNgRun7Xaj66', NULL, '2021-03-16 01:17:40', '2021-03-16 01:17:55', NULL, 'Admin', 'Zulfiqar', 'Ali', NULL),
(61, NULL, NULL, 'musa@gmail.com', NULL, '$2y$10$incEn/VYysPvhLmWCMide.u9lDBmNh/96sfTS20rqkO.IXdblFDti', NULL, '2021-05-31 00:36:00', '2021-05-31 00:38:46', NULL, 'Accountant', 'Musa', 'Ali', NULL),
(63, NULL, NULL, 'fatima@gmail.com', NULL, '', NULL, NULL, NULL, NULL, 'Accountant', 'Fatima', 'Iqbal', NULL),
(64, NULL, NULL, 'Taqi@gmail.com', NULL, '', NULL, NULL, NULL, NULL, 'Admin', 'Ayan', 'Taqi', NULL),
(65, NULL, NULL, 'shahryar@gmail.com', NULL, '', NULL, NULL, NULL, NULL, 'Admin', 'Shahryar', 'Ahmad', NULL),
(67, NULL, NULL, 'imran@gmail.com', NULL, '', NULL, NULL, NULL, NULL, 'Accountant', 'Imran', 'Basheer', NULL),
(68, NULL, NULL, 'jafari@gmail.com', NULL, '', NULL, NULL, NULL, NULL, 'Admin', 'Intezar', 'Jafari', NULL);

-- --------------------------------------------------------

--
-- Table structure for table `user_companies`
--

CREATE TABLE `user_companies` (
  `id` bigint(20) UNSIGNED NOT NULL,
  `user_id` int(11) NOT NULL,
  `company_id` varchar(36) COLLATE utf8mb4_unicode_ci DEFAULT NULL
) ENGINE=InnoDB DEFAULT CHARSET=utf8mb4 COLLATE=utf8mb4_unicode_ci;

--
-- Dumping data for table `user_companies`
--

INSERT INTO `user_companies` (`id`, `user_id`, `company_id`) VALUES
(33, 31, 'f9d0b90d-631a-4f45-982c-d8223bd65c0d'),
(35, 47, 'f9d0b90d-631a-4f45-982c-d8223bd65c0d'),
(40, 48, 'f9d0b90d-631a-4f45-982c-d8223bd65c0d'),
(41, 49, 'f9d0b90d-631a-4f45-982c-d8223bd65c0d'),
(43, 45, 'f9d0b90d-631a-4f45-982c-d8223bd65c0d'),
(47, 57, 'f9d0b90d-631a-4f45-982c-d8223bd65c0d'),
(56, 8, 'f9d0b90d-631a-4f45-982c-d8223bd65c0d');

-- --------------------------------------------------------

--
-- Table structure for table `wip_inventories`
--

CREATE TABLE `wip_inventories` (
  `id` varchar(36) COLLATE utf8mb4_unicode_ci NOT NULL,
  `date` date DEFAULT NULL,
  `dept_id` varchar(36) COLLATE utf8mb4_unicode_ci DEFAULT NULL,
  `gin_id` varchar(36) COLLATE utf8mb4_unicode_ci DEFAULT NULL,
  `grn_id` varchar(36) COLLATE utf8mb4_unicode_ci DEFAULT NULL,
  `prod_id` varchar(36) COLLATE utf8mb4_unicode_ci DEFAULT NULL,
  `qty_in` decimal(12,5) DEFAULT NULL,
  `qty_out` decimal(12,5) DEFAULT NULL,
  `rate` decimal(12,5) DEFAULT NULL,
  `amount` decimal(12,5) DEFAULT NULL,
  `company_id` varchar(36) COLLATE utf8mb4_unicode_ci DEFAULT NULL
) ENGINE=InnoDB DEFAULT CHARSET=utf8mb4 COLLATE=utf8mb4_unicode_ci;

--
-- Dumping data for table `wip_inventories`
--

INSERT INTO `wip_inventories` (`id`, `date`, `dept_id`, `gin_id`, `grn_id`, `prod_id`, `qty_in`, `qty_out`, `rate`, `amount`, `company_id`) VALUES
('02389bc9-e357-4639-a707-20b7ec5e7138', '2021-04-20', NULL, NULL, '03a75fae-d2a0-4995-9a12-53fdcdedfe11', 'a762acbf-7c99-4239-a236-2fb14836dc03', '0.00000', '70236.00000', '0.00008', '5.34242', 'f9d0b90d-631a-4f45-982c-d8223bd65c0d'),
('02bf799f-1f48-4558-a837-3fedc1d9aa49', '2021-02-18', NULL, NULL, 'c30a1527-9139-4a58-b70f-a952c5de95b7', 'f918cfd1-43cc-46a0-9390-6119da495d02', '0.00000', '94824.00000', '0.00004', '3.33000', 'f9d0b90d-631a-4f45-982c-d8223bd65c0d'),
('0726de4b-8bb4-4b39-80c8-e63e1febe9ae', '2021-03-28', NULL, NULL, '935505c7-4577-4e19-8eed-f8a754890203', 'a3157a27-0e5c-41c1-a5c8-61b78fcacf62', '0.00000', '1260.00000', '0.00472', '5.95000', 'f9d0b90d-631a-4f45-982c-d8223bd65c0d'),
('0e647f73-c59b-4718-b16b-74b64868676b', '2021-02-08', NULL, 'a66cd017-0f72-4cf0-a283-4037841572b2', NULL, 'daa2dddb-b342-4ab0-b8dd-a952d7bd52be', '12309.00000', '0.00000', '4.83000', '59452.47000', 'f9d0b90d-631a-4f45-982c-d8223bd65c0d'),
('10a99a6b-f282-4c46-be13-a91d59912ede', '2021-04-17', NULL, NULL, '0a74fd7d-04f3-4887-a593-24f8453b7db9', 'ddbeb847-9738-424d-b5cd-817ea8c280f2', '0.00000', '1125.00000', '0.00844', '9.50000', 'f9d0b90d-631a-4f45-982c-d8223bd65c0d'),
('14dbd342-3143-4449-a080-b31b7fc91967', '2021-03-11', NULL, NULL, '80ff0b1c-4da4-4113-8de6-684d9b1e1c9c', 'cb5a1a7d-9dc6-49b7-9711-c007985762a5', '0.00000', '1646.00000', '0.01488', '24.50000', 'f9d0b90d-631a-4f45-982c-d8223bd65c0d'),
('14f20859-0fba-43f6-8270-a6c34316c4a5', '2021-03-24', NULL, NULL, 'c4e8b8ff-47a1-49f6-957e-3e99a1008f80', 'a3157a27-0e5c-41c1-a5c8-61b78fcacf62', '0.00000', '1535.00000', '0.00388', '5.95000', 'f9d0b90d-631a-4f45-982c-d8223bd65c0d'),
('15a3dcd8-5fe4-41f5-8a41-3197f9c4ac43', '2021-05-25', '9483cba4-518b-495e-824d-cd16121bd1ca', 'ed2e70c8-a471-4f88-b2b1-42150591bb20', NULL, 'a3157a27-0e5c-41c1-a5c8-61b78fcacf62', '9000.00000', '0.00000', '5.95000', '53550.00000', 'f9d0b90d-631a-4f45-982c-d8223bd65c0d'),
('16190e7b-2e8e-4640-a2f1-217a861a3903', '2021-02-08', NULL, 'a66cd017-0f72-4cf0-a283-4037841572b2', NULL, '1a94e739-6a47-4d58-bb4e-725c5375903c', '6066.00000', '0.00000', '9.00000', '54594.00000', 'f9d0b90d-631a-4f45-982c-d8223bd65c0d'),
('1db38499-6aff-4d57-bb22-2866d4bc7032', '2021-02-08', NULL, 'a66cd017-0f72-4cf0-a283-4037841572b2', NULL, 'a3157a27-0e5c-41c1-a5c8-61b78fcacf62', '23689.00000', '0.00000', '5.95000', '140949.55000', 'f9d0b90d-631a-4f45-982c-d8223bd65c0d'),
('28f6bdf6-9ae7-4061-99e3-9a2f9082be6e', '2021-03-29', '9483cba4-518b-495e-824d-cd16121bd1ca', '01eb0073-9b8f-4338-a5fe-4736bb93cafc', NULL, 'ff37340f-a17f-4c24-9ccd-9d26c11f0232', '1000.00000', '0.00000', '5.74000', '5740.00000', 'f9d0b90d-631a-4f45-982c-d8223bd65c0d'),
('342aa579-52e1-43ba-8701-40d663540e56', '2021-04-22', NULL, NULL, 'd697d98b-c00d-40e1-8ea7-985b9f113f42', 'ddbeb847-9738-424d-b5cd-817ea8c280f2', '0.00000', '1057.00000', '0.00899', '9.50000', 'f9d0b90d-631a-4f45-982c-d8223bd65c0d'),
('377c45c2-3ca5-4f7d-8b58-95133b0670c4', '2021-03-24', NULL, NULL, 'c4e8b8ff-47a1-49f6-957e-3e99a1008f80', '8df7c58f-9091-4a4c-b9d0-1c65fb5992c7', '0.00000', '36840.00000', '0.00009', '3.33000', 'f9d0b90d-631a-4f45-982c-d8223bd65c0d'),
('3905db6d-2bcd-4350-af78-45355c73b2bb', '2021-03-27', NULL, NULL, '17ae33e5-edbf-473a-9722-3f3ff12665b4', '1a94e739-6a47-4d58-bb4e-725c5375903c', '0.00000', '1020.00000', '0.00882', '9.00000', 'f9d0b90d-631a-4f45-982c-d8223bd65c0d'),
('3ceecf2e-aca3-480c-9c8d-c606b16ad1a2', '2021-03-30', NULL, NULL, '23a5f014-9f10-499f-ad92-a8844aa67c01', 'a762acbf-7c99-4239-a236-2fb14836dc03', '0.00000', '75303.00000', '0.00007', '5.07000', 'f9d0b90d-631a-4f45-982c-d8223bd65c0d'),
('3d375560-fde0-4b9b-900a-94b5bf11d34c', '2021-03-16', NULL, NULL, '3f331745-466d-4eee-b5a7-2b8c9e0676b7', 'a762acbf-7c99-4239-a236-2fb14836dc03', '0.00000', '129528.00000', '0.00004', '5.07000', 'f9d0b90d-631a-4f45-982c-d8223bd65c0d'),
('3f48e48f-e236-4e7b-ba19-c9aa7159918e', '2021-02-08', '9483cba4-518b-495e-824d-cd16121bd1ca', 'a66cd017-0f72-4cf0-a283-4037841572b2', NULL, 'a762acbf-7c99-4239-a236-2fb14836dc03', '55232.00000', '0.00000', '5.07000', '280026.24000', 'f9d0b90d-631a-4f45-982c-d8223bd65c0d'),
('405ed4c1-28d0-4ebb-973a-287a6ccfa6ff', '2021-02-18', NULL, NULL, '8891e3bb-b9cd-4c4e-94db-346c5be8e458', 'cb5a1a7d-9dc6-49b7-9711-c007985762a5', '0.00000', '2398.00000', '0.01022', '24.50000', 'f9d0b90d-631a-4f45-982c-d8223bd65c0d'),
('42ed8f6c-c3af-403c-91fe-d7f9210e823d', '2021-02-18', NULL, NULL, '8891e3bb-b9cd-4c4e-94db-346c5be8e458', 'a762acbf-7c99-4239-a236-2fb14836dc03', '0.00000', '86328.00000', '0.00006', '5.07000', 'f9d0b90d-631a-4f45-982c-d8223bd65c0d'),
('434cf9fe-5827-4d98-bbc7-d01444e56ffe', '2021-04-17', NULL, NULL, '0a74fd7d-04f3-4887-a593-24f8453b7db9', 'ff37340f-a17f-4c24-9ccd-9d26c11f0232', '0.00000', '30375.00000', '0.00019', '5.74000', 'f9d0b90d-631a-4f45-982c-d8223bd65c0d'),
('46aafdac-9022-45dd-9a6f-55603a7c4b8f', '2021-02-19', NULL, NULL, '7112242d-8177-4e99-9b84-9259fc54fa9f', '1a94e739-6a47-4d58-bb4e-725c5375903c', '0.00000', '5553.00000', '0.00162', '9.00000', 'f9d0b90d-631a-4f45-982c-d8223bd65c0d'),
('47711531-7be5-40fe-97e8-635bb38cebe9', '2021-02-17', '9483cba4-518b-495e-824d-cd16121bd1ca', '662d96c8-9eef-482b-ae6d-763c3da1d842', NULL, 'daa2dddb-b342-4ab0-b8dd-a952d7bd52be', '24480.00000', '0.00000', '4.83000', '118238.40000', 'f9d0b90d-631a-4f45-982c-d8223bd65c0d'),
('4794c4ac-53a3-463b-ab20-fde18b74ea3a', '2021-02-08', NULL, 'a66cd017-0f72-4cf0-a283-4037841572b2', NULL, '8df7c58f-9091-4a4c-b9d0-1c65fb5992c7', '322440.00000', '0.00000', '3.41947', '1102574.20000', 'f9d0b90d-631a-4f45-982c-d8223bd65c0d'),
('47e69841-6f2b-4da1-8c1a-2c8047f84278', '2021-02-08', NULL, 'a66cd017-0f72-4cf0-a283-4037841572b2', NULL, 'a762acbf-7c99-4239-a236-2fb14836dc03', '55232.00000', '0.00000', '5.07000', '280026.24000', 'f9d0b90d-631a-4f45-982c-d8223bd65c0d'),
('4b26c485-46a1-4852-8505-568a254429f3', '2021-04-22', NULL, NULL, 'd697d98b-c00d-40e1-8ea7-985b9f113f42', 'a762acbf-7c99-4239-a236-2fb14836dc03', '0.00000', '28539.00000', '0.00019', '5.34242', 'f9d0b90d-631a-4f45-982c-d8223bd65c0d'),
('4b3ef5f2-ac98-43cb-941f-488d99ff5c17', '2021-02-08', '9483cba4-518b-495e-824d-cd16121bd1ca', 'a66cd017-0f72-4cf0-a283-4037841572b2', NULL, 'f918cfd1-43cc-46a0-9390-6119da495d02', '246096.00000', '0.00000', '3.33000', '819499.68000', 'f9d0b90d-631a-4f45-982c-d8223bd65c0d'),
('4e53166c-31c8-4549-b4d7-b609f3b936b1', '2021-02-17', '9483cba4-518b-495e-824d-cd16121bd1ca', '662d96c8-9eef-482b-ae6d-763c3da1d842', NULL, '1a94e739-6a47-4d58-bb4e-725c5375903c', '1020.00000', '0.00000', '9.00000', '9180.00000', 'f9d0b90d-631a-4f45-982c-d8223bd65c0d'),
('4f2f0dd2-dcb8-4a02-9171-65bb02c1a946', '2021-04-17', '9483cba4-518b-495e-824d-cd16121bd1ca', 'b797a3cf-abca-4943-acc6-7df14ee2f223', NULL, 'ddbeb847-9738-424d-b5cd-817ea8c280f2', '2182.00000', '0.00000', '9.50000', '20729.00000', 'f9d0b90d-631a-4f45-982c-d8223bd65c0d'),
('5139937c-5b12-4824-a787-7559c2821ba2', '2021-02-28', NULL, NULL, '313b84be-a2b5-4f97-a5cd-78c5606ee558', 'cb5a1a7d-9dc6-49b7-9711-c007985762a5', '0.00000', '1219.00000', '0.02010', '24.50000', 'f9d0b90d-631a-4f45-982c-d8223bd65c0d'),
('524c25ec-ba6d-4297-8be5-51ecd8646d70', '2021-02-17', '9483cba4-518b-495e-824d-cd16121bd1ca', '662d96c8-9eef-482b-ae6d-763c3da1d842', NULL, 'c8d5d6f6-b614-4899-a78b-48fef22699e2', '59256.00000', '0.00000', '5.07000', '300427.92000', 'f9d0b90d-631a-4f45-982c-d8223bd65c0d'),
('52e18f0f-31a9-4988-8266-7d9e5fb504e6', '2021-02-08', NULL, 'a66cd017-0f72-4cf0-a283-4037841572b2', NULL, 'a3157a27-0e5c-41c1-a5c8-61b78fcacf62', '23689.00000', '0.00000', '5.95000', '140949.55000', 'f9d0b90d-631a-4f45-982c-d8223bd65c0d'),
('530f2649-1d2a-4721-813e-ee654a74c6c0', '2021-02-08', '9483cba4-518b-495e-824d-cd16121bd1ca', 'a66cd017-0f72-4cf0-a283-4037841572b2', NULL, 'a3157a27-0e5c-41c1-a5c8-61b78fcacf62', '23689.00000', '0.00000', '5.95000', '140949.55000', 'f9d0b90d-631a-4f45-982c-d8223bd65c0d'),
('53216028-9a04-4bba-a24c-b5d2497f5649', '2021-04-17', '9483cba4-518b-495e-824d-cd16121bd1ca', 'b797a3cf-abca-4943-acc6-7df14ee2f223', NULL, 'ff37340f-a17f-4c24-9ccd-9d26c11f0232', '79191.00000', '0.00000', '5.74000', '454556.34000', 'f9d0b90d-631a-4f45-982c-d8223bd65c0d'),
('558148d9-d7fc-4ed4-b67c-1600f1f6bbb9', '2021-02-28', NULL, NULL, 'fd698e3e-bfbc-4823-b502-10978440c3e0', 'cb5a1a7d-9dc6-49b7-9711-c007985762a5', '0.00000', '1219.00000', NULL, NULL, 'f9d0b90d-631a-4f45-982c-d8223bd65c0d'),
('56b38de4-7b41-41d8-96a3-7c495c682f8e', '2021-03-27', NULL, NULL, '17ae33e5-edbf-473a-9722-3f3ff12665b4', 'daa2dddb-b342-4ab0-b8dd-a952d7bd52be', '0.00000', '24480.00000', '0.00020', '4.83000', 'f9d0b90d-631a-4f45-982c-d8223bd65c0d'),
('5875be63-61d0-4e93-b267-d644c6d2b112', '2021-03-29', NULL, NULL, '5f32dc5b-a044-45a8-94e3-0013886d2bcc', 'ff37340f-a17f-4c24-9ccd-9d26c11f0232', '0.00000', '103212.00000', '0.00006', '5.74000', 'f9d0b90d-631a-4f45-982c-d8223bd65c0d'),
('5a0f3d03-5174-4ab7-8f5d-bd014dc29032', '2021-02-08', NULL, 'a66cd017-0f72-4cf0-a283-4037841572b2', NULL, 'a3157a27-0e5c-41c1-a5c8-61b78fcacf62', '23689.00000', '0.00000', '5.95000', '140949.55000', 'f9d0b90d-631a-4f45-982c-d8223bd65c0d'),
('5ba7dbff-c766-4adb-bbbc-bf642d1af49e', '2021-04-29', NULL, NULL, '2129769c-9134-4a15-b00d-0d814ab56144', 'c8d5d6f6-b614-4899-a78b-48fef22699e2', '0.00000', '61848.00000', '0.00009', '5.60281', 'f9d0b90d-631a-4f45-982c-d8223bd65c0d'),
('5bb43f30-59db-4db1-92f4-ce64877f22c8', '2021-04-29', NULL, NULL, '2129769c-9134-4a15-b00d-0d814ab56144', 'cb5a1a7d-9dc6-49b7-9711-c007985762a5', '0.00000', '1718.00000', '0.01426', '24.50000', 'f9d0b90d-631a-4f45-982c-d8223bd65c0d'),
('5ca0020d-f72f-46dd-819e-3e5a8532413d', '2021-03-28', NULL, NULL, '935505c7-4577-4e19-8eed-f8a754890203', '8df7c58f-9091-4a4c-b9d0-1c65fb5992c7', '0.00000', '30240.00000', '0.00011', '3.33000', 'f9d0b90d-631a-4f45-982c-d8223bd65c0d'),
('5ed6ff83-214f-4e7c-9695-ac40a157dbb3', '2021-02-08', NULL, 'a66cd017-0f72-4cf0-a283-4037841572b2', NULL, '1a94e739-6a47-4d58-bb4e-725c5375903c', '6066.00000', '0.00000', '9.00000', '54594.00000', 'f9d0b90d-631a-4f45-982c-d8223bd65c0d'),
('5fc41b97-9046-4f23-b7e5-747767f3d35b', '2021-02-19', 'fc057ccd-f05d-4c26-88c7-c4b58f80f255', 'c74a9b95-c6f7-4906-b87c-f31ce3499d9b', NULL, '1a94e739-6a47-4d58-bb4e-725c5375903c', '5553.00000', '0.00000', '9.00000', '49977.00000', 'f9d0b90d-631a-4f45-982c-d8223bd65c0d'),
('618144ef-e912-4a37-91fa-ef38fd09cbf3', '2021-02-19', NULL, NULL, '5f68f2a4-de07-4997-9cad-900ade7aceef', '1a94e739-6a47-4d58-bb4e-725c5375903c', '0.00000', '513.00000', '0.01657', '8.50000', 'f9d0b90d-631a-4f45-982c-d8223bd65c0d'),
('67314f49-0e1c-4e3c-ad56-feafd08f5508', '2021-02-08', NULL, 'a66cd017-0f72-4cf0-a283-4037841572b2', NULL, 'a762acbf-7c99-4239-a236-2fb14836dc03', '55232.00000', '0.00000', '5.07000', '280026.24000', 'f9d0b90d-631a-4f45-982c-d8223bd65c0d'),
('69ea80d0-d335-484f-9a1b-885625c171e2', '2021-02-08', NULL, 'a66cd017-0f72-4cf0-a283-4037841572b2', NULL, 'cb5a1a7d-9dc6-49b7-9711-c007985762a5', '5151.00000', '0.00000', '24.50000', '126199.50000', 'f9d0b90d-631a-4f45-982c-d8223bd65c0d'),
('6b41f981-9b11-4867-9cea-c889485c929d', '2021-02-08', NULL, 'a66cd017-0f72-4cf0-a283-4037841572b2', NULL, 'f918cfd1-43cc-46a0-9390-6119da495d02', '246096.00000', '0.00000', '3.33000', '819499.68000', 'f9d0b90d-631a-4f45-982c-d8223bd65c0d'),
('6cadf974-4bdb-408f-b757-4f7ce2ebe23d', '2021-02-19', NULL, NULL, 'ce96a752-38ce-4eab-9750-a6c7f61bb5dd', 'daa2dddb-b342-4ab0-b8dd-a952d7bd52be', '0.00000', '12312.00000', '0.00039', '4.83000', 'f9d0b90d-631a-4f45-982c-d8223bd65c0d'),
('7247d310-dbcc-4dad-a7bc-d5e1bf0a7f1e', '2021-02-17', '9483cba4-518b-495e-824d-cd16121bd1ca', '662d96c8-9eef-482b-ae6d-763c3da1d842', NULL, 'cb5a1a7d-9dc6-49b7-9711-c007985762a5', '8726.00000', '0.00000', '24.50000', '213787.00000', 'f9d0b90d-631a-4f45-982c-d8223bd65c0d'),
('75b2dbda-dbc2-4602-a1a2-90c3283513e0', '2021-02-08', '9483cba4-518b-495e-824d-cd16121bd1ca', 'a66cd017-0f72-4cf0-a283-4037841572b2', NULL, 'cb5a1a7d-9dc6-49b7-9711-c007985762a5', '5151.00000', '0.00000', '24.50000', '126199.50000', 'f9d0b90d-631a-4f45-982c-d8223bd65c0d'),
('79681963-d61f-47df-83df-b83a349b8b75', '2021-04-17', NULL, NULL, 'ac1d3912-b392-4748-bb8d-e37c3646c559', 'cb5a1a7d-9dc6-49b7-9711-c007985762a5', '0.00000', '1356.00000', '0.01807', '24.50000', 'f9d0b90d-631a-4f45-982c-d8223bd65c0d'),
('7976077b-db9c-4440-9522-919c2a0dc5ec', '2021-02-08', NULL, 'a66cd017-0f72-4cf0-a283-4037841572b2', NULL, 'cb5a1a7d-9dc6-49b7-9711-c007985762a5', '5151.00000', '0.00000', '24.50000', '126199.50000', 'f9d0b90d-631a-4f45-982c-d8223bd65c0d'),
('7d988f98-693c-4038-bbee-46ab28d16d04', '2021-02-28', NULL, NULL, 'fd698e3e-bfbc-4823-b502-10978440c3e0', 'c8d5d6f6-b614-4899-a78b-48fef22699e2', '0.00000', '43884.00000', NULL, NULL, 'f9d0b90d-631a-4f45-982c-d8223bd65c0d'),
('7e62d7b5-35f4-4a70-ac02-badb4c68c311', '2021-02-08', NULL, 'a66cd017-0f72-4cf0-a283-4037841572b2', NULL, '8df7c58f-9091-4a4c-b9d0-1c65fb5992c7', '322440.00000', '0.00000', '3.33000', '1073725.20000', 'f9d0b90d-631a-4f45-982c-d8223bd65c0d'),
('8719fce8-7443-4af0-8de3-462d87127228', '2021-02-08', '9483cba4-518b-495e-824d-cd16121bd1ca', 'a66cd017-0f72-4cf0-a283-4037841572b2', NULL, 'daa2dddb-b342-4ab0-b8dd-a952d7bd52be', '12309.00000', '0.00000', '4.83000', '59452.47000', 'f9d0b90d-631a-4f45-982c-d8223bd65c0d'),
('8768d2a0-887e-4a0c-b6fc-30ff9a3e400f', '2021-03-11', NULL, NULL, '80ff0b1c-4da4-4113-8de6-684d9b1e1c9c', 'c8d5d6f6-b614-4899-a78b-48fef22699e2', '0.00000', '59256.00000', '0.00009', '5.07000', 'f9d0b90d-631a-4f45-982c-d8223bd65c0d'),
('8b16e98a-af70-4591-935c-6e6d172cf56e', '2021-03-16', NULL, NULL, '3f331745-466d-4eee-b5a7-2b8c9e0676b7', 'cb5a1a7d-9dc6-49b7-9711-c007985762a5', '0.00000', '3598.00000', '0.00681', '24.50000', 'f9d0b90d-631a-4f45-982c-d8223bd65c0d'),
('8b8dfe7c-a91a-43a1-af31-e4a336e331bc', '2021-02-11', NULL, NULL, 'dabc1a8d-47e5-4627-89c9-4a6b4ceca35c', 'a3157a27-0e5c-41c1-a5c8-61b78fcacf62', '0.00000', '6303.00000', NULL, NULL, 'f9d0b90d-631a-4f45-982c-d8223bd65c0d'),
('8c949e23-3ad4-442c-b2d6-3d1f5640565e', '2021-02-08', NULL, 'a66cd017-0f72-4cf0-a283-4037841572b2', NULL, 'c8d5d6f6-b614-4899-a78b-48fef22699e2', '43884.00000', '0.00000', '5.07000', '222491.88000', 'f9d0b90d-631a-4f45-982c-d8223bd65c0d'),
('8cd4eb43-ce17-4f6f-adbb-98a5a1809732', '2021-02-11', NULL, NULL, 'dabc1a8d-47e5-4627-89c9-4a6b4ceca35c', 'f918cfd1-43cc-46a0-9390-6119da495d02', '0.00000', '151272.00000', NULL, NULL, 'f9d0b90d-631a-4f45-982c-d8223bd65c0d'),
('8d0411bc-fc43-4b59-8fe8-4a5066ff5571', '2021-02-08', NULL, 'a66cd017-0f72-4cf0-a283-4037841572b2', NULL, 'f918cfd1-43cc-46a0-9390-6119da495d02', '246096.00000', '0.00000', '3.33000', '819499.68000', 'f9d0b90d-631a-4f45-982c-d8223bd65c0d'),
('8d0e0adc-cbe4-499b-8b0c-31f99e537a8c', '2021-03-29', NULL, NULL, '5f32dc5b-a044-45a8-94e3-0013886d2bcc', 'cb5a1a7d-9dc6-49b7-9711-c007985762a5', '0.00000', '2867.00000', '0.00855', '24.50000', 'f9d0b90d-631a-4f45-982c-d8223bd65c0d'),
('922bf525-5531-4551-b6e7-13a78dc3af28', '2021-02-19', 'fc057ccd-f05d-4c26-88c7-c4b58f80f255', 'c74a9b95-c6f7-4906-b87c-f31ce3499d9b', NULL, 'a762acbf-7c99-4239-a236-2fb14836dc03', '86328.00000', '0.00000', '5.07000', '437682.96000', 'f9d0b90d-631a-4f45-982c-d8223bd65c0d'),
('95d6f1b2-9b3d-4115-a7e3-b2ba4c3843c6', '2021-02-08', NULL, 'a66cd017-0f72-4cf0-a283-4037841572b2', NULL, 'f918cfd1-43cc-46a0-9390-6119da495d02', '246096.00000', '0.00000', '3.33000', '819499.68000', 'f9d0b90d-631a-4f45-982c-d8223bd65c0d'),
('99d7f832-d499-4655-9e28-afa661bfaf03', '2021-02-08', '9483cba4-518b-495e-824d-cd16121bd1ca', 'a66cd017-0f72-4cf0-a283-4037841572b2', NULL, '1a94e739-6a47-4d58-bb4e-725c5375903c', '6066.00000', '0.00000', '9.00000', '54594.00000', 'f9d0b90d-631a-4f45-982c-d8223bd65c0d'),
('9ae6ddc3-3288-4373-a8be-f2c59be65c20', '2021-02-08', NULL, 'a66cd017-0f72-4cf0-a283-4037841572b2', NULL, '1a94e739-6a47-4d58-bb4e-725c5375903c', '6066.00000', '0.00000', '9.00000', '54594.00000', 'f9d0b90d-631a-4f45-982c-d8223bd65c0d'),
('9ae92795-e07c-4633-8af1-5733a3d7385d', '2021-02-17', '9483cba4-518b-495e-824d-cd16121bd1ca', '662d96c8-9eef-482b-ae6d-763c3da1d842', NULL, 'a3157a27-0e5c-41c1-a5c8-61b78fcacf62', '2795.00000', '0.00000', '5.95000', '16630.25000', 'f9d0b90d-631a-4f45-982c-d8223bd65c0d'),
('9b08a81c-c797-416d-8f1c-a7947a7201ef', '2021-02-19', NULL, NULL, '7112242d-8177-4e99-9b84-9259fc54fa9f', 'daa2dddb-b342-4ab0-b8dd-a952d7bd52be', '0.00000', '133272.00000', '0.00004', '4.83000', 'f9d0b90d-631a-4f45-982c-d8223bd65c0d'),
('9d8eed24-c0fc-4c9f-8553-108e0883c337', '2021-03-31', NULL, NULL, 'a39b182d-63cd-4f90-93ff-ec2b646a8d13', 'ddbeb847-9738-424d-b5cd-817ea8c280f2', '0.00000', '2098.00000', '0.00453', '9.50000', 'f9d0b90d-631a-4f45-982c-d8223bd65c0d'),
('9d9ec87e-daf5-4b82-abe2-7a0224032dd6', '2021-03-30', NULL, NULL, '23a5f014-9f10-499f-ad92-a8844aa67c01', 'ddbeb847-9738-424d-b5cd-817ea8c280f2', '0.00000', '2789.00000', '0.00341', '9.50000', 'f9d0b90d-631a-4f45-982c-d8223bd65c0d'),
('9e18e852-0277-466f-98c8-f8e88fa4f3bf', '2021-02-22', NULL, NULL, '263476fc-75a4-4437-bffb-09f2c2229970', 'a3157a27-0e5c-41c1-a5c8-61b78fcacf62', '0.00000', '6353.00000', NULL, NULL, 'f9d0b90d-631a-4f45-982c-d8223bd65c0d'),
('a44aad9f-3341-48a2-8c9c-0861fd2c7305', '2021-02-22', NULL, NULL, '263476fc-75a4-4437-bffb-09f2c2229970', '8df7c58f-9091-4a4c-b9d0-1c65fb5992c7', '0.00000', '152472.00000', NULL, NULL, 'f9d0b90d-631a-4f45-982c-d8223bd65c0d'),
('a554f941-d614-4e1f-904a-8f3ab581bccc', '2021-02-17', '9483cba4-518b-495e-824d-cd16121bd1ca', '662d96c8-9eef-482b-ae6d-763c3da1d842', NULL, 'ff37340f-a17f-4c24-9ccd-9d26c11f0232', '158858.00000', '0.00000', '5.74000', '911844.92000', 'f9d0b90d-631a-4f45-982c-d8223bd65c0d'),
('a61a0a4d-7ab8-4cce-9330-694c8858b411', '2021-04-17', '9483cba4-518b-495e-824d-cd16121bd1ca', 'b797a3cf-abca-4943-acc6-7df14ee2f223', NULL, 'a762acbf-7c99-4239-a236-2fb14836dc03', '98760.00000', '0.00000', '5.34242', '527617.72000', 'f9d0b90d-631a-4f45-982c-d8223bd65c0d'),
('a7968cf8-9684-4dcc-98f0-8a9a4ceec196', '2021-02-10', NULL, NULL, 'df5c27c6-84ed-4ddf-91a9-abf74535ddd3', 'a3157a27-0e5c-41c1-a5c8-61b78fcacf62', '0.00000', '7082.00000', NULL, NULL, 'f9d0b90d-631a-4f45-982c-d8223bd65c0d'),
('b4dd1e3f-87a2-453b-9a55-2541bef03146', '2021-02-22', NULL, NULL, '263476fc-75a4-4437-bffb-09f2c2229970', '8df7c58f-9091-4a4c-b9d0-1c65fb5992c7', '0.00000', '152472.00000', NULL, NULL, 'f9d0b90d-631a-4f45-982c-d8223bd65c0d'),
('ba141298-1b12-4ee4-8cb9-a061c3a9269f', '2021-02-19', NULL, NULL, '5f68f2a4-de07-4997-9cad-900ade7aceef', 'daa2dddb-b342-4ab0-b8dd-a952d7bd52be', '0.00000', '12312.00000', '0.00039', '4.83000', 'f9d0b90d-631a-4f45-982c-d8223bd65c0d'),
('ba1eabad-6f91-412e-a79d-2c042f0af8ee', '2021-02-08', NULL, 'a66cd017-0f72-4cf0-a283-4037841572b2', NULL, 'c8d5d6f6-b614-4899-a78b-48fef22699e2', '43884.00000', '0.00000', '5.07000', '222491.88000', 'f9d0b90d-631a-4f45-982c-d8223bd65c0d'),
('bd614f11-078e-4ab0-9a5a-1ed86f0ea990', '2021-03-30', NULL, NULL, 'bde74393-f655-4d58-b232-a63cd8cb8e3d', 'a762acbf-7c99-4239-a236-2fb14836dc03', '0.00000', '22140.00000', '0.00023', '5.07000', 'f9d0b90d-631a-4f45-982c-d8223bd65c0d'),
('c20902c0-cf8d-404e-93e8-a072ee803d5e', '2021-02-08', '9483cba4-518b-495e-824d-cd16121bd1ca', 'a66cd017-0f72-4cf0-a283-4037841572b2', NULL, 'c8d5d6f6-b614-4899-a78b-48fef22699e2', '43884.00000', '0.00000', '5.07000', '222491.88000', 'f9d0b90d-631a-4f45-982c-d8223bd65c0d'),
('c377ecfe-0670-4909-a6a9-4ac608956f9d', '2021-02-08', NULL, 'a66cd017-0f72-4cf0-a283-4037841572b2', NULL, 'daa2dddb-b342-4ab0-b8dd-a952d7bd52be', '12309.00000', '0.00000', '4.83000', '59452.47000', 'f9d0b90d-631a-4f45-982c-d8223bd65c0d'),
('c5ed1ac1-7646-4fd7-ba40-8c620c876af8', '2021-02-19', 'fc057ccd-f05d-4c26-88c7-c4b58f80f255', 'c74a9b95-c6f7-4906-b87c-f31ce3499d9b', NULL, 'daa2dddb-b342-4ab0-b8dd-a952d7bd52be', '133272.00000', '0.00000', '4.83000', '643703.76000', 'f9d0b90d-631a-4f45-982c-d8223bd65c0d'),
('ca211fc5-f7db-4d0c-91d5-c2efe98fa1b0', '2021-02-28', NULL, NULL, '313b84be-a2b5-4f97-a5cd-78c5606ee558', 'c8d5d6f6-b614-4899-a78b-48fef22699e2', '0.00000', '43884.00000', '0.00012', '5.07000', 'f9d0b90d-631a-4f45-982c-d8223bd65c0d'),
('cab266db-ec82-43c1-9260-e60502e90acb', '2021-02-17', '9483cba4-518b-495e-824d-cd16121bd1ca', '662d96c8-9eef-482b-ae6d-763c3da1d842', NULL, '8df7c58f-9091-4a4c-b9d0-1c65fb5992c7', '67080.00000', '0.00000', '3.33000', '223376.40000', 'f9d0b90d-631a-4f45-982c-d8223bd65c0d'),
('cc566df8-54a2-441e-b055-f0db070cf1e9', '2021-02-08', NULL, 'a66cd017-0f72-4cf0-a283-4037841572b2', NULL, 'c8d5d6f6-b614-4899-a78b-48fef22699e2', '43884.00000', '0.00000', '5.07000', '222491.88000', 'f9d0b90d-631a-4f45-982c-d8223bd65c0d'),
('ce073adc-d039-44a8-94a0-b0ac86b12cfc', '2021-04-17', '9483cba4-518b-495e-824d-cd16121bd1ca', 'b797a3cf-abca-4943-acc6-7df14ee2f223', NULL, 'c8d5d6f6-b614-4899-a78b-48fef22699e2', '61848.00000', '0.00000', '5.60281', '346522.64000', 'f9d0b90d-631a-4f45-982c-d8223bd65c0d'),
('cefb2c4d-a1f9-46c1-ab07-b661448b5eec', '2021-02-10', NULL, NULL, 'df5c27c6-84ed-4ddf-91a9-abf74535ddd3', '8df7c58f-9091-4a4c-b9d0-1c65fb5992c7', '0.00000', '169968.00000', NULL, NULL, 'f9d0b90d-631a-4f45-982c-d8223bd65c0d'),
('cfdaa24f-4966-4db0-8c3a-becf1ee03e4e', '2021-02-08', NULL, 'a66cd017-0f72-4cf0-a283-4037841572b2', NULL, 'cb5a1a7d-9dc6-49b7-9711-c007985762a5', '5151.00000', '0.00000', '24.50000', '126199.50000', 'f9d0b90d-631a-4f45-982c-d8223bd65c0d'),
('d2713f73-74e0-4052-94c8-7765a1355339', '2021-02-28', NULL, NULL, '1506f4da-9ab2-4798-b99e-6c35b862f405', 'a762acbf-7c99-4239-a236-2fb14836dc03', '0.00000', '55224.00000', NULL, NULL, 'f9d0b90d-631a-4f45-982c-d8223bd65c0d'),
('d78667b1-c9d5-4bbd-b0b3-078fdf75334b', '2021-02-17', '9483cba4-518b-495e-824d-cd16121bd1ca', '662d96c8-9eef-482b-ae6d-763c3da1d842', NULL, 'ddbeb847-9738-424d-b5cd-817ea8c280f2', '4887.00000', '0.00000', '9.50000', '46426.50000', 'f9d0b90d-631a-4f45-982c-d8223bd65c0d'),
('da58b310-6749-4870-8437-6d1dd1483786', '2021-02-28', NULL, NULL, '1506f4da-9ab2-4798-b99e-6c35b862f405', 'cb5a1a7d-9dc6-49b7-9711-c007985762a5', '0.00000', '1534.00000', '24.50000', '0.00000', 'f9d0b90d-631a-4f45-982c-d8223bd65c0d'),
('db6f16d1-6302-4e38-9f83-07a4f8b185c2', '2021-02-18', NULL, NULL, 'c30a1527-9139-4a58-b70f-a952c5de95b7', 'a3157a27-0e5c-41c1-a5c8-61b78fcacf62', '0.00000', '3951.00000', '0.00151', '5.95000', 'f9d0b90d-631a-4f45-982c-d8223bd65c0d'),
('dba875e1-7b0b-4045-a398-466193b8b023', '2021-02-17', '9483cba4-518b-495e-824d-cd16121bd1ca', '662d96c8-9eef-482b-ae6d-763c3da1d842', NULL, 'a762acbf-7c99-4239-a236-2fb14836dc03', '226971.00000', '0.00000', '5.52104', '1253114.95000', 'f9d0b90d-631a-4f45-982c-d8223bd65c0d'),
('de0f5c45-68d4-44d0-8764-9988a2a7efdd', '2021-04-20', NULL, NULL, '03a75fae-d2a0-4995-9a12-53fdcdedfe11', 'cb5a1a7d-9dc6-49b7-9711-c007985762a5', '0.00000', '1951.00000', '0.01256', '24.50000', 'f9d0b90d-631a-4f45-982c-d8223bd65c0d'),
('dea1837b-492f-4e78-8133-04ed4908ebd6', '2021-04-17', '9483cba4-518b-495e-824d-cd16121bd1ca', 'b797a3cf-abca-4943-acc6-7df14ee2f223', NULL, 'cb5a1a7d-9dc6-49b7-9711-c007985762a5', '5025.00000', '0.00000', '24.50000', '123112.50000', 'f9d0b90d-631a-4f45-982c-d8223bd65c0d'),
('df150f52-df8a-431b-8813-1fb1c714300c', '2021-02-28', NULL, NULL, 'fd698e3e-bfbc-4823-b502-10978440c3e0', 'c8d5d6f6-b614-4899-a78b-48fef22699e2', '0.00000', '43884.00000', NULL, NULL, 'f9d0b90d-631a-4f45-982c-d8223bd65c0d'),
('e0e79c53-5a04-416d-a5ca-adbad290b86d', '2021-03-30', NULL, NULL, 'bde74393-f655-4d58-b232-a63cd8cb8e3d', 'cb5a1a7d-9dc6-49b7-9711-c007985762a5', '0.00000', '615.00000', '0.03984', '24.50000', 'f9d0b90d-631a-4f45-982c-d8223bd65c0d'),
('e35fa9d4-f23d-42f8-aeb3-b9e484f940d2', '2021-02-19', NULL, NULL, 'ce96a752-38ce-4eab-9750-a6c7f61bb5dd', '1a94e739-6a47-4d58-bb4e-725c5375903c', '0.00000', '513.00000', '0.01754', '9.00000', 'f9d0b90d-631a-4f45-982c-d8223bd65c0d'),
('e4817fea-f5b6-442d-8d9e-6f5610e3ca02', '2021-03-31', NULL, NULL, 'a39b182d-63cd-4f90-93ff-ec2b646a8d13', 'ff37340f-a17f-4c24-9ccd-9d26c11f0232', '0.00000', '56646.00000', '0.00010', '5.74000', 'f9d0b90d-631a-4f45-982c-d8223bd65c0d'),
('e52f0010-8a6a-48a6-8d3b-15e12a9c4ecb', '2021-02-22', NULL, NULL, '263476fc-75a4-4437-bffb-09f2c2229970', 'a3157a27-0e5c-41c1-a5c8-61b78fcacf62', '0.00000', '6353.00000', NULL, NULL, 'f9d0b90d-631a-4f45-982c-d8223bd65c0d'),
('e961d921-999e-47d1-96a4-1a4ea852a795', '2021-04-17', NULL, NULL, 'ac1d3912-b392-4748-bb8d-e37c3646c559', 'ff37340f-a17f-4c24-9ccd-9d26c11f0232', '0.00000', '48816.00000', '0.00012', '5.74000', 'f9d0b90d-631a-4f45-982c-d8223bd65c0d'),
('ed234fc7-8a77-42d6-a465-39669e166b34', '2021-02-08', NULL, 'a66cd017-0f72-4cf0-a283-4037841572b2', NULL, 'daa2dddb-b342-4ab0-b8dd-a952d7bd52be', '12309.00000', '0.00000', '4.83000', '59452.47000', 'f9d0b90d-631a-4f45-982c-d8223bd65c0d'),
('ed3308b8-4b20-4ece-bee1-25f8d61c3e50', '2021-02-28', NULL, NULL, 'fd698e3e-bfbc-4823-b502-10978440c3e0', 'cb5a1a7d-9dc6-49b7-9711-c007985762a5', '0.00000', '1219.00000', NULL, NULL, 'f9d0b90d-631a-4f45-982c-d8223bd65c0d'),
('f671e8e7-9837-4873-bd7e-3119ef0055b9', '2021-02-08', NULL, 'a66cd017-0f72-4cf0-a283-4037841572b2', NULL, 'a762acbf-7c99-4239-a236-2fb14836dc03', '55232.00000', '0.00000', '5.07000', '280026.24000', 'f9d0b90d-631a-4f45-982c-d8223bd65c0d'),
('f72684b6-2860-4ba2-bf9f-1be83f266353', '2021-02-08', '9483cba4-518b-495e-824d-cd16121bd1ca', 'a66cd017-0f72-4cf0-a283-4037841572b2', NULL, '8df7c58f-9091-4a4c-b9d0-1c65fb5992c7', '322440.00000', '0.00000', '3.33000', '1073725.20000', 'f9d0b90d-631a-4f45-982c-d8223bd65c0d'),
('fa8a828d-6866-4fa0-94b6-2b5f2aad05dc', '2021-02-08', NULL, 'a66cd017-0f72-4cf0-a283-4037841572b2', NULL, '8df7c58f-9091-4a4c-b9d0-1c65fb5992c7', '322440.00000', '0.00000', '3.33000', '1073725.20000', 'f9d0b90d-631a-4f45-982c-d8223bd65c0d'),
('fd45131b-500a-4261-8090-6d91b176f841', '2021-02-19', 'fc057ccd-f05d-4c26-88c7-c4b58f80f255', 'c74a9b95-c6f7-4906-b87c-f31ce3499d9b', NULL, 'cb5a1a7d-9dc6-49b7-9711-c007985762a5', '2398.00000', '0.00000', '24.50000', '58751.00000', 'f9d0b90d-631a-4f45-982c-d8223bd65c0d');

-- --------------------------------------------------------

--
-- Table structure for table `wip_material_issue_details`
--

CREATE TABLE `wip_material_issue_details` (
  `id` varchar(36) COLLATE utf8mb4_unicode_ci NOT NULL,
  `display` int(11) DEFAULT NULL,
  `mir_id` varchar(36) COLLATE utf8mb4_unicode_ci DEFAULT NULL,
  `prod_id` varchar(36) COLLATE utf8mb4_unicode_ci DEFAULT NULL,
  `description` varchar(250) COLLATE utf8mb4_unicode_ci DEFAULT NULL,
  `unit` varchar(12) COLLATE utf8mb4_unicode_ci DEFAULT NULL,
  `qty_in_stock` decimal(15,5) DEFAULT NULL,
  `qty_order` decimal(15,5) DEFAULT NULL,
  `qty_issue` decimal(15,5) DEFAULT 0.00000
) ENGINE=InnoDB DEFAULT CHARSET=utf8mb4 COLLATE=utf8mb4_unicode_ci;

--
-- Dumping data for table `wip_material_issue_details`
--

INSERT INTO `wip_material_issue_details` (`id`, `display`, `mir_id`, `prod_id`, `description`, `unit`, `qty_in_stock`, `qty_order`, `qty_issue`) VALUES
('0a0ba50d-2bc4-4b85-88ba-3aeefd513db0', 3, '847ce384-ee7c-4fc8-bfa3-094fb5de01d1', 'daa2dddb-b342-4ab0-b8dd-a952d7bd52be', 'MR-200ML-MANGO-PAPER', 'Pcs', '206268.00000', '133272.00000', '133272.00000'),
('1b397cd4-335b-4ead-a989-43a13d0157fe', 4, 'e631ccf7-f35c-4b0b-8e6b-6416b20b4ad5', 'ddbeb847-9738-424d-b5cd-817ea8c280f2', '250ML-1X27-CARTON', 'Pcs', '20133.00000', '4887.00000', '4887.00000'),
('1d2c91ff-facb-4f8f-9eab-24630f04f42e', 4, 'ea353c20-9d5e-4e90-805e-4459fe2fed75', 'daa2dddb-b342-4ab0-b8dd-a952d7bd52be', 'MR-200ML-MANGO-PAPER', 'Pcs', '181650.00000', '12309.00000', '12309.00000'),
('1da6dac2-28a6-41a7-b7e0-3781467f83c9', 2, 'ea353c20-9d5e-4e90-805e-4459fe2fed75', '1a94e739-6a47-4d58-bb4e-725c5375903c', '200ML-1X24-CARTON', 'Pcs', '13609.00000', '6066.00000', '6066.00000'),
('23a166f5-6134-4a95-985b-0c5ea3dd5f0e', 8, 'e631ccf7-f35c-4b0b-8e6b-6416b20b4ad5', 'ff37340f-a17f-4c24-9ccd-9d26c11f0232', 'MR-250ML-APPLE-PAPER', 'Pcs', '250355.00000', '158858.00000', '158858.00000'),
('504e5fe6-e06f-41f0-825d-ea0243548d57', 3, 'ea353c20-9d5e-4e90-805e-4459fe2fed75', 'cb5a1a7d-9dc6-49b7-9711-c007985762a5', '250ML-1X36-CARTON', 'Pcs', '20370.00000', '5151.00000', '5151.00000'),
('581beeb2-96ab-4373-8f83-78872154dcb0', 5, 'e631ccf7-f35c-4b0b-8e6b-6416b20b4ad5', '8df7c58f-9091-4a4c-b9d0-1c65fb5992c7', 'CS-125ML-MANGO-PAPER', 'Pcs', '1131815.00000', '67080.00000', '67080.00000'),
('65d88ddc-47ff-4323-9b0e-68a8504caa3f', 2, 'e631ccf7-f35c-4b0b-8e6b-6416b20b4ad5', '1a94e739-6a47-4d58-bb4e-725c5375903c', '200ML-1X24-CARTON', 'Pcs', '20188.00000', '1020.00000', '1020.00000'),
('6cc2c55b-9d15-4cf8-8ffd-bb3a825eca8e', 9, 'e631ccf7-f35c-4b0b-8e6b-6416b20b4ad5', 'c8d5d6f6-b614-4899-a78b-48fef22699e2', 'MR-250ML-ORANGE MANGO-PAPER', 'Pcs', '373023.00000', '59256.00000', '59256.00000'),
('774b5b01-97ab-462a-8e22-21e2cc3142c1', 4, 'b249a227-3555-4c0d-8358-2edf0355beb0', 'ff37340f-a17f-4c24-9ccd-9d26c11f0232', 'MR-250ML-APPLE-PAPER', 'Pcs', '90497.00000', '79191.00000', '79191.00000'),
('79d43b3a-8a5b-4283-9301-59bc9ff88ce2', 5, 'b249a227-3555-4c0d-8358-2edf0355beb0', 'c8d5d6f6-b614-4899-a78b-48fef22699e2', 'MR-250ML-ORANGE MANGO-PAPER', 'Pcs', '313767.00000', '61848.00000', '61848.00000'),
('7cab78df-ac4b-494c-aac7-8df4f05cc0a0', 3, 'b249a227-3555-4c0d-8358-2edf0355beb0', 'a762acbf-7c99-4239-a236-2fb14836dc03', 'MR-250ML-MANGO-PAPER', 'Pcs', '402960.00000', '98760.00000', '98760.00000'),
('86963fd6-23b8-4cf1-af91-c892988c6ede', 6, 'e631ccf7-f35c-4b0b-8e6b-6416b20b4ad5', 'daa2dddb-b342-4ab0-b8dd-a952d7bd52be', 'MR-200ML-MANGO-PAPER', 'Pcs', '72996.00000', '24480.00000', '24480.00000'),
('917ba2e1-0dc5-4281-9938-271ad5a37958', 2, '847ce384-ee7c-4fc8-bfa3-094fb5de01d1', 'cb5a1a7d-9dc6-49b7-9711-c007985762a5', '250ML-1X36-CARTON', 'Pcs', '30672.00000', '2398.00000', '2398.00000'),
('9530d202-62ac-4c9f-8ad3-756e950c9231', 1, 'b249a227-3555-4c0d-8358-2edf0355beb0', 'cb5a1a7d-9dc6-49b7-9711-c007985762a5', '250ML-1X36-CARTON', 'Pcs', '19548.00000', '5025.00000', '5025.00000'),
('9b64c766-fbd8-4dc8-a30d-8d789015cd4f', 8, 'ea353c20-9d5e-4e90-805e-4459fe2fed75', 'c8d5d6f6-b614-4899-a78b-48fef22699e2', 'MR-250ML-ORANGE MANGO-PAPER', 'Pcs', '179125.00000', '43884.00000', '43884.00000'),
('a2aa70d1-1e52-4f14-90ad-fbd7ab50d6e6', 3, 'e631ccf7-f35c-4b0b-8e6b-6416b20b4ad5', 'cb5a1a7d-9dc6-49b7-9711-c007985762a5', '250ML-1X36-CARTON', 'Pcs', '28274.00000', '8726.00000', '8726.00000'),
('bab1b4cb-c784-4064-88ef-4c9d0a3c765a', 4, '847ce384-ee7c-4fc8-bfa3-094fb5de01d1', 'a762acbf-7c99-4239-a236-2fb14836dc03', 'MR-250ML-MANGO-PAPER', 'Pcs', '716259.00000', '86328.00000', '86328.00000'),
('bcd0f4a7-9d09-4acb-ad70-0cab33d77ffb', 2, 'b249a227-3555-4c0d-8358-2edf0355beb0', 'ddbeb847-9738-424d-b5cd-817ea8c280f2', '250ML-1X27-CARTON', 'Pcs', '15246.00000', '2182.00000', '2182.00000'),
('c4be26eb-2064-4735-ab88-e63b3ef1f684', 1, '98c43ecd-939c-4c00-9923-5b07009246da', 'ff37340f-a17f-4c24-9ccd-9d26c11f0232', 'MR-250ML-APPLE-PAPER', 'Pcs', '91497.00000', '1000.00000', '1000.00000'),
('c8ab0b6d-0f06-4a5c-aacc-958671d5bab8', 1, '847ce384-ee7c-4fc8-bfa3-094fb5de01d1', '1a94e739-6a47-4d58-bb4e-725c5375903c', '200ML-1X24-CARTON', 'Pcs', '25741.00000', '5553.00000', '5553.00000'),
('cc757587-1a18-40ec-abae-413b11c7f45c', 1, 'e631ccf7-f35c-4b0b-8e6b-6416b20b4ad5', 'a3157a27-0e5c-41c1-a5c8-61b78fcacf62', '125ML-1X24-CARTON', 'Pcs', '85742.00000', '2795.00000', '2795.00000'),
('d4314058-1157-4d3a-8ba0-4ceeab538fa3', 1, 'ea353c20-9d5e-4e90-805e-4459fe2fed75', 'a3157a27-0e5c-41c1-a5c8-61b78fcacf62', '125ML-1X24-CARTON', 'Pcs', '47364.00000', '23689.00000', '23689.00000'),
('eeb1de79-abc6-4318-9886-7e1e2ff3060e', 6, 'ea353c20-9d5e-4e90-805e-4459fe2fed75', 'f918cfd1-43cc-46a0-9390-6119da495d02', 'CS-125ML-APPLE-PAPER', 'Pcs', '258450.00000', '246096.00000', '246096.00000'),
('f22d18b7-7e81-42c4-8008-7eadd7753b4e', 7, 'e631ccf7-f35c-4b0b-8e6b-6416b20b4ad5', 'a762acbf-7c99-4239-a236-2fb14836dc03', 'MR-250ML-MANGO-PAPER', 'Pcs', '629931.00000', '226971.00000', '226971.00000'),
('fc6d63d0-7827-47f3-a571-ab3fd2e96e42', 5, 'ea353c20-9d5e-4e90-805e-4459fe2fed75', '8df7c58f-9091-4a4c-b9d0-1c65fb5992c7', 'CS-125ML-MANGO-PAPER', 'Pcs', '402085.00000', '322440.00000', '322440.00000'),
('fe6404c6-d40f-4531-b620-fd2d308616c7', 7, 'ea353c20-9d5e-4e90-805e-4459fe2fed75', 'a762acbf-7c99-4239-a236-2fb14836dc03', 'MR-250ML-MANGO-PAPER', 'Pcs', '497335.00000', '55232.00000', '55232.00000');

-- --------------------------------------------------------

--
-- Table structure for table `wip_material_issue_requests`
--

CREATE TABLE `wip_material_issue_requests` (
  `id` varchar(36) COLLATE utf8mb4_unicode_ci NOT NULL,
  `date` date DEFAULT NULL,
  `month` int(11) DEFAULT NULL,
  `warehouse` varchar(36) COLLATE utf8mb4_unicode_ci DEFAULT NULL,
  `person` varchar(30) COLLATE utf8mb4_unicode_ci DEFAULT NULL,
  `project` varchar(36) COLLATE utf8mb4_unicode_ci DEFAULT NULL,
  `department` varchar(36) COLLATE utf8mb4_unicode_ci DEFAULT NULL,
  `batch` varchar(36) COLLATE utf8mb4_unicode_ci DEFAULT NULL,
  `status` varchar(36) COLLATE utf8mb4_unicode_ci DEFAULT NULL,
  `note` varchar(512) COLLATE utf8mb4_unicode_ci DEFAULT NULL,
  `number` int(11) DEFAULT NULL,
  `user_id` int(11) DEFAULT NULL,
  `company_id` varchar(36) COLLATE utf8mb4_unicode_ci DEFAULT NULL,
  `update_user_id` int(11) DEFAULT NULL,
  `last_updated` datetime DEFAULT NULL,
  `editable` int(11) NOT NULL DEFAULT 1,
  `close_status` int(11) DEFAULT NULL
) ENGINE=InnoDB DEFAULT CHARSET=utf8mb4 COLLATE=utf8mb4_unicode_ci;

--
-- Dumping data for table `wip_material_issue_requests`
--

INSERT INTO `wip_material_issue_requests` (`id`, `date`, `month`, `warehouse`, `person`, `project`, `department`, `batch`, `status`, `note`, `number`, `user_id`, `company_id`, `update_user_id`, `last_updated`, `editable`, `close_status`) VALUES
('847ce384-ee7c-4fc8-bfa3-094fb5de01d1', '2021-02-28', 2021, 'ae3b0fe8-5f4c-4327-8624-748d572e9c27', 'FC', NULL, 'fc057ccd-f05d-4c26-88c7-c4b58f80f255', NULL, 'Completed', 'Feb-2021 Remaining MIR.', 2, 49, 'f9d0b90d-631a-4f45-982c-d8223bd65c0d', NULL, NULL, 0, 1),
('98c43ecd-939c-4c00-9923-5b07009246da', '2021-03-29', 2021, 'ae3b0fe8-5f4c-4327-8624-748d572e9c27', 'FC', NULL, '9483cba4-518b-495e-824d-cd16121bd1ca', NULL, 'Completed', NULL, 4, 49, 'f9d0b90d-631a-4f45-982c-d8223bd65c0d', NULL, NULL, 0, 1),
('b249a227-3555-4c0d-8358-2edf0355beb0', '2021-04-16', 2021, 'ae3b0fe8-5f4c-4327-8624-748d572e9c27', 'FC', NULL, '9483cba4-518b-495e-824d-cd16121bd1ca', NULL, 'Completed', 'April-2021 Complete MIR.', 5, 49, 'f9d0b90d-631a-4f45-982c-d8223bd65c0d', NULL, NULL, 0, 1),
('e631ccf7-f35c-4b0b-8e6b-6416b20b4ad5', '2021-03-11', 2021, 'ae3b0fe8-5f4c-4327-8624-748d572e9c27', 'FC', NULL, '9483cba4-518b-495e-824d-cd16121bd1ca', NULL, 'Completed', 'March-21 ALL Production MIR', 3, 49, 'f9d0b90d-631a-4f45-982c-d8223bd65c0d', 49, '2021-06-20 13:30:17', 0, 1),
('ea353c20-9d5e-4e90-805e-4459fe2fed75', '2021-02-08', 2102, 'ae3b0fe8-5f4c-4327-8624-748d572e9c27', 'Noman', NULL, '9483cba4-518b-495e-824d-cd16121bd1ca', NULL, 'Completed', 'AAA', 1, 45, 'f9d0b90d-631a-4f45-982c-d8223bd65c0d', NULL, NULL, 0, 1);

-- --------------------------------------------------------

--
-- Table structure for table `wip_reciepes`
--

CREATE TABLE `wip_reciepes` (
  `id` varchar(36) COLLATE utf8mb4_unicode_ci NOT NULL,
  `name` varchar(100) COLLATE utf8mb4_unicode_ci DEFAULT NULL,
  `type` varchar(36) COLLATE utf8mb4_unicode_ci DEFAULT NULL,
  `prod_id` varchar(36) COLLATE utf8mb4_unicode_ci DEFAULT NULL,
  `description` varchar(100) COLLATE utf8mb4_unicode_ci DEFAULT NULL,
  `unit` varchar(16) COLLATE utf8mb4_unicode_ci DEFAULT NULL,
  `qty` decimal(10,5) DEFAULT NULL,
  `company_id` varchar(36) COLLATE utf8mb4_unicode_ci DEFAULT NULL,
  `created_at` timestamp NULL DEFAULT NULL,
  `updated_at` timestamp NULL DEFAULT NULL
) ENGINE=InnoDB DEFAULT CHARSET=utf8mb4 COLLATE=utf8mb4_unicode_ci;

--
-- Dumping data for table `wip_reciepes`
--

INSERT INTO `wip_reciepes` (`id`, `name`, `type`, `prod_id`, `description`, `unit`, `qty`, `company_id`, `created_at`, `updated_at`) VALUES
('3dec792f-dd05-4750-bbd7-ddae52a5ac7c', 'MR.JUICY-250ML-MANGO', 'Own', 'ddbeb847-9738-424d-b5cd-817ea8c280f2', '250ML-1X27-CARTON', 'Pcs', '1.00000', 'f9d0b90d-631a-4f45-982c-d8223bd65c0d', NULL, NULL),
('3dec792f-dd05-4750-bbd7-ddae52a5ac7c', 'MR.JUICY-250ML-MANGO', 'Own', 'a762acbf-7c99-4239-a236-2fb14836dc03', 'MR-250ML-MANGO-PAPER', 'Pcs', '27.00000', 'f9d0b90d-631a-4f45-982c-d8223bd65c0d', NULL, NULL),
('3dec792f-dd05-4750-bbd7-ddae52a5ac7c', 'MR.JUICY-250ML-MANGO', 'Vendor', '9a8eaeb7-7884-41b5-979b-390233831321', 'SUGAR', 'KG', '0.09200', 'f9d0b90d-631a-4f45-982c-d8223bd65c0d', NULL, NULL),
('3dec792f-dd05-4750-bbd7-ddae52a5ac7c', 'MR.JUICY-250ML-MANGO', 'Vendor', '18ec96b0-93c3-4d4b-9a14-7d637d33636e', 'CITRIC ACID', 'KG', '0.00170', 'f9d0b90d-631a-4f45-982c-d8223bd65c0d', NULL, NULL),
('3dec792f-dd05-4750-bbd7-ddae52a5ac7c', 'MR.JUICY-250ML-MANGO', 'Vendor', '94feec8d-cdd7-4f0a-94ee-735836a021f0', 'SODIUM BENZOATE', 'KG', '0.00020', 'f9d0b90d-631a-4f45-982c-d8223bd65c0d', NULL, NULL),
('3dec792f-dd05-4750-bbd7-ddae52a5ac7c', 'MR.JUICY-250ML-MANGO', 'Vendor', '75b3f18e-55a5-459d-b839-77d37d3145e1', 'SODIUM CITRATE', 'KG', '0.00008', 'f9d0b90d-631a-4f45-982c-d8223bd65c0d', NULL, NULL),
('3dec792f-dd05-4750-bbd7-ddae52a5ac7c', 'MR.JUICY-250ML-MANGO', 'Vendor', '6b0ddec9-6fa7-43cb-9112-7a1e4f622fe9', 'ASCORBIC ACID', 'KG', '0.00010', 'f9d0b90d-631a-4f45-982c-d8223bd65c0d', NULL, NULL),
('3dec792f-dd05-4750-bbd7-ddae52a5ac7c', 'MR.JUICY-250ML-MANGO', 'Vendor', 'e36069a5-b88c-44f9-9856-f465e104a25d', 'SWEETENER', 'KG', '0.00015', 'f9d0b90d-631a-4f45-982c-d8223bd65c0d', NULL, NULL),
('3dec792f-dd05-4750-bbd7-ddae52a5ac7c', 'MR.JUICY-250ML-MANGO', 'Vendor', '9e55e4ee-ed2d-41bd-974f-bf2e1378d78f', 'CMC (CHINA)', 'KG', '0.00140', 'f9d0b90d-631a-4f45-982c-d8223bd65c0d', NULL, NULL),
('3dec792f-dd05-4750-bbd7-ddae52a5ac7c', 'MR.JUICY-250ML-MANGO', 'Vendor', 'eea5716d-010e-4d9a-90b6-1a3503f1ce25', 'XANTHAN GUM', 'KG', '0.00030', 'f9d0b90d-631a-4f45-982c-d8223bd65c0d', NULL, NULL),
('3dec792f-dd05-4750-bbd7-ddae52a5ac7c', 'MR.JUICY-250ML-MANGO', 'Vendor', 'ca5318cc-d430-4336-9271-496edbcec9c1', 'SUNSET YELLOW COLOR', 'KG', '0.00009', 'f9d0b90d-631a-4f45-982c-d8223bd65c0d', NULL, NULL),
('3dec792f-dd05-4750-bbd7-ddae52a5ac7c', 'MR.JUICY-250ML-MANGO', 'Vendor', 'b72b0ce8-c2aa-4d81-ad3e-124b246d3c14', 'TARTRAZINE', 'KG', '0.00007', 'f9d0b90d-631a-4f45-982c-d8223bd65c0d', NULL, NULL),
('3dec792f-dd05-4750-bbd7-ddae52a5ac7c', 'MR.JUICY-250ML-MANGO', 'Vendor', '72b56809-0b30-4519-9614-ec21013f5229', 'MANGO PULP', 'KG', '0.06000', 'f9d0b90d-631a-4f45-982c-d8223bd65c0d', NULL, NULL),
('3dec792f-dd05-4750-bbd7-ddae52a5ac7c', 'MR.JUICY-250ML-MANGO', 'Vendor', 'd58748ab-557f-473b-8208-4eb55be72890', 'MANGO FLAVOR 463S', 'KG', '0.00075', 'f9d0b90d-631a-4f45-982c-d8223bd65c0d', NULL, NULL),
('3dec792f-dd05-4750-bbd7-ddae52a5ac7c', 'MR.JUICY-250ML-MANGO', 'Vendor', '2aaa995b-d5f6-42d2-a078-228ded1cc5da', '250ML-STRAW', 'Pcs', '27.00000', 'f9d0b90d-631a-4f45-982c-d8223bd65c0d', NULL, NULL),
('cf15a96a-120e-4129-8149-b11d4945458e', 'Demo Rec.', 'Vendor', '26ac4b22-28ea-49eb-97fc-18eb3cf10907', 'APPLE CONCENTRATE', 'KG', '0.12345', 'f9d0b90d-631a-4f45-982c-d8223bd65c0d', NULL, NULL),
('cf15a96a-120e-4129-8149-b11d4945458e', 'Demo Rec.', 'Vendor', '9e55e4ee-ed2d-41bd-974f-bf2e1378d78f', 'CMC (CHINA)', 'KG', '0.98765', 'f9d0b90d-631a-4f45-982c-d8223bd65c0d', NULL, NULL),
('505fcffc-6cce-4fa9-881c-4ed41b9ba8a4', 'MR.JUICY-250ML-APPLE', 'Own', 'cb5a1a7d-9dc6-49b7-9711-c007985762a5', '250ML-1X36-CARTON', 'Pcs', '1.00000', 'f9d0b90d-631a-4f45-982c-d8223bd65c0d', NULL, NULL),
('505fcffc-6cce-4fa9-881c-4ed41b9ba8a4', 'MR.JUICY-250ML-APPLE', 'Own', 'ff37340f-a17f-4c24-9ccd-9d26c11f0232', 'MR-250ML-APPLE-PAPER', 'Pcs', '36.00000', 'f9d0b90d-631a-4f45-982c-d8223bd65c0d', NULL, NULL),
('505fcffc-6cce-4fa9-881c-4ed41b9ba8a4', 'MR.JUICY-250ML-APPLE', 'Own', '2aaa995b-d5f6-42d2-a078-228ded1cc5da', '250ML-STRAW', 'Pcs', '36.00000', 'f9d0b90d-631a-4f45-982c-d8223bd65c0d', NULL, NULL),
('505fcffc-6cce-4fa9-881c-4ed41b9ba8a4', 'MR.JUICY-250ML-APPLE', 'Vendor', '9a8eaeb7-7884-41b5-979b-390233831321', 'SUGAR', 'KG', '0.90000', 'f9d0b90d-631a-4f45-982c-d8223bd65c0d', NULL, NULL),
('505fcffc-6cce-4fa9-881c-4ed41b9ba8a4', 'MR.JUICY-250ML-APPLE', 'Vendor', '18ec96b0-93c3-4d4b-9a14-7d637d33636e', 'CITRIC ACID', 'KG', '0.02700', 'f9d0b90d-631a-4f45-982c-d8223bd65c0d', NULL, NULL),
('505fcffc-6cce-4fa9-881c-4ed41b9ba8a4', 'MR.JUICY-250ML-APPLE', 'Vendor', '94feec8d-cdd7-4f0a-94ee-735836a021f0', 'SODIUM BENZOATE', 'KG', '0.00180', 'f9d0b90d-631a-4f45-982c-d8223bd65c0d', NULL, NULL),
('505fcffc-6cce-4fa9-881c-4ed41b9ba8a4', 'MR.JUICY-250ML-APPLE', 'Vendor', '75b3f18e-55a5-459d-b839-77d37d3145e1', 'SODIUM CITRATE', 'KG', '0.00090', 'f9d0b90d-631a-4f45-982c-d8223bd65c0d', NULL, NULL),
('505fcffc-6cce-4fa9-881c-4ed41b9ba8a4', 'MR.JUICY-250ML-APPLE', 'Vendor', 'e36069a5-b88c-44f9-9856-f465e104a25d', 'SWEETENER', 'KG', '0.00108', 'f9d0b90d-631a-4f45-982c-d8223bd65c0d', NULL, NULL),
('505fcffc-6cce-4fa9-881c-4ed41b9ba8a4', 'MR.JUICY-250ML-APPLE', 'Vendor', '9e55e4ee-ed2d-41bd-974f-bf2e1378d78f', 'CMC (CHINA)', 'KG', '0.01800', 'f9d0b90d-631a-4f45-982c-d8223bd65c0d', NULL, NULL),
('505fcffc-6cce-4fa9-881c-4ed41b9ba8a4', 'MR.JUICY-250ML-APPLE', 'Vendor', 'a698985e-880d-4ed4-aa99-8e7e7715d208', 'CARAMEL COLOR', 'KG', '0.00180', 'f9d0b90d-631a-4f45-982c-d8223bd65c0d', NULL, NULL),
('505fcffc-6cce-4fa9-881c-4ed41b9ba8a4', 'MR.JUICY-250ML-APPLE', 'Vendor', '26ac4b22-28ea-49eb-97fc-18eb3cf10907', 'APPLE CONCENTRATE', 'KG', '0.04500', 'f9d0b90d-631a-4f45-982c-d8223bd65c0d', NULL, NULL),
('505fcffc-6cce-4fa9-881c-4ed41b9ba8a4', 'MR.JUICY-250ML-APPLE', 'Vendor', 'aae77964-0163-4e37-b75e-1410512bc52b', 'GREEN APPLE FLAVOR', 'KG', '0.00450', 'f9d0b90d-631a-4f45-982c-d8223bd65c0d', NULL, NULL),
('726918bd-d0a1-41ce-a5aa-6af4af65229c', 'MR.JUICY-250ML-MANGO', 'Own', 'cb5a1a7d-9dc6-49b7-9711-c007985762a5', '250ML-1X36-CARTON', 'Pcs', '1.00000', 'f9d0b90d-631a-4f45-982c-d8223bd65c0d', NULL, NULL),
('726918bd-d0a1-41ce-a5aa-6af4af65229c', 'MR.JUICY-250ML-MANGO', 'Own', 'a762acbf-7c99-4239-a236-2fb14836dc03', 'MR-250ML-MANGO-PAPER', 'Pcs', '36.00000', 'f9d0b90d-631a-4f45-982c-d8223bd65c0d', NULL, NULL),
('726918bd-d0a1-41ce-a5aa-6af4af65229c', 'MR.JUICY-250ML-MANGO', 'Own', '9a8eaeb7-7884-41b5-979b-390233831321', 'SUGAR', 'KG', '0.82800', 'f9d0b90d-631a-4f45-982c-d8223bd65c0d', NULL, NULL),
('726918bd-d0a1-41ce-a5aa-6af4af65229c', 'MR.JUICY-250ML-MANGO', 'Own', '18ec96b0-93c3-4d4b-9a14-7d637d33636e', 'CITRIC ACID', 'KG', '0.01530', 'f9d0b90d-631a-4f45-982c-d8223bd65c0d', NULL, NULL),
('726918bd-d0a1-41ce-a5aa-6af4af65229c', 'MR.JUICY-250ML-MANGO', 'Own', '94feec8d-cdd7-4f0a-94ee-735836a021f0', 'SODIUM BENZOATE', 'KG', '0.00180', 'f9d0b90d-631a-4f45-982c-d8223bd65c0d', NULL, NULL),
('726918bd-d0a1-41ce-a5aa-6af4af65229c', 'MR.JUICY-250ML-MANGO', 'Own', '75b3f18e-55a5-459d-b839-77d37d3145e1', 'SODIUM CITRATE', 'KG', '0.00072', 'f9d0b90d-631a-4f45-982c-d8223bd65c0d', NULL, NULL),
('726918bd-d0a1-41ce-a5aa-6af4af65229c', 'MR.JUICY-250ML-MANGO', 'Own', '6b0ddec9-6fa7-43cb-9112-7a1e4f622fe9', 'ASCORBIC ACID', 'KG', '0.00090', 'f9d0b90d-631a-4f45-982c-d8223bd65c0d', NULL, NULL),
('726918bd-d0a1-41ce-a5aa-6af4af65229c', 'MR.JUICY-250ML-MANGO', 'Own', 'e36069a5-b88c-44f9-9856-f465e104a25d', 'SWEETENER', 'KG', '0.00135', 'f9d0b90d-631a-4f45-982c-d8223bd65c0d', NULL, NULL),
('726918bd-d0a1-41ce-a5aa-6af4af65229c', 'MR.JUICY-250ML-MANGO', 'Own', '9e55e4ee-ed2d-41bd-974f-bf2e1378d78f', 'CMC (CHINA)', 'KG', '0.01260', 'f9d0b90d-631a-4f45-982c-d8223bd65c0d', NULL, NULL),
('726918bd-d0a1-41ce-a5aa-6af4af65229c', 'MR.JUICY-250ML-MANGO', 'Own', 'eea5716d-010e-4d9a-90b6-1a3503f1ce25', 'XANTHAN GUM', 'KG', '0.00270', 'f9d0b90d-631a-4f45-982c-d8223bd65c0d', NULL, NULL),
('726918bd-d0a1-41ce-a5aa-6af4af65229c', 'MR.JUICY-250ML-MANGO', 'Own', 'ca5318cc-d430-4336-9271-496edbcec9c1', 'SUNSET YELLOW COLOR', 'KG', '0.00081', 'f9d0b90d-631a-4f45-982c-d8223bd65c0d', NULL, NULL),
('726918bd-d0a1-41ce-a5aa-6af4af65229c', 'MR.JUICY-250ML-MANGO', 'Own', 'b72b0ce8-c2aa-4d81-ad3e-124b246d3c14', 'TARTRAZINE', 'KG', '0.00063', 'f9d0b90d-631a-4f45-982c-d8223bd65c0d', NULL, NULL),
('726918bd-d0a1-41ce-a5aa-6af4af65229c', 'MR.JUICY-250ML-MANGO', 'Own', '72b56809-0b30-4519-9614-ec21013f5229', 'MANGO PULP', 'KG', '0.54000', 'f9d0b90d-631a-4f45-982c-d8223bd65c0d', NULL, NULL),
('726918bd-d0a1-41ce-a5aa-6af4af65229c', 'MR.JUICY-250ML-MANGO', 'Own', 'd58748ab-557f-473b-8208-4eb55be72890', 'MANGO FLAVOR 463S', 'KG', '0.00675', 'f9d0b90d-631a-4f45-982c-d8223bd65c0d', NULL, NULL),
('726918bd-d0a1-41ce-a5aa-6af4af65229c', 'MR.JUICY-250ML-MANGO', 'Own', '2aaa995b-d5f6-42d2-a078-228ded1cc5da', '250ML-STRAW', 'Pcs', '36.00000', 'f9d0b90d-631a-4f45-982c-d8223bd65c0d', NULL, NULL),
('d2b160fc-a06e-4ff8-a527-5f8fcc3b9905', 'MR.JUICY-250ML-ORANGE MANGO', 'Own', 'cb5a1a7d-9dc6-49b7-9711-c007985762a5', '250ML-1X36-CARTON', 'Pcs', '1.00000', 'f9d0b90d-631a-4f45-982c-d8223bd65c0d', NULL, NULL),
('d2b160fc-a06e-4ff8-a527-5f8fcc3b9905', 'MR.JUICY-250ML-ORANGE MANGO', 'Own', 'c8d5d6f6-b614-4899-a78b-48fef22699e2', 'MR-250ML-ORANGE MANGO-PAPER', 'Pcs', '36.00000', 'f9d0b90d-631a-4f45-982c-d8223bd65c0d', NULL, NULL),
('d2b160fc-a06e-4ff8-a527-5f8fcc3b9905', 'MR.JUICY-250ML-ORANGE MANGO', 'Own', '2aaa995b-d5f6-42d2-a078-228ded1cc5da', '250ML-STRAW', 'Pcs', '36.00000', 'f9d0b90d-631a-4f45-982c-d8223bd65c0d', NULL, NULL),
('d2b160fc-a06e-4ff8-a527-5f8fcc3b9905', 'MR.JUICY-250ML-ORANGE MANGO', 'Own', '9a8eaeb7-7884-41b5-979b-390233831321', 'SUGAR', 'KG', '0.86400', 'f9d0b90d-631a-4f45-982c-d8223bd65c0d', NULL, NULL),
('d2b160fc-a06e-4ff8-a527-5f8fcc3b9905', 'MR.JUICY-250ML-ORANGE MANGO', 'Own', '18ec96b0-93c3-4d4b-9a14-7d637d33636e', 'CITRIC ACID', 'KG', '0.02160', 'f9d0b90d-631a-4f45-982c-d8223bd65c0d', NULL, NULL),
('d2b160fc-a06e-4ff8-a527-5f8fcc3b9905', 'MR.JUICY-250ML-ORANGE MANGO', 'Own', '94feec8d-cdd7-4f0a-94ee-735836a021f0', 'SODIUM BENZOATE', 'KG', '0.00180', 'f9d0b90d-631a-4f45-982c-d8223bd65c0d', NULL, NULL),
('d2b160fc-a06e-4ff8-a527-5f8fcc3b9905', 'MR.JUICY-250ML-ORANGE MANGO', 'Own', '75b3f18e-55a5-459d-b839-77d37d3145e1', 'SODIUM CITRATE', 'KG', '0.00090', 'f9d0b90d-631a-4f45-982c-d8223bd65c0d', NULL, NULL),
('d2b160fc-a06e-4ff8-a527-5f8fcc3b9905', 'MR.JUICY-250ML-ORANGE MANGO', 'Own', '6b0ddec9-6fa7-43cb-9112-7a1e4f622fe9', 'ASCORBIC ACID', 'KG', '0.00090', 'f9d0b90d-631a-4f45-982c-d8223bd65c0d', NULL, NULL),
('d2b160fc-a06e-4ff8-a527-5f8fcc3b9905', 'MR.JUICY-250ML-ORANGE MANGO', 'Own', 'e36069a5-b88c-44f9-9856-f465e104a25d', 'SWEETENER', 'KG', '0.00113', 'f9d0b90d-631a-4f45-982c-d8223bd65c0d', NULL, NULL),
('d2b160fc-a06e-4ff8-a527-5f8fcc3b9905', 'MR.JUICY-250ML-ORANGE MANGO', 'Own', '9e55e4ee-ed2d-41bd-974f-bf2e1378d78f', 'CMC (CHINA)', 'KG', '0.01080', 'f9d0b90d-631a-4f45-982c-d8223bd65c0d', NULL, NULL),
('d2b160fc-a06e-4ff8-a527-5f8fcc3b9905', 'MR.JUICY-250ML-ORANGE MANGO', 'Own', 'eea5716d-010e-4d9a-90b6-1a3503f1ce25', 'XANTHAN GUM', 'KG', '0.00180', 'f9d0b90d-631a-4f45-982c-d8223bd65c0d', NULL, NULL),
('d2b160fc-a06e-4ff8-a527-5f8fcc3b9905', 'MR.JUICY-250ML-ORANGE MANGO', 'Own', 'ca5318cc-d430-4336-9271-496edbcec9c1', 'SUNSET YELLOW COLOR', 'KG', '0.00006', 'f9d0b90d-631a-4f45-982c-d8223bd65c0d', NULL, NULL),
('d2b160fc-a06e-4ff8-a527-5f8fcc3b9905', 'MR.JUICY-250ML-ORANGE MANGO', 'Own', 'b72b0ce8-c2aa-4d81-ad3e-124b246d3c14', 'TARTRAZINE', 'KG', '0.00002', 'f9d0b90d-631a-4f45-982c-d8223bd65c0d', NULL, NULL),
('d2b160fc-a06e-4ff8-a527-5f8fcc3b9905', 'MR.JUICY-250ML-ORANGE MANGO', 'Own', '72b56809-0b30-4519-9614-ec21013f5229', 'MANGO PULP', 'KG', '0.45000', 'f9d0b90d-631a-4f45-982c-d8223bd65c0d', NULL, NULL),
('d2b160fc-a06e-4ff8-a527-5f8fcc3b9905', 'MR.JUICY-250ML-ORANGE MANGO', 'Own', '316f24b0-ddda-4ccc-bab7-9e40f4ed1d86', 'ORANGE CONCENTRATE', 'KG', '0.01800', 'f9d0b90d-631a-4f45-982c-d8223bd65c0d', NULL, NULL),
('d2b160fc-a06e-4ff8-a527-5f8fcc3b9905', 'MR.JUICY-250ML-ORANGE MANGO', 'Own', 'd58748ab-557f-473b-8208-4eb55be72890', 'MANGO FLAVOR 463S', 'KG', '0.00540', 'f9d0b90d-631a-4f45-982c-d8223bd65c0d', NULL, NULL),
('d2b160fc-a06e-4ff8-a527-5f8fcc3b9905', 'MR.JUICY-250ML-ORANGE MANGO', 'Own', '74028493-c436-4e77-a7fd-b27e5eae7cda', 'ORANGE FLAVOR', 'KG', '0.00216', 'f9d0b90d-631a-4f45-982c-d8223bd65c0d', NULL, NULL),
('5e6318bc-d976-49cb-9d8f-bdc6917d64c5', 'CHOTA SULTAN-125ML-MANGO', 'Own', 'a3157a27-0e5c-41c1-a5c8-61b78fcacf62', '125ML-1X24-CARTON', 'Pcs', '1.00000', 'f9d0b90d-631a-4f45-982c-d8223bd65c0d', NULL, NULL),
('5e6318bc-d976-49cb-9d8f-bdc6917d64c5', 'CHOTA SULTAN-125ML-MANGO', 'Own', '8df7c58f-9091-4a4c-b9d0-1c65fb5992c7', 'CS-125ML-MANGO-PAPER', 'Pcs', '24.00000', 'f9d0b90d-631a-4f45-982c-d8223bd65c0d', NULL, NULL),
('5e6318bc-d976-49cb-9d8f-bdc6917d64c5', 'CHOTA SULTAN-125ML-MANGO', 'Vendor', '9a8eaeb7-7884-41b5-979b-390233831321', 'SUGAR', 'KG', '0.14400', 'f9d0b90d-631a-4f45-982c-d8223bd65c0d', NULL, NULL),
('5e6318bc-d976-49cb-9d8f-bdc6917d64c5', 'CHOTA SULTAN-125ML-MANGO', 'Vendor', '18ec96b0-93c3-4d4b-9a14-7d637d33636e', 'CITRIC ACID', 'KG', '0.00480', 'f9d0b90d-631a-4f45-982c-d8223bd65c0d', NULL, NULL),
('5e6318bc-d976-49cb-9d8f-bdc6917d64c5', 'CHOTA SULTAN-125ML-MANGO', 'Vendor', '94feec8d-cdd7-4f0a-94ee-735836a021f0', 'SODIUM BENZOATE', 'KG', '0.00048', 'f9d0b90d-631a-4f45-982c-d8223bd65c0d', NULL, NULL),
('5e6318bc-d976-49cb-9d8f-bdc6917d64c5', 'CHOTA SULTAN-125ML-MANGO', 'Vendor', '75b3f18e-55a5-459d-b839-77d37d3145e1', 'SODIUM CITRATE', 'KG', '0.00018', 'f9d0b90d-631a-4f45-982c-d8223bd65c0d', NULL, NULL),
('5e6318bc-d976-49cb-9d8f-bdc6917d64c5', 'CHOTA SULTAN-125ML-MANGO', 'Vendor', '6b0ddec9-6fa7-43cb-9112-7a1e4f622fe9', 'ASCORBIC ACID', 'KG', '0.00012', 'f9d0b90d-631a-4f45-982c-d8223bd65c0d', NULL, NULL),
('5e6318bc-d976-49cb-9d8f-bdc6917d64c5', 'CHOTA SULTAN-125ML-MANGO', 'Vendor', 'e36069a5-b88c-44f9-9856-f465e104a25d', 'SWEETENER', 'KG', '0.00120', 'f9d0b90d-631a-4f45-982c-d8223bd65c0d', NULL, NULL),
('5e6318bc-d976-49cb-9d8f-bdc6917d64c5', 'CHOTA SULTAN-125ML-MANGO', 'Vendor', '9e55e4ee-ed2d-41bd-974f-bf2e1378d78f', 'CMC (CHINA)', 'KG', '0.00300', 'f9d0b90d-631a-4f45-982c-d8223bd65c0d', NULL, NULL),
('5e6318bc-d976-49cb-9d8f-bdc6917d64c5', 'CHOTA SULTAN-125ML-MANGO', 'Vendor', 'eea5716d-010e-4d9a-90b6-1a3503f1ce25', 'XANTHAN GUM', 'KG', '0.00060', 'f9d0b90d-631a-4f45-982c-d8223bd65c0d', NULL, NULL),
('5e6318bc-d976-49cb-9d8f-bdc6917d64c5', 'CHOTA SULTAN-125ML-MANGO', 'Vendor', 'ca5318cc-d430-4336-9271-496edbcec9c1', 'SUNSET YELLOW COLOR', 'KG', '0.00002', 'f9d0b90d-631a-4f45-982c-d8223bd65c0d', NULL, NULL),
('5e6318bc-d976-49cb-9d8f-bdc6917d64c5', 'CHOTA SULTAN-125ML-MANGO', 'Vendor', '72b56809-0b30-4519-9614-ec21013f5229', 'MANGO PULP', 'KG', '0.06600', 'f9d0b90d-631a-4f45-982c-d8223bd65c0d', NULL, NULL),
('5e6318bc-d976-49cb-9d8f-bdc6917d64c5', 'CHOTA SULTAN-125ML-MANGO', 'Vendor', 'd58748ab-557f-473b-8208-4eb55be72890', 'MANGO FLAVOR 463S', 'KG', '0.00180', 'f9d0b90d-631a-4f45-982c-d8223bd65c0d', NULL, NULL),
('5e6318bc-d976-49cb-9d8f-bdc6917d64c5', 'CHOTA SULTAN-125ML-MANGO', 'Vendor', 'b72b0ce8-c2aa-4d81-ad3e-124b246d3c14', 'TARTRAZINE', 'KG', '0.00002', 'f9d0b90d-631a-4f45-982c-d8223bd65c0d', NULL, NULL),
('5e6318bc-d976-49cb-9d8f-bdc6917d64c5', 'CHOTA SULTAN-125ML-MANGO', 'Vendor', 'f598a2d8-bf18-420d-9b40-80f60d090c8d', '125ML-STRAW', 'Pcs', '24.00000', 'f9d0b90d-631a-4f45-982c-d8223bd65c0d', NULL, NULL),
('5e6318bc-d976-49cb-9d8f-bdc6917d64c5', 'CHOTA SULTAN-125ML-MANGO', 'Vendor', 'd00f5a79-854e-433c-879f-b033783e25d3', 'POLYBAG', 'KG', '0.01000', 'f9d0b90d-631a-4f45-982c-d8223bd65c0d', NULL, NULL),
('5e6318bc-d976-49cb-9d8f-bdc6917d64c5', 'CHOTA SULTAN-125ML-MANGO', 'Vendor', '0a3e66f2-8e5d-40ea-914e-8348636144bc', 'HOTMELT', 'KG', '0.00100', 'f9d0b90d-631a-4f45-982c-d8223bd65c0d', NULL, NULL),
('5e6318bc-d976-49cb-9d8f-bdc6917d64c5', 'CHOTA SULTAN-125ML-MANGO', 'Vendor', '9d59003f-8e13-4ed7-9220-191effc4dd41', 'STRETCH FILM ROLL', 'KG', '0.07050', 'f9d0b90d-631a-4f45-982c-d8223bd65c0d', NULL, NULL),
('6b7cc460-672f-438d-8f1e-403842507bc8', 'CHOTA SULTAN-125ML-APPLE', 'Own', 'a3157a27-0e5c-41c1-a5c8-61b78fcacf62', '125ML-1X24-CARTON', 'Pcs', '1.00000', 'f9d0b90d-631a-4f45-982c-d8223bd65c0d', NULL, NULL),
('6b7cc460-672f-438d-8f1e-403842507bc8', 'CHOTA SULTAN-125ML-APPLE', 'Own', 'f918cfd1-43cc-46a0-9390-6119da495d02', 'CS-125ML-APPLE-PAPER', 'Pcs', '24.00000', 'f9d0b90d-631a-4f45-982c-d8223bd65c0d', NULL, NULL),
('6b7cc460-672f-438d-8f1e-403842507bc8', 'CHOTA SULTAN-125ML-APPLE', 'Vendor', '9a8eaeb7-7884-41b5-979b-390233831321', 'SUGAR', 'KG', '0.15300', 'f9d0b90d-631a-4f45-982c-d8223bd65c0d', NULL, NULL),
('6b7cc460-672f-438d-8f1e-403842507bc8', 'CHOTA SULTAN-125ML-APPLE', 'Vendor', '18ec96b0-93c3-4d4b-9a14-7d637d33636e', 'CITRIC ACID', 'KG', '0.00960', 'f9d0b90d-631a-4f45-982c-d8223bd65c0d', NULL, NULL),
('6b7cc460-672f-438d-8f1e-403842507bc8', 'CHOTA SULTAN-125ML-APPLE', 'Vendor', '94feec8d-cdd7-4f0a-94ee-735836a021f0', 'SODIUM BENZOATE', 'KG', '0.00048', 'f9d0b90d-631a-4f45-982c-d8223bd65c0d', NULL, NULL),
('6b7cc460-672f-438d-8f1e-403842507bc8', 'CHOTA SULTAN-125ML-APPLE', 'Vendor', '75b3f18e-55a5-459d-b839-77d37d3145e1', 'SODIUM CITRATE', 'KG', '0.00018', 'f9d0b90d-631a-4f45-982c-d8223bd65c0d', NULL, NULL),
('6b7cc460-672f-438d-8f1e-403842507bc8', 'CHOTA SULTAN-125ML-APPLE', 'Vendor', 'e36069a5-b88c-44f9-9856-f465e104a25d', 'SWEETENER', 'KG', '0.00120', 'f9d0b90d-631a-4f45-982c-d8223bd65c0d', NULL, NULL),
('6b7cc460-672f-438d-8f1e-403842507bc8', 'CHOTA SULTAN-125ML-APPLE', 'Vendor', '9e55e4ee-ed2d-41bd-974f-bf2e1378d78f', 'CMC (CHINA)', 'KG', '0.00300', 'f9d0b90d-631a-4f45-982c-d8223bd65c0d', NULL, NULL),
('6b7cc460-672f-438d-8f1e-403842507bc8', 'CHOTA SULTAN-125ML-APPLE', 'Vendor', 'a698985e-880d-4ed4-aa99-8e7e7715d208', 'CARAMEL COLOR', 'KG', '0.00060', 'f9d0b90d-631a-4f45-982c-d8223bd65c0d', NULL, NULL),
('6b7cc460-672f-438d-8f1e-403842507bc8', 'CHOTA SULTAN-125ML-APPLE', 'Vendor', '26ac4b22-28ea-49eb-97fc-18eb3cf10907', 'APPLE CONCENTRATE', 'KG', '0.01500', 'f9d0b90d-631a-4f45-982c-d8223bd65c0d', NULL, NULL),
('6b7cc460-672f-438d-8f1e-403842507bc8', 'CHOTA SULTAN-125ML-APPLE', 'Vendor', 'aae77964-0163-4e37-b75e-1410512bc52b', 'GREEN APPLE FLAVOR', 'KG', '0.00150', 'f9d0b90d-631a-4f45-982c-d8223bd65c0d', NULL, NULL),
('6b7cc460-672f-438d-8f1e-403842507bc8', 'CHOTA SULTAN-125ML-APPLE', 'Vendor', 'f598a2d8-bf18-420d-9b40-80f60d090c8d', '125ML-STRAW', 'Pcs', '24.00000', 'f9d0b90d-631a-4f45-982c-d8223bd65c0d', NULL, NULL),
('6b7cc460-672f-438d-8f1e-403842507bc8', 'CHOTA SULTAN-125ML-APPLE', 'Vendor', 'd00f5a79-854e-433c-879f-b033783e25d3', 'POLYBAG', 'KG', '0.01000', 'f9d0b90d-631a-4f45-982c-d8223bd65c0d', NULL, NULL),
('6b7cc460-672f-438d-8f1e-403842507bc8', 'CHOTA SULTAN-125ML-APPLE', 'Vendor', '0a3e66f2-8e5d-40ea-914e-8348636144bc', 'HOTMELT', 'KG', '0.00100', 'f9d0b90d-631a-4f45-982c-d8223bd65c0d', NULL, NULL),
('6b7cc460-672f-438d-8f1e-403842507bc8', 'CHOTA SULTAN-125ML-APPLE', 'Vendor', '9d59003f-8e13-4ed7-9220-191effc4dd41', 'STRETCH FILM ROLL', 'KG', '0.07050', 'f9d0b90d-631a-4f45-982c-d8223bd65c0d', NULL, NULL),
('96f2750d-21fc-4260-bad9-1f2117d9bc49', 'MR.JUICY-250ML-ORANGE MANGO-1X36', 'Own', 'cb5a1a7d-9dc6-49b7-9711-c007985762a5', '250ML-1X36-CARTON', 'Pcs', '1.00000', 'f9d0b90d-631a-4f45-982c-d8223bd65c0d', NULL, NULL),
('96f2750d-21fc-4260-bad9-1f2117d9bc49', 'MR.JUICY-250ML-ORANGE MANGO-1X36', 'Own', 'c8d5d6f6-b614-4899-a78b-48fef22699e2', 'MR-250ML-ORANGE MANGO-PAPER', 'Pcs', '36.00000', 'f9d0b90d-631a-4f45-982c-d8223bd65c0d', NULL, NULL),
('96f2750d-21fc-4260-bad9-1f2117d9bc49', 'MR.JUICY-250ML-ORANGE MANGO-1X36', 'Vendor', '72b56809-0b30-4519-9614-ec21013f5229', 'MANGO PULP', 'KG', '0.45000', 'f9d0b90d-631a-4f45-982c-d8223bd65c0d', NULL, NULL),
('96f2750d-21fc-4260-bad9-1f2117d9bc49', 'MR.JUICY-250ML-ORANGE MANGO-1X36', 'Vendor', '9a8eaeb7-7884-41b5-979b-390233831321', 'SUGAR', 'KG', '0.84600', 'f9d0b90d-631a-4f45-982c-d8223bd65c0d', NULL, NULL),
('96f2750d-21fc-4260-bad9-1f2117d9bc49', 'MR.JUICY-250ML-ORANGE MANGO-1X36', 'Vendor', '18ec96b0-93c3-4d4b-9a14-7d637d33636e', 'CITRIC ACID', 'KG', '0.02160', 'f9d0b90d-631a-4f45-982c-d8223bd65c0d', NULL, NULL),
('96f2750d-21fc-4260-bad9-1f2117d9bc49', 'MR.JUICY-250ML-ORANGE MANGO-1X36', 'Vendor', '94feec8d-cdd7-4f0a-94ee-735836a021f0', 'SODIUM BENZOATE', 'KG', '0.00180', 'f9d0b90d-631a-4f45-982c-d8223bd65c0d', NULL, NULL),
('96f2750d-21fc-4260-bad9-1f2117d9bc49', 'MR.JUICY-250ML-ORANGE MANGO-1X36', 'Vendor', '75b3f18e-55a5-459d-b839-77d37d3145e1', 'SODIUM CITRATE', 'KG', '0.00090', 'f9d0b90d-631a-4f45-982c-d8223bd65c0d', NULL, NULL),
('96f2750d-21fc-4260-bad9-1f2117d9bc49', 'MR.JUICY-250ML-ORANGE MANGO-1X36', 'Vendor', '6b0ddec9-6fa7-43cb-9112-7a1e4f622fe9', 'ASCORBIC ACID', 'KG', '0.00090', 'f9d0b90d-631a-4f45-982c-d8223bd65c0d', NULL, NULL),
('96f2750d-21fc-4260-bad9-1f2117d9bc49', 'MR.JUICY-250ML-ORANGE MANGO-1X36', 'Vendor', 'e36069a5-b88c-44f9-9856-f465e104a25d', 'SWEETENER', 'KG', '0.00110', 'f9d0b90d-631a-4f45-982c-d8223bd65c0d', NULL, NULL),
('96f2750d-21fc-4260-bad9-1f2117d9bc49', 'MR.JUICY-250ML-ORANGE MANGO-1X36', 'Vendor', '9e55e4ee-ed2d-41bd-974f-bf2e1378d78f', 'CMC (CHINA)', 'KG', '0.01080', 'f9d0b90d-631a-4f45-982c-d8223bd65c0d', NULL, NULL),
('96f2750d-21fc-4260-bad9-1f2117d9bc49', 'MR.JUICY-250ML-ORANGE MANGO-1X36', 'Vendor', 'ca5318cc-d430-4336-9271-496edbcec9c1', 'SUNSET YELLOW COLOR', 'KG', '0.00010', 'f9d0b90d-631a-4f45-982c-d8223bd65c0d', NULL, NULL),
('96f2750d-21fc-4260-bad9-1f2117d9bc49', 'MR.JUICY-250ML-ORANGE MANGO-1X36', 'Vendor', 'b72b0ce8-c2aa-4d81-ad3e-124b246d3c14', 'TARTRAZINE', 'KG', '0.00002', 'f9d0b90d-631a-4f45-982c-d8223bd65c0d', NULL, NULL),
('96f2750d-21fc-4260-bad9-1f2117d9bc49', 'MR.JUICY-250ML-ORANGE MANGO-1X36', 'Vendor', '316f24b0-ddda-4ccc-bab7-9e40f4ed1d86', 'ORANGE CONCENTRATE', 'KG', '0.01800', 'f9d0b90d-631a-4f45-982c-d8223bd65c0d', NULL, NULL),
('96f2750d-21fc-4260-bad9-1f2117d9bc49', 'MR.JUICY-250ML-ORANGE MANGO-1X36', 'Vendor', 'd58748ab-557f-473b-8208-4eb55be72890', 'MANGO FLAVOR 463S', 'KG', '0.00540', 'f9d0b90d-631a-4f45-982c-d8223bd65c0d', NULL, NULL),
('96f2750d-21fc-4260-bad9-1f2117d9bc49', 'MR.JUICY-250ML-ORANGE MANGO-1X36', 'Vendor', '74028493-c436-4e77-a7fd-b27e5eae7cda', 'ORANGE FLAVOR', 'KG', '0.00180', 'f9d0b90d-631a-4f45-982c-d8223bd65c0d', NULL, NULL),
('96f2750d-21fc-4260-bad9-1f2117d9bc49', 'MR.JUICY-250ML-ORANGE MANGO-1X36', 'Vendor', 'faf7282c-ef82-4f8c-bf4d-baf8f88b8d27', '250ML-STRAW', 'Pcs', '36.00000', 'f9d0b90d-631a-4f45-982c-d8223bd65c0d', NULL, NULL),
('96f2750d-21fc-4260-bad9-1f2117d9bc49', 'MR.JUICY-250ML-ORANGE MANGO-1X36', 'Vendor', 'd00f5a79-854e-433c-879f-b033783e25d3', 'POLYBAG', 'KG', '0.02800', 'f9d0b90d-631a-4f45-982c-d8223bd65c0d', NULL, NULL),
('96f2750d-21fc-4260-bad9-1f2117d9bc49', 'MR.JUICY-250ML-ORANGE MANGO-1X36', 'Vendor', '0a3e66f2-8e5d-40ea-914e-8348636144bc', 'HOTMELT', 'KG', '0.00380', 'f9d0b90d-631a-4f45-982c-d8223bd65c0d', NULL, NULL),
('96f2750d-21fc-4260-bad9-1f2117d9bc49', 'MR.JUICY-250ML-ORANGE MANGO-1X36', 'Vendor', '3ca12da4-93a5-4bb0-8120-98f696e1f758', 'TAPE SOLUTION', 'Pcs', '1.32800', 'f9d0b90d-631a-4f45-982c-d8223bd65c0d', NULL, NULL),
('96f2750d-21fc-4260-bad9-1f2117d9bc49', 'MR.JUICY-250ML-ORANGE MANGO-1X36', 'Vendor', '9d59003f-8e13-4ed7-9220-191effc4dd41', 'STRETCH FILM ROLL', 'KG', '0.29511', 'f9d0b90d-631a-4f45-982c-d8223bd65c0d', NULL, NULL),
('f03a8001-12fa-49c6-9dc4-f1e499db9883', 'MR.JUICY-200ML-MANGO', 'Own', '1a94e739-6a47-4d58-bb4e-725c5375903c', '200ML-1X24-CARTON', 'Pcs', '1.00000', 'f9d0b90d-631a-4f45-982c-d8223bd65c0d', NULL, NULL),
('f03a8001-12fa-49c6-9dc4-f1e499db9883', 'MR.JUICY-200ML-MANGO', 'Own', 'daa2dddb-b342-4ab0-b8dd-a952d7bd52be', 'MR-200ML-MANGO-PAPER', 'Pcs', '24.00000', 'f9d0b90d-631a-4f45-982c-d8223bd65c0d', NULL, NULL),
('f03a8001-12fa-49c6-9dc4-f1e499db9883', 'MR.JUICY-200ML-MANGO', 'Vendor', '9a8eaeb7-7884-41b5-979b-390233831321', 'SUGAR', 'KG', '0.44160', 'f9d0b90d-631a-4f45-982c-d8223bd65c0d', NULL, NULL),
('f03a8001-12fa-49c6-9dc4-f1e499db9883', 'MR.JUICY-200ML-MANGO', 'Vendor', '18ec96b0-93c3-4d4b-9a14-7d637d33636e', 'CITRIC ACID', 'KG', '0.00816', 'f9d0b90d-631a-4f45-982c-d8223bd65c0d', NULL, NULL),
('f03a8001-12fa-49c6-9dc4-f1e499db9883', 'MR.JUICY-200ML-MANGO', 'Vendor', '94feec8d-cdd7-4f0a-94ee-735836a021f0', 'SODIUM BENZOATE', 'KG', '0.00096', 'f9d0b90d-631a-4f45-982c-d8223bd65c0d', NULL, NULL),
('f03a8001-12fa-49c6-9dc4-f1e499db9883', 'MR.JUICY-200ML-MANGO', 'Vendor', '75b3f18e-55a5-459d-b839-77d37d3145e1', 'SODIUM CITRATE', 'KG', '0.00038', 'f9d0b90d-631a-4f45-982c-d8223bd65c0d', NULL, NULL),
('f03a8001-12fa-49c6-9dc4-f1e499db9883', 'MR.JUICY-200ML-MANGO', 'Vendor', '6b0ddec9-6fa7-43cb-9112-7a1e4f622fe9', 'ASCORBIC ACID', 'KG', '0.00048', 'f9d0b90d-631a-4f45-982c-d8223bd65c0d', NULL, NULL),
('f03a8001-12fa-49c6-9dc4-f1e499db9883', 'MR.JUICY-200ML-MANGO', 'Vendor', 'e36069a5-b88c-44f9-9856-f465e104a25d', 'SWEETENER', 'KG', '0.00072', 'f9d0b90d-631a-4f45-982c-d8223bd65c0d', NULL, NULL),
('f03a8001-12fa-49c6-9dc4-f1e499db9883', 'MR.JUICY-200ML-MANGO', 'Vendor', '9e55e4ee-ed2d-41bd-974f-bf2e1378d78f', 'CMC (CHINA)', 'KG', '0.00672', 'f9d0b90d-631a-4f45-982c-d8223bd65c0d', NULL, NULL),
('f03a8001-12fa-49c6-9dc4-f1e499db9883', 'MR.JUICY-200ML-MANGO', 'Vendor', 'eea5716d-010e-4d9a-90b6-1a3503f1ce25', 'XANTHAN GUM', 'KG', '0.00144', 'f9d0b90d-631a-4f45-982c-d8223bd65c0d', NULL, NULL),
('f03a8001-12fa-49c6-9dc4-f1e499db9883', 'MR.JUICY-200ML-MANGO', 'Vendor', 'ca5318cc-d430-4336-9271-496edbcec9c1', 'SUNSET YELLOW COLOR', 'KG', '0.00043', 'f9d0b90d-631a-4f45-982c-d8223bd65c0d', NULL, NULL),
('f03a8001-12fa-49c6-9dc4-f1e499db9883', 'MR.JUICY-200ML-MANGO', 'Vendor', 'b72b0ce8-c2aa-4d81-ad3e-124b246d3c14', 'TARTRAZINE', 'KG', '0.00034', 'f9d0b90d-631a-4f45-982c-d8223bd65c0d', NULL, NULL),
('f03a8001-12fa-49c6-9dc4-f1e499db9883', 'MR.JUICY-200ML-MANGO', 'Vendor', '72b56809-0b30-4519-9614-ec21013f5229', 'MANGO PULP', 'KG', '0.28800', 'f9d0b90d-631a-4f45-982c-d8223bd65c0d', NULL, NULL),
('f03a8001-12fa-49c6-9dc4-f1e499db9883', 'MR.JUICY-200ML-MANGO', 'Vendor', 'd58748ab-557f-473b-8208-4eb55be72890', 'MANGO FLAVOR 463S', 'KG', '0.00360', 'f9d0b90d-631a-4f45-982c-d8223bd65c0d', NULL, NULL),
('f03a8001-12fa-49c6-9dc4-f1e499db9883', 'MR.JUICY-200ML-MANGO', 'Vendor', 'ba1b0ca7-9cfd-4d61-a5a0-b95949117feb', '200ML-STRAW', 'Pcs', '24.00000', 'f9d0b90d-631a-4f45-982c-d8223bd65c0d', NULL, NULL),
('f03a8001-12fa-49c6-9dc4-f1e499db9883', 'MR.JUICY-200ML-MANGO', 'Vendor', 'd00f5a79-854e-433c-879f-b033783e25d3', 'POLYBAG', 'KG', '0.01200', 'f9d0b90d-631a-4f45-982c-d8223bd65c0d', NULL, NULL),
('f03a8001-12fa-49c6-9dc4-f1e499db9883', 'MR.JUICY-200ML-MANGO', 'Vendor', '0a3e66f2-8e5d-40ea-914e-8348636144bc', 'HOTMELT', 'KG', '0.00250', 'f9d0b90d-631a-4f45-982c-d8223bd65c0d', NULL, NULL),
('f03a8001-12fa-49c6-9dc4-f1e499db9883', 'MR.JUICY-200ML-MANGO', 'Vendor', '9d59003f-8e13-4ed7-9220-191effc4dd41', 'STRETCH FILM ROLL', 'KG', '0.10000', 'f9d0b90d-631a-4f45-982c-d8223bd65c0d', NULL, NULL),
('78a6d4e0-86aa-4627-8aa9-ff516b50b690', 'MR.JUICY-250ML-APPLE-1X36', 'Own', 'ff37340f-a17f-4c24-9ccd-9d26c11f0232', 'MR-250ML-APPLE-PAPER', 'Pcs', '36.00000', 'f9d0b90d-631a-4f45-982c-d8223bd65c0d', NULL, NULL),
('78a6d4e0-86aa-4627-8aa9-ff516b50b690', 'MR.JUICY-250ML-APPLE-1X36', 'Own', 'cb5a1a7d-9dc6-49b7-9711-c007985762a5', '250ML-1X36-CARTON', 'Pcs', '1.00000', 'f9d0b90d-631a-4f45-982c-d8223bd65c0d', NULL, NULL),
('78a6d4e0-86aa-4627-8aa9-ff516b50b690', 'MR.JUICY-250ML-APPLE-1X36', 'Vendor', '9a8eaeb7-7884-41b5-979b-390233831321', 'SUGAR', 'KG', '0.86400', 'f9d0b90d-631a-4f45-982c-d8223bd65c0d', NULL, NULL),
('78a6d4e0-86aa-4627-8aa9-ff516b50b690', 'MR.JUICY-250ML-APPLE-1X36', 'Vendor', '18ec96b0-93c3-4d4b-9a14-7d637d33636e', 'CITRIC ACID', 'KG', '0.02700', 'f9d0b90d-631a-4f45-982c-d8223bd65c0d', NULL, NULL),
('78a6d4e0-86aa-4627-8aa9-ff516b50b690', 'MR.JUICY-250ML-APPLE-1X36', 'Vendor', '94feec8d-cdd7-4f0a-94ee-735836a021f0', 'SODIUM BENZOATE', 'KG', '0.00162', 'f9d0b90d-631a-4f45-982c-d8223bd65c0d', NULL, NULL),
('78a6d4e0-86aa-4627-8aa9-ff516b50b690', 'MR.JUICY-250ML-APPLE-1X36', 'Vendor', '75b3f18e-55a5-459d-b839-77d37d3145e1', 'SODIUM CITRATE', 'KG', '0.00090', 'f9d0b90d-631a-4f45-982c-d8223bd65c0d', NULL, NULL),
('78a6d4e0-86aa-4627-8aa9-ff516b50b690', 'MR.JUICY-250ML-APPLE-1X36', 'Vendor', 'e36069a5-b88c-44f9-9856-f465e104a25d', 'SWEETENER', 'KG', '0.00099', 'f9d0b90d-631a-4f45-982c-d8223bd65c0d', NULL, NULL),
('78a6d4e0-86aa-4627-8aa9-ff516b50b690', 'MR.JUICY-250ML-APPLE-1X36', 'Vendor', '9e55e4ee-ed2d-41bd-974f-bf2e1378d78f', 'CMC (CHINA)', 'KG', '0.01080', 'f9d0b90d-631a-4f45-982c-d8223bd65c0d', NULL, NULL),
('78a6d4e0-86aa-4627-8aa9-ff516b50b690', 'MR.JUICY-250ML-APPLE-1X36', 'Vendor', 'a698985e-880d-4ed4-aa99-8e7e7715d208', 'CARAMEL COLOR', 'KG', '0.00216', 'f9d0b90d-631a-4f45-982c-d8223bd65c0d', NULL, NULL),
('78a6d4e0-86aa-4627-8aa9-ff516b50b690', 'MR.JUICY-250ML-APPLE-1X36', 'Vendor', '26ac4b22-28ea-49eb-97fc-18eb3cf10907', 'APPLE CONCENTRATE', 'KG', '0.08100', 'f9d0b90d-631a-4f45-982c-d8223bd65c0d', NULL, NULL),
('78a6d4e0-86aa-4627-8aa9-ff516b50b690', 'MR.JUICY-250ML-APPLE-1X36', 'Vendor', 'aae77964-0163-4e37-b75e-1410512bc52b', 'GREEN APPLE FLAVOR', 'KG', '0.00450', 'f9d0b90d-631a-4f45-982c-d8223bd65c0d', NULL, NULL),
('78a6d4e0-86aa-4627-8aa9-ff516b50b690', 'MR.JUICY-250ML-APPLE-1X36', 'Vendor', '2aaa995b-d5f6-42d2-a078-228ded1cc5da', '250ML-STRAW', 'Pcs', '36.00000', 'f9d0b90d-631a-4f45-982c-d8223bd65c0d', NULL, NULL),
('78a6d4e0-86aa-4627-8aa9-ff516b50b690', 'MR.JUICY-250ML-APPLE-1X36', 'Vendor', 'd00f5a79-854e-433c-879f-b033783e25d3', 'POLYBAG', 'KG', '0.02800', 'f9d0b90d-631a-4f45-982c-d8223bd65c0d', NULL, NULL),
('78a6d4e0-86aa-4627-8aa9-ff516b50b690', 'MR.JUICY-250ML-APPLE-1X36', 'Vendor', '0a3e66f2-8e5d-40ea-914e-8348636144bc', 'HOTMELT', 'KG', '0.00380', 'f9d0b90d-631a-4f45-982c-d8223bd65c0d', NULL, NULL),
('78a6d4e0-86aa-4627-8aa9-ff516b50b690', 'MR.JUICY-250ML-APPLE-1X36', 'Vendor', '3ca12da4-93a5-4bb0-8120-98f696e1f758', 'TAPE SOLUTION', 'Pcs', '1.32800', 'f9d0b90d-631a-4f45-982c-d8223bd65c0d', NULL, NULL),
('78a6d4e0-86aa-4627-8aa9-ff516b50b690', 'MR.JUICY-250ML-APPLE-1X36', 'Vendor', '9d59003f-8e13-4ed7-9220-191effc4dd41', 'STRETCH FILM ROLL', 'KG', '0.29510', 'f9d0b90d-631a-4f45-982c-d8223bd65c0d', NULL, NULL),
('902ce5b8-14a9-4aa0-b50c-69c5572cb532', 'MR.JUICY-250ML-MANGO-1x27', 'Own', 'a762acbf-7c99-4239-a236-2fb14836dc03', 'MR-250ML-MANGO-PAPER', 'Pcs', '27.00000', 'f9d0b90d-631a-4f45-982c-d8223bd65c0d', NULL, NULL),
('902ce5b8-14a9-4aa0-b50c-69c5572cb532', 'MR.JUICY-250ML-MANGO-1x27', 'Own', 'ddbeb847-9738-424d-b5cd-817ea8c280f2', '250ML-1X27-CARTON', 'Pcs', '1.00000', 'f9d0b90d-631a-4f45-982c-d8223bd65c0d', NULL, NULL),
('902ce5b8-14a9-4aa0-b50c-69c5572cb532', 'MR.JUICY-250ML-MANGO-1x27', 'Vendor', '72b56809-0b30-4519-9614-ec21013f5229', 'MANGO PULP', 'KG', '0.34425', 'f9d0b90d-631a-4f45-982c-d8223bd65c0d', NULL, NULL),
('902ce5b8-14a9-4aa0-b50c-69c5572cb532', 'MR.JUICY-250ML-MANGO-1x27', 'Vendor', '9a8eaeb7-7884-41b5-979b-390233831321', 'SUGAR', 'KG', '0.63450', 'f9d0b90d-631a-4f45-982c-d8223bd65c0d', NULL, NULL),
('902ce5b8-14a9-4aa0-b50c-69c5572cb532', 'MR.JUICY-250ML-MANGO-1x27', 'Vendor', '18ec96b0-93c3-4d4b-9a14-7d637d33636e', 'CITRIC ACID', 'KG', '0.01013', 'f9d0b90d-631a-4f45-982c-d8223bd65c0d', NULL, NULL),
('902ce5b8-14a9-4aa0-b50c-69c5572cb532', 'MR.JUICY-250ML-MANGO-1x27', 'Vendor', '94feec8d-cdd7-4f0a-94ee-735836a021f0', 'SODIUM BENZOATE', 'KG', '0.00135', 'f9d0b90d-631a-4f45-982c-d8223bd65c0d', NULL, NULL),
('902ce5b8-14a9-4aa0-b50c-69c5572cb532', 'MR.JUICY-250ML-MANGO-1x27', 'Vendor', '75b3f18e-55a5-459d-b839-77d37d3145e1', 'SODIUM CITRATE', 'KG', '0.00068', 'f9d0b90d-631a-4f45-982c-d8223bd65c0d', NULL, NULL),
('902ce5b8-14a9-4aa0-b50c-69c5572cb532', 'MR.JUICY-250ML-MANGO-1x27', 'Vendor', '6b0ddec9-6fa7-43cb-9112-7a1e4f622fe9', 'ASCORBIC ACID', 'KG', '0.00041', 'f9d0b90d-631a-4f45-982c-d8223bd65c0d', NULL, NULL),
('902ce5b8-14a9-4aa0-b50c-69c5572cb532', 'MR.JUICY-250ML-MANGO-1x27', 'Vendor', 'e36069a5-b88c-44f9-9856-f465e104a25d', 'SWEETENER', 'KG', '0.00101', 'f9d0b90d-631a-4f45-982c-d8223bd65c0d', NULL, NULL),
('902ce5b8-14a9-4aa0-b50c-69c5572cb532', 'MR.JUICY-250ML-MANGO-1x27', 'Vendor', '9e55e4ee-ed2d-41bd-974f-bf2e1378d78f', 'CMC (CHINA)', 'KG', '0.00945', 'f9d0b90d-631a-4f45-982c-d8223bd65c0d', NULL, NULL),
('902ce5b8-14a9-4aa0-b50c-69c5572cb532', 'MR.JUICY-250ML-MANGO-1x27', 'Vendor', 'eea5716d-010e-4d9a-90b6-1a3503f1ce25', 'XANTHAN GUM', 'KG', '0.00270', 'f9d0b90d-631a-4f45-982c-d8223bd65c0d', NULL, NULL),
('902ce5b8-14a9-4aa0-b50c-69c5572cb532', 'MR.JUICY-250ML-MANGO-1x27', 'Vendor', 'ca5318cc-d430-4336-9271-496edbcec9c1', 'SUNSET YELLOW COLOR', 'KG', '0.00006', 'f9d0b90d-631a-4f45-982c-d8223bd65c0d', NULL, NULL),
('902ce5b8-14a9-4aa0-b50c-69c5572cb532', 'MR.JUICY-250ML-MANGO-1x27', 'Vendor', 'b72b0ce8-c2aa-4d81-ad3e-124b246d3c14', 'TARTRAZINE', 'KG', '0.00005', 'f9d0b90d-631a-4f45-982c-d8223bd65c0d', NULL, NULL),
('902ce5b8-14a9-4aa0-b50c-69c5572cb532', 'MR.JUICY-250ML-MANGO-1x27', 'Vendor', 'd58748ab-557f-473b-8208-4eb55be72890', 'MANGO FLAVOR 463S', 'KG', '0.00506', 'f9d0b90d-631a-4f45-982c-d8223bd65c0d', NULL, NULL),
('902ce5b8-14a9-4aa0-b50c-69c5572cb532', 'MR.JUICY-250ML-MANGO-1x27', 'Vendor', '0928fe94-c46c-4316-a575-63fd0530a665', '250ML-STRAW', 'Pcs', '27.00000', 'f9d0b90d-631a-4f45-982c-d8223bd65c0d', NULL, NULL),
('902ce5b8-14a9-4aa0-b50c-69c5572cb532', 'MR.JUICY-250ML-MANGO-1x27', 'Vendor', 'd00f5a79-854e-433c-879f-b033783e25d3', 'POLYBAG', 'KG', '0.01400', 'f9d0b90d-631a-4f45-982c-d8223bd65c0d', NULL, NULL),
('902ce5b8-14a9-4aa0-b50c-69c5572cb532', 'MR.JUICY-250ML-MANGO-1x27', 'Vendor', '9d59003f-8e13-4ed7-9220-191effc4dd41', 'STRETCH FILM ROLL', 'KG', '0.28600', 'f9d0b90d-631a-4f45-982c-d8223bd65c0d', NULL, NULL),
('9d687796-5919-4c35-b122-7cdfc86699e0', 'MR.JUICY-250ML-APPLE-1X27', 'Own', 'ddbeb847-9738-424d-b5cd-817ea8c280f2', '250ML-1X27-CARTON', 'Pcs', '1.00000', 'f9d0b90d-631a-4f45-982c-d8223bd65c0d', NULL, NULL),
('9d687796-5919-4c35-b122-7cdfc86699e0', 'MR.JUICY-250ML-APPLE-1X27', 'Own', 'ff37340f-a17f-4c24-9ccd-9d26c11f0232', 'MR-250ML-APPLE-PAPER', 'Pcs', '27.00000', 'f9d0b90d-631a-4f45-982c-d8223bd65c0d', NULL, NULL),
('9d687796-5919-4c35-b122-7cdfc86699e0', 'MR.JUICY-250ML-APPLE-1X27', 'Vendor', '9a8eaeb7-7884-41b5-979b-390233831321', 'SUGAR', 'KG', '0.64800', 'f9d0b90d-631a-4f45-982c-d8223bd65c0d', NULL, NULL),
('9d687796-5919-4c35-b122-7cdfc86699e0', 'MR.JUICY-250ML-APPLE-1X27', 'Vendor', '18ec96b0-93c3-4d4b-9a14-7d637d33636e', 'CITRIC ACID', 'KG', '0.02025', 'f9d0b90d-631a-4f45-982c-d8223bd65c0d', NULL, NULL),
('9d687796-5919-4c35-b122-7cdfc86699e0', 'MR.JUICY-250ML-APPLE-1X27', 'Vendor', '94feec8d-cdd7-4f0a-94ee-735836a021f0', 'SODIUM BENZOATE', 'KG', '0.00122', 'f9d0b90d-631a-4f45-982c-d8223bd65c0d', NULL, NULL),
('9d687796-5919-4c35-b122-7cdfc86699e0', 'MR.JUICY-250ML-APPLE-1X27', 'Vendor', '75b3f18e-55a5-459d-b839-77d37d3145e1', 'SODIUM CITRATE', 'KG', '0.00068', 'f9d0b90d-631a-4f45-982c-d8223bd65c0d', NULL, NULL),
('9d687796-5919-4c35-b122-7cdfc86699e0', 'MR.JUICY-250ML-APPLE-1X27', 'Vendor', 'e36069a5-b88c-44f9-9856-f465e104a25d', 'SWEETENER', 'KG', '0.00074', 'f9d0b90d-631a-4f45-982c-d8223bd65c0d', NULL, NULL),
('9d687796-5919-4c35-b122-7cdfc86699e0', 'MR.JUICY-250ML-APPLE-1X27', 'Vendor', '9e55e4ee-ed2d-41bd-974f-bf2e1378d78f', 'CMC (CHINA)', 'KG', '0.00810', 'f9d0b90d-631a-4f45-982c-d8223bd65c0d', NULL, NULL),
('9d687796-5919-4c35-b122-7cdfc86699e0', 'MR.JUICY-250ML-APPLE-1X27', 'Vendor', 'a698985e-880d-4ed4-aa99-8e7e7715d208', 'CARAMEL COLOR', 'KG', '0.00162', 'f9d0b90d-631a-4f45-982c-d8223bd65c0d', NULL, NULL),
('9d687796-5919-4c35-b122-7cdfc86699e0', 'MR.JUICY-250ML-APPLE-1X27', 'Vendor', 'aae77964-0163-4e37-b75e-1410512bc52b', 'GREEN APPLE FLAVOR', 'KG', '0.00338', 'f9d0b90d-631a-4f45-982c-d8223bd65c0d', NULL, NULL),
('9d687796-5919-4c35-b122-7cdfc86699e0', 'MR.JUICY-250ML-APPLE-1X27', 'Vendor', '0928fe94-c46c-4316-a575-63fd0530a665', '250ML-STRAW', 'Pcs', '27.00000', 'f9d0b90d-631a-4f45-982c-d8223bd65c0d', NULL, NULL),
('9d687796-5919-4c35-b122-7cdfc86699e0', 'MR.JUICY-250ML-APPLE-1X27', 'Vendor', 'd00f5a79-854e-433c-879f-b033783e25d3', 'POLYBAG', 'KG', '0.01400', 'f9d0b90d-631a-4f45-982c-d8223bd65c0d', NULL, NULL),
('9d687796-5919-4c35-b122-7cdfc86699e0', 'MR.JUICY-250ML-APPLE-1X27', 'Vendor', '9d59003f-8e13-4ed7-9220-191effc4dd41', 'STRETCH FILM ROLL', 'KG', '0.28600', 'f9d0b90d-631a-4f45-982c-d8223bd65c0d', NULL, NULL),
('9d687796-5919-4c35-b122-7cdfc86699e0', 'MR.JUICY-250ML-APPLE-1X27', 'Vendor', '26ac4b22-28ea-49eb-97fc-18eb3cf10907', 'APPLE CONCENTRATE', 'KG', '0.06075', 'f9d0b90d-631a-4f45-982c-d8223bd65c0d', NULL, NULL),
('c4e2f185-ecf5-48c3-936d-415e650e2680', 'MR.JUICY-250ML-MANGO-1x36', 'Own', 'cb5a1a7d-9dc6-49b7-9711-c007985762a5', '250ML-1X36-CARTON', 'Pcs', '1.00000', 'f9d0b90d-631a-4f45-982c-d8223bd65c0d', NULL, NULL),
('c4e2f185-ecf5-48c3-936d-415e650e2680', 'MR.JUICY-250ML-MANGO-1x36', 'Own', 'a762acbf-7c99-4239-a236-2fb14836dc03', 'MR-250ML-MANGO-PAPER', 'Pcs', '36.00000', 'f9d0b90d-631a-4f45-982c-d8223bd65c0d', NULL, NULL),
('c4e2f185-ecf5-48c3-936d-415e650e2680', 'MR.JUICY-250ML-MANGO-1x36', 'Vendor', '72b56809-0b30-4519-9614-ec21013f5229', 'MANGO PULP', 'KG', '0.45900', 'f9d0b90d-631a-4f45-982c-d8223bd65c0d', NULL, NULL),
('c4e2f185-ecf5-48c3-936d-415e650e2680', 'MR.JUICY-250ML-MANGO-1x36', 'Vendor', '9a8eaeb7-7884-41b5-979b-390233831321', 'SUGAR', 'KG', '0.86400', 'f9d0b90d-631a-4f45-982c-d8223bd65c0d', NULL, NULL),
('c4e2f185-ecf5-48c3-936d-415e650e2680', 'MR.JUICY-250ML-MANGO-1x36', 'Vendor', '18ec96b0-93c3-4d4b-9a14-7d637d33636e', 'CITRIC ACID', 'KG', '0.01350', 'f9d0b90d-631a-4f45-982c-d8223bd65c0d', NULL, NULL),
('c4e2f185-ecf5-48c3-936d-415e650e2680', 'MR.JUICY-250ML-MANGO-1x36', 'Vendor', '94feec8d-cdd7-4f0a-94ee-735836a021f0', 'SODIUM BENZOATE', 'KG', '0.00180', 'f9d0b90d-631a-4f45-982c-d8223bd65c0d', NULL, NULL),
('c4e2f185-ecf5-48c3-936d-415e650e2680', 'MR.JUICY-250ML-MANGO-1x36', 'Vendor', '75b3f18e-55a5-459d-b839-77d37d3145e1', 'SODIUM CITRATE', 'KG', '0.00090', 'f9d0b90d-631a-4f45-982c-d8223bd65c0d', NULL, NULL),
('c4e2f185-ecf5-48c3-936d-415e650e2680', 'MR.JUICY-250ML-MANGO-1x36', 'Vendor', '6b0ddec9-6fa7-43cb-9112-7a1e4f622fe9', 'ASCORBIC ACID', 'KG', '0.00054', 'f9d0b90d-631a-4f45-982c-d8223bd65c0d', NULL, NULL),
('c4e2f185-ecf5-48c3-936d-415e650e2680', 'MR.JUICY-250ML-MANGO-1x36', 'Vendor', 'e36069a5-b88c-44f9-9856-f465e104a25d', 'SWEETENER', 'KG', '0.00135', 'f9d0b90d-631a-4f45-982c-d8223bd65c0d', NULL, NULL),
('c4e2f185-ecf5-48c3-936d-415e650e2680', 'MR.JUICY-250ML-MANGO-1x36', 'Vendor', '9e55e4ee-ed2d-41bd-974f-bf2e1378d78f', 'CMC (CHINA)', 'KG', '0.01260', 'f9d0b90d-631a-4f45-982c-d8223bd65c0d', NULL, NULL),
('c4e2f185-ecf5-48c3-936d-415e650e2680', 'MR.JUICY-250ML-MANGO-1x36', 'Vendor', 'eea5716d-010e-4d9a-90b6-1a3503f1ce25', 'XANTHAN GUM', 'KG', '0.00360', 'f9d0b90d-631a-4f45-982c-d8223bd65c0d', NULL, NULL),
('c4e2f185-ecf5-48c3-936d-415e650e2680', 'MR.JUICY-250ML-MANGO-1x36', 'Vendor', 'ca5318cc-d430-4336-9271-496edbcec9c1', 'SUNSET YELLOW COLOR', 'KG', '0.00008', 'f9d0b90d-631a-4f45-982c-d8223bd65c0d', NULL, NULL),
('c4e2f185-ecf5-48c3-936d-415e650e2680', 'MR.JUICY-250ML-MANGO-1x36', 'Vendor', 'b72b0ce8-c2aa-4d81-ad3e-124b246d3c14', 'TARTRAZINE', 'KG', '0.00006', 'f9d0b90d-631a-4f45-982c-d8223bd65c0d', NULL, NULL),
('c4e2f185-ecf5-48c3-936d-415e650e2680', 'MR.JUICY-250ML-MANGO-1x36', 'Vendor', 'd58748ab-557f-473b-8208-4eb55be72890', 'MANGO FLAVOR 463S', 'KG', '0.00675', 'f9d0b90d-631a-4f45-982c-d8223bd65c0d', NULL, NULL),
('c4e2f185-ecf5-48c3-936d-415e650e2680', 'MR.JUICY-250ML-MANGO-1x36', 'Vendor', '2aaa995b-d5f6-42d2-a078-228ded1cc5da', '250ML-STRAW', 'Pcs', '36.00000', 'f9d0b90d-631a-4f45-982c-d8223bd65c0d', NULL, NULL),
('c4e2f185-ecf5-48c3-936d-415e650e2680', 'MR.JUICY-250ML-MANGO-1x36', 'Vendor', 'd00f5a79-854e-433c-879f-b033783e25d3', 'POLYBAG', 'KG', '0.02800', 'f9d0b90d-631a-4f45-982c-d8223bd65c0d', NULL, NULL),
('c4e2f185-ecf5-48c3-936d-415e650e2680', 'MR.JUICY-250ML-MANGO-1x36', 'Vendor', '0a3e66f2-8e5d-40ea-914e-8348636144bc', 'HOTMELT', 'KG', '0.00380', 'f9d0b90d-631a-4f45-982c-d8223bd65c0d', NULL, NULL),
('c4e2f185-ecf5-48c3-936d-415e650e2680', 'MR.JUICY-250ML-MANGO-1x36', 'Vendor', '3ca12da4-93a5-4bb0-8120-98f696e1f758', 'TAPE SOLUTION', 'Pcs', '1.32800', 'f9d0b90d-631a-4f45-982c-d8223bd65c0d', NULL, NULL),
('c4e2f185-ecf5-48c3-936d-415e650e2680', 'MR.JUICY-250ML-MANGO-1x36', 'Vendor', '9d59003f-8e13-4ed7-9220-191effc4dd41', 'STRETCH FILM ROLL', 'KG', '0.29510', 'f9d0b90d-631a-4f45-982c-d8223bd65c0d', NULL, NULL);

--
-- Indexes for dumped tables
--

--
-- Indexes for table `coas_temp1678801541`
--
ALTER TABLE `coas_temp1678801541`
  ADD PRIMARY KEY (`id`);

--
-- Indexes for table `coas_temp1678801555`
--
ALTER TABLE `coas_temp1678801555`
  ADD PRIMARY KEY (`id`);

--
-- Indexes for table `coas_temp1678801562`
--
ALTER TABLE `coas_temp1678801562`
  ADD PRIMARY KEY (`id`);

--
-- Indexes for table `coas_temp1678802069`
--
ALTER TABLE `coas_temp1678802069`
  ADD PRIMARY KEY (`id`);

--
-- Indexes for table `coas_temp1678802074`
--
ALTER TABLE `coas_temp1678802074`
  ADD PRIMARY KEY (`id`);

--
-- Indexes for table `fs_coas`
--
ALTER TABLE `fs_coas`
  ADD PRIMARY KEY (`id`);

--
-- Indexes for table `fs_voucher_types`
--
ALTER TABLE `fs_voucher_types`
  ADD PRIMARY KEY (`id`);

--
-- Indexes for table `pa_categories`
--
ALTER TABLE `pa_categories`
  ADD KEY `id` (`id`);

--
-- Indexes for table `sys_companies`
--
ALTER TABLE `sys_companies`
  ADD PRIMARY KEY (`id`);

--
-- Indexes for table `sys_modules`
--
ALTER TABLE `sys_modules`
  ADD PRIMARY KEY (`id`);

--
-- Indexes for table `sys_options`
--
ALTER TABLE `sys_options`
  ADD PRIMARY KEY (`id`);

--
-- Indexes for table `sys_roles`
--
ALTER TABLE `sys_roles`
  ADD PRIMARY KEY (`id`),
  ADD KEY `number` (`number`);

--
-- Indexes for table `sys_units`
--
ALTER TABLE `sys_units`
  ADD KEY `id` (`id`);

--
-- Indexes for table `users`
--
ALTER TABLE `users`
  ADD PRIMARY KEY (`id`);

--
-- Indexes for table `user_companies`
--
ALTER TABLE `user_companies`
  ADD KEY `id` (`id`);

--
-- AUTO_INCREMENT for dumped tables
--

--
-- AUTO_INCREMENT for table `coas_temp1678801541`
--
ALTER TABLE `coas_temp1678801541`
  MODIFY `id` bigint(20) UNSIGNED NOT NULL AUTO_INCREMENT, AUTO_INCREMENT=5;

--
-- AUTO_INCREMENT for table `coas_temp1678801555`
--
ALTER TABLE `coas_temp1678801555`
  MODIFY `id` bigint(20) UNSIGNED NOT NULL AUTO_INCREMENT, AUTO_INCREMENT=5;

--
-- AUTO_INCREMENT for table `coas_temp1678801562`
--
ALTER TABLE `coas_temp1678801562`
  MODIFY `id` bigint(20) UNSIGNED NOT NULL AUTO_INCREMENT, AUTO_INCREMENT=107;

--
-- AUTO_INCREMENT for table `coas_temp1678802069`
--
ALTER TABLE `coas_temp1678802069`
  MODIFY `id` bigint(20) UNSIGNED NOT NULL AUTO_INCREMENT, AUTO_INCREMENT=5;

--
-- AUTO_INCREMENT for table `coas_temp1678802074`
--
ALTER TABLE `coas_temp1678802074`
  MODIFY `id` bigint(20) UNSIGNED NOT NULL AUTO_INCREMENT, AUTO_INCREMENT=107;

--
-- AUTO_INCREMENT for table `fs_coas`
--
ALTER TABLE `fs_coas`
  MODIFY `id` bigint(20) UNSIGNED NOT NULL AUTO_INCREMENT, AUTO_INCREMENT=199;

--
-- AUTO_INCREMENT for table `fs_voucher_types`
--
ALTER TABLE `fs_voucher_types`
  MODIFY `id` bigint(20) UNSIGNED NOT NULL AUTO_INCREMENT, AUTO_INCREMENT=100;

--
-- AUTO_INCREMENT for table `pa_categories`
--
ALTER TABLE `pa_categories`
  MODIFY `id` bigint(20) UNSIGNED NOT NULL AUTO_INCREMENT, AUTO_INCREMENT=7;

--
-- AUTO_INCREMENT for table `sys_options`
--
ALTER TABLE `sys_options`
  MODIFY `id` bigint(20) UNSIGNED NOT NULL AUTO_INCREMENT, AUTO_INCREMENT=92;

--
-- AUTO_INCREMENT for table `sys_roles`
--
ALTER TABLE `sys_roles`
  MODIFY `number` bigint(20) UNSIGNED NOT NULL AUTO_INCREMENT, AUTO_INCREMENT=333;

--
-- AUTO_INCREMENT for table `sys_units`
--
ALTER TABLE `sys_units`
  MODIFY `id` int(11) NOT NULL AUTO_INCREMENT, AUTO_INCREMENT=27;

--
-- AUTO_INCREMENT for table `users`
--
ALTER TABLE `users`
  MODIFY `id` bigint(20) UNSIGNED NOT NULL AUTO_INCREMENT, AUTO_INCREMENT=69;

--
-- AUTO_INCREMENT for table `user_companies`
--
ALTER TABLE `user_companies`
  MODIFY `id` bigint(20) UNSIGNED NOT NULL AUTO_INCREMENT, AUTO_INCREMENT=57;
COMMIT;

/*!40101 SET CHARACTER_SET_CLIENT=@OLD_CHARACTER_SET_CLIENT */;
/*!40101 SET CHARACTER_SET_RESULTS=@OLD_CHARACTER_SET_RESULTS */;
/*!40101 SET COLLATION_CONNECTION=@OLD_COLLATION_CONNECTION */;
